        TIME,    TIDE,      OB,   SURGE,    BIAS,     TWL,SURGE90p,  TWL90p,SURGE10p,   TWL10p
202607041800,   2.877,9999.000,   0.400,9999.000,   3.277,   0.400,   3.277,   0.400,   3.277
202607041806,   2.814,9999.000,9999.000,9999.000,9999.000,9999.000,9999.000,9999.000,9999.000
202607041812,   2.750,9999.000,9999.000,9999.000,9999.000,9999.000,9999.000,9999.000,9999.000
202607041818,   2.684,9999.000,9999.000,9999.000,9999.000,9999.000,9999.000,9999.000,9999.000
202607041824,   2.616,9999.000,9999.000,9999.000,9999.000,9999.000,9999.000,9999.000,9999.000
202607041830,   2.547,9999.000,9999.000,9999.000,9999.000,9999.000,9999.000,9999.000,9999.000
202607041836,   2.476,9999.000,9999.000,9999.000,9999.000,9999.000,9999.000,9999.000,9999.000
202607041842,   2.405,9999.000,9999.000,9999.000,9999.000,9999.000,9999.000,9999.000,9999.000
202607041848,   2.333,9999.000,9999.000,9999.000,9999.000,9999.000,9999.000,9999.000,9999.000
202607041854,   2.260,9999.000,9999.000,9999.000,9999.000,9999.000,9999.000,9999.000,9999.000
202607041900,   2.187,   2.538,   0.400,  -0.049,   2.538,   0.400,   2.538,   0.400,   2.538
202607041906,   2.114,   2.440,9999.000,9999.000,9999.000,9999.000,9999.000,9999.000,9999.000
202607041912,   2.041,   2.348,9999.000,9999.000,9999.000,9999.000,9999.000,9999.000,9999.000
202607041918,   1.968,   2.269,9999.000,9999.000,9999.000,9999.000,9999.000,9999.000,9999.000
202607041924,   1.896,   2.200,9999.000,9999.000,9999.000,9999.000,9999.000,9999.000,9999.000
202607041930,   1.825,   2.128,9999.000,9999.000,9999.000,9999.000,9999.000,9999.000,9999.000
202607041936,   1.754,   2.049,9999.000,9999.000,9999.000,9999.000,9999.000,9999.000,9999.000
202607041942,   1.685,   1.958,9999.000,9999.000,9999.000,9999.000,9999.000,9999.000,9999.000
202607041948,   1.617,   1.889,9999.000,9999.000,9999.000,9999.000,9999.000,9999.000,9999.000
202607041954,   1.550,   1.830,9999.000,9999.000,9999.000,9999.000,9999.000,9999.000,9999.000
202607042000,   1.486,   1.758,   0.400,  -0.128,   1.758,   0.400,   1.758,   0.400,   1.758
202607042006,   1.423,   1.708,9999.000,9999.000,9999.000,9999.000,9999.000,9999.000,9999.000
202607042012,   1.362,   1.620,9999.000,9999.000,9999.000,9999.000,9999.000,9999.000,9999.000
202607042018,   1.303,   1.580,9999.000,9999.000,9999.000,9999.000,9999.000,9999.000,9999.000
202607042024,   1.247,   1.518,9999.000,9999.000,9999.000,9999.000,9999.000,9999.000,9999.000
202607042030,   1.193,   1.459,9999.000,9999.000,9999.000,9999.000,9999.000,9999.000,9999.000
202607042036,   1.142,   1.400,9999.000,9999.000,9999.000,9999.000,9999.000,9999.000,9999.000
202607042042,   1.093,   1.348,9999.000,9999.000,9999.000,9999.000,9999.000,9999.000,9999.000
202607042048,   1.047,   1.318,9999.000,9999.000,9999.000,9999.000,9999.000,9999.000,9999.000
202607042054,   1.005,   1.269,9999.000,9999.000,9999.000,9999.000,9999.000,9999.000,9999.000
202607042100,   0.965,   1.269,   0.400,  -0.096,   1.269,   0.400,   1.269,   0.400,   1.269
202607042106,   0.928,   1.229,9999.000,9999.000,9999.000,9999.000,9999.000,9999.000,9999.000
202607042112,   0.894,   1.128,9999.000,9999.000,9999.000,9999.000,9999.000,9999.000,9999.000
202607042118,   0.864,   1.069,9999.000,9999.000,9999.000,9999.000,9999.000,9999.000,9999.000
202607042124,   0.837,   1.010,9999.000,9999.000,9999.000,9999.000,9999.000,9999.000,9999.000
202607042130,   0.813,   1.049,9999.000,9999.000,9999.000,9999.000,9999.000,9999.000,9999.000
202607042136,   0.792,   1.079,9999.000,9999.000,9999.000,9999.000,9999.000,9999.000,9999.000
202607042142,   0.775,   0.990,9999.000,9999.000,9999.000,9999.000,9999.000,9999.000,9999.000
202607042148,   0.762,   1.000,9999.000,9999.000,9999.000,9999.000,9999.000,9999.000,9999.000
202607042154,   0.752,   1.049,9999.000,9999.000,9999.000,9999.000,9999.000,9999.000,9999.000
202607042200,   0.746,   1.020,   0.400,  -0.126,   1.020,   0.400,   1.020,   0.400,   1.020
202607042206,   0.743,   1.039,9999.000,9999.000,9999.000,9999.000,9999.000,9999.000,9999.000
202607042212,   0.745,   0.951,9999.000,9999.000,9999.000,9999.000,9999.000,9999.000,9999.000
202607042218,   0.749,   1.000,9999.000,9999.000,9999.000,9999.000,9999.000,9999.000,9999.000
202607042224,   0.758,   1.020,9999.000,9999.000,9999.000,9999.000,9999.000,9999.000,9999.000
202607042230,   0.771,   1.029,9999.000,9999.000,9999.000,9999.000,9999.000,9999.000,9999.000
202607042236,   0.787,   1.088,9999.000,9999.000,9999.000,9999.000,9999.000,9999.000,9999.000
202607042242,   0.808,   1.161,9999.000,9999.000,9999.000,9999.000,9999.000,9999.000,9999.000
202607042248,   0.832,   1.210,9999.000,9999.000,9999.000,9999.000,9999.000,9999.000,9999.000
202607042254,   0.860,   1.269,9999.000,9999.000,9999.000,9999.000,9999.000,9999.000,9999.000
202607042300,   0.893,   1.328,   0.400,   0.035,   1.328,   0.400,   1.328,   0.500,   1.428
202607042306,   0.929,   1.410,9999.000,9999.000,9999.000,9999.000,9999.000,9999.000,9999.000
202607042312,   0.970,   1.459,9999.000,9999.000,9999.000,9999.000,9999.000,9999.000,9999.000
202607042318,   1.015,   1.508,9999.000,9999.000,9999.000,9999.000,9999.000,9999.000,9999.000
202607042324,   1.064,   1.600,9999.000,9999.000,9999.000,9999.000,9999.000,9999.000,9999.000
202607042330,   1.117,   1.679,9999.000,9999.000,9999.000,9999.000,9999.000,9999.000,9999.000
202607042336,   1.174,   1.728,9999.000,9999.000,9999.000,9999.000,9999.000,9999.000,9999.000
202607042342,   1.235,   1.800,9999.000,9999.000,9999.000,9999.000,9999.000,9999.000,9999.000
202607042348,   1.300,   1.879,9999.000,9999.000,9999.000,9999.000,9999.000,9999.000,9999.000
202607042354,   1.369,   1.958,9999.000,9999.000,9999.000,9999.000,9999.000,9999.000,9999.000
202607050000,   1.442,   2.177,   0.500,   0.235,   2.177,   0.500,   2.177,   0.500,   2.177
202607050006,   1.519,   2.269,9999.000,9999.000,9999.000,9999.000,9999.000,9999.000,9999.000
202607050012,   1.598,   2.177,9999.000,9999.000,9999.000,9999.000,9999.000,9999.000,9999.000
202607050018,   1.681,   2.269,9999.000,9999.000,9999.000,9999.000,9999.000,9999.000,9999.000
202607050024,   1.767,   2.348,9999.000,9999.000,9999.000,9999.000,9999.000,9999.000,9999.000
202607050030,   1.856,   2.420,9999.000,9999.000,9999.000,9999.000,9999.000,9999.000,9999.000
202607050036,   1.948,   2.519,9999.000,9999.000,9999.000,9999.000,9999.000,9999.000,9999.000
202607050042,   2.041,   2.640,9999.000,9999.000,9999.000,9999.000,9999.000,9999.000,9999.000
202607050048,   2.136,   2.728,9999.000,9999.000,9999.000,9999.000,9999.000,9999.000,9999.000
202607050054,   2.233,   2.807,9999.000,9999.000,9999.000,9999.000,9999.000,9999.000,9999.000
202607050100,   2.330,   3.050,   0.500,   0.220,   3.050,   0.500,   3.050,   0.500,   3.050
202607050106,   2.429,   3.178,9999.000,9999.000,9999.000,9999.000,9999.000,9999.000,9999.000
202607050112,   2.528,   3.089,9999.000,9999.000,9999.000,9999.000,9999.000,9999.000,9999.000
202607050118,   2.626,   3.178,9999.000,9999.000,9999.000,9999.000,9999.000,9999.000,9999.000
202607050124,   2.724,   3.260,9999.000,9999.000,9999.000,9999.000,9999.000,9999.000,9999.000
202607050130,   2.822,   3.348,9999.000,9999.000,9999.000,9999.000,9999.000,9999.000,9999.000
202607050136,   2.917,   3.407,9999.000,9999.000,9999.000,9999.000,9999.000,9999.000,9999.000
202607050142,   3.012,   3.480,9999.000,9999.000,9999.000,9999.000,9999.000,9999.000,9999.000
202607050148,   3.104,   3.588,9999.000,9999.000,9999.000,9999.000,9999.000,9999.000,9999.000
202607050154,   3.194,   3.680,9999.000,9999.000,9999.000,9999.000,9999.000,9999.000,9999.000
202607050200,   3.282,   3.998,   0.500,   0.216,   3.998,   0.500,   3.998,   0.500,   3.998
202607050206,   3.366,   4.119,9999.000,9999.000,9999.000,9999.000,9999.000,9999.000,9999.000
202607050212,   3.448,   4.027,9999.000,9999.000,9999.000,9999.000,9999.000,9999.000,9999.000
202607050218,   3.526,   4.057,9999.000,9999.000,9999.000,9999.000,9999.000,9999.000,9999.000
202607050224,   3.600,   4.119,9999.000,9999.000,9999.000,9999.000,9999.000,9999.000,9999.000
202607050230,   3.671,   4.080,9999.000,9999.000,9999.000,9999.000,9999.000,9999.000,9999.000
202607050236,   3.738,   4.149,9999.000,9999.000,9999.000,9999.000,9999.000,9999.000,9999.000
202607050242,   3.801,   4.247,9999.000,9999.000,9999.000,9999.000,9999.000,9999.000,9999.000
202607050248,   3.860,   4.290,9999.000,9999.000,9999.000,9999.000,9999.000,9999.000,9999.000
202607050254,   3.915,   4.329,9999.000,9999.000,9999.000,9999.000,9999.000,9999.000,9999.000
202607050300,   3.966,   4.509,   0.500,   0.043,   4.509,   0.500,   4.509,   0.500,   4.509
202607050306,   4.012,   4.578,9999.000,9999.000,9999.000,9999.000,9999.000,9999.000,9999.000
202607050312,   4.055,   4.490,9999.000,9999.000,9999.000,9999.000,9999.000,9999.000,9999.000
202607050318,   4.093,   4.549,9999.000,9999.000,9999.000,9999.000,9999.000,9999.000,9999.000
202607050324,   4.127,   4.588,9999.000,9999.000,9999.000,9999.000,9999.000,9999.000,9999.000
202607050330,   4.156,   4.628,9999.000,9999.000,9999.000,9999.000,9999.000,9999.000,9999.000
202607050336,   4.182,   4.677,9999.000,9999.000,9999.000,9999.000,9999.000,9999.000,9999.000
202607050342,   4.203,   4.719,9999.000,9999.000,9999.000,9999.000,9999.000,9999.000,9999.000
202607050348,   4.220,   4.719,9999.000,9999.000,9999.000,9999.000,9999.000,9999.000,9999.000
202607050354,   4.234,   4.739,9999.000,9999.000,9999.000,9999.000,9999.000,9999.000,9999.000
202607050400,   4.242,   4.867,   0.500,   0.125,   4.867,   0.500,   4.867,   0.500,   4.867
202607050406,   4.247,   4.867,9999.000,9999.000,9999.000,9999.000,9999.000,9999.000,9999.000
202607050412,   4.248,   4.778,9999.000,9999.000,9999.000,9999.000,9999.000,9999.000,9999.000
202607050418,   4.245,   4.769,9999.000,9999.000,9999.000,9999.000,9999.000,9999.000,9999.000
202607050424,   4.237,   4.778,9999.000,9999.000,9999.000,9999.000,9999.000,9999.000,9999.000
202607050430,   4.226,   4.778,9999.000,9999.000,9999.000,9999.000,9999.000,9999.000,9999.000
202607050436,   4.210,   4.778,9999.000,9999.000,9999.000,9999.000,9999.000,9999.000,9999.000
202607050442,   4.191,   4.749,9999.000,9999.000,9999.000,9999.000,9999.000,9999.000,9999.000
202607050448,   4.167,   4.769,9999.000,9999.000,9999.000,9999.000,9999.000,9999.000,9999.000
202607050454,   4.140,   4.719,9999.000,9999.000,9999.000,9999.000,9999.000,9999.000,9999.000
202607050500,   4.109,   4.677,   0.500,   0.068,   4.677,   0.500,   4.677,   0.500,   4.677
202607050506,   4.073,   4.628,9999.000,9999.000,9999.000,9999.000,9999.000,9999.000,9999.000
202607050512,   4.034,   4.549,9999.000,9999.000,9999.000,9999.000,9999.000,9999.000,9999.000
202607050518,   3.991,   4.509,9999.000,9999.000,9999.000,9999.000,9999.000,9999.000,9999.000
202607050524,   3.944,   4.457,9999.000,9999.000,9999.000,9999.000,9999.000,9999.000,9999.000
202607050530,   3.893,   4.418,9999.000,9999.000,9999.000,9999.000,9999.000,9999.000,9999.000
202607050536,   3.839,   4.378,9999.000,9999.000,9999.000,9999.000,9999.000,9999.000,9999.000
202607050542,   3.781,   4.290,9999.000,9999.000,9999.000,9999.000,9999.000,9999.000,9999.000
202607050548,   3.720,   4.280,9999.000,9999.000,9999.000,9999.000,9999.000,9999.000,9999.000
202607050554,   3.656,   4.208,9999.000,9999.000,9999.000,9999.000,9999.000,9999.000,9999.000
202607050600,   3.588,   4.159,   0.500,   0.071,   4.159,   0.500,   4.159,   0.500,   4.159
202607050606,   3.517,   4.099,9999.000,9999.000,9999.000,9999.000,9999.000,9999.000,9999.000
202607050612,   3.444,   4.008,9999.000,9999.000,9999.000,9999.000,9999.000,9999.000,9999.000
202607050618,   3.367,   3.890,9999.000,9999.000,9999.000,9999.000,9999.000,9999.000,9999.000
202607050624,   3.289,   3.798,9999.000,9999.000,9999.000,9999.000,9999.000,9999.000,9999.000
202607050630,   3.207,   3.739,9999.000,9999.000,9999.000,9999.000,9999.000,9999.000,9999.000
202607050636,   3.124,   3.660,9999.000,9999.000,9999.000,9999.000,9999.000,9999.000,9999.000
202607050642,   3.039,   3.598,9999.000,9999.000,9999.000,9999.000,9999.000,9999.000,9999.000
202607050648,   2.952,   3.499,9999.000,9999.000,9999.000,9999.000,9999.000,9999.000,9999.000
202607050654,   2.863,   3.417,9999.000,9999.000,9999.000,9999.000,9999.000,9999.000,9999.000
202607050700,   2.774,   3.358,   0.500,   0.084,   3.358,   0.500,   3.358,   0.600,   3.458
202607050706,   2.683,   3.270,9999.000,9999.000,9999.000,9999.000,9999.000,9999.000,9999.000
202607050712,   2.592,   3.178,9999.000,9999.000,9999.000,9999.000,9999.000,9999.000,9999.000
202607050718,   2.500,   3.070,9999.000,9999.000,9999.000,9999.000,9999.000,9999.000,9999.000
202607050724,   2.407,   2.968,9999.000,9999.000,9999.000,9999.000,9999.000,9999.000,9999.000
202607050730,   2.315,   2.899,9999.000,9999.000,9999.000,9999.000,9999.000,9999.000,9999.000
202607050736,   2.223,   2.840,9999.000,9999.000,9999.000,9999.000,9999.000,9999.000,9999.000
202607050742,   2.131,   2.768,9999.000,9999.000,9999.000,9999.000,9999.000,9999.000,9999.000
202607050748,   2.039,   2.660,9999.000,9999.000,9999.000,9999.000,9999.000,9999.000,9999.000
202607050754,   1.949,   2.587,9999.000,9999.000,9999.000,9999.000,9999.000,9999.000,9999.000
202607050800,   1.860,   2.489,   0.500,   0.129,   2.489,   0.500,   2.489,   0.600,   2.589
202607050806,   1.772,   2.430,9999.000,9999.000,9999.000,9999.000,9999.000,9999.000,9999.000
202607050812,   1.685,   2.338,9999.000,9999.000,9999.000,9999.000,9999.000,9999.000,9999.000
202607050818,   1.600,   2.250,9999.000,9999.000,9999.000,9999.000,9999.000,9999.000,9999.000
202607050824,   1.517,   2.158,9999.000,9999.000,9999.000,9999.000,9999.000,9999.000,9999.000
202607050830,   1.436,   2.089,9999.000,9999.000,9999.000,9999.000,9999.000,9999.000,9999.000
202607050836,   1.357,   1.990,9999.000,9999.000,9999.000,9999.000,9999.000,9999.000,9999.000
202607050842,   1.280,   1.899,9999.000,9999.000,9999.000,9999.000,9999.000,9999.000,9999.000
202607050848,   1.205,   1.810,9999.000,9999.000,9999.000,9999.000,9999.000,9999.000,9999.000
202607050854,   1.134,   1.718,9999.000,9999.000,9999.000,9999.000,9999.000,9999.000,9999.000
202607050900,   1.065,   1.669,   0.500,   0.104,   1.669,   0.500,   1.669,   0.600,   1.769
202607050906,   0.998,   1.600,9999.000,9999.000,9999.000,9999.000,9999.000,9999.000,9999.000
202607050912,   0.935,   1.508,9999.000,9999.000,9999.000,9999.000,9999.000,9999.000,9999.000
202607050918,   0.875,   1.430,9999.000,9999.000,9999.000,9999.000,9999.000,9999.000,9999.000
202607050924,   0.818,   1.371,9999.000,9999.000,9999.000,9999.000,9999.000,9999.000,9999.000
202607050930,   0.763,   1.298,9999.000,9999.000,9999.000,9999.000,9999.000,9999.000,9999.000
202607050936,   0.713,   1.220,9999.000,9999.000,9999.000,9999.000,9999.000,9999.000,9999.000
202607050942,   0.665,   1.138,9999.000,9999.000,9999.000,9999.000,9999.000,9999.000,9999.000
202607050948,   0.621,   1.108,9999.000,9999.000,9999.000,9999.000,9999.000,9999.000,9999.000
202607050954,   0.580,   1.190,9999.000,9999.000,9999.000,9999.000,9999.000,9999.000,9999.000
202607051000,   0.543,   1.118,   0.500,   0.075,   1.118,   0.500,   1.118,   0.600,   1.218
202607051006,   0.509,   1.010,9999.000,9999.000,9999.000,9999.000,9999.000,9999.000,9999.000
202607051012,   0.479,   0.918,9999.000,9999.000,9999.000,9999.000,9999.000,9999.000,9999.000
202607051018,   0.453,   0.859,9999.000,9999.000,9999.000,9999.000,9999.000,9999.000,9999.000
202607051024,   0.431,   0.849,9999.000,9999.000,9999.000,9999.000,9999.000,9999.000,9999.000
202607051030,   0.412,   0.810,9999.000,9999.000,9999.000,9999.000,9999.000,9999.000,9999.000
202607051036,   0.397,   0.800,9999.000,9999.000,9999.000,9999.000,9999.000,9999.000,9999.000
202607051042,   0.386,   0.819,9999.000,9999.000,9999.000,9999.000,9999.000,9999.000,9999.000
202607051048,   0.379,   0.819,9999.000,9999.000,9999.000,9999.000,9999.000,9999.000,9999.000
202607051054,   0.376,   1.020,9999.000,9999.000,9999.000,9999.000,9999.000,9999.000,9999.000
202607051100,   0.378,   0.990,   0.500,   0.112,   0.990,   0.500,   0.990,   0.600,   1.090
202607051106,   0.383,   1.000,9999.000,9999.000,9999.000,9999.000,9999.000,9999.000,9999.000
202607051112,   0.393,   0.908,9999.000,9999.000,9999.000,9999.000,9999.000,9999.000,9999.000
202607051118,   0.407,   0.990,9999.000,9999.000,9999.000,9999.000,9999.000,9999.000,9999.000
202607051124,   0.425,   1.069,9999.000,9999.000,9999.000,9999.000,9999.000,9999.000,9999.000
202607051130,   0.448,   1.118,9999.000,9999.000,9999.000,9999.000,9999.000,9999.000,9999.000
202607051136,   0.476,   1.128,9999.000,9999.000,9999.000,9999.000,9999.000,9999.000,9999.000
202607051142,   0.508,   1.108,9999.000,9999.000,9999.000,9999.000,9999.000,9999.000,9999.000
202607051148,   0.544,   1.170,9999.000,9999.000,9999.000,9999.000,9999.000,9999.000,9999.000
202607051154,   0.585,   1.249,9999.000,9999.000,9999.000,9999.000,9999.000,9999.000,9999.000
202607051200,   0.631,   1.479,   0.600,   0.248,   1.479,   0.500,   1.379,   0.600,   1.479
202607051206,   0.681,   1.557,9999.000,9999.000,9999.000,9999.000,9999.000,9999.000,9999.000
202607051212,   0.735,   1.469,9999.000,9999.000,9999.000,9999.000,9999.000,9999.000,9999.000
202607051218,   0.794,   1.528,9999.000,9999.000,9999.000,9999.000,9999.000,9999.000,9999.000
202607051224,   0.857,   1.620,9999.000,9999.000,9999.000,9999.000,9999.000,9999.000,9999.000
202607051230,   0.924,   1.708,9999.000,9999.000,9999.000,9999.000,9999.000,9999.000,9999.000
202607051236,   0.995,   1.748,9999.000,9999.000,9999.000,9999.000,9999.000,9999.000,9999.000
202607051242,   1.070,   1.810,9999.000,9999.000,9999.000,9999.000,9999.000,9999.000,9999.000
202607051248,   1.148,   1.899,9999.000,9999.000,9999.000,9999.000,9999.000,9999.000,9999.000
202607051254,   1.229,   2.158,9999.000,9999.000,9999.000,9999.000,9999.000,9999.000,9999.000
202607051300,   1.313,   2.240,   0.600,   0.327,   2.240,   0.500,   2.140,   0.600,   2.240
202607051306,   1.400,   2.289,9999.000,9999.000,9999.000,9999.000,9999.000,9999.000,9999.000
202607051312,   1.489,   2.200,9999.000,9999.000,9999.000,9999.000,9999.000,9999.000,9999.000
202607051318,   1.580,   2.259,9999.000,9999.000,9999.000,9999.000,9999.000,9999.000,9999.000
202607051324,   1.672,   2.368,9999.000,9999.000,9999.000,9999.000,9999.000,9999.000,9999.000
202607051330,   1.766,   2.450,9999.000,9999.000,9999.000,9999.000,9999.000,9999.000,9999.000
202607051336,   1.860,   2.489,9999.000,9999.000,9999.000,9999.000,9999.000,9999.000,9999.000
202607051342,   1.954,   2.499,9999.000,9999.000,9999.000,9999.000,9999.000,9999.000,9999.000
202607051348,   2.048,   2.548,9999.000,9999.000,9999.000,9999.000,9999.000,9999.000,9999.000
202607051354,   2.142,   2.650,9999.000,9999.000,9999.000,9999.000,9999.000,9999.000,9999.000
202607051400,   2.235,   2.807,   0.600,  -0.028,   2.807,   0.500,   2.707,   0.600,   2.807
202607051406,   2.327,   2.869,9999.000,9999.000,9999.000,9999.000,9999.000,9999.000,9999.000
202607051412,   2.417,   2.778,9999.000,9999.000,9999.000,9999.000,9999.000,9999.000,9999.000
202607051418,   2.505,   2.807,9999.000,9999.000,9999.000,9999.000,9999.000,9999.000,9999.000
202607051424,   2.591,   2.879,9999.000,9999.000,9999.000,9999.000,9999.000,9999.000,9999.000
202607051430,   2.674,   2.958,9999.000,9999.000,9999.000,9999.000,9999.000,9999.000,9999.000
202607051436,   2.755,   3.017,9999.000,9999.000,9999.000,9999.000,9999.000,9999.000,9999.000
202607051442,   2.833,   3.129,9999.000,9999.000,9999.000,9999.000,9999.000,9999.000,9999.000
202607051448,   2.908,   3.207,9999.000,9999.000,9999.000,9999.000,9999.000,9999.000,9999.000
202607051454,   2.979,   3.289,9999.000,9999.000,9999.000,9999.000,9999.000,9999.000,9999.000
202607051500,   3.047,   3.607,   0.600,  -0.040,   3.607,   0.500,   3.507,   0.600,   3.607
202607051506,   3.112,   3.660,9999.000,9999.000,9999.000,9999.000,9999.000,9999.000,9999.000
202607051512,   3.173,   3.568,9999.000,9999.000,9999.000,9999.000,9999.000,9999.000,9999.000
202607051518,   3.230,   3.637,9999.000,9999.000,9999.000,9999.000,9999.000,9999.000,9999.000
202607051524,   3.284,   3.749,9999.000,9999.000,9999.000,9999.000,9999.000,9999.000,9999.000
202607051530,   3.334,   3.847,9999.000,9999.000,9999.000,9999.000,9999.000,9999.000,9999.000
202607051536,   3.380,   3.890,9999.000,9999.000,9999.000,9999.000,9999.000,9999.000,9999.000
202607051542,   3.423,   3.929,9999.000,9999.000,9999.000,9999.000,9999.000,9999.000,9999.000
202607051548,   3.461,   3.978,9999.000,9999.000,9999.000,9999.000,9999.000,9999.000,9999.000
202607051554,   3.496,   4.047,9999.000,9999.000,9999.000,9999.000,9999.000,9999.000,9999.000
202607051600,   3.528,   4.198,   0.600,   0.070,   4.198,   0.500,   4.098,   0.600,   4.198
202607051606,   3.555,   4.237,9999.000,9999.000,9999.000,9999.000,9999.000,9999.000,9999.000
202607051612,   3.579,   4.149,9999.000,9999.000,9999.000,9999.000,9999.000,9999.000,9999.000
202607051618,   3.599,   4.149,9999.000,9999.000,9999.000,9999.000,9999.000,9999.000,9999.000
202607051624,   3.615,   4.198,9999.000,9999.000,9999.000,9999.000,9999.000,9999.000,9999.000
202607051630,   3.627,   4.257,9999.000,9999.000,9999.000,9999.000,9999.000,9999.000,9999.000
202607051636,   3.636,   4.267,9999.000,9999.000,9999.000,9999.000,9999.000,9999.000,9999.000
202607051642,   3.641,   4.300,9999.000,9999.000,9999.000,9999.000,9999.000,9999.000,9999.000
202607051648,   3.642,   4.309,9999.000,9999.000,9999.000,9999.000,9999.000,9999.000,9999.000
202607051654,   3.640,   4.300,9999.000,9999.000,9999.000,9999.000,9999.000,9999.000,9999.000
202607051700,   3.634,   4.437,   0.600,   0.203,   4.437,   0.500,   4.337,   0.600,   4.437
202607051706,   3.624,   4.427,9999.000,9999.000,9999.000,9999.000,9999.000,9999.000,9999.000
202607051712,   3.610,   4.339,9999.000,9999.000,9999.000,9999.000,9999.000,9999.000,9999.000
202607051718,   3.593,   4.309,9999.000,9999.000,9999.000,9999.000,9999.000,9999.000,9999.000
202607051724,   3.572,   4.280,9999.000,9999.000,9999.000,9999.000,9999.000,9999.000,9999.000
202607051730,   3.547,   4.208,9999.000,9999.000,9999.000,9999.000,9999.000,9999.000,9999.000
202607051736,   3.519,   4.159,9999.000,9999.000,9999.000,9999.000,9999.000,9999.000,9999.000
202607051742,   3.488,   4.149,9999.000,9999.000,9999.000,9999.000,9999.000,9999.000,9999.000
202607051748,   3.453,   4.109,9999.000,9999.000,9999.000,9999.000,9999.000,9999.000,9999.000
202607051754,   3.414,   4.017,9999.000,9999.000,9999.000,9999.000,9999.000,9999.000,9999.000
202607051800,   3.373,   4.008,   0.600,   0.035,   4.008,   0.500,   3.908,   0.600,   4.008
202607051806,   3.328,   3.998,9999.000,9999.000,9999.000,9999.000,9999.000,9999.000,9999.000
202607051812,   3.280,   3.909,9999.000,9999.000,9999.000,9999.000,9999.000,9999.000,9999.000
202607051818,   3.229,   3.860,9999.000,9999.000,9999.000,9999.000,9999.000,9999.000,9999.000
202607051824,   3.176,   3.768,9999.000,9999.000,9999.000,9999.000,9999.000,9999.000,9999.000
202607051830,   3.119,   3.680,9999.000,9999.000,9999.000,9999.000,9999.000,9999.000,9999.000
202607051836,   3.061,   3.617,9999.000,9999.000,9999.000,9999.000,9999.000,9999.000,9999.000
202607051842,   3.000,   3.578,9999.000,9999.000,9999.000,9999.000,9999.000,9999.000,9999.000
202607051848,   2.937,   3.499,9999.000,9999.000,9999.000,9999.000,9999.000,9999.000,9999.000
202607051854,   2.872,   3.417,9999.000,9999.000,9999.000,9999.000,9999.000,9999.000,9999.000
202607051900,   2.805,   3.358,   0.600,  -0.047,   3.358,   0.500,   3.258,   0.600,   3.358
202607051906,   2.737,   3.289,9999.000,9999.000,9999.000,9999.000,9999.000,9999.000,9999.000
202607051912,   2.667,   3.188,9999.000,9999.000,9999.000,9999.000,9999.000,9999.000,9999.000
202607051918,   2.596,   3.109,9999.000,9999.000,9999.000,9999.000,9999.000,9999.000,9999.000
202607051924,   2.525,   2.978,9999.000,9999.000,9999.000,9999.000,9999.000,9999.000,9999.000
202607051930,   2.452,   2.879,9999.000,9999.000,9999.000,9999.000,9999.000,9999.000,9999.000
202607051936,   2.379,   2.807,9999.000,9999.000,9999.000,9999.000,9999.000,9999.000,9999.000
202607051942,   2.306,   2.738,9999.000,9999.000,9999.000,9999.000,9999.000,9999.000,9999.000
202607051948,   2.233,   2.679,9999.000,9999.000,9999.000,9999.000,9999.000,9999.000,9999.000
202607051954,   2.160,   2.610,9999.000,9999.000,9999.000,9999.000,9999.000,9999.000,9999.000
202607052000,   2.088,   2.489,   0.600,  -0.199,   2.489,   0.500,   2.389,   0.600,   2.489
202607052006,   2.015,   2.410,9999.000,9999.000,9999.000,9999.000,9999.000,9999.000,9999.000
202607052012,   1.944,   2.318,9999.000,9999.000,9999.000,9999.000,9999.000,9999.000,9999.000
202607052018,   1.874,   2.250,9999.000,9999.000,9999.000,9999.000,9999.000,9999.000,9999.000
202607052024,   1.804,   2.158,9999.000,9999.000,9999.000,9999.000,9999.000,9999.000,9999.000
202607052030,   1.736,   2.089,9999.000,9999.000,9999.000,9999.000,9999.000,9999.000,9999.000
202607052036,   1.669,   2.020,9999.000,9999.000,9999.000,9999.000,9999.000,9999.000,9999.000
202607052042,   1.604,   1.928,9999.000,9999.000,9999.000,9999.000,9999.000,9999.000,9999.000
202607052048,   1.541,   1.859,9999.000,9999.000,9999.000,9999.000,9999.000,9999.000,9999.000
202607052054,   1.479,   1.800,9999.000,9999.000,9999.000,9999.000,9999.000,9999.000,9999.000
202607052100,   1.420,   1.790,   0.600,  -0.230,   1.790,   0.500,   1.690,   0.600,   1.790
202607052106,   1.363,   1.728,9999.000,9999.000,9999.000,9999.000,9999.000,9999.000,9999.000
202607052112,   1.308,   1.659,9999.000,9999.000,9999.000,9999.000,9999.000,9999.000,9999.000
202607052118,   1.255,   1.571,9999.000,9999.000,9999.000,9999.000,9999.000,9999.000,9999.000
202607052124,   1.205,   1.508,9999.000,9999.000,9999.000,9999.000,9999.000,9999.000,9999.000
202607052130,   1.157,   1.469,9999.000,9999.000,9999.000,9999.000,9999.000,9999.000,9999.000
202607052136,   1.112,   1.439,9999.000,9999.000,9999.000,9999.000,9999.000,9999.000,9999.000
202607052142,   1.069,   1.400,9999.000,9999.000,9999.000,9999.000,9999.000,9999.000,9999.000
202607052148,   1.030,   1.361,9999.000,9999.000,9999.000,9999.000,9999.000,9999.000,9999.000
202607052154,   0.993,   1.298,9999.000,9999.000,9999.000,9999.000,9999.000,9999.000,9999.000
202607052200,   0.959,   1.249,   0.600,  -0.310,   1.249,   0.500,   1.149,   0.600,   1.249
202607052206,   0.928,   1.220,9999.000,9999.000,9999.000,9999.000,9999.000,9999.000,9999.000
202607052212,   0.900,   1.128,9999.000,9999.000,9999.000,9999.000,9999.000,9999.000,9999.000
202607052218,   0.875,   1.128,9999.000,9999.000,9999.000,9999.000,9999.000,9999.000,9999.000
202607052224,   0.854,   1.128,9999.000,9999.000,9999.000,9999.000,9999.000,9999.000,9999.000
202607052230,   0.836,   1.118,9999.000,9999.000,9999.000,9999.000,9999.000,9999.000,9999.000
202607052236,   0.821,   1.108,9999.000,9999.000,9999.000,9999.000,9999.000,9999.000,9999.000
202607052242,   0.809,   1.079,9999.000,9999.000,9999.000,9999.000,9999.000,9999.000,9999.000
202607052248,   0.801,   1.039,9999.000,9999.000,9999.000,9999.000,9999.000,9999.000,9999.000
202607052254,   0.796,   1.020,9999.000,9999.000,9999.000,9999.000,9999.000,9999.000,9999.000
202607052300,   0.795,   1.269,   0.600,  -0.126,   1.269,   0.500,   1.169,   0.600,   1.269
202607052306,   0.798,   1.289,9999.000,9999.000,9999.000,9999.000,9999.000,9999.000,9999.000
202607052312,   0.804,   1.200,9999.000,9999.000,9999.000,9999.000,9999.000,9999.000,9999.000
202607052318,   0.814,   1.229,9999.000,9999.000,9999.000,9999.000,9999.000,9999.000,9999.000
202607052324,   0.828,   1.259,9999.000,9999.000,9999.000,9999.000,9999.000,9999.000,9999.000
202607052330,   0.847,   1.318,9999.000,9999.000,9999.000,9999.000,9999.000,9999.000,9999.000
202607052336,   0.869,   1.390,9999.000,9999.000,9999.000,9999.000,9999.000,9999.000,9999.000
202607052342,   0.895,   1.439,9999.000,9999.000,9999.000,9999.000,9999.000,9999.000,9999.000
202607052348,   0.925,   1.518,9999.000,9999.000,9999.000,9999.000,9999.000,9999.000,9999.000
202607052354,   0.959,   1.590,9999.000,9999.000,9999.000,9999.000,9999.000,9999.000,9999.000
202607060000,   0.998,   1.840,   0.600,   0.242,   1.840,   0.600,   1.840,   0.600,   1.840
202607060006,   1.041,   1.928,9999.000,9999.000,9999.000,9999.000,9999.000,9999.000,9999.000
202607060012,   1.088,   1.830,9999.000,9999.000,9999.000,9999.000,9999.000,9999.000,9999.000
202607060018,   1.139,   1.899,9999.000,9999.000,9999.000,9999.000,9999.000,9999.000,9999.000
202607060024,   1.195,   1.967,9999.000,9999.000,9999.000,9999.000,9999.000,9999.000,9999.000
202607060030,   1.254,   2.059,9999.000,9999.000,9999.000,9999.000,9999.000,9999.000,9999.000
202607060036,   1.318,   2.138,9999.000,9999.000,9999.000,9999.000,9999.000,9999.000,9999.000
202607060042,   1.385,   2.191,9999.000,9999.000,9999.000,9999.000,9999.000,9999.000,9999.000
202607060048,   1.456,   2.240,9999.000,9999.000,9999.000,9999.000,9999.000,9999.000,9999.000
202607060054,   1.531,   2.318,9999.000,9999.000,9999.000,9999.000,9999.000,9999.000,9999.000
202607060100,   1.609,   2.597,   0.600,   0.388,   2.597,   0.600,   2.597,   0.600,   2.597
202607060106,   1.690,   2.669,9999.000,9999.000,9999.000,9999.000,9999.000,9999.000,9999.000
202607060112,   1.774,   2.578,9999.000,9999.000,9999.000,9999.000,9999.000,9999.000,9999.000
202607060118,   1.861,   2.669,9999.000,9999.000,9999.000,9999.000,9999.000,9999.000,9999.000
202607060124,   1.949,   2.778,9999.000,9999.000,9999.000,9999.000,9999.000,9999.000,9999.000
202607060130,   2.040,   2.840,9999.000,9999.000,9999.000,9999.000,9999.000,9999.000,9999.000
202607060136,   2.132,   2.919,9999.000,9999.000,9999.000,9999.000,9999.000,9999.000,9999.000
202607060142,   2.225,   3.017,9999.000,9999.000,9999.000,9999.000,9999.000,9999.000,9999.000
202607060148,   2.319,   3.119,9999.000,9999.000,9999.000,9999.000,9999.000,9999.000,9999.000
202607060154,   2.413,   3.398,9999.000,9999.000,9999.000,9999.000,9999.000,9999.000,9999.000
202607060200,   2.508,   3.470,   0.600,   0.362,   3.470,   0.600,   3.470,   0.600,   3.470
202607060206,   2.602,   3.539,9999.000,9999.000,9999.000,9999.000,9999.000,9999.000,9999.000
202607060212,   2.695,   3.450,9999.000,9999.000,9999.000,9999.000,9999.000,9999.000,9999.000
202607060218,   2.787,   3.539,9999.000,9999.000,9999.000,9999.000,9999.000,9999.000,9999.000
202607060224,   2.877,   3.617,9999.000,9999.000,9999.000,9999.000,9999.000,9999.000,9999.000
202607060230,   2.966,   3.699,9999.000,9999.000,9999.000,9999.000,9999.000,9999.000,9999.000
202607060236,   3.052,   3.778,9999.000,9999.000,9999.000,9999.000,9999.000,9999.000,9999.000
202607060242,   3.136,   3.860,9999.000,9999.000,9999.000,9999.000,9999.000,9999.000,9999.000
202607060248,   3.218,   3.929,9999.000,9999.000,9999.000,9999.000,9999.000,9999.000,9999.000
202607060254,   3.296,   3.988,9999.000,9999.000,9999.000,9999.000,9999.000,9999.000,9999.000
202607060300,   3.371,   4.218,   0.600,   0.247,   4.218,   0.600,   4.218,   0.600,   4.218
202607060306,   3.443,   4.300,9999.000,9999.000,9999.000,9999.000,9999.000,9999.000,9999.000
202607060312,   3.512,   4.208,9999.000,9999.000,9999.000,9999.000,9999.000,9999.000,9999.000
202607060318,   3.576,   4.267,9999.000,9999.000,9999.000,9999.000,9999.000,9999.000,9999.000
202607060324,   3.637,   4.319,9999.000,9999.000,9999.000,9999.000,9999.000,9999.000,9999.000
202607060330,   3.695,   4.388,9999.000,9999.000,9999.000,9999.000,9999.000,9999.000,9999.000
202607060336,   3.748,   4.437,9999.000,9999.000,9999.000,9999.000,9999.000,9999.000,9999.000
202607060342,   3.798,   4.480,9999.000,9999.000,9999.000,9999.000,9999.000,9999.000,9999.000
202607060348,   3.843,   4.529,9999.000,9999.000,9999.000,9999.000,9999.000,9999.000,9999.000
202607060354,   3.885,   4.578,9999.000,9999.000,9999.000,9999.000,9999.000,9999.000,9999.000
202607060400,   3.922,   4.788,   0.600,   0.266,   4.788,   0.600,   4.788,   0.600,   4.788
202607060406,   3.956,   4.828,9999.000,9999.000,9999.000,9999.000,9999.000,9999.000,9999.000
202607060412,   3.985,   4.739,9999.000,9999.000,9999.000,9999.000,9999.000,9999.000,9999.000
202607060418,   4.011,   4.759,9999.000,9999.000,9999.000,9999.000,9999.000,9999.000,9999.000
202607060424,   4.032,   4.788,9999.000,9999.000,9999.000,9999.000,9999.000,9999.000,9999.000
202607060430,   4.049,   4.837,9999.000,9999.000,9999.000,9999.000,9999.000,9999.000,9999.000
202607060436,   4.062,   4.900,9999.000,9999.000,9999.000,9999.000,9999.000,9999.000,9999.000
202607060442,   4.072,   4.900,9999.000,9999.000,9999.000,9999.000,9999.000,9999.000,9999.000
202607060448,   4.077,   4.900,9999.000,9999.000,9999.000,9999.000,9999.000,9999.000,9999.000
202607060454,   4.078,   4.910,9999.000,9999.000,9999.000,9999.000,9999.000,9999.000,9999.000
202607060500,   4.075,   5.018,   0.600,   0.343,   5.018,   0.600,   5.018,   0.700,   5.118
202607060506,   4.068,   5.028,9999.000,9999.000,9999.000,9999.000,9999.000,9999.000,9999.000
202607060512,   4.057,   4.939,9999.000,9999.000,9999.000,9999.000,9999.000,9999.000,9999.000
202607060518,   4.043,   4.939,9999.000,9999.000,9999.000,9999.000,9999.000,9999.000,9999.000
202607060524,   4.024,   4.929,9999.000,9999.000,9999.000,9999.000,9999.000,9999.000,9999.000
202607060530,   4.001,   4.910,9999.000,9999.000,9999.000,9999.000,9999.000,9999.000,9999.000
202607060536,   3.975,   4.877,9999.000,9999.000,9999.000,9999.000,9999.000,9999.000,9999.000
202607060542,   3.944,   4.847,9999.000,9999.000,9999.000,9999.000,9999.000,9999.000,9999.000
202607060548,   3.910,   4.818,9999.000,9999.000,9999.000,9999.000,9999.000,9999.000,9999.000
202607060554,   3.872,   4.788,9999.000,9999.000,9999.000,9999.000,9999.000,9999.000,9999.000
202607060600,   3.830,   4.808,   0.700,   0.278,   4.808,   0.600,   4.708,   0.700,   4.808
202607060606,   3.784,   4.739,9999.000,9999.000,9999.000,9999.000,9999.000,9999.000,9999.000
202607060612,   3.735,   4.647,9999.000,9999.000,9999.000,9999.000,9999.000,9999.000,9999.000
202607060618,   3.683,   4.608,9999.000,9999.000,9999.000,9999.000,9999.000,9999.000,9999.000
202607060624,   3.627,   4.549,9999.000,9999.000,9999.000,9999.000,9999.000,9999.000,9999.000
202607060630,   3.568,   4.509,9999.000,9999.000,9999.000,9999.000,9999.000,9999.000,9999.000
202607060636,   3.505,   4.457,9999.000,9999.000,9999.000,9999.000,9999.000,9999.000,9999.000
202607060642,   3.440,   4.388,9999.000,9999.000,9999.000,9999.000,9999.000,9999.000,9999.000
202607060648,   3.372,   4.339,9999.000,9999.000,9999.000,9999.000,9999.000,9999.000,9999.000
202607060654,   3.301,   4.257,9999.000,9999.000,9999.000,9999.000,9999.000,9999.000,9999.000
202607060700,   3.228,   4.188,   0.700,   0.260,   4.188,   0.600,   4.088,   0.700,   4.188
202607060706,   3.152,   4.119,9999.000,9999.000,9999.000,9999.000,9999.000,9999.000,9999.000
202607060712,   3.074,   4.027,9999.000,9999.000,9999.000,9999.000,9999.000,9999.000,9999.000
202607060718,   2.995,   3.958,9999.000,9999.000,9999.000,9999.000,9999.000,9999.000,9999.000
202607060724,   2.913,   3.880,9999.000,9999.000,9999.000,9999.000,9999.000,9999.000,9999.000
202607060730,   2.830,   3.788,9999.000,9999.000,9999.000,9999.000,9999.000,9999.000,9999.000
202607060736,   2.746,   3.699,9999.000,9999.000,9999.000,9999.000,9999.000,9999.000,9999.000
202607060742,   2.660,   3.627,9999.000,9999.000,9999.000,9999.000,9999.000,9999.000,9999.000
202607060748,   2.574,   3.558,9999.000,9999.000,9999.000,9999.000,9999.000,9999.000,9999.000
202607060754,   2.487,   3.440,9999.000,9999.000,9999.000,9999.000,9999.000,9999.000,9999.000
202607060800,   2.400,   3.339,   0.700,   0.239,   3.339,   0.600,   3.239,   0.700,   3.339
202607060806,   2.312,   3.250,9999.000,9999.000,9999.000,9999.000,9999.000,9999.000,9999.000
202607060812,   2.224,   3.158,9999.000,9999.000,9999.000,9999.000,9999.000,9999.000,9999.000
202607060818,   2.136,   3.070,9999.000,9999.000,9999.000,9999.000,9999.000,9999.000,9999.000
202607060824,   2.049,   2.978,9999.000,9999.000,9999.000,9999.000,9999.000,9999.000,9999.000
202607060830,   1.963,   2.889,9999.000,9999.000,9999.000,9999.000,9999.000,9999.000,9999.000
202607060836,   1.877,   2.797,9999.000,9999.000,9999.000,9999.000,9999.000,9999.000,9999.000
202607060842,   1.792,   2.719,9999.000,9999.000,9999.000,9999.000,9999.000,9999.000,9999.000
202607060848,   1.708,   2.620,9999.000,9999.000,9999.000,9999.000,9999.000,9999.000,9999.000
202607060854,   1.625,   2.568,9999.000,9999.000,9999.000,9999.000,9999.000,9999.000,9999.000
202607060900,   1.544,   2.469,   0.700,   0.225,   2.469,   0.600,   2.369,   0.700,   2.469
202607060906,   1.465,   2.387,9999.000,9999.000,9999.000,9999.000,9999.000,9999.000,9999.000
202607060912,   1.387,   2.299,9999.000,9999.000,9999.000,9999.000,9999.000,9999.000,9999.000
202607060918,   1.312,   2.230,9999.000,9999.000,9999.000,9999.000,9999.000,9999.000,9999.000
202607060924,   1.238,   2.128,9999.000,9999.000,9999.000,9999.000,9999.000,9999.000,9999.000
202607060930,   1.167,   2.049,9999.000,9999.000,9999.000,9999.000,9999.000,9999.000,9999.000
202607060936,   1.098,   1.981,9999.000,9999.000,9999.000,9999.000,9999.000,9999.000,9999.000
202607060942,   1.031,   1.899,9999.000,9999.000,9999.000,9999.000,9999.000,9999.000,9999.000
202607060948,   0.967,   1.820,9999.000,9999.000,9999.000,9999.000,9999.000,9999.000,9999.000
202607060954,   0.906,   1.728,9999.000,9999.000,9999.000,9999.000,9999.000,9999.000,9999.000
202607061000,   0.847,   1.669,   0.700,   0.122,   1.669,   0.600,   1.569,   0.700,   1.669
202607061006,   0.791,   1.610,9999.000,9999.000,9999.000,9999.000,9999.000,9999.000,9999.000
202607061012,   0.739,   1.518,9999.000,9999.000,9999.000,9999.000,9999.000,9999.000,9999.000
202607061018,   0.689,   1.449,9999.000,9999.000,9999.000,9999.000,9999.000,9999.000,9999.000
202607061024,   0.642,   1.390,9999.000,9999.000,9999.000,9999.000,9999.000,9999.000,9999.000
202607061030,   0.599,   1.318,9999.000,9999.000,9999.000,9999.000,9999.000,9999.000,9999.000
202607061036,   0.559,   1.259,9999.000,9999.000,9999.000,9999.000,9999.000,9999.000,9999.000
202607061042,   0.522,   1.200,9999.000,9999.000,9999.000,9999.000,9999.000,9999.000,9999.000
202607061048,   0.489,   1.161,9999.000,9999.000,9999.000,9999.000,9999.000,9999.000,9999.000
202607061054,   0.460,   1.098,9999.000,9999.000,9999.000,9999.000,9999.000,9999.000,9999.000
202607061100,   0.434,   1.108,   0.700,  -0.026,   1.108,   0.600,   1.008,   0.700,   1.108
202607061106,   0.412,   1.079,9999.000,9999.000,9999.000,9999.000,9999.000,9999.000,9999.000
202607061112,   0.394,   0.990,9999.000,9999.000,9999.000,9999.000,9999.000,9999.000,9999.000
202607061118,   0.380,   0.970,9999.000,9999.000,9999.000,9999.000,9999.000,9999.000,9999.000
202607061124,   0.369,   0.941,9999.000,9999.000,9999.000,9999.000,9999.000,9999.000,9999.000
202607061130,   0.363,   0.918,9999.000,9999.000,9999.000,9999.000,9999.000,9999.000,9999.000
202607061136,   0.361,   0.928,9999.000,9999.000,9999.000,9999.000,9999.000,9999.000,9999.000
202607061142,   0.364,   0.951,9999.000,9999.000,9999.000,9999.000,9999.000,9999.000,9999.000
202607061148,   0.370,   1.010,9999.000,9999.000,9999.000,9999.000,9999.000,9999.000,9999.000
202607061154,   0.382,   1.069,9999.000,9999.000,9999.000,9999.000,9999.000,9999.000,9999.000
202607061200,   0.397,   1.229,   0.700,   0.132,   1.229,   0.700,   1.229,   0.700,   1.229
202607061206,   0.418,   1.269,9999.000,9999.000,9999.000,9999.000,9999.000,9999.000,9999.000
202607061212,   0.442,   1.180,9999.000,9999.000,9999.000,9999.000,9999.000,9999.000,9999.000
202607061218,   0.472,   1.220,9999.000,9999.000,9999.000,9999.000,9999.000,9999.000,9999.000
202607061224,   0.506,   1.279,9999.000,9999.000,9999.000,9999.000,9999.000,9999.000,9999.000
202607061230,   0.545,   1.361,9999.000,9999.000,9999.000,9999.000,9999.000,9999.000,9999.000
202607061236,   0.589,   1.430,9999.000,9999.000,9999.000,9999.000,9999.000,9999.000,9999.000
202607061242,   0.637,   1.479,9999.000,9999.000,9999.000,9999.000,9999.000,9999.000,9999.000
202607061248,   0.690,   1.548,9999.000,9999.000,9999.000,9999.000,9999.000,9999.000,9999.000
202607061254,   0.747,   1.610,9999.000,9999.000,9999.000,9999.000,9999.000,9999.000,9999.000
202607061300,   0.809,   1.879,   0.700,   0.370,   1.879,   0.700,   1.879,   0.700,   1.879
202607061306,   0.875,   1.990,9999.000,9999.000,9999.000,9999.000,9999.000,9999.000,9999.000
202607061312,   0.945,   1.899,9999.000,9999.000,9999.000,9999.000,9999.000,9999.000,9999.000
202607061318,   1.019,   1.967,9999.000,9999.000,9999.000,9999.000,9999.000,9999.000,9999.000
202607061324,   1.097,   2.040,9999.000,9999.000,9999.000,9999.000,9999.000,9999.000,9999.000
202607061330,   1.178,   2.138,9999.000,9999.000,9999.000,9999.000,9999.000,9999.000,9999.000
202607061336,   1.262,   2.230,9999.000,9999.000,9999.000,9999.000,9999.000,9999.000,9999.000
202607061342,   1.350,   2.318,9999.000,9999.000,9999.000,9999.000,9999.000,9999.000,9999.000
202607061348,   1.440,   2.410,9999.000,9999.000,9999.000,9999.000,9999.000,9999.000,9999.000
202607061354,   1.532,   2.479,9999.000,9999.000,9999.000,9999.000,9999.000,9999.000,9999.000
202607061400,   1.625,   2.748,   0.700,   0.423,   2.748,   0.700,   2.748,   0.800,   2.848
202607061406,   1.721,   2.840,9999.000,9999.000,9999.000,9999.000,9999.000,9999.000,9999.000
202607061412,   1.817,   2.748,9999.000,9999.000,9999.000,9999.000,9999.000,9999.000,9999.000
202607061418,   1.914,   2.830,9999.000,9999.000,9999.000,9999.000,9999.000,9999.000,9999.000
202607061424,   2.012,   2.929,9999.000,9999.000,9999.000,9999.000,9999.000,9999.000,9999.000
202607061430,   2.110,   3.030,9999.000,9999.000,9999.000,9999.000,9999.000,9999.000,9999.000
202607061436,   2.207,   3.099,9999.000,9999.000,9999.000,9999.000,9999.000,9999.000,9999.000
202607061442,   2.303,   3.197,9999.000,9999.000,9999.000,9999.000,9999.000,9999.000,9999.000
202607061448,   2.398,   3.309,9999.000,9999.000,9999.000,9999.000,9999.000,9999.000,9999.000
202607061454,   2.492,   3.417,9999.000,9999.000,9999.000,9999.000,9999.000,9999.000,9999.000
202607061500,   2.584,   3.670,   0.700,   0.386,   3.670,   0.700,   3.670,   0.800,   3.770
202607061506,   2.674,   3.758,9999.000,9999.000,9999.000,9999.000,9999.000,9999.000,9999.000
202607061512,   2.762,   3.670,9999.000,9999.000,9999.000,9999.000,9999.000,9999.000,9999.000
202607061518,   2.847,   3.739,9999.000,9999.000,9999.000,9999.000,9999.000,9999.000,9999.000
202607061524,   2.929,   3.808,9999.000,9999.000,9999.000,9999.000,9999.000,9999.000,9999.000
202607061530,   3.008,   3.880,9999.000,9999.000,9999.000,9999.000,9999.000,9999.000,9999.000
202607061536,   3.084,   3.968,9999.000,9999.000,9999.000,9999.000,9999.000,9999.000,9999.000
202607061542,   3.157,   4.027,9999.000,9999.000,9999.000,9999.000,9999.000,9999.000,9999.000
202607061548,   3.227,   4.080,9999.000,9999.000,9999.000,9999.000,9999.000,9999.000,9999.000
202607061554,   3.292,   4.149,9999.000,9999.000,9999.000,9999.000,9999.000,9999.000,9999.000
202607061600,   3.355,   4.349,   0.700,   0.294,   4.349,   0.700,   4.349,   0.800,   4.449
202607061606,   3.413,   4.398,9999.000,9999.000,9999.000,9999.000,9999.000,9999.000,9999.000
202607061612,   3.468,   4.309,9999.000,9999.000,9999.000,9999.000,9999.000,9999.000,9999.000
202607061618,   3.519,   4.359,9999.000,9999.000,9999.000,9999.000,9999.000,9999.000,9999.000
202607061624,   3.565,   4.427,9999.000,9999.000,9999.000,9999.000,9999.000,9999.000,9999.000
202607061630,   3.609,   4.467,9999.000,9999.000,9999.000,9999.000,9999.000,9999.000,9999.000
202607061636,   3.648,   4.509,9999.000,9999.000,9999.000,9999.000,9999.000,9999.000,9999.000
202607061642,   3.683,   4.539,9999.000,9999.000,9999.000,9999.000,9999.000,9999.000,9999.000
202607061648,   3.714,   4.549,9999.000,9999.000,9999.000,9999.000,9999.000,9999.000,9999.000
202607061654,   3.741,   4.569,9999.000,9999.000,9999.000,9999.000,9999.000,9999.000,9999.000
202607061700,   3.764,   4.719,   0.800,   0.155,   4.719,   0.700,   4.619,   0.800,   4.719
202607061706,   3.783,   4.739,9999.000,9999.000,9999.000,9999.000,9999.000,9999.000,9999.000
202607061712,   3.798,   4.647,9999.000,9999.000,9999.000,9999.000,9999.000,9999.000,9999.000
202607061718,   3.809,   4.657,9999.000,9999.000,9999.000,9999.000,9999.000,9999.000,9999.000
202607061724,   3.817,   4.667,9999.000,9999.000,9999.000,9999.000,9999.000,9999.000,9999.000
202607061730,   3.820,   4.667,9999.000,9999.000,9999.000,9999.000,9999.000,9999.000,9999.000
202607061736,   3.819,   4.700,9999.000,9999.000,9999.000,9999.000,9999.000,9999.000,9999.000
202607061742,   3.814,   4.739,9999.000,9999.000,9999.000,9999.000,9999.000,9999.000,9999.000
202607061748,   3.806,   4.739,9999.000,9999.000,9999.000,9999.000,9999.000,9999.000,9999.000
202607061754,   3.793,   4.719,9999.000,9999.000,9999.000,9999.000,9999.000,9999.000,9999.000
202607061800,   3.777,   4.828,   0.800,   0.251,   4.828,   0.700,   4.728,   0.800,   4.828
202607061806,   3.757,   4.808,9999.000,9999.000,9999.000,9999.000,9999.000,9999.000,9999.000
202607061812,   3.733,   4.719,9999.000,9999.000,9999.000,9999.000,9999.000,9999.000,9999.000
202607061818,   3.705,   4.700,9999.000,9999.000,9999.000,9999.000,9999.000,9999.000,9999.000
202607061824,   3.674,   4.677,9999.000,9999.000,9999.000,9999.000,9999.000,9999.000,9999.000
202607061830,   3.640,   4.637,9999.000,9999.000,9999.000,9999.000,9999.000,9999.000,9999.000
202607061836,   3.602,   4.677,9999.000,9999.000,9999.000,9999.000,9999.000,9999.000,9999.000
202607061842,   3.561,   4.628,9999.000,9999.000,9999.000,9999.000,9999.000,9999.000,9999.000
202607061848,   3.517,   4.539,9999.000,9999.000,9999.000,9999.000,9999.000,9999.000,9999.000
202607061854,   3.469,   4.490,9999.000,9999.000,9999.000,9999.000,9999.000,9999.000,9999.000
202607061900,   3.419,   4.500,   0.800,   0.281,   4.500,   0.800,   4.500,   0.800,   4.500
202607061906,   3.366,   4.447,9999.000,9999.000,9999.000,9999.000,9999.000,9999.000,9999.000
202607061912,   3.311,   4.359,9999.000,9999.000,9999.000,9999.000,9999.000,9999.000,9999.000
202607061918,   3.253,   4.290,9999.000,9999.000,9999.000,9999.000,9999.000,9999.000,9999.000
202607061924,   3.193,   4.208,9999.000,9999.000,9999.000,9999.000,9999.000,9999.000,9999.000
202607061930,   3.130,   4.149,9999.000,9999.000,9999.000,9999.000,9999.000,9999.000,9999.000
202607061936,   3.066,   4.109,9999.000,9999.000,9999.000,9999.000,9999.000,9999.000,9999.000
202607061942,   3.000,   4.027,9999.000,9999.000,9999.000,9999.000,9999.000,9999.000,9999.000
202607061948,   2.933,   3.949,9999.000,9999.000,9999.000,9999.000,9999.000,9999.000,9999.000
202607061954,   2.864,   3.880,9999.000,9999.000,9999.000,9999.000,9999.000,9999.000,9999.000
202607062000,   2.794,   3.808,   0.800,   0.214,   3.808,   0.700,   3.708,   0.800,   3.808
202607062006,   2.722,   3.729,9999.000,9999.000,9999.000,9999.000,9999.000,9999.000,9999.000
202607062012,   2.651,   3.637,9999.000,9999.000,9999.000,9999.000,9999.000,9999.000,9999.000
202607062018,   2.578,   3.568,9999.000,9999.000,9999.000,9999.000,9999.000,9999.000,9999.000
202607062024,   2.505,   3.509,9999.000,9999.000,9999.000,9999.000,9999.000,9999.000,9999.000
202607062030,   2.432,   3.450,9999.000,9999.000,9999.000,9999.000,9999.000,9999.000,9999.000
202607062036,   2.358,   3.378,9999.000,9999.000,9999.000,9999.000,9999.000,9999.000,9999.000
202607062042,   2.285,   3.299,9999.000,9999.000,9999.000,9999.000,9999.000,9999.000,9999.000
202607062048,   2.212,   3.230,9999.000,9999.000,9999.000,9999.000,9999.000,9999.000,9999.000
202607062054,   2.140,   3.148,9999.000,9999.000,9999.000,9999.000,9999.000,9999.000,9999.000
202607062100,   2.068,   3.079,   0.800,   0.211,   3.079,   0.700,   2.979,   0.800,   3.079
202607062106,   1.996,   3.017,9999.000,9999.000,9999.000,9999.000,9999.000,9999.000,9999.000
202607062112,   1.926,   2.929,9999.000,9999.000,9999.000,9999.000,9999.000,9999.000,9999.000
202607062118,   1.857,   2.850,9999.000,9999.000,9999.000,9999.000,9999.000,9999.000,9999.000
202607062124,   1.789,   2.758,9999.000,9999.000,9999.000,9999.000,9999.000,9999.000,9999.000
202607062130,   1.722,   2.699,9999.000,9999.000,9999.000,9999.000,9999.000,9999.000,9999.000
202607062136,   1.657,   2.650,9999.000,9999.000,9999.000,9999.000,9999.000,9999.000,9999.000
202607062142,   1.593,   2.548,9999.000,9999.000,9999.000,9999.000,9999.000,9999.000,9999.000
202607062148,   1.532,   2.479,9999.000,9999.000,9999.000,9999.000,9999.000,9999.000,9999.000
202607062154,   1.472,   2.410,9999.000,9999.000,9999.000,9999.000,9999.000,9999.000,9999.000
202607062200,   1.414,   2.358,   0.800,   0.144,   2.358,   0.800,   2.358,   0.800,   2.358
202607062206,   1.358,   2.309,9999.000,9999.000,9999.000,9999.000,9999.000,9999.000,9999.000
202607062212,   1.304,   2.250,9999.000,9999.000,9999.000,9999.000,9999.000,9999.000,9999.000
202607062218,   1.252,   2.191,9999.000,9999.000,9999.000,9999.000,9999.000,9999.000,9999.000
202607062224,   1.203,   2.158,9999.000,9999.000,9999.000,9999.000,9999.000,9999.000,9999.000
202607062230,   1.157,   2.118,9999.000,9999.000,9999.000,9999.000,9999.000,9999.000,9999.000
202607062236,   1.113,   2.059,9999.000,9999.000,9999.000,9999.000,9999.000,9999.000,9999.000
202607062242,   1.071,   2.000,9999.000,9999.000,9999.000,9999.000,9999.000,9999.000,9999.000
202607062248,   1.033,   1.948,9999.000,9999.000,9999.000,9999.000,9999.000,9999.000,9999.000
202607062254,   0.997,   1.908,9999.000,9999.000,9999.000,9999.000,9999.000,9999.000,9999.000
202607062300,   0.964,   1.948,   0.800,   0.184,   1.948,   0.800,   1.948,   0.800,   1.948
202607062306,   0.934,   1.899,9999.000,9999.000,9999.000,9999.000,9999.000,9999.000,9999.000
202607062312,   0.907,   1.810,9999.000,9999.000,9999.000,9999.000,9999.000,9999.000,9999.000
202607062318,   0.884,   1.767,9999.000,9999.000,9999.000,9999.000,9999.000,9999.000,9999.000
202607062324,   0.864,   1.748,9999.000,9999.000,9999.000,9999.000,9999.000,9999.000,9999.000
202607062330,   0.847,   1.718,9999.000,9999.000,9999.000,9999.000,9999.000,9999.000,9999.000
202607062336,   0.834,   1.699,9999.000,9999.000,9999.000,9999.000,9999.000,9999.000,9999.000
202607062342,   0.824,   1.708,9999.000,9999.000,9999.000,9999.000,9999.000,9999.000,9999.000
202607062348,   0.818,   1.718,9999.000,9999.000,9999.000,9999.000,9999.000,9999.000,9999.000
202607062354,   0.816,   1.849,9999.000,9999.000,9999.000,9999.000,9999.000,9999.000,9999.000
202607070000,   0.817,   1.849,   0.800,   0.232,   1.849,   0.800,   1.849,   0.900,   1.949
202607070006,   0.822,   1.869,9999.000,9999.000,9999.000,9999.000,9999.000,9999.000,9999.000
202607070012,   0.832,   1.781,9999.000,9999.000,9999.000,9999.000,9999.000,9999.000,9999.000
202607070018,   0.845,   1.840,9999.000,9999.000,9999.000,9999.000,9999.000,9999.000,9999.000
202607070024,   0.863,   1.908,9999.000,9999.000,9999.000,9999.000,9999.000,9999.000,9999.000
202607070030,   0.884,   1.967,9999.000,9999.000,9999.000,9999.000,9999.000,9999.000,9999.000
202607070036,   0.910,   2.030,9999.000,9999.000,9999.000,9999.000,9999.000,9999.000,9999.000
202607070042,   0.940,   2.069,9999.000,9999.000,9999.000,9999.000,9999.000,9999.000,9999.000
202607070048,   0.975,   2.118,9999.000,9999.000,9999.000,9999.000,9999.000,9999.000,9999.000
202607070054,   1.013,   2.348,9999.000,9999.000,9999.000,9999.000,9999.000,9999.000,9999.000
202607070100,   1.056,   2.410,   0.800,   0.554,   2.410,   0.800,   2.410,   0.900,   2.510
202607070106,   1.103,   2.489,9999.000,9999.000,9999.000,9999.000,9999.000,9999.000,9999.000
202607070112,   1.154,   2.400,9999.000,9999.000,9999.000,9999.000,9999.000,9999.000,9999.000
202607070118,   1.208,   2.459,9999.000,9999.000,9999.000,9999.000,9999.000,9999.000,9999.000
202607070124,   1.267,   2.509,9999.000,9999.000,9999.000,9999.000,9999.000,9999.000,9999.000
202607070130,   1.330,   2.587,9999.000,9999.000,9999.000,9999.000,9999.000,9999.000,9999.000
202607070136,   1.396,   2.660,9999.000,9999.000,9999.000,9999.000,9999.000,9999.000,9999.000
202607070142,   1.465,   2.719,9999.000,9999.000,9999.000,9999.000,9999.000,9999.000,9999.000
202607070148,   1.538,   2.787,9999.000,9999.000,9999.000,9999.000,9999.000,9999.000,9999.000
202607070154,   1.614,   2.860,9999.000,9999.000,9999.000,9999.000,9999.000,9999.000,9999.000
202607070200,   1.692,   3.109,   0.800,   0.617,   3.109,   0.800,   3.109,   0.900,   3.209
202607070206,   1.773,   3.188,9999.000,9999.000,9999.000,9999.000,9999.000,9999.000,9999.000
202607070212,   1.856,   3.099,9999.000,9999.000,9999.000,9999.000,9999.000,9999.000,9999.000
202607070218,   1.941,   3.188,9999.000,9999.000,9999.000,9999.000,9999.000,9999.000,9999.000
202607070224,   2.027,   3.279,9999.000,9999.000,9999.000,9999.000,9999.000,9999.000,9999.000
202607070230,   2.115,   3.378,9999.000,9999.000,9999.000,9999.000,9999.000,9999.000,9999.000
202607070236,   2.203,   3.460,9999.000,9999.000,9999.000,9999.000,9999.000,9999.000,9999.000
202607070242,   2.292,   3.539,9999.000,9999.000,9999.000,9999.000,9999.000,9999.000,9999.000
202607070248,   2.381,   3.617,9999.000,9999.000,9999.000,9999.000,9999.000,9999.000,9999.000
202607070254,   2.469,   3.860,9999.000,9999.000,9999.000,9999.000,9999.000,9999.000,9999.000
202607070300,   2.558,   3.929,   0.800,   0.571,   3.929,   0.800,   3.929,   0.900,   4.029
202607070306,   2.645,   4.017,9999.000,9999.000,9999.000,9999.000,9999.000,9999.000,9999.000
202607070312,   2.731,   3.929,9999.000,9999.000,9999.000,9999.000,9999.000,9999.000,9999.000
202607070318,   2.815,   4.017,9999.000,9999.000,9999.000,9999.000,9999.000,9999.000,9999.000
202607070324,   2.898,   4.099,9999.000,9999.000,9999.000,9999.000,9999.000,9999.000,9999.000
202607070330,   2.978,   4.159,9999.000,9999.000,9999.000,9999.000,9999.000,9999.000,9999.000
202607070336,   3.056,   4.237,9999.000,9999.000,9999.000,9999.000,9999.000,9999.000,9999.000
202607070342,   3.132,   4.329,9999.000,9999.000,9999.000,9999.000,9999.000,9999.000,9999.000
202607070348,   3.204,   4.388,9999.000,9999.000,9999.000,9999.000,9999.000,9999.000,9999.000
202607070354,   3.274,   4.618,9999.000,9999.000,9999.000,9999.000,9999.000,9999.000,9999.000
202607070400,   3.341,   4.690,   0.800,   0.549,   4.690,   0.800,   4.690,   0.900,   4.790
202607070406,   3.404,   4.739,9999.000,9999.000,9999.000,9999.000,9999.000,9999.000,9999.000
202607070412,   3.463,   4.647,9999.000,9999.000,9999.000,9999.000,9999.000,9999.000,9999.000
202607070418,   3.519,   4.690,9999.000,9999.000,9999.000,9999.000,9999.000,9999.000,9999.000
202607070424,   3.572,   4.729,9999.000,9999.000,9999.000,9999.000,9999.000,9999.000,9999.000
202607070430,   3.620,   4.788,9999.000,9999.000,9999.000,9999.000,9999.000,9999.000,9999.000
202607070436,   3.665,   4.818,9999.000,9999.000,9999.000,9999.000,9999.000,9999.000,9999.000
202607070442,   3.706,   4.837,9999.000,9999.000,9999.000,9999.000,9999.000,9999.000,9999.000
202607070448,   3.743,   4.887,9999.000,9999.000,9999.000,9999.000,9999.000,9999.000,9999.000
202607070454,   3.775,   5.047,9999.000,9999.000,9999.000,9999.000,9999.000,9999.000,9999.000
202607070500,   3.804,   5.077,   0.900,   0.373,   5.077,   0.800,   4.977,   0.900,   5.077
202607070506,   3.829,   5.120,9999.000,9999.000,9999.000,9999.000,9999.000,9999.000,9999.000
202607070512,   3.849,   5.028,9999.000,9999.000,9999.000,9999.000,9999.000,9999.000,9999.000
202607070518,   3.866,   5.057,9999.000,9999.000,9999.000,9999.000,9999.000,9999.000,9999.000
202607070524,   3.878,   5.077,9999.000,9999.000,9999.000,9999.000,9999.000,9999.000,9999.000
202607070530,   3.887,   5.097,9999.000,9999.000,9999.000,9999.000,9999.000,9999.000,9999.000
202607070536,   3.891,   5.110,9999.000,9999.000,9999.000,9999.000,9999.000,9999.000,9999.000
202607070542,   3.891,   5.139,9999.000,9999.000,9999.000,9999.000,9999.000,9999.000,9999.000
202607070548,   3.888,   5.159,9999.000,9999.000,9999.000,9999.000,9999.000,9999.000,9999.000
202607070554,   3.880,   5.169,9999.000,9999.000,9999.000,9999.000,9999.000,9999.000,9999.000
202607070600,   3.868,   5.257,   0.900,   0.489,   5.257,   0.800,   5.157,   0.900,   5.257
202607070606,   3.853,   5.247,9999.000,9999.000,9999.000,9999.000,9999.000,9999.000,9999.000
202607070612,   3.833,   5.159,9999.000,9999.000,9999.000,9999.000,9999.000,9999.000,9999.000
202607070618,   3.810,   5.159,9999.000,9999.000,9999.000,9999.000,9999.000,9999.000,9999.000
202607070624,   3.783,   5.139,9999.000,9999.000,9999.000,9999.000,9999.000,9999.000,9999.000
202607070630,   3.753,   5.110,9999.000,9999.000,9999.000,9999.000,9999.000,9999.000,9999.000
202607070636,   3.718,   5.057,9999.000,9999.000,9999.000,9999.000,9999.000,9999.000,9999.000
202607070642,   3.681,   5.038,9999.000,9999.000,9999.000,9999.000,9999.000,9999.000,9999.000
202607070648,   3.639,   5.008,9999.000,9999.000,9999.000,9999.000,9999.000,9999.000,9999.000
202607070654,   3.595,   5.018,9999.000,9999.000,9999.000,9999.000,9999.000,9999.000,9999.000
202607070700,   3.547,   4.979,   0.900,   0.532,   4.979,   0.800,   4.879,   0.900,   4.979
202607070706,   3.496,   4.919,9999.000,9999.000,9999.000,9999.000,9999.000,9999.000,9999.000
202607070712,   3.442,   4.828,9999.000,9999.000,9999.000,9999.000,9999.000,9999.000,9999.000
202607070718,   3.385,   4.778,9999.000,9999.000,9999.000,9999.000,9999.000,9999.000,9999.000
202607070724,   3.325,   4.719,9999.000,9999.000,9999.000,9999.000,9999.000,9999.000,9999.000
202607070730,   3.262,   4.667,9999.000,9999.000,9999.000,9999.000,9999.000,9999.000,9999.000
202607070736,   3.197,   4.618,9999.000,9999.000,9999.000,9999.000,9999.000,9999.000,9999.000
202607070742,   3.130,   4.559,9999.000,9999.000,9999.000,9999.000,9999.000,9999.000,9999.000
202607070748,   3.061,   4.490,9999.000,9999.000,9999.000,9999.000,9999.000,9999.000,9999.000
202607070754,   2.989,   4.418,9999.000,9999.000,9999.000,9999.000,9999.000,9999.000,9999.000
202607070800,   2.915,   4.378,   0.900,   0.563,   4.378,   0.800,   4.278,   0.900,   4.378
202607070806,   2.840,   4.319,9999.000,9999.000,9999.000,9999.000,9999.000,9999.000,9999.000
202607070812,   2.763,   4.227,9999.000,9999.000,9999.000,9999.000,9999.000,9999.000,9999.000
202607070818,   2.685,   4.178,9999.000,9999.000,9999.000,9999.000,9999.000,9999.000,9999.000
202607070824,   2.606,   4.109,9999.000,9999.000,9999.000,9999.000,9999.000,9999.000,9999.000
202607070830,   2.525,   4.017,9999.000,9999.000,9999.000,9999.000,9999.000,9999.000,9999.000
202607070836,   2.444,   3.929,9999.000,9999.000,9999.000,9999.000,9999.000,9999.000,9999.000
202607070842,   2.362,   3.847,9999.000,9999.000,9999.000,9999.000,9999.000,9999.000,9999.000
202607070848,   2.280,   3.778,9999.000,9999.000,9999.000,9999.000,9999.000,9999.000,9999.000
202607070854,   2.197,   3.689,9999.000,9999.000,9999.000,9999.000,9999.000,9999.000,9999.000
202607070900,   2.114,   3.617,   0.900,   0.603,   3.617,   0.800,   3.517,   0.900,   3.617
202607070906,   2.031,   3.519,9999.000,9999.000,9999.000,9999.000,9999.000,9999.000,9999.000
202607070912,   1.949,   3.427,9999.000,9999.000,9999.000,9999.000,9999.000,9999.000,9999.000
202607070918,   1.866,   3.339,9999.000,9999.000,9999.000,9999.000,9999.000,9999.000,9999.000
202607070924,   1.785,   3.260,9999.000,9999.000,9999.000,9999.000,9999.000,9999.000,9999.000
202607070930,   1.704,   3.168,9999.000,9999.000,9999.000,9999.000,9999.000,9999.000,9999.000
202607070936,   1.624,   3.089,9999.000,9999.000,9999.000,9999.000,9999.000,9999.000,9999.000
202607070942,   1.545,   3.007,9999.000,9999.000,9999.000,9999.000,9999.000,9999.000,9999.000
202607070948,   1.467,   2.909,9999.000,9999.000,9999.000,9999.000,9999.000,9999.000,9999.000
202607070954,   1.391,   2.807,9999.000,9999.000,9999.000,9999.000,9999.000,9999.000,9999.000
202607071000,   1.316,   2.709,   0.900,   0.493,   2.709,   0.800,   2.609,   0.900,   2.709
202607071006,   1.243,   2.630,9999.000,9999.000,9999.000,9999.000,9999.000,9999.000,9999.000
202607071012,   1.172,   2.538,9999.000,9999.000,9999.000,9999.000,9999.000,9999.000,9999.000
202607071018,   1.103,   2.459,9999.000,9999.000,9999.000,9999.000,9999.000,9999.000,9999.000
202607071024,   1.036,   2.368,9999.000,9999.000,9999.000,9999.000,9999.000,9999.000,9999.000
202607071030,   0.971,   2.289,9999.000,9999.000,9999.000,9999.000,9999.000,9999.000,9999.000
202607071036,   0.909,   2.210,9999.000,9999.000,9999.000,9999.000,9999.000,9999.000,9999.000
202607071042,   0.849,   2.128,9999.000,9999.000,9999.000,9999.000,9999.000,9999.000,9999.000
202607071048,   0.792,   2.059,9999.000,9999.000,9999.000,9999.000,9999.000,9999.000,9999.000
202607071054,   0.738,   2.000,9999.000,9999.000,9999.000,9999.000,9999.000,9999.000,9999.000
202607071100,   0.687,   1.938,   0.900,   0.351,   1.938,   0.800,   1.838,   1.000,   2.038
202607071106,   0.639,   1.889,9999.000,9999.000,9999.000,9999.000,9999.000,9999.000,9999.000
202607071112,   0.594,   1.800,9999.000,9999.000,9999.000,9999.000,9999.000,9999.000,9999.000
202607071118,   0.552,   1.748,9999.000,9999.000,9999.000,9999.000,9999.000,9999.000,9999.000
202607071124,   0.513,   1.708,9999.000,9999.000,9999.000,9999.000,9999.000,9999.000,9999.000
202607071130,   0.479,   1.649,9999.000,9999.000,9999.000,9999.000,9999.000,9999.000,9999.000
202607071136,   0.447,   1.590,9999.000,9999.000,9999.000,9999.000,9999.000,9999.000,9999.000
202607071142,   0.420,   1.538,9999.000,9999.000,9999.000,9999.000,9999.000,9999.000,9999.000
202607071148,   0.396,   1.498,9999.000,9999.000,9999.000,9999.000,9999.000,9999.000,9999.000
202607071154,   0.377,   1.548,9999.000,9999.000,9999.000,9999.000,9999.000,9999.000,9999.000
202607071200,   0.361,   1.508,   0.900,   0.247,   1.508,   0.800,   1.408,   0.900,   1.508
202607071206,   0.350,   1.518,9999.000,9999.000,9999.000,9999.000,9999.000,9999.000,9999.000
202607071212,   0.343,   1.430,9999.000,9999.000,9999.000,9999.000,9999.000,9999.000,9999.000
202607071218,   0.340,   1.439,9999.000,9999.000,9999.000,9999.000,9999.000,9999.000,9999.000
202607071224,   0.341,   1.459,9999.000,9999.000,9999.000,9999.000,9999.000,9999.000,9999.000
202607071230,   0.347,   1.459,9999.000,9999.000,9999.000,9999.000,9999.000,9999.000,9999.000
202607071236,   0.358,   1.459,9999.000,9999.000,9999.000,9999.000,9999.000,9999.000,9999.000
202607071242,   0.373,   1.518,9999.000,9999.000,9999.000,9999.000,9999.000,9999.000,9999.000
202607071248,   0.393,   1.557,9999.000,9999.000,9999.000,9999.000,9999.000,9999.000,9999.000
202607071254,   0.418,   1.620,9999.000,9999.000,9999.000,9999.000,9999.000,9999.000,9999.000
202607071300,   0.447,   1.840,   0.900,   0.493,   1.840,   0.800,   1.740,   0.900,   1.840
202607071306,   0.481,   1.899,9999.000,9999.000,9999.000,9999.000,9999.000,9999.000,9999.000
202607071312,   0.519,   1.810,9999.000,9999.000,9999.000,9999.000,9999.000,9999.000,9999.000
202607071318,   0.563,   1.849,9999.000,9999.000,9999.000,9999.000,9999.000,9999.000,9999.000
202607071324,   0.611,   1.918,9999.000,9999.000,9999.000,9999.000,9999.000,9999.000,9999.000
202607071330,   0.663,   2.000,9999.000,9999.000,9999.000,9999.000,9999.000,9999.000,9999.000
202607071336,   0.720,   2.069,9999.000,9999.000,9999.000,9999.000,9999.000,9999.000,9999.000
202607071342,   0.782,   2.138,9999.000,9999.000,9999.000,9999.000,9999.000,9999.000,9999.000
202607071348,   0.847,   2.210,9999.000,9999.000,9999.000,9999.000,9999.000,9999.000,9999.000
202607071354,   0.917,   2.459,9999.000,9999.000,9999.000,9999.000,9999.000,9999.000,9999.000
202607071400,   0.991,   2.548,   0.900,   0.657,   2.548,   0.800,   2.448,   0.900,   2.548
202607071406,   1.068,   2.630,9999.000,9999.000,9999.000,9999.000,9999.000,9999.000,9999.000
202607071412,   1.150,   2.538,9999.000,9999.000,9999.000,9999.000,9999.000,9999.000,9999.000
202607071418,   1.234,   2.620,9999.000,9999.000,9999.000,9999.000,9999.000,9999.000,9999.000
202607071424,   1.322,   2.699,9999.000,9999.000,9999.000,9999.000,9999.000,9999.000,9999.000
202607071430,   1.412,   2.787,9999.000,9999.000,9999.000,9999.000,9999.000,9999.000,9999.000
202607071436,   1.505,   2.869,9999.000,9999.000,9999.000,9999.000,9999.000,9999.000,9999.000
202607071442,   1.600,   2.968,9999.000,9999.000,9999.000,9999.000,9999.000,9999.000,9999.000
202607071448,   1.697,   3.070,9999.000,9999.000,9999.000,9999.000,9999.000,9999.000,9999.000
202607071454,   1.796,   3.319,9999.000,9999.000,9999.000,9999.000,9999.000,9999.000,9999.000
202607071500,   1.896,   3.427,   0.900,   0.631,   3.427,   0.800,   3.327,   0.900,   3.427
202607071506,   1.996,   3.499,9999.000,9999.000,9999.000,9999.000,9999.000,9999.000,9999.000
202607071512,   2.098,   3.407,9999.000,9999.000,9999.000,9999.000,9999.000,9999.000,9999.000
202607071518,   2.199,   3.509,9999.000,9999.000,9999.000,9999.000,9999.000,9999.000,9999.000
202607071524,   2.300,   3.588,9999.000,9999.000,9999.000,9999.000,9999.000,9999.000,9999.000
202607071530,   2.401,   3.670,9999.000,9999.000,9999.000,9999.000,9999.000,9999.000,9999.000
202607071536,   2.500,   3.778,9999.000,9999.000,9999.000,9999.000,9999.000,9999.000,9999.000
202607071542,   2.599,   3.870,9999.000,9999.000,9999.000,9999.000,9999.000,9999.000,9999.000
202607071548,   2.696,   3.949,9999.000,9999.000,9999.000,9999.000,9999.000,9999.000,9999.000
202607071554,   2.791,   4.008,9999.000,9999.000,9999.000,9999.000,9999.000,9999.000,9999.000
202607071600,   2.884,   4.257,   0.900,   0.473,   4.257,   0.800,   4.157,   0.900,   4.257
202607071606,   2.974,   4.329,9999.000,9999.000,9999.000,9999.000,9999.000,9999.000,9999.000
202607071612,   3.062,   4.237,9999.000,9999.000,9999.000,9999.000,9999.000,9999.000,9999.000
202607071618,   3.146,   4.309,9999.000,9999.000,9999.000,9999.000,9999.000,9999.000,9999.000
202607071624,   3.228,   4.368,9999.000,9999.000,9999.000,9999.000,9999.000,9999.000,9999.000
202607071630,   3.306,   4.427,9999.000,9999.000,9999.000,9999.000,9999.000,9999.000,9999.000
202607071636,   3.381,   4.490,9999.000,9999.000,9999.000,9999.000,9999.000,9999.000,9999.000
202607071642,   3.452,   4.549,9999.000,9999.000,9999.000,9999.000,9999.000,9999.000,9999.000
202607071648,   3.519,   4.618,9999.000,9999.000,9999.000,9999.000,9999.000,9999.000,9999.000
202607071654,   3.583,   4.667,9999.000,9999.000,9999.000,9999.000,9999.000,9999.000,9999.000
202607071700,   3.642,   4.857,   0.900,   0.315,   4.857,   0.800,   4.757,   0.900,   4.857
202607071706,   3.697,   4.867,9999.000,9999.000,9999.000,9999.000,9999.000,9999.000,9999.000
202607071712,   3.748,   4.778,9999.000,9999.000,9999.000,9999.000,9999.000,9999.000,9999.000
202607071718,   3.794,   4.837,9999.000,9999.000,9999.000,9999.000,9999.000,9999.000,9999.000
202607071724,   3.837,   4.887,9999.000,9999.000,9999.000,9999.000,9999.000,9999.000,9999.000
202607071730,   3.875,   4.919,9999.000,9999.000,9999.000,9999.000,9999.000,9999.000,9999.000
202607071736,   3.908,   4.939,9999.000,9999.000,9999.000,9999.000,9999.000,9999.000,9999.000
202607071742,   3.938,   4.959,9999.000,9999.000,9999.000,9999.000,9999.000,9999.000,9999.000
202607071748,   3.963,   4.998,9999.000,9999.000,9999.000,9999.000,9999.000,9999.000,9999.000
202607071754,   3.984,   5.028,9999.000,9999.000,9999.000,9999.000,9999.000,9999.000,9999.000
202607071800,   4.000,   5.149,   0.900,   0.249,   5.149,   0.800,   5.049,   0.900,   5.149
202607071806,   4.012,   5.169,9999.000,9999.000,9999.000,9999.000,9999.000,9999.000,9999.000
202607071812,   4.021,   5.077,9999.000,9999.000,9999.000,9999.000,9999.000,9999.000,9999.000
202607071818,   4.024,   5.120,9999.000,9999.000,9999.000,9999.000,9999.000,9999.000,9999.000
202607071824,   4.024,   5.129,9999.000,9999.000,9999.000,9999.000,9999.000,9999.000,9999.000
202607071830,   4.020,   5.139,9999.000,9999.000,9999.000,9999.000,9999.000,9999.000,9999.000
202607071836,   4.012,   5.149,9999.000,9999.000,9999.000,9999.000,9999.000,9999.000,9999.000
202607071842,   4.000,   5.159,9999.000,9999.000,9999.000,9999.000,9999.000,9999.000,9999.000
202607071848,   3.984,   5.169,9999.000,9999.000,9999.000,9999.000,9999.000,9999.000,9999.000
202607071854,   3.964,   5.169,9999.000,9999.000,9999.000,9999.000,9999.000,9999.000,9999.000
202607071900,   3.940,   5.228,   0.900,   0.388,   5.228,   0.800,   5.128,   0.900,   5.228
202607071906,   3.913,   5.208,9999.000,9999.000,9999.000,9999.000,9999.000,9999.000,9999.000
202607071912,   3.883,   5.120,9999.000,9999.000,9999.000,9999.000,9999.000,9999.000,9999.000
202607071918,   3.849,   5.110,9999.000,9999.000,9999.000,9999.000,9999.000,9999.000,9999.000
202607071924,   3.811,   5.067,9999.000,9999.000,9999.000,9999.000,9999.000,9999.000,9999.000
202607071930,   3.771,   5.028,9999.000,9999.000,9999.000,9999.000,9999.000,9999.000,9999.000
202607071936,   3.727,   4.998,9999.000,9999.000,9999.000,9999.000,9999.000,9999.000,9999.000
202607071942,   3.681,   4.939,9999.000,9999.000,9999.000,9999.000,9999.000,9999.000,9999.000
202607071948,   3.632,   4.900,9999.000,9999.000,9999.000,9999.000,9999.000,9999.000,9999.000
202607071954,   3.580,   4.847,9999.000,9999.000,9999.000,9999.000,9999.000,9999.000,9999.000
202607072000,   3.525,   4.847,   0.900,   0.422,   4.847,   0.800,   4.747,   0.900,   4.847
202607072006,   3.468,   4.788,9999.000,9999.000,9999.000,9999.000,9999.000,9999.000,9999.000
202607072012,   3.409,   4.700,9999.000,9999.000,9999.000,9999.000,9999.000,9999.000,9999.000
202607072018,   3.347,   4.667,9999.000,9999.000,9999.000,9999.000,9999.000,9999.000,9999.000
202607072024,   3.284,   4.618,9999.000,9999.000,9999.000,9999.000,9999.000,9999.000,9999.000
202607072030,   3.218,   4.559,9999.000,9999.000,9999.000,9999.000,9999.000,9999.000,9999.000
202607072036,   3.151,   4.500,9999.000,9999.000,9999.000,9999.000,9999.000,9999.000,9999.000
202607072042,   3.082,   4.447,9999.000,9999.000,9999.000,9999.000,9999.000,9999.000,9999.000
202607072048,   3.012,   4.388,9999.000,9999.000,9999.000,9999.000,9999.000,9999.000,9999.000
202607072054,   2.941,   4.319,9999.000,9999.000,9999.000,9999.000,9999.000,9999.000,9999.000
202607072100,   2.868,   4.267,   0.900,   0.499,   4.267,   0.800,   4.167,   0.900,   4.267
202607072106,   2.795,   4.198,9999.000,9999.000,9999.000,9999.000,9999.000,9999.000,9999.000
202607072112,   2.720,   4.109,9999.000,9999.000,9999.000,9999.000,9999.000,9999.000,9999.000
202607072118,   2.646,   4.037,9999.000,9999.000,9999.000,9999.000,9999.000,9999.000,9999.000
202607072124,   2.570,   3.949,9999.000,9999.000,9999.000,9999.000,9999.000,9999.000,9999.000
202607072130,   2.495,   3.880,9999.000,9999.000,9999.000,9999.000,9999.000,9999.000,9999.000
202607072136,   2.419,   3.788,9999.000,9999.000,9999.000,9999.000,9999.000,9999.000,9999.000
202607072142,   2.343,   3.709,9999.000,9999.000,9999.000,9999.000,9999.000,9999.000,9999.000
202607072148,   2.268,   3.627,9999.000,9999.000,9999.000,9999.000,9999.000,9999.000,9999.000
202607072154,   2.193,   3.548,9999.000,9999.000,9999.000,9999.000,9999.000,9999.000,9999.000
202607072200,   2.118,   3.450,   0.900,   0.432,   3.450,   0.800,   3.350,   0.900,   3.450
202607072206,   2.044,   3.368,9999.000,9999.000,9999.000,9999.000,9999.000,9999.000,9999.000
202607072212,   1.971,   3.279,9999.000,9999.000,9999.000,9999.000,9999.000,9999.000,9999.000
202607072218,   1.899,   3.188,9999.000,9999.000,9999.000,9999.000,9999.000,9999.000,9999.000
202607072224,   1.828,   3.109,9999.000,9999.000,9999.000,9999.000,9999.000,9999.000,9999.000
202607072230,   1.758,   3.017,9999.000,9999.000,9999.000,9999.000,9999.000,9999.000,9999.000
202607072236,   1.690,   2.929,9999.000,9999.000,9999.000,9999.000,9999.000,9999.000,9999.000
202607072242,   1.623,   2.840,9999.000,9999.000,9999.000,9999.000,9999.000,9999.000,9999.000
202607072248,   1.559,   2.758,9999.000,9999.000,9999.000,9999.000,9999.000,9999.000,9999.000
202607072254,   1.496,   2.679,9999.000,9999.000,9999.000,9999.000,9999.000,9999.000,9999.000
202607072300,   1.435,   2.620,   0.900,   0.285,   2.620,   0.800,   2.520,   0.900,   2.620
202607072306,   1.376,   2.538,9999.000,9999.000,9999.000,9999.000,9999.000,9999.000,9999.000
202607072312,   1.319,   2.450,9999.000,9999.000,9999.000,9999.000,9999.000,9999.000,9999.000
202607072318,   1.265,   2.377,9999.000,9999.000,9999.000,9999.000,9999.000,9999.000,9999.000
202607072324,   1.213,   2.309,9999.000,9999.000,9999.000,9999.000,9999.000,9999.000,9999.000
202607072330,   1.164,   2.250,9999.000,9999.000,9999.000,9999.000,9999.000,9999.000,9999.000
202607072336,   1.118,   2.177,9999.000,9999.000,9999.000,9999.000,9999.000,9999.000,9999.000
202607072342,   1.074,   2.099,9999.000,9999.000,9999.000,9999.000,9999.000,9999.000,9999.000
202607072348,   1.033,   2.049,9999.000,9999.000,9999.000,9999.000,9999.000,9999.000,9999.000
202607072354,   0.996,   2.030,9999.000,9999.000,9999.000,9999.000,9999.000,9999.000,9999.000
202607080000,   0.961,   1.981,   0.800,   0.220,   1.981,   0.800,   1.981,   0.900,   2.081
202607080006,   0.930,   1.938,9999.000,9999.000,9999.000,9999.000,9999.000,9999.000,9999.000
202607080012,   0.902,   1.849,9999.000,9999.000,9999.000,9999.000,9999.000,9999.000,9999.000
202607080018,   0.878,   1.810,9999.000,9999.000,9999.000,9999.000,9999.000,9999.000,9999.000
202607080024,   0.857,   1.790,9999.000,9999.000,9999.000,9999.000,9999.000,9999.000,9999.000
202607080030,   0.840,   1.758,9999.000,9999.000,9999.000,9999.000,9999.000,9999.000,9999.000
202607080036,   0.826,   1.708,9999.000,9999.000,9999.000,9999.000,9999.000,9999.000,9999.000
202607080042,   0.816,   1.689,9999.000,9999.000,9999.000,9999.000,9999.000,9999.000,9999.000
202607080048,   0.810,   1.679,9999.000,9999.000,9999.000,9999.000,9999.000,9999.000,9999.000
202607080054,   0.807,   1.659,9999.000,9999.000,9999.000,9999.000,9999.000,9999.000,9999.000
202607080100,   0.809,   1.758,   0.800,   0.149,   1.758,   0.800,   1.758,   0.900,   1.858
202607080106,   0.814,   1.748,9999.000,9999.000,9999.000,9999.000,9999.000,9999.000,9999.000
202607080112,   0.823,   1.659,9999.000,9999.000,9999.000,9999.000,9999.000,9999.000,9999.000
202607080118,   0.837,   1.699,9999.000,9999.000,9999.000,9999.000,9999.000,9999.000,9999.000
202607080124,   0.854,   1.728,9999.000,9999.000,9999.000,9999.000,9999.000,9999.000,9999.000
202607080130,   0.876,   1.748,9999.000,9999.000,9999.000,9999.000,9999.000,9999.000,9999.000
202607080136,   0.901,   1.790,9999.000,9999.000,9999.000,9999.000,9999.000,9999.000,9999.000
202607080142,   0.931,   1.840,9999.000,9999.000,9999.000,9999.000,9999.000,9999.000,9999.000
202607080148,   0.964,   1.908,9999.000,9999.000,9999.000,9999.000,9999.000,9999.000,9999.000
202607080154,   1.002,   1.981,9999.000,9999.000,9999.000,9999.000,9999.000,9999.000,9999.000
202607080200,   1.044,   2.200,   0.800,   0.356,   2.200,   0.800,   2.200,   0.900,   2.300
202607080206,   1.089,   2.269,9999.000,9999.000,9999.000,9999.000,9999.000,9999.000,9999.000
202607080212,   1.139,   2.177,9999.000,9999.000,9999.000,9999.000,9999.000,9999.000,9999.000
202607080218,   1.192,   2.230,9999.000,9999.000,9999.000,9999.000,9999.000,9999.000,9999.000
202607080224,   1.248,   2.299,9999.000,9999.000,9999.000,9999.000,9999.000,9999.000,9999.000
202607080230,   1.309,   2.387,9999.000,9999.000,9999.000,9999.000,9999.000,9999.000,9999.000
202607080236,   1.372,   2.450,9999.000,9999.000,9999.000,9999.000,9999.000,9999.000,9999.000
202607080242,   1.439,   2.548,9999.000,9999.000,9999.000,9999.000,9999.000,9999.000,9999.000
202607080248,   1.509,   2.630,9999.000,9999.000,9999.000,9999.000,9999.000,9999.000,9999.000
202607080254,   1.581,   2.679,9999.000,9999.000,9999.000,9999.000,9999.000,9999.000,9999.000
202607080300,   1.656,   2.929,   0.800,   0.473,   2.929,   0.800,   2.929,   0.900,   3.029
202607080306,   1.734,   2.997,9999.000,9999.000,9999.000,9999.000,9999.000,9999.000,9999.000
202607080312,   1.813,   2.909,9999.000,9999.000,9999.000,9999.000,9999.000,9999.000,9999.000
202607080318,   1.894,   2.988,9999.000,9999.000,9999.000,9999.000,9999.000,9999.000,9999.000
202607080324,   1.977,   3.070,9999.000,9999.000,9999.000,9999.000,9999.000,9999.000,9999.000
202607080330,   2.060,   3.158,9999.000,9999.000,9999.000,9999.000,9999.000,9999.000,9999.000
202607080336,   2.145,   3.240,9999.000,9999.000,9999.000,9999.000,9999.000,9999.000,9999.000
202607080342,   2.230,   3.309,9999.000,9999.000,9999.000,9999.000,9999.000,9999.000,9999.000
202607080348,   2.315,   3.388,9999.000,9999.000,9999.000,9999.000,9999.000,9999.000,9999.000
202607080354,   2.399,   3.617,9999.000,9999.000,9999.000,9999.000,9999.000,9999.000,9999.000
202607080400,   2.484,   3.699,   0.800,   0.415,   3.699,   0.800,   3.699,   0.900,   3.799
202607080406,   2.567,   3.768,9999.000,9999.000,9999.000,9999.000,9999.000,9999.000,9999.000
202607080412,   2.649,   3.680,9999.000,9999.000,9999.000,9999.000,9999.000,9999.000,9999.000
202607080418,   2.729,   3.739,9999.000,9999.000,9999.000,9999.000,9999.000,9999.000,9999.000
202607080424,   2.808,   3.808,9999.000,9999.000,9999.000,9999.000,9999.000,9999.000,9999.000
202607080430,   2.885,   3.890,9999.000,9999.000,9999.000,9999.000,9999.000,9999.000,9999.000
202607080436,   2.959,   3.929,9999.000,9999.000,9999.000,9999.000,9999.000,9999.000,9999.000
202607080442,   3.030,   3.988,9999.000,9999.000,9999.000,9999.000,9999.000,9999.000,9999.000
202607080448,   3.099,   4.057,9999.000,9999.000,9999.000,9999.000,9999.000,9999.000,9999.000
202607080454,   3.164,   4.267,9999.000,9999.000,9999.000,9999.000,9999.000,9999.000,9999.000
202607080500,   3.226,   4.329,   0.800,   0.303,   4.329,   0.800,   4.329,   0.900,   4.429
202607080506,   3.285,   4.388,9999.000,9999.000,9999.000,9999.000,9999.000,9999.000,9999.000
202607080512,   3.340,   4.300,9999.000,9999.000,9999.000,9999.000,9999.000,9999.000,9999.000
202607080518,   3.391,   4.339,9999.000,9999.000,9999.000,9999.000,9999.000,9999.000,9999.000
202607080524,   3.438,   4.388,9999.000,9999.000,9999.000,9999.000,9999.000,9999.000,9999.000
202607080530,   3.482,   4.427,9999.000,9999.000,9999.000,9999.000,9999.000,9999.000,9999.000
202607080536,   3.522,   4.457,9999.000,9999.000,9999.000,9999.000,9999.000,9999.000,9999.000
202607080542,   3.557,   4.509,9999.000,9999.000,9999.000,9999.000,9999.000,9999.000,9999.000
202607080548,   3.589,   4.559,9999.000,9999.000,9999.000,9999.000,9999.000,9999.000,9999.000
202607080554,   3.616,   4.598,9999.000,9999.000,9999.000,9999.000,9999.000,9999.000,9999.000
202607080600,   3.639,   4.719,   0.800,   0.280,   4.719,   0.800,   4.719,   0.800,   4.719
202607080606,   3.659,   4.729,9999.000,9999.000,9999.000,9999.000,9999.000,9999.000,9999.000
202607080612,   3.674,   4.637,9999.000,9999.000,9999.000,9999.000,9999.000,9999.000,9999.000
202607080618,   3.685,   4.667,9999.000,9999.000,9999.000,9999.000,9999.000,9999.000,9999.000
202607080624,   3.692,   4.677,9999.000,9999.000,9999.000,9999.000,9999.000,9999.000,9999.000
202607080630,   3.696,   4.690,9999.000,9999.000,9999.000,9999.000,9999.000,9999.000,9999.000
202607080636,   3.695,   4.710,9999.000,9999.000,9999.000,9999.000,9999.000,9999.000,9999.000
202607080642,   3.691,   4.710,9999.000,9999.000,9999.000,9999.000,9999.000,9999.000,9999.000
202607080648,   3.683,   4.700,9999.000,9999.000,9999.000,9999.000,9999.000,9999.000,9999.000
202607080654,   3.671,   4.690,9999.000,9999.000,9999.000,9999.000,9999.000,9999.000,9999.000
202607080700,   3.656,   4.739,   0.800,   0.283,   4.739,   0.800,   4.739,   0.800,   4.739
202607080706,   3.637,   4.729,9999.000,9999.000,9999.000,9999.000,9999.000,9999.000,9999.000
202607080712,   3.614,   4.637,9999.000,9999.000,9999.000,9999.000,9999.000,9999.000,9999.000
202607080718,   3.588,   4.608,9999.000,9999.000,9999.000,9999.000,9999.000,9999.000,9999.000
202607080724,   3.559,   4.559,9999.000,9999.000,9999.000,9999.000,9999.000,9999.000,9999.000
202607080730,   3.527,   4.519,9999.000,9999.000,9999.000,9999.000,9999.000,9999.000,9999.000
202607080736,   3.491,   4.480,9999.000,9999.000,9999.000,9999.000,9999.000,9999.000,9999.000
202607080742,   3.452,   4.447,9999.000,9999.000,9999.000,9999.000,9999.000,9999.000,9999.000
202607080748,   3.410,   4.398,9999.000,9999.000,9999.000,9999.000,9999.000,9999.000,9999.000
202607080754,   3.365,   4.339,9999.000,9999.000,9999.000,9999.000,9999.000,9999.000,9999.000
202607080800,   3.317,   4.329,   0.800,   0.212,   4.329,   0.800,   4.329,   0.800,   4.329
202607080806,   3.266,   4.257,9999.000,9999.000,9999.000,9999.000,9999.000,9999.000,9999.000
202607080812,   3.213,   4.168,9999.000,9999.000,9999.000,9999.000,9999.000,9999.000,9999.000
202607080818,   3.157,   4.109,9999.000,9999.000,9999.000,9999.000,9999.000,9999.000,9999.000
202607080824,   3.099,   4.047,9999.000,9999.000,9999.000,9999.000,9999.000,9999.000,9999.000
202607080830,   3.038,   3.988,9999.000,9999.000,9999.000,9999.000,9999.000,9999.000,9999.000
202607080836,   2.974,   3.929,9999.000,9999.000,9999.000,9999.000,9999.000,9999.000,9999.000
202607080842,   2.909,   3.847,9999.000,9999.000,9999.000,9999.000,9999.000,9999.000,9999.000
202607080848,   2.842,   3.768,9999.000,9999.000,9999.000,9999.000,9999.000,9999.000,9999.000
202607080854,   2.772,   3.689,9999.000,9999.000,9999.000,9999.000,9999.000,9999.000,9999.000
202607080900,   2.701,   3.670,   0.800,   0.169,   3.670,   0.800,   3.670,   0.800,   3.670
202607080906,   2.629,   3.588,9999.000,9999.000,9999.000,9999.000,9999.000,9999.000,9999.000
202607080912,   2.554,   3.499,9999.000,9999.000,9999.000,9999.000,9999.000,9999.000,9999.000
202607080918,   2.479,   3.417,9999.000,9999.000,9999.000,9999.000,9999.000,9999.000,9999.000
202607080924,   2.402,   3.348,9999.000,9999.000,9999.000,9999.000,9999.000,9999.000,9999.000
202607080930,   2.324,   3.279,9999.000,9999.000,9999.000,9999.000,9999.000,9999.000,9999.000
202607080936,   2.246,   3.188,9999.000,9999.000,9999.000,9999.000,9999.000,9999.000,9999.000
202607080942,   2.167,   3.099,9999.000,9999.000,9999.000,9999.000,9999.000,9999.000,9999.000
202607080948,   2.087,   3.017,9999.000,9999.000,9999.000,9999.000,9999.000,9999.000,9999.000
202607080954,   2.007,   2.938,9999.000,9999.000,9999.000,9999.000,9999.000,9999.000,9999.000
202607081000,   1.927,   2.850,   0.800,   0.123,   2.850,   0.800,   2.850,   0.800,   2.850
202607081006,   1.847,   2.768,9999.000,9999.000,9999.000,9999.000,9999.000,9999.000,9999.000
202607081012,   1.767,   2.679,9999.000,9999.000,9999.000,9999.000,9999.000,9999.000,9999.000
202607081018,   1.688,   2.578,9999.000,9999.000,9999.000,9999.000,9999.000,9999.000,9999.000
202607081024,   1.609,   2.509,9999.000,9999.000,9999.000,9999.000,9999.000,9999.000,9999.000
202607081030,   1.531,   2.430,9999.000,9999.000,9999.000,9999.000,9999.000,9999.000,9999.000
202607081036,   1.454,   2.328,9999.000,9999.000,9999.000,9999.000,9999.000,9999.000,9999.000
202607081042,   1.378,   2.250,9999.000,9999.000,9999.000,9999.000,9999.000,9999.000,9999.000
202607081048,   1.303,   2.177,9999.000,9999.000,9999.000,9999.000,9999.000,9999.000,9999.000
202607081054,   1.230,   2.099,9999.000,9999.000,9999.000,9999.000,9999.000,9999.000,9999.000
202607081100,   1.159,   2.040,   0.800,   0.081,   2.040,   0.800,   2.040,   0.800,   2.040
202607081106,   1.089,   1.967,9999.000,9999.000,9999.000,9999.000,9999.000,9999.000,9999.000
202607081112,   1.022,   1.879,9999.000,9999.000,9999.000,9999.000,9999.000,9999.000,9999.000
202607081118,   0.957,   1.820,9999.000,9999.000,9999.000,9999.000,9999.000,9999.000,9999.000
202607081124,   0.894,   1.758,9999.000,9999.000,9999.000,9999.000,9999.000,9999.000,9999.000
202607081130,   0.834,   1.689,9999.000,9999.000,9999.000,9999.000,9999.000,9999.000,9999.000
202607081136,   0.776,   1.620,9999.000,9999.000,9999.000,9999.000,9999.000,9999.000,9999.000
202607081142,   0.721,   1.580,9999.000,9999.000,9999.000,9999.000,9999.000,9999.000,9999.000
202607081148,   0.669,   1.518,9999.000,9999.000,9999.000,9999.000,9999.000,9999.000,9999.000
202607081154,   0.621,   1.528,9999.000,9999.000,9999.000,9999.000,9999.000,9999.000,9999.000
202607081200,   0.575,   1.469,   0.800,   0.094,   1.469,   0.800,   1.469,   0.800,   1.469
202607081206,   0.533,   1.430,9999.000,9999.000,9999.000,9999.000,9999.000,9999.000,9999.000
202607081212,   0.494,   1.338,9999.000,9999.000,9999.000,9999.000,9999.000,9999.000,9999.000
202607081218,   0.459,   1.308,9999.000,9999.000,9999.000,9999.000,9999.000,9999.000,9999.000
202607081224,   0.428,   1.269,9999.000,9999.000,9999.000,9999.000,9999.000,9999.000,9999.000
202607081230,   0.400,   1.229,9999.000,9999.000,9999.000,9999.000,9999.000,9999.000,9999.000
202607081236,   0.377,   1.190,9999.000,9999.000,9999.000,9999.000,9999.000,9999.000,9999.000
202607081242,   0.357,   1.161,9999.000,9999.000,9999.000,9999.000,9999.000,9999.000,9999.000
202607081248,   0.341,   1.161,9999.000,9999.000,9999.000,9999.000,9999.000,9999.000,9999.000
202607081254,   0.330,   1.151,9999.000,9999.000,9999.000,9999.000,9999.000,9999.000,9999.000
202607081300,   0.323,   1.229,   0.800,   0.106,   1.229,   0.800,   1.229,   0.800,   1.229
202607081306,   0.320,   1.239,9999.000,9999.000,9999.000,9999.000,9999.000,9999.000,9999.000
202607081312,   0.321,   1.151,9999.000,9999.000,9999.000,9999.000,9999.000,9999.000,9999.000
202607081318,   0.327,   1.170,9999.000,9999.000,9999.000,9999.000,9999.000,9999.000,9999.000
202607081324,   0.338,   1.210,9999.000,9999.000,9999.000,9999.000,9999.000,9999.000,9999.000
202607081330,   0.352,   1.229,9999.000,9999.000,9999.000,9999.000,9999.000,9999.000,9999.000
202607081336,   0.372,   1.269,9999.000,9999.000,9999.000,9999.000,9999.000,9999.000,9999.000
202607081342,   0.396,   1.328,9999.000,9999.000,9999.000,9999.000,9999.000,9999.000,9999.000
202607081348,   0.425,   1.371,9999.000,9999.000,9999.000,9999.000,9999.000,9999.000,9999.000
202607081354,   0.458,   1.420,9999.000,9999.000,9999.000,9999.000,9999.000,9999.000,9999.000
202607081400,   0.496,   1.610,   0.800,   0.314,   1.610,   0.800,   1.610,   0.800,   1.610
202607081406,   0.538,   1.659,9999.000,9999.000,9999.000,9999.000,9999.000,9999.000,9999.000
202607081412,   0.586,   1.571,9999.000,9999.000,9999.000,9999.000,9999.000,9999.000,9999.000
202607081418,   0.637,   1.639,9999.000,9999.000,9999.000,9999.000,9999.000,9999.000,9999.000
202607081424,   0.694,   1.718,9999.000,9999.000,9999.000,9999.000,9999.000,9999.000,9999.000
202607081430,   0.754,   1.800,9999.000,9999.000,9999.000,9999.000,9999.000,9999.000,9999.000
202607081436,   0.819,   1.899,9999.000,9999.000,9999.000,9999.000,9999.000,9999.000,9999.000
202607081442,   0.889,   1.967,9999.000,9999.000,9999.000,9999.000,9999.000,9999.000,9999.000
202607081448,   0.962,   2.049,9999.000,9999.000,9999.000,9999.000,9999.000,9999.000,9999.000
202607081454,   1.039,   2.118,9999.000,9999.000,9999.000,9999.000,9999.000,9999.000,9999.000
202607081500,   1.121,   2.377,   0.800,   0.456,   2.377,   0.800,   2.377,   0.800,   2.377
202607081506,   1.206,   2.479,9999.000,9999.000,9999.000,9999.000,9999.000,9999.000,9999.000
202607081512,   1.294,   2.387,9999.000,9999.000,9999.000,9999.000,9999.000,9999.000,9999.000
202607081518,   1.386,   2.479,9999.000,9999.000,9999.000,9999.000,9999.000,9999.000,9999.000
202607081524,   1.481,   2.568,9999.000,9999.000,9999.000,9999.000,9999.000,9999.000,9999.000
202607081530,   1.578,   2.650,9999.000,9999.000,9999.000,9999.000,9999.000,9999.000,9999.000
202607081536,   1.678,   2.728,9999.000,9999.000,9999.000,9999.000,9999.000,9999.000,9999.000
202607081542,   1.780,   2.830,9999.000,9999.000,9999.000,9999.000,9999.000,9999.000,9999.000
202607081548,   1.884,   2.938,9999.000,9999.000,9999.000,9999.000,9999.000,9999.000,9999.000
202607081554,   1.989,   3.040,9999.000,9999.000,9999.000,9999.000,9999.000,9999.000,9999.000
202607081600,   2.095,   3.309,   0.800,   0.414,   3.309,   0.800,   3.309,   0.800,   3.309
202607081606,   2.202,   3.217,9999.000,9999.000,9999.000,9999.000,9999.000,9999.000,9999.000
202607081612,   2.310,   3.339,9999.000,9999.000,9999.000,9999.000,9999.000,9999.000,9999.000
202607081618,   2.417,   3.398,9999.000,9999.000,9999.000,9999.000,9999.000,9999.000,9999.000
202607081624,   2.523,   3.480,9999.000,9999.000,9999.000,9999.000,9999.000,9999.000,9999.000
202607081630,   2.629,   3.588,9999.000,9999.000,9999.000,9999.000,9999.000,9999.000,9999.000
202607081636,   2.734,   3.670,9999.000,9999.000,9999.000,9999.000,9999.000,9999.000,9999.000
202607081642,   2.837,   3.768,9999.000,9999.000,9999.000,9999.000,9999.000,9999.000,9999.000
202607081648,   2.938,   3.870,9999.000,9999.000,9999.000,9999.000,9999.000,9999.000,9999.000
202607081654,   3.036,   3.939,9999.000,9999.000,9999.000,9999.000,9999.000,9999.000,9999.000
202607081700,   3.132,   4.168,   0.800,   0.236,   4.168,   0.800,   4.168,   0.800,   4.168
202607081706,   3.225,   4.237,9999.000,9999.000,9999.000,9999.000,9999.000,9999.000,9999.000
202607081712,   3.315,   4.149,9999.000,9999.000,9999.000,9999.000,9999.000,9999.000,9999.000
202607081718,   3.402,   4.227,9999.000,9999.000,9999.000,9999.000,9999.000,9999.000,9999.000
202607081724,   3.485,   4.300,9999.000,9999.000,9999.000,9999.000,9999.000,9999.000,9999.000
202607081730,   3.564,   4.368,9999.000,9999.000,9999.000,9999.000,9999.000,9999.000,9999.000
202607081736,   3.639,   4.437,9999.000,9999.000,9999.000,9999.000,9999.000,9999.000,9999.000
202607081742,   3.710,   4.500,9999.000,9999.000,9999.000,9999.000,9999.000,9999.000,9999.000
202607081748,   3.776,   4.539,9999.000,9999.000,9999.000,9999.000,9999.000,9999.000,9999.000
202607081754,   3.839,   4.608,9999.000,9999.000,9999.000,9999.000,9999.000,9999.000,9999.000
202607081800,   3.896,   4.798,   0.800,   0.102,   4.798,   0.800,   4.798,   0.800,   4.798
202607081806,   3.950,   4.847,9999.000,9999.000,9999.000,9999.000,9999.000,9999.000,9999.000
202607081812,   3.999,   4.759,9999.000,9999.000,9999.000,9999.000,9999.000,9999.000,9999.000
202607081818,   4.043,   4.818,9999.000,9999.000,9999.000,9999.000,9999.000,9999.000,9999.000
202607081824,   4.083,   4.847,9999.000,9999.000,9999.000,9999.000,9999.000,9999.000,9999.000
202607081830,   4.119,   4.877,9999.000,9999.000,9999.000,9999.000,9999.000,9999.000,9999.000
202607081836,   4.150,   4.910,9999.000,9999.000,9999.000,9999.000,9999.000,9999.000,9999.000
202607081842,   4.176,   4.939,9999.000,9999.000,9999.000,9999.000,9999.000,9999.000,9999.000
202607081848,   4.199,   4.969,9999.000,9999.000,9999.000,9999.000,9999.000,9999.000,9999.000
202607081854,   4.217,   4.988,9999.000,9999.000,9999.000,9999.000,9999.000,9999.000,9999.000
202607081900,   4.230,   5.129,   0.800,   0.099,   5.129,   0.800,   5.129,   0.900,   5.229
202607081906,   4.240,   5.129,9999.000,9999.000,9999.000,9999.000,9999.000,9999.000,9999.000
202607081912,   4.245,   5.038,9999.000,9999.000,9999.000,9999.000,9999.000,9999.000,9999.000
202607081918,   4.247,   5.047,9999.000,9999.000,9999.000,9999.000,9999.000,9999.000,9999.000
202607081924,   4.244,   5.047,9999.000,9999.000,9999.000,9999.000,9999.000,9999.000,9999.000
202607081930,   4.237,   5.038,9999.000,9999.000,9999.000,9999.000,9999.000,9999.000,9999.000
202607081936,   4.227,   5.028,9999.000,9999.000,9999.000,9999.000,9999.000,9999.000,9999.000
202607081942,   4.213,   5.028,9999.000,9999.000,9999.000,9999.000,9999.000,9999.000,9999.000
202607081948,   4.195,   5.038,9999.000,9999.000,9999.000,9999.000,9999.000,9999.000,9999.000
202607081954,   4.173,   5.018,9999.000,9999.000,9999.000,9999.000,9999.000,9999.000,9999.000
202607082000,   4.148,   5.057,   0.800,   0.109,   5.057,   0.800,   5.057,   0.900,   5.157
202607082006,   4.119,   5.028,9999.000,9999.000,9999.000,9999.000,9999.000,9999.000,9999.000
202607082012,   4.087,   4.939,9999.000,9999.000,9999.000,9999.000,9999.000,9999.000,9999.000
202607082018,   4.051,   4.919,9999.000,9999.000,9999.000,9999.000,9999.000,9999.000,9999.000
202607082024,   4.012,   4.877,9999.000,9999.000,9999.000,9999.000,9999.000,9999.000,9999.000
202607082030,   3.970,   4.847,9999.000,9999.000,9999.000,9999.000,9999.000,9999.000,9999.000
202607082036,   3.924,   4.818,9999.000,9999.000,9999.000,9999.000,9999.000,9999.000,9999.000
202607082042,   3.876,   4.778,9999.000,9999.000,9999.000,9999.000,9999.000,9999.000,9999.000
202607082048,   3.824,   4.710,9999.000,9999.000,9999.000,9999.000,9999.000,9999.000,9999.000
202607082054,   3.770,   4.667,9999.000,9999.000,9999.000,9999.000,9999.000,9999.000,9999.000
202607082100,   3.712,   4.710,   0.800,   0.198,   4.710,   0.800,   4.710,   0.900,   4.810
202607082106,   3.653,   4.628,9999.000,9999.000,9999.000,9999.000,9999.000,9999.000,9999.000
202607082112,   3.590,   4.549,9999.000,9999.000,9999.000,9999.000,9999.000,9999.000,9999.000
202607082118,   3.525,   4.467,9999.000,9999.000,9999.000,9999.000,9999.000,9999.000,9999.000
202607082124,   3.458,   4.388,9999.000,9999.000,9999.000,9999.000,9999.000,9999.000,9999.000
202607082130,   3.389,   4.349,9999.000,9999.000,9999.000,9999.000,9999.000,9999.000,9999.000
202607082136,   3.318,   4.280,9999.000,9999.000,9999.000,9999.000,9999.000,9999.000,9999.000
202607082142,   3.244,   4.208,9999.000,9999.000,9999.000,9999.000,9999.000,9999.000,9999.000
202607082148,   3.170,   4.139,9999.000,9999.000,9999.000,9999.000,9999.000,9999.000,9999.000
202607082154,   3.093,   4.057,9999.000,9999.000,9999.000,9999.000,9999.000,9999.000,9999.000
202607082200,   3.016,   4.008,   0.800,   0.192,   4.008,   0.800,   4.008,   0.900,   4.108
202607082206,   2.937,   3.919,9999.000,9999.000,9999.000,9999.000,9999.000,9999.000,9999.000
202607082212,   2.857,   3.827,9999.000,9999.000,9999.000,9999.000,9999.000,9999.000,9999.000
202607082218,   2.777,   3.758,9999.000,9999.000,9999.000,9999.000,9999.000,9999.000,9999.000
202607082224,   2.695,   3.680,9999.000,9999.000,9999.000,9999.000,9999.000,9999.000,9999.000
202607082230,   2.614,   3.598,9999.000,9999.000,9999.000,9999.000,9999.000,9999.000,9999.000
202607082236,   2.532,   3.519,9999.000,9999.000,9999.000,9999.000,9999.000,9999.000,9999.000
202607082242,   2.450,   3.450,9999.000,9999.000,9999.000,9999.000,9999.000,9999.000,9999.000
202607082248,   2.369,   3.348,9999.000,9999.000,9999.000,9999.000,9999.000,9999.000,9999.000
202607082254,   2.287,   3.250,9999.000,9999.000,9999.000,9999.000,9999.000,9999.000,9999.000
202607082300,   2.207,   3.168,   0.800,   0.161,   3.168,   0.800,   3.168,   0.900,   3.268
202607082306,   2.127,   3.079,9999.000,9999.000,9999.000,9999.000,9999.000,9999.000,9999.000
202607082312,   2.048,   2.988,9999.000,9999.000,9999.000,9999.000,9999.000,9999.000,9999.000
202607082318,   1.969,   2.889,9999.000,9999.000,9999.000,9999.000,9999.000,9999.000,9999.000
202607082324,   1.893,   2.797,9999.000,9999.000,9999.000,9999.000,9999.000,9999.000,9999.000
202607082330,   1.817,   2.699,9999.000,9999.000,9999.000,9999.000,9999.000,9999.000,9999.000
202607082336,   1.744,   2.620,9999.000,9999.000,9999.000,9999.000,9999.000,9999.000,9999.000
202607082342,   1.672,   2.538,9999.000,9999.000,9999.000,9999.000,9999.000,9999.000,9999.000
202607082348,   1.601,   2.459,9999.000,9999.000,9999.000,9999.000,9999.000,9999.000,9999.000
202607082354,   1.533,   2.377,9999.000,9999.000,9999.000,9999.000,9999.000,9999.000,9999.000
202607090000,   1.467,   2.318,   0.800,   0.051,   2.318,   0.800,   2.318,   0.800,   2.318
202607090006,   1.404,   2.250,9999.000,9999.000,9999.000,9999.000,9999.000,9999.000,9999.000
202607090012,   1.342,   2.158,9999.000,9999.000,9999.000,9999.000,9999.000,9999.000,9999.000
202607090018,   1.284,   2.069,9999.000,9999.000,9999.000,9999.000,9999.000,9999.000,9999.000
202607090024,   1.228,   2.000,9999.000,9999.000,9999.000,9999.000,9999.000,9999.000,9999.000
202607090030,   1.174,   1.928,9999.000,9999.000,9999.000,9999.000,9999.000,9999.000,9999.000
202607090036,   1.124,   1.859,9999.000,9999.000,9999.000,9999.000,9999.000,9999.000,9999.000
202607090042,   1.076,   1.800,9999.000,9999.000,9999.000,9999.000,9999.000,9999.000,9999.000
202607090048,   1.031,   1.748,9999.000,9999.000,9999.000,9999.000,9999.000,9999.000,9999.000
202607090054,   0.990,   1.689,9999.000,9999.000,9999.000,9999.000,9999.000,9999.000,9999.000
202607090100,   0.951,   1.649,   0.800,  -0.102,   1.649,   0.800,   1.649,   0.800,   1.649
202607090106,   0.916,   1.610,9999.000,9999.000,9999.000,9999.000,9999.000,9999.000,9999.000
202607090112,   0.884,   1.518,9999.000,9999.000,9999.000,9999.000,9999.000,9999.000,9999.000
202607090118,   0.855,   1.479,9999.000,9999.000,9999.000,9999.000,9999.000,9999.000,9999.000
202607090124,   0.830,   1.439,9999.000,9999.000,9999.000,9999.000,9999.000,9999.000,9999.000
202607090130,   0.808,   1.390,9999.000,9999.000,9999.000,9999.000,9999.000,9999.000,9999.000
202607090136,   0.790,   1.380,9999.000,9999.000,9999.000,9999.000,9999.000,9999.000,9999.000
202607090142,   0.776,   1.348,9999.000,9999.000,9999.000,9999.000,9999.000,9999.000,9999.000
202607090148,   0.764,   1.328,9999.000,9999.000,9999.000,9999.000,9999.000,9999.000,9999.000
202607090154,   0.757,   1.338,9999.000,9999.000,9999.000,9999.000,9999.000,9999.000,9999.000
202607090200,   0.754,   1.439,   0.800,  -0.115,   1.439,   0.800,   1.439,   0.800,   1.439
202607090206,   0.754,   1.449,9999.000,9999.000,9999.000,9999.000,9999.000,9999.000,9999.000
202607090212,   0.758,   1.361,9999.000,9999.000,9999.000,9999.000,9999.000,9999.000,9999.000
202607090218,   0.766,   1.361,9999.000,9999.000,9999.000,9999.000,9999.000,9999.000,9999.000
202607090224,   0.778,   1.371,9999.000,9999.000,9999.000,9999.000,9999.000,9999.000,9999.000
202607090230,   0.793,   1.459,9999.000,9999.000,9999.000,9999.000,9999.000,9999.000,9999.000
202607090236,   0.813,   1.528,9999.000,9999.000,9999.000,9999.000,9999.000,9999.000,9999.000
202607090242,   0.837,   1.548,9999.000,9999.000,9999.000,9999.000,9999.000,9999.000,9999.000
202607090248,   0.865,   1.620,9999.000,9999.000,9999.000,9999.000,9999.000,9999.000,9999.000
202607090254,   0.897,   1.830,9999.000,9999.000,9999.000,9999.000,9999.000,9999.000,9999.000
202607090300,   0.934,   1.899,   0.800,   0.165,   1.899,   0.800,   1.899,   0.800,   1.899
202607090306,   0.974,   1.981,9999.000,9999.000,9999.000,9999.000,9999.000,9999.000,9999.000
202607090312,   1.018,   1.889,9999.000,9999.000,9999.000,9999.000,9999.000,9999.000,9999.000
202607090318,   1.067,   1.958,9999.000,9999.000,9999.000,9999.000,9999.000,9999.000,9999.000
202607090324,   1.119,   2.030,9999.000,9999.000,9999.000,9999.000,9999.000,9999.000,9999.000
202607090330,   1.175,   2.089,9999.000,9999.000,9999.000,9999.000,9999.000,9999.000,9999.000
202607090336,   1.235,   2.168,9999.000,9999.000,9999.000,9999.000,9999.000,9999.000,9999.000
202607090342,   1.298,   2.250,9999.000,9999.000,9999.000,9999.000,9999.000,9999.000,9999.000
202607090348,   1.365,   2.328,9999.000,9999.000,9999.000,9999.000,9999.000,9999.000,9999.000
202607090354,   1.434,   2.400,9999.000,9999.000,9999.000,9999.000,9999.000,9999.000,9999.000
202607090400,   1.507,   2.640,   0.800,   0.333,   2.640,   0.800,   2.640,   0.800,   2.640
202607090406,   1.582,   2.728,9999.000,9999.000,9999.000,9999.000,9999.000,9999.000,9999.000
202607090412,   1.660,   2.640,9999.000,9999.000,9999.000,9999.000,9999.000,9999.000,9999.000
202607090418,   1.739,   2.719,9999.000,9999.000,9999.000,9999.000,9999.000,9999.000,9999.000
202607090424,   1.821,   2.758,9999.000,9999.000,9999.000,9999.000,9999.000,9999.000,9999.000
202607090430,   1.903,   2.840,9999.000,9999.000,9999.000,9999.000,9999.000,9999.000,9999.000
202607090436,   1.987,   2.929,9999.000,9999.000,9999.000,9999.000,9999.000,9999.000,9999.000
202607090442,   2.071,   2.997,9999.000,9999.000,9999.000,9999.000,9999.000,9999.000,9999.000
202607090448,   2.156,   3.079,9999.000,9999.000,9999.000,9999.000,9999.000,9999.000,9999.000
202607090454,   2.240,   3.309,9999.000,9999.000,9999.000,9999.000,9999.000,9999.000,9999.000
202607090500,   2.323,   3.407,   0.800,   0.284,   3.407,   0.800,   3.407,   0.800,   3.407
202607090506,   2.406,   3.480,9999.000,9999.000,9999.000,9999.000,9999.000,9999.000,9999.000
202607090512,   2.488,   3.548,9999.000,9999.000,9999.000,9999.000,9999.000,9999.000,9999.000
202607090518,   2.568,   3.617,9999.000,9999.000,9999.000,9999.000,9999.000,9999.000,9999.000
202607090524,   2.645,   3.689,9999.000,9999.000,9999.000,9999.000,9999.000,9999.000,9999.000
202607090530,   2.721,   3.749,9999.000,9999.000,9999.000,9999.000,9999.000,9999.000,9999.000
202607090536,   2.794,   3.817,9999.000,9999.000,9999.000,9999.000,9999.000,9999.000,9999.000
202607090542,   2.865,   3.880,9999.000,9999.000,9999.000,9999.000,9999.000,9999.000,9999.000
202607090548,   2.932,   3.929,9999.000,9999.000,9999.000,9999.000,9999.000,9999.000,9999.000
202607090554,   2.996,   3.978,9999.000,9999.000,9999.000,9999.000,9999.000,9999.000,9999.000
202607090600,   3.057,   4.027,   0.800,   0.170,   4.027,   0.700,   3.927,   0.800,   4.027
202607090606,   3.114,   4.090,9999.000,9999.000,9999.000,9999.000,9999.000,9999.000,9999.000
202607090612,   3.168,   3.998,9999.000,9999.000,9999.000,9999.000,9999.000,9999.000,9999.000
202607090618,   3.218,   4.047,9999.000,9999.000,9999.000,9999.000,9999.000,9999.000,9999.000
202607090624,   3.264,   4.080,9999.000,9999.000,9999.000,9999.000,9999.000,9999.000,9999.000
202607090630,   3.307,   4.109,9999.000,9999.000,9999.000,9999.000,9999.000,9999.000,9999.000
202607090636,   3.345,   4.149,9999.000,9999.000,9999.000,9999.000,9999.000,9999.000,9999.000
202607090642,   3.380,   4.159,9999.000,9999.000,9999.000,9999.000,9999.000,9999.000,9999.000
202607090648,   3.411,   4.168,9999.000,9999.000,9999.000,9999.000,9999.000,9999.000,9999.000
202607090654,   3.439,   4.198,9999.000,9999.000,9999.000,9999.000,9999.000,9999.000,9999.000
202607090700,   3.462,   4.359,   0.800,   0.097,   4.359,   0.700,   4.259,   0.800,   4.359
202607090706,   3.482,   4.368,9999.000,9999.000,9999.000,9999.000,9999.000,9999.000,9999.000
202607090712,   3.498,   4.280,9999.000,9999.000,9999.000,9999.000,9999.000,9999.000,9999.000
202607090718,   3.510,   4.300,9999.000,9999.000,9999.000,9999.000,9999.000,9999.000,9999.000
202607090724,   3.519,   4.329,9999.000,9999.000,9999.000,9999.000,9999.000,9999.000,9999.000
202607090730,   3.524,   4.339,9999.000,9999.000,9999.000,9999.000,9999.000,9999.000,9999.000
202607090736,   3.526,   4.339,9999.000,9999.000,9999.000,9999.000,9999.000,9999.000,9999.000
202607090742,   3.524,   4.359,9999.000,9999.000,9999.000,9999.000,9999.000,9999.000,9999.000
202607090748,   3.518,   4.368,9999.000,9999.000,9999.000,9999.000,9999.000,9999.000,9999.000
202607090754,   3.509,   4.437,9999.000,9999.000,9999.000,9999.000,9999.000,9999.000,9999.000
202607090800,   3.497,   4.418,   0.800,   0.121,   4.418,   0.700,   4.318,   0.800,   4.418
202607090806,   3.481,   4.398,9999.000,9999.000,9999.000,9999.000,9999.000,9999.000,9999.000
202607090812,   3.462,   4.309,9999.000,9999.000,9999.000,9999.000,9999.000,9999.000,9999.000
202607090818,   3.440,   4.267,9999.000,9999.000,9999.000,9999.000,9999.000,9999.000,9999.000
202607090824,   3.414,   4.247,9999.000,9999.000,9999.000,9999.000,9999.000,9999.000,9999.000
202607090830,   3.385,   4.237,9999.000,9999.000,9999.000,9999.000,9999.000,9999.000,9999.000
202607090836,   3.353,   4.198,9999.000,9999.000,9999.000,9999.000,9999.000,9999.000,9999.000
202607090842,   3.318,   4.139,9999.000,9999.000,9999.000,9999.000,9999.000,9999.000,9999.000
202607090848,   3.279,   4.070,9999.000,9999.000,9999.000,9999.000,9999.000,9999.000,9999.000
202607090854,   3.237,   3.998,9999.000,9999.000,9999.000,9999.000,9999.000,9999.000,9999.000
202607090900,   3.192,   4.027,   0.800,   0.035,   4.027,   0.700,   3.927,   0.800,   4.027
202607090906,   3.144,   3.958,9999.000,9999.000,9999.000,9999.000,9999.000,9999.000,9999.000
202607090912,   3.094,   3.870,9999.000,9999.000,9999.000,9999.000,9999.000,9999.000,9999.000
202607090918,   3.040,   3.788,9999.000,9999.000,9999.000,9999.000,9999.000,9999.000,9999.000
202607090924,   2.984,   3.699,9999.000,9999.000,9999.000,9999.000,9999.000,9999.000,9999.000
202607090930,   2.925,   3.637,9999.000,9999.000,9999.000,9999.000,9999.000,9999.000,9999.000
202607090936,   2.863,   3.578,9999.000,9999.000,9999.000,9999.000,9999.000,9999.000,9999.000
202607090942,   2.799,   3.509,9999.000,9999.000,9999.000,9999.000,9999.000,9999.000,9999.000
202607090948,   2.733,   3.427,9999.000,9999.000,9999.000,9999.000,9999.000,9999.000,9999.000
202607090954,   2.664,   3.348,9999.000,9999.000,9999.000,9999.000,9999.000,9999.000,9999.000
202607091000,   2.594,   3.270,   0.700,  -0.024,   3.270,   0.700,   3.270,   0.800,   3.370
202607091006,   2.522,   3.188,9999.000,9999.000,9999.000,9999.000,9999.000,9999.000,9999.000
202607091012,   2.448,   3.099,9999.000,9999.000,9999.000,9999.000,9999.000,9999.000,9999.000
202607091018,   2.372,   3.017,9999.000,9999.000,9999.000,9999.000,9999.000,9999.000,9999.000
202607091024,   2.296,   2.929,9999.000,9999.000,9999.000,9999.000,9999.000,9999.000,9999.000
202607091030,   2.218,   2.840,9999.000,9999.000,9999.000,9999.000,9999.000,9999.000,9999.000
202607091036,   2.140,   2.758,9999.000,9999.000,9999.000,9999.000,9999.000,9999.000,9999.000
202607091042,   2.061,   2.669,9999.000,9999.000,9999.000,9999.000,9999.000,9999.000,9999.000
202607091048,   1.981,   2.568,9999.000,9999.000,9999.000,9999.000,9999.000,9999.000,9999.000
202607091054,   1.901,   2.509,9999.000,9999.000,9999.000,9999.000,9999.000,9999.000,9999.000
202607091100,   1.821,   2.420,   0.700,  -0.101,   2.420,   0.700,   2.420,   0.800,   2.520
202607091106,   1.741,   2.338,9999.000,9999.000,9999.000,9999.000,9999.000,9999.000,9999.000
202607091112,   1.662,   2.250,9999.000,9999.000,9999.000,9999.000,9999.000,9999.000,9999.000
202607091118,   1.583,   2.177,9999.000,9999.000,9999.000,9999.000,9999.000,9999.000,9999.000
202607091124,   1.505,   2.109,9999.000,9999.000,9999.000,9999.000,9999.000,9999.000,9999.000
202607091130,   1.428,   2.040,9999.000,9999.000,9999.000,9999.000,9999.000,9999.000,9999.000
202607091136,   1.352,   1.958,9999.000,9999.000,9999.000,9999.000,9999.000,9999.000,9999.000
202607091142,   1.278,   1.869,9999.000,9999.000,9999.000,9999.000,9999.000,9999.000,9999.000
202607091148,   1.205,   1.800,9999.000,9999.000,9999.000,9999.000,9999.000,9999.000,9999.000
202607091154,   1.133,   1.728,9999.000,9999.000,9999.000,9999.000,9999.000,9999.000,9999.000
202607091200,   1.064,   1.669,   0.800,  -0.195,   1.669,   0.700,   1.569,   0.800,   1.669
202607091206,   0.997,   1.600,9999.000,9999.000,9999.000,9999.000,9999.000,9999.000,9999.000
202607091212,   0.932,   1.508,9999.000,9999.000,9999.000,9999.000,9999.000,9999.000,9999.000
202607091218,   0.869,   1.449,9999.000,9999.000,9999.000,9999.000,9999.000,9999.000,9999.000
202607091224,   0.809,   1.390,9999.000,9999.000,9999.000,9999.000,9999.000,9999.000,9999.000
202607091230,   0.752,   1.328,9999.000,9999.000,9999.000,9999.000,9999.000,9999.000,9999.000
202607091236,   0.697,   1.259,9999.000,9999.000,9999.000,9999.000,9999.000,9999.000,9999.000
202607091242,   0.646,   1.200,9999.000,9999.000,9999.000,9999.000,9999.000,9999.000,9999.000
202607091248,   0.597,   1.161,9999.000,9999.000,9999.000,9999.000,9999.000,9999.000,9999.000
202607091254,   0.552,   1.108,9999.000,9999.000,9999.000,9999.000,9999.000,9999.000,9999.000
202607091300,   0.510,   1.108,   0.800,  -0.202,   1.108,   0.700,   1.008,   0.800,   1.108
202607091306,   0.471,   1.079,9999.000,9999.000,9999.000,9999.000,9999.000,9999.000,9999.000
202607091312,   0.436,   0.990,9999.000,9999.000,9999.000,9999.000,9999.000,9999.000,9999.000
202607091318,   0.404,   0.961,9999.000,9999.000,9999.000,9999.000,9999.000,9999.000,9999.000
202607091324,   0.376,   0.918,9999.000,9999.000,9999.000,9999.000,9999.000,9999.000,9999.000
202607091330,   0.352,   0.869,9999.000,9999.000,9999.000,9999.000,9999.000,9999.000,9999.000
202607091336,   0.332,   0.859,9999.000,9999.000,9999.000,9999.000,9999.000,9999.000,9999.000
202607091342,   0.315,   0.869,9999.000,9999.000,9999.000,9999.000,9999.000,9999.000,9999.000
202607091348,   0.303,   0.869,9999.000,9999.000,9999.000,9999.000,9999.000,9999.000,9999.000
202607091354,   0.294,   0.879,9999.000,9999.000,9999.000,9999.000,9999.000,9999.000,9999.000
202607091400,   0.290,   0.951,   0.700,  -0.039,   0.951,   0.700,   0.951,   0.800,   1.051
202607091406,   0.290,   0.980,9999.000,9999.000,9999.000,9999.000,9999.000,9999.000,9999.000
202607091412,   0.295,   0.888,9999.000,9999.000,9999.000,9999.000,9999.000,9999.000,9999.000
202607091418,   0.303,   0.951,9999.000,9999.000,9999.000,9999.000,9999.000,9999.000,9999.000
202607091424,   0.317,   1.020,9999.000,9999.000,9999.000,9999.000,9999.000,9999.000,9999.000
202607091430,   0.335,   1.079,9999.000,9999.000,9999.000,9999.000,9999.000,9999.000,9999.000
202607091436,   0.357,   1.128,9999.000,9999.000,9999.000,9999.000,9999.000,9999.000,9999.000
202607091442,   0.384,   1.161,9999.000,9999.000,9999.000,9999.000,9999.000,9999.000,9999.000
202607091448,   0.416,   1.210,9999.000,9999.000,9999.000,9999.000,9999.000,9999.000,9999.000
202607091454,   0.453,   1.279,9999.000,9999.000,9999.000,9999.000,9999.000,9999.000,9999.000
202607091500,   0.494,   1.508,   0.700,   0.314,   1.508,   0.700,   1.508,   0.800,   1.608
202607091506,   0.541,   1.600,9999.000,9999.000,9999.000,9999.000,9999.000,9999.000,9999.000
202607091512,   0.592,   1.508,9999.000,9999.000,9999.000,9999.000,9999.000,9999.000,9999.000
202607091518,   0.648,   1.590,9999.000,9999.000,9999.000,9999.000,9999.000,9999.000,9999.000
202607091524,   0.709,   1.639,9999.000,9999.000,9999.000,9999.000,9999.000,9999.000,9999.000
202607091530,   0.775,   1.689,9999.000,9999.000,9999.000,9999.000,9999.000,9999.000,9999.000
202607091536,   0.845,   1.767,9999.000,9999.000,9999.000,9999.000,9999.000,9999.000,9999.000
202607091542,   0.920,   1.849,9999.000,9999.000,9999.000,9999.000,9999.000,9999.000,9999.000
202607091548,   1.000,   1.928,9999.000,9999.000,9999.000,9999.000,9999.000,9999.000,9999.000
202607091554,   1.084,   2.020,9999.000,9999.000,9999.000,9999.000,9999.000,9999.000,9999.000
202607091600,   1.172,   2.259,   0.700,   0.387,   2.259,   0.700,   2.259,   0.700,   2.259
202607091606,   1.264,   2.338,9999.000,9999.000,9999.000,9999.000,9999.000,9999.000,9999.000
202607091612,   1.360,   2.250,9999.000,9999.000,9999.000,9999.000,9999.000,9999.000,9999.000
202607091618,   1.459,   2.338,9999.000,9999.000,9999.000,9999.000,9999.000,9999.000,9999.000
202607091624,   1.562,   2.450,9999.000,9999.000,9999.000,9999.000,9999.000,9999.000,9999.000
202607091630,   1.667,   2.558,9999.000,9999.000,9999.000,9999.000,9999.000,9999.000,9999.000
202607091636,   1.775,   2.630,9999.000,9999.000,9999.000,9999.000,9999.000,9999.000,9999.000
202607091642,   1.885,   2.699,9999.000,9999.000,9999.000,9999.000,9999.000,9999.000,9999.000
202607091648,   1.996,   2.807,9999.000,9999.000,9999.000,9999.000,9999.000,9999.000,9999.000
202607091654,   2.109,   2.919,9999.000,9999.000,9999.000,9999.000,9999.000,9999.000,9999.000
202607091700,   2.223,   3.230,   0.700,   0.307,   3.230,   0.700,   3.230,   0.700,   3.230
202607091706,   2.337,   3.348,9999.000,9999.000,9999.000,9999.000,9999.000,9999.000,9999.000
202607091712,   2.452,   3.260,9999.000,9999.000,9999.000,9999.000,9999.000,9999.000,9999.000
202607091718,   2.566,   3.368,9999.000,9999.000,9999.000,9999.000,9999.000,9999.000,9999.000
202607091724,   2.679,   3.470,9999.000,9999.000,9999.000,9999.000,9999.000,9999.000,9999.000
202607091730,   2.790,   3.539,9999.000,9999.000,9999.000,9999.000,9999.000,9999.000,9999.000
202607091736,   2.900,   3.650,9999.000,9999.000,9999.000,9999.000,9999.000,9999.000,9999.000
202607091742,   3.009,   3.749,9999.000,9999.000,9999.000,9999.000,9999.000,9999.000,9999.000
202607091748,   3.114,   3.870,9999.000,9999.000,9999.000,9999.000,9999.000,9999.000,9999.000
202607091754,   3.217,   3.949,9999.000,9999.000,9999.000,9999.000,9999.000,9999.000,9999.000
202607091800,   3.317,   4.198,   0.700,   0.181,   4.198,   0.700,   4.198,   0.700,   4.198
202607091806,   3.414,   4.267,9999.000,9999.000,9999.000,9999.000,9999.000,9999.000,9999.000
202607091812,   3.507,   4.178,9999.000,9999.000,9999.000,9999.000,9999.000,9999.000,9999.000
202607091818,   3.597,   4.247,9999.000,9999.000,9999.000,9999.000,9999.000,9999.000,9999.000
202607091824,   3.683,   4.329,9999.000,9999.000,9999.000,9999.000,9999.000,9999.000,9999.000
202607091830,   3.764,   4.408,9999.000,9999.000,9999.000,9999.000,9999.000,9999.000,9999.000
202607091836,   3.842,   4.480,9999.000,9999.000,9999.000,9999.000,9999.000,9999.000,9999.000
202607091842,   3.916,   4.549,9999.000,9999.000,9999.000,9999.000,9999.000,9999.000,9999.000
202607091848,   3.985,   4.598,9999.000,9999.000,9999.000,9999.000,9999.000,9999.000,9999.000
202607091854,   4.049,   4.657,9999.000,9999.000,9999.000,9999.000,9999.000,9999.000,9999.000
202607091900,   4.110,   4.847,   0.700,   0.037,   4.847,   0.700,   4.847,   0.700,   4.847
202607091906,   4.166,   4.900,9999.000,9999.000,9999.000,9999.000,9999.000,9999.000,9999.000
202607091912,   4.218,   4.808,9999.000,9999.000,9999.000,9999.000,9999.000,9999.000,9999.000
202607091918,   4.265,   4.837,9999.000,9999.000,9999.000,9999.000,9999.000,9999.000,9999.000
202607091924,   4.308,   4.877,9999.000,9999.000,9999.000,9999.000,9999.000,9999.000,9999.000
202607091930,   4.347,   4.910,9999.000,9999.000,9999.000,9999.000,9999.000,9999.000,9999.000
202607091936,   4.381,   4.939,9999.000,9999.000,9999.000,9999.000,9999.000,9999.000,9999.000
202607091942,   4.411,   4.959,9999.000,9999.000,9999.000,9999.000,9999.000,9999.000,9999.000
202607091948,   4.436,   4.998,9999.000,9999.000,9999.000,9999.000,9999.000,9999.000,9999.000
202607091954,   4.458,   5.028,9999.000,9999.000,9999.000,9999.000,9999.000,9999.000,9999.000
202607092000,   4.475,   5.169,   0.700,  -0.006,   5.169,   0.700,   5.169,   0.700,   5.169
202607092006,   4.488,   5.188,9999.000,9999.000,9999.000,9999.000,9999.000,9999.000,9999.000
202607092012,   4.497,   5.097,9999.000,9999.000,9999.000,9999.000,9999.000,9999.000,9999.000
202607092018,   4.501,   5.110,9999.000,9999.000,9999.000,9999.000,9999.000,9999.000,9999.000
202607092024,   4.502,   5.129,9999.000,9999.000,9999.000,9999.000,9999.000,9999.000,9999.000
202607092030,   4.498,   5.139,9999.000,9999.000,9999.000,9999.000,9999.000,9999.000,9999.000
202607092036,   4.490,   5.139,9999.000,9999.000,9999.000,9999.000,9999.000,9999.000,9999.000
202607092042,   4.478,   5.120,9999.000,9999.000,9999.000,9999.000,9999.000,9999.000,9999.000
202607092048,   4.462,   5.110,9999.000,9999.000,9999.000,9999.000,9999.000,9999.000,9999.000
202607092054,   4.441,   5.077,9999.000,9999.000,9999.000,9999.000,9999.000,9999.000,9999.000
202607092100,   4.417,   5.139,   0.700,   0.022,   5.139,   0.700,   5.139,   0.700,   5.139
202607092106,   4.388,   5.097,9999.000,9999.000,9999.000,9999.000,9999.000,9999.000,9999.000
202607092112,   4.356,   5.008,9999.000,9999.000,9999.000,9999.000,9999.000,9999.000,9999.000
202607092118,   4.319,   4.969,9999.000,9999.000,9999.000,9999.000,9999.000,9999.000,9999.000
202607092124,   4.279,   4.929,9999.000,9999.000,9999.000,9999.000,9999.000,9999.000,9999.000
202607092130,   4.235,   4.887,9999.000,9999.000,9999.000,9999.000,9999.000,9999.000,9999.000
202607092136,   4.187,   4.847,9999.000,9999.000,9999.000,9999.000,9999.000,9999.000,9999.000
202607092142,   4.135,   4.798,9999.000,9999.000,9999.000,9999.000,9999.000,9999.000,9999.000
202607092148,   4.080,   4.739,9999.000,9999.000,9999.000,9999.000,9999.000,9999.000,9999.000
202607092154,   4.022,   4.700,9999.000,9999.000,9999.000,9999.000,9999.000,9999.000,9999.000
202607092200,   3.960,   4.690,   0.700,   0.030,   4.690,   0.700,   4.690,   0.700,   4.690
202607092206,   3.895,   4.628,9999.000,9999.000,9999.000,9999.000,9999.000,9999.000,9999.000
202607092212,   3.827,   4.539,9999.000,9999.000,9999.000,9999.000,9999.000,9999.000,9999.000
202607092218,   3.756,   4.467,9999.000,9999.000,9999.000,9999.000,9999.000,9999.000,9999.000
202607092224,   3.683,   4.408,9999.000,9999.000,9999.000,9999.000,9999.000,9999.000,9999.000
202607092230,   3.607,   4.349,9999.000,9999.000,9999.000,9999.000,9999.000,9999.000,9999.000
202607092236,   3.529,   4.290,9999.000,9999.000,9999.000,9999.000,9999.000,9999.000,9999.000
202607092242,   3.449,   4.237,9999.000,9999.000,9999.000,9999.000,9999.000,9999.000,9999.000
202607092248,   3.367,   4.149,9999.000,9999.000,9999.000,9999.000,9999.000,9999.000,9999.000
202607092254,   3.283,   4.070,9999.000,9999.000,9999.000,9999.000,9999.000,9999.000,9999.000
202607092300,   3.198,   4.008,   0.700,   0.110,   4.008,   0.700,   4.008,   0.700,   4.008
202607092306,   3.112,   3.929,9999.000,9999.000,9999.000,9999.000,9999.000,9999.000,9999.000
202607092312,   3.024,   3.837,9999.000,9999.000,9999.000,9999.000,9999.000,9999.000,9999.000
202607092318,   2.936,   3.758,9999.000,9999.000,9999.000,9999.000,9999.000,9999.000,9999.000
202607092324,   2.847,   3.680,9999.000,9999.000,9999.000,9999.000,9999.000,9999.000,9999.000
202607092330,   2.758,   3.588,9999.000,9999.000,9999.000,9999.000,9999.000,9999.000,9999.000
202607092336,   2.669,   3.509,9999.000,9999.000,9999.000,9999.000,9999.000,9999.000,9999.000
202607092342,   2.580,   3.407,9999.000,9999.000,9999.000,9999.000,9999.000,9999.000,9999.000
202607092348,   2.491,   3.299,9999.000,9999.000,9999.000,9999.000,9999.000,9999.000,9999.000
202607092354,   2.402,9999.000,9999.000,9999.000,9999.000,9999.000,9999.000,9999.000,9999.000
202607100000,   2.315,9999.000,   0.700,   0.118,   3.133,   0.700,   3.133,   0.700,   3.133
202607100006,   2.228,9999.000,9999.000,9999.000,9999.000,9999.000,9999.000,9999.000,9999.000
202607100012,   2.142,9999.000,9999.000,9999.000,9999.000,9999.000,9999.000,9999.000,9999.000
202607100018,   2.057,9999.000,9999.000,9999.000,9999.000,9999.000,9999.000,9999.000,9999.000
202607100024,   1.973,9999.000,9999.000,9999.000,9999.000,9999.000,9999.000,9999.000,9999.000
202607100030,   1.891,9999.000,9999.000,9999.000,9999.000,9999.000,9999.000,9999.000,9999.000
202607100036,   1.810,9999.000,9999.000,9999.000,9999.000,9999.000,9999.000,9999.000,9999.000
202607100042,   1.732,9999.000,9999.000,9999.000,9999.000,9999.000,9999.000,9999.000,9999.000
202607100048,   1.655,9999.000,9999.000,9999.000,9999.000,9999.000,9999.000,9999.000,9999.000
202607100054,   1.580,9999.000,9999.000,9999.000,9999.000,9999.000,9999.000,9999.000,9999.000
202607100100,   1.507,9999.000,   0.700,   0.125,   2.332,   0.700,   2.332,   0.700,   2.332
202607100106,   1.436,9999.000,9999.000,9999.000,9999.000,9999.000,9999.000,9999.000,9999.000
202607100112,   1.367,9999.000,9999.000,9999.000,9999.000,9999.000,9999.000,9999.000,9999.000
202607100118,   1.301,9999.000,9999.000,9999.000,9999.000,9999.000,9999.000,9999.000,9999.000
202607100124,   1.237,9999.000,9999.000,9999.000,9999.000,9999.000,9999.000,9999.000,9999.000
202607100130,   1.176,9999.000,9999.000,9999.000,9999.000,9999.000,9999.000,9999.000,9999.000
202607100136,   1.118,9999.000,9999.000,9999.000,9999.000,9999.000,9999.000,9999.000,9999.000
202607100142,   1.062,9999.000,9999.000,9999.000,9999.000,9999.000,9999.000,9999.000,9999.000
202607100148,   1.009,9999.000,9999.000,9999.000,9999.000,9999.000,9999.000,9999.000,9999.000
202607100154,   0.959,9999.000,9999.000,9999.000,9999.000,9999.000,9999.000,9999.000,9999.000
202607100200,   0.912,9999.000,   0.700,   0.133,   1.745,   0.600,   1.645,   0.700,   1.745
202607100206,   0.868,9999.000,9999.000,9999.000,9999.000,9999.000,9999.000,9999.000,9999.000
202607100212,   0.827,9999.000,9999.000,9999.000,9999.000,9999.000,9999.000,9999.000,9999.000
202607100218,   0.789,9999.000,9999.000,9999.000,9999.000,9999.000,9999.000,9999.000,9999.000
202607100224,   0.754,9999.000,9999.000,9999.000,9999.000,9999.000,9999.000,9999.000,9999.000
202607100230,   0.723,9999.000,9999.000,9999.000,9999.000,9999.000,9999.000,9999.000,9999.000
202607100236,   0.696,9999.000,9999.000,9999.000,9999.000,9999.000,9999.000,9999.000,9999.000
202607100242,   0.672,9999.000,9999.000,9999.000,9999.000,9999.000,9999.000,9999.000,9999.000
202607100248,   0.652,9999.000,9999.000,9999.000,9999.000,9999.000,9999.000,9999.000,9999.000
202607100254,   0.636,9999.000,9999.000,9999.000,9999.000,9999.000,9999.000,9999.000,9999.000
202607100300,   0.623,9999.000,   0.700,   0.141,   1.464,   0.600,   1.364,   0.700,   1.464
202607100306,   0.615,9999.000,9999.000,9999.000,9999.000,9999.000,9999.000,9999.000,9999.000
202607100312,   0.611,9999.000,9999.000,9999.000,9999.000,9999.000,9999.000,9999.000,9999.000
202607100318,   0.610,9999.000,9999.000,9999.000,9999.000,9999.000,9999.000,9999.000,9999.000
202607100324,   0.615,9999.000,9999.000,9999.000,9999.000,9999.000,9999.000,9999.000,9999.000
202607100330,   0.623,9999.000,9999.000,9999.000,9999.000,9999.000,9999.000,9999.000,9999.000
202607100336,   0.636,9999.000,9999.000,9999.000,9999.000,9999.000,9999.000,9999.000,9999.000
202607100342,   0.654,9999.000,9999.000,9999.000,9999.000,9999.000,9999.000,9999.000,9999.000
202607100348,   0.676,9999.000,9999.000,9999.000,9999.000,9999.000,9999.000,9999.000,9999.000
202607100354,   0.703,9999.000,9999.000,9999.000,9999.000,9999.000,9999.000,9999.000,9999.000
202607100400,   0.735,9999.000,   0.700,   0.148,   1.583,   0.600,   1.483,   0.700,   1.583
202607100406,   0.771,9999.000,9999.000,9999.000,9999.000,9999.000,9999.000,9999.000,9999.000
202607100412,   0.811,9999.000,9999.000,9999.000,9999.000,9999.000,9999.000,9999.000,9999.000
202607100418,   0.857,9999.000,9999.000,9999.000,9999.000,9999.000,9999.000,9999.000,9999.000
202607100424,   0.906,9999.000,9999.000,9999.000,9999.000,9999.000,9999.000,9999.000,9999.000
202607100430,   0.960,9999.000,9999.000,9999.000,9999.000,9999.000,9999.000,9999.000,9999.000
202607100436,   1.019,9999.000,9999.000,9999.000,9999.000,9999.000,9999.000,9999.000,9999.000
202607100442,   1.081,9999.000,9999.000,9999.000,9999.000,9999.000,9999.000,9999.000,9999.000
202607100448,   1.147,9999.000,9999.000,9999.000,9999.000,9999.000,9999.000,9999.000,9999.000
202607100454,   1.216,9999.000,9999.000,9999.000,9999.000,9999.000,9999.000,9999.000,9999.000
202607100500,   1.289,9999.000,   0.700,   0.156,   2.145,   0.600,   2.045,   0.700,   2.145
202607100506,   1.364,9999.000,9999.000,9999.000,9999.000,9999.000,9999.000,9999.000,9999.000
202607100512,   1.442,9999.000,9999.000,9999.000,9999.000,9999.000,9999.000,9999.000,9999.000
202607100518,   1.522,9999.000,9999.000,9999.000,9999.000,9999.000,9999.000,9999.000,9999.000
202607100524,   1.604,9999.000,9999.000,9999.000,9999.000,9999.000,9999.000,9999.000,9999.000
202607100530,   1.688,9999.000,9999.000,9999.000,9999.000,9999.000,9999.000,9999.000,9999.000
202607100536,   1.773,9999.000,9999.000,9999.000,9999.000,9999.000,9999.000,9999.000,9999.000
202607100542,   1.858,9999.000,9999.000,9999.000,9999.000,9999.000,9999.000,9999.000,9999.000
202607100548,   1.943,9999.000,9999.000,9999.000,9999.000,9999.000,9999.000,9999.000,9999.000
202607100554,   2.029,9999.000,9999.000,9999.000,9999.000,9999.000,9999.000,9999.000,9999.000
202607100600,   2.114,9999.000,   0.600,   0.164,   2.878,   0.600,   2.878,   0.700,   2.978
202607100606,   2.198,9999.000,9999.000,9999.000,9999.000,9999.000,9999.000,9999.000,9999.000
202607100612,   2.281,9999.000,9999.000,9999.000,9999.000,9999.000,9999.000,9999.000,9999.000
202607100618,   2.362,9999.000,9999.000,9999.000,9999.000,9999.000,9999.000,9999.000,9999.000
202607100624,   2.442,9999.000,9999.000,9999.000,9999.000,9999.000,9999.000,9999.000,9999.000
202607100630,   2.519,9999.000,9999.000,9999.000,9999.000,9999.000,9999.000,9999.000,9999.000
202607100636,   2.594,9999.000,9999.000,9999.000,9999.000,9999.000,9999.000,9999.000,9999.000
202607100642,   2.667,9999.000,9999.000,9999.000,9999.000,9999.000,9999.000,9999.000,9999.000
202607100648,   2.737,9999.000,9999.000,9999.000,9999.000,9999.000,9999.000,9999.000,9999.000
202607100654,   2.805,9999.000,9999.000,9999.000,9999.000,9999.000,9999.000,9999.000,9999.000
202607100700,   2.869,9999.000,   0.600,   0.171,   3.640,   0.600,   3.640,   0.700,   3.740
202607100706,   2.930,9999.000,9999.000,9999.000,9999.000,9999.000,9999.000,9999.000,9999.000
202607100712,   2.989,9999.000,9999.000,9999.000,9999.000,9999.000,9999.000,9999.000,9999.000
202607100718,   3.044,9999.000,9999.000,9999.000,9999.000,9999.000,9999.000,9999.000,9999.000
202607100724,   3.095,9999.000,9999.000,9999.000,9999.000,9999.000,9999.000,9999.000,9999.000
202607100730,   3.144,9999.000,9999.000,9999.000,9999.000,9999.000,9999.000,9999.000,9999.000
202607100736,   3.188,9999.000,9999.000,9999.000,9999.000,9999.000,9999.000,9999.000,9999.000
202607100742,   3.230,9999.000,9999.000,9999.000,9999.000,9999.000,9999.000,9999.000,9999.000
202607100748,   3.268,9999.000,9999.000,9999.000,9999.000,9999.000,9999.000,9999.000,9999.000
202607100754,   3.303,9999.000,9999.000,9999.000,9999.000,9999.000,9999.000,9999.000,9999.000
202607100800,   3.334,9999.000,   0.600,   0.179,   4.113,   0.600,   4.113,   0.700,   4.213
202607100806,   3.361,9999.000,9999.000,9999.000,9999.000,9999.000,9999.000,9999.000,9999.000
202607100812,   3.385,9999.000,9999.000,9999.000,9999.000,9999.000,9999.000,9999.000,9999.000
202607100818,   3.405,9999.000,9999.000,9999.000,9999.000,9999.000,9999.000,9999.000,9999.000
202607100824,   3.422,9999.000,9999.000,9999.000,9999.000,9999.000,9999.000,9999.000,9999.000
202607100830,   3.435,9999.000,9999.000,9999.000,9999.000,9999.000,9999.000,9999.000,9999.000
202607100836,   3.445,9999.000,9999.000,9999.000,9999.000,9999.000,9999.000,9999.000,9999.000
202607100842,   3.450,9999.000,9999.000,9999.000,9999.000,9999.000,9999.000,9999.000,9999.000
202607100848,   3.452,9999.000,9999.000,9999.000,9999.000,9999.000,9999.000,9999.000,9999.000
202607100854,   3.450,9999.000,9999.000,9999.000,9999.000,9999.000,9999.000,9999.000,9999.000
202607100900,   3.444,9999.000,   0.600,   0.187,   4.231,   0.600,   4.231,   0.600,   4.231
202607100906,   3.435,9999.000,9999.000,9999.000,9999.000,9999.000,9999.000,9999.000,9999.000
202607100912,   3.421,9999.000,9999.000,9999.000,9999.000,9999.000,9999.000,9999.000,9999.000
202607100918,   3.404,9999.000,9999.000,9999.000,9999.000,9999.000,9999.000,9999.000,9999.000
202607100924,   3.383,9999.000,9999.000,9999.000,9999.000,9999.000,9999.000,9999.000,9999.000
202607100930,   3.358,9999.000,9999.000,9999.000,9999.000,9999.000,9999.000,9999.000,9999.000
202607100936,   3.329,9999.000,9999.000,9999.000,9999.000,9999.000,9999.000,9999.000,9999.000
202607100942,   3.297,9999.000,9999.000,9999.000,9999.000,9999.000,9999.000,9999.000,9999.000
202607100948,   3.260,9999.000,9999.000,9999.000,9999.000,9999.000,9999.000,9999.000,9999.000
202607100954,   3.220,9999.000,9999.000,9999.000,9999.000,9999.000,9999.000,9999.000,9999.000
202607101000,   3.177,9999.000,   0.600,   0.194,   3.971,   0.600,   3.971,   0.600,   3.971
202607101006,   3.130,9999.000,9999.000,9999.000,9999.000,9999.000,9999.000,9999.000,9999.000
202607101012,   3.079,9999.000,9999.000,9999.000,9999.000,9999.000,9999.000,9999.000,9999.000
202607101018,   3.026,9999.000,9999.000,9999.000,9999.000,9999.000,9999.000,9999.000,9999.000
202607101024,   2.969,9999.000,9999.000,9999.000,9999.000,9999.000,9999.000,9999.000,9999.000
202607101030,   2.909,9999.000,9999.000,9999.000,9999.000,9999.000,9999.000,9999.000,9999.000
202607101036,   2.847,9999.000,9999.000,9999.000,9999.000,9999.000,9999.000,9999.000,9999.000
202607101042,   2.782,9999.000,9999.000,9999.000,9999.000,9999.000,9999.000,9999.000,9999.000
202607101048,   2.714,9999.000,9999.000,9999.000,9999.000,9999.000,9999.000,9999.000,9999.000
202607101054,   2.644,9999.000,9999.000,9999.000,9999.000,9999.000,9999.000,9999.000,9999.000
202607101100,   2.572,9999.000,   0.600,   0.202,   3.374,   0.600,   3.374,   0.600,   3.374
202607101106,   2.499,9999.000,9999.000,9999.000,9999.000,9999.000,9999.000,9999.000,9999.000
202607101112,   2.423,9999.000,9999.000,9999.000,9999.000,9999.000,9999.000,9999.000,9999.000
202607101118,   2.346,9999.000,9999.000,9999.000,9999.000,9999.000,9999.000,9999.000,9999.000
202607101124,   2.268,9999.000,9999.000,9999.000,9999.000,9999.000,9999.000,9999.000,9999.000
202607101130,   2.189,9999.000,9999.000,9999.000,9999.000,9999.000,9999.000,9999.000,9999.000
202607101136,   2.110,9999.000,9999.000,9999.000,9999.000,9999.000,9999.000,9999.000,9999.000
202607101142,   2.029,9999.000,9999.000,9999.000,9999.000,9999.000,9999.000,9999.000,9999.000
202607101148,   1.948,9999.000,9999.000,9999.000,9999.000,9999.000,9999.000,9999.000,9999.000
202607101154,   1.868,9999.000,9999.000,9999.000,9999.000,9999.000,9999.000,9999.000,9999.000
202607101200,   1.787,9999.000,   0.600,   0.202,   2.589,   0.600,   2.589,   0.600,   2.589
202607101206,   1.706,9999.000,9999.000,9999.000,9999.000,9999.000,9999.000,9999.000,9999.000
202607101212,   1.626,9999.000,9999.000,9999.000,9999.000,9999.000,9999.000,9999.000,9999.000
202607101218,   1.547,9999.000,9999.000,9999.000,9999.000,9999.000,9999.000,9999.000,9999.000
202607101224,   1.469,9999.000,9999.000,9999.000,9999.000,9999.000,9999.000,9999.000,9999.000
202607101230,   1.391,9999.000,9999.000,9999.000,9999.000,9999.000,9999.000,9999.000,9999.000
202607101236,   1.315,9999.000,9999.000,9999.000,9999.000,9999.000,9999.000,9999.000,9999.000
202607101242,   1.241,9999.000,9999.000,9999.000,9999.000,9999.000,9999.000,9999.000,9999.000
202607101248,   1.167,9999.000,9999.000,9999.000,9999.000,9999.000,9999.000,9999.000,9999.000
202607101254,   1.096,9999.000,9999.000,9999.000,9999.000,9999.000,9999.000,9999.000,9999.000
202607101300,   1.026,9999.000,   0.600,   0.202,   1.828,   0.600,   1.828,   0.600,   1.828
202607101306,   0.959,9999.000,9999.000,9999.000,9999.000,9999.000,9999.000,9999.000,9999.000
202607101312,   0.893,9999.000,9999.000,9999.000,9999.000,9999.000,9999.000,9999.000,9999.000
202607101318,   0.830,9999.000,9999.000,9999.000,9999.000,9999.000,9999.000,9999.000,9999.000
202607101324,   0.769,9999.000,9999.000,9999.000,9999.000,9999.000,9999.000,9999.000,9999.000
202607101330,   0.711,9999.000,9999.000,9999.000,9999.000,9999.000,9999.000,9999.000,9999.000
202607101336,   0.655,9999.000,9999.000,9999.000,9999.000,9999.000,9999.000,9999.000,9999.000
202607101342,   0.603,9999.000,9999.000,9999.000,9999.000,9999.000,9999.000,9999.000,9999.000
202607101348,   0.553,9999.000,9999.000,9999.000,9999.000,9999.000,9999.000,9999.000,9999.000
202607101354,   0.505,9999.000,9999.000,9999.000,9999.000,9999.000,9999.000,9999.000,9999.000
202607101400,   0.461,9999.000,   0.600,   0.202,   1.263,   0.500,   1.163,   0.600,   1.263
202607101406,   0.421,9999.000,9999.000,9999.000,9999.000,9999.000,9999.000,9999.000,9999.000
202607101412,   0.383,9999.000,9999.000,9999.000,9999.000,9999.000,9999.000,9999.000,9999.000
202607101418,   0.349,9999.000,9999.000,9999.000,9999.000,9999.000,9999.000,9999.000,9999.000
202607101424,   0.319,9999.000,9999.000,9999.000,9999.000,9999.000,9999.000,9999.000,9999.000
202607101430,   0.292,9999.000,9999.000,9999.000,9999.000,9999.000,9999.000,9999.000,9999.000
202607101436,   0.269,9999.000,9999.000,9999.000,9999.000,9999.000,9999.000,9999.000,9999.000
202607101442,   0.250,9999.000,9999.000,9999.000,9999.000,9999.000,9999.000,9999.000,9999.000
202607101448,   0.235,9999.000,9999.000,9999.000,9999.000,9999.000,9999.000,9999.000,9999.000
202607101454,   0.225,9999.000,9999.000,9999.000,9999.000,9999.000,9999.000,9999.000,9999.000
202607101500,   0.218,9999.000,   0.600,   0.202,   1.020,   0.500,   0.920,   0.600,   1.020
202607101506,   0.217,9999.000,9999.000,9999.000,9999.000,9999.000,9999.000,9999.000,9999.000
202607101512,   0.219,9999.000,9999.000,9999.000,9999.000,9999.000,9999.000,9999.000,9999.000
202607101518,   0.227,9999.000,9999.000,9999.000,9999.000,9999.000,9999.000,9999.000,9999.000
202607101524,   0.240,9999.000,9999.000,9999.000,9999.000,9999.000,9999.000,9999.000,9999.000
202607101530,   0.257,9999.000,9999.000,9999.000,9999.000,9999.000,9999.000,9999.000,9999.000
202607101536,   0.280,9999.000,9999.000,9999.000,9999.000,9999.000,9999.000,9999.000,9999.000
202607101542,   0.308,9999.000,9999.000,9999.000,9999.000,9999.000,9999.000,9999.000,9999.000
202607101548,   0.341,9999.000,9999.000,9999.000,9999.000,9999.000,9999.000,9999.000,9999.000
202607101554,   0.380,9999.000,9999.000,9999.000,9999.000,9999.000,9999.000,9999.000,9999.000
202607101600,   0.424,9999.000,   0.600,   0.202,   1.226,   0.500,   1.126,   0.600,   1.226
202607101606,   0.473,9999.000,9999.000,9999.000,9999.000,9999.000,9999.000,9999.000,9999.000
202607101612,   0.528,9999.000,9999.000,9999.000,9999.000,9999.000,9999.000,9999.000,9999.000
202607101618,   0.588,9999.000,9999.000,9999.000,9999.000,9999.000,9999.000,9999.000,9999.000
202607101624,   0.654,9999.000,9999.000,9999.000,9999.000,9999.000,9999.000,9999.000,9999.000
202607101630,   0.725,9999.000,9999.000,9999.000,9999.000,9999.000,9999.000,9999.000,9999.000
202607101636,   0.801,9999.000,9999.000,9999.000,9999.000,9999.000,9999.000,9999.000,9999.000
202607101642,   0.883,9999.000,9999.000,9999.000,9999.000,9999.000,9999.000,9999.000,9999.000
202607101648,   0.969,9999.000,9999.000,9999.000,9999.000,9999.000,9999.000,9999.000,9999.000
202607101654,   1.060,9999.000,9999.000,9999.000,9999.000,9999.000,9999.000,9999.000,9999.000
202607101700,   1.155,9999.000,   0.600,   0.202,   1.957,   0.500,   1.857,   0.600,   1.957
202607101706,   1.255,9999.000,9999.000,9999.000,9999.000,9999.000,9999.000,9999.000,9999.000
202607101712,   1.358,9999.000,9999.000,9999.000,9999.000,9999.000,9999.000,9999.000,9999.000
202607101718,   1.465,9999.000,9999.000,9999.000,9999.000,9999.000,9999.000,9999.000,9999.000
202607101724,   1.576,9999.000,9999.000,9999.000,9999.000,9999.000,9999.000,9999.000,9999.000
202607101730,   1.689,9999.000,9999.000,9999.000,9999.000,9999.000,9999.000,9999.000,9999.000
202607101736,   1.804,9999.000,9999.000,9999.000,9999.000,9999.000,9999.000,9999.000,9999.000
202607101742,   1.921,9999.000,9999.000,9999.000,9999.000,9999.000,9999.000,9999.000,9999.000
202607101748,   2.040,9999.000,9999.000,9999.000,9999.000,9999.000,9999.000,9999.000,9999.000
202607101754,   2.161,9999.000,9999.000,9999.000,9999.000,9999.000,9999.000,9999.000,9999.000
202607101800,   2.281,9999.000,   0.600,   0.202,   3.083,   0.500,   2.983,   0.600,   3.083
202607101806,   2.402,9999.000,9999.000,9999.000,9999.000,9999.000,9999.000,9999.000,9999.000
202607101812,   2.523,9999.000,9999.000,9999.000,9999.000,9999.000,9999.000,9999.000,9999.000
202607101818,   2.644,9999.000,9999.000,9999.000,9999.000,9999.000,9999.000,9999.000,9999.000
202607101824,   2.763,9999.000,9999.000,9999.000,9999.000,9999.000,9999.000,9999.000,9999.000
202607101830,   2.881,9999.000,9999.000,9999.000,9999.000,9999.000,9999.000,9999.000,9999.000
202607101836,   2.998,9999.000,9999.000,9999.000,9999.000,9999.000,9999.000,9999.000,9999.000
202607101842,   3.112,9999.000,9999.000,9999.000,9999.000,9999.000,9999.000,9999.000,9999.000
202607101848,   3.224,9999.000,9999.000,9999.000,9999.000,9999.000,9999.000,9999.000,9999.000
202607101854,   3.333,9999.000,9999.000,9999.000,9999.000,9999.000,9999.000,9999.000,9999.000
202607101900,   3.440,9999.000,   0.600,   0.202,   4.242,   0.500,   4.142,   0.600,   4.242
202607101906,   3.543,9999.000,9999.000,9999.000,9999.000,9999.000,9999.000,9999.000,9999.000
202607101912,   3.643,9999.000,9999.000,9999.000,9999.000,9999.000,9999.000,9999.000,9999.000
202607101918,   3.740,9999.000,9999.000,9999.000,9999.000,9999.000,9999.000,9999.000,9999.000
202607101924,   3.833,9999.000,9999.000,9999.000,9999.000,9999.000,9999.000,9999.000,9999.000
202607101930,   3.922,9999.000,9999.000,9999.000,9999.000,9999.000,9999.000,9999.000,9999.000
202607101936,   4.008,9999.000,9999.000,9999.000,9999.000,9999.000,9999.000,9999.000,9999.000
202607101942,   4.089,9999.000,9999.000,9999.000,9999.000,9999.000,9999.000,9999.000,9999.000
202607101948,   4.167,9999.000,9999.000,9999.000,9999.000,9999.000,9999.000,9999.000,9999.000
202607101954,   4.240,9999.000,9999.000,9999.000,9999.000,9999.000,9999.000,9999.000,9999.000
202607102000,   4.309,9999.000,   0.600,   0.202,   5.111,   0.500,   5.011,   0.600,   5.111
202607102006,   4.373,9999.000,9999.000,9999.000,9999.000,9999.000,9999.000,9999.000,9999.000
202607102012,   4.433,9999.000,9999.000,9999.000,9999.000,9999.000,9999.000,9999.000,9999.000
202607102018,   4.489,9999.000,9999.000,9999.000,9999.000,9999.000,9999.000,9999.000,9999.000
202607102024,   4.541,9999.000,9999.000,9999.000,9999.000,9999.000,9999.000,9999.000,9999.000
202607102030,   4.587,9999.000,9999.000,9999.000,9999.000,9999.000,9999.000,9999.000,9999.000
202607102036,   4.630,9999.000,9999.000,9999.000,9999.000,9999.000,9999.000,9999.000,9999.000
202607102042,   4.667,9999.000,9999.000,9999.000,9999.000,9999.000,9999.000,9999.000,9999.000
202607102048,   4.700,9999.000,9999.000,9999.000,9999.000,9999.000,9999.000,9999.000,9999.000
202607102054,   4.728,9999.000,9999.000,9999.000,9999.000,9999.000,9999.000,9999.000,9999.000
202607102100,   4.752,9999.000,   0.600,   0.202,   5.554,   0.500,   5.454,   0.600,   5.554
202607102106,   4.771,9999.000,9999.000,9999.000,9999.000,9999.000,9999.000,9999.000,9999.000
202607102112,   4.784,9999.000,9999.000,9999.000,9999.000,9999.000,9999.000,9999.000,9999.000
202607102118,   4.793,9999.000,9999.000,9999.000,9999.000,9999.000,9999.000,9999.000,9999.000
202607102124,   4.797,9999.000,9999.000,9999.000,9999.000,9999.000,9999.000,9999.000,9999.000
202607102130,   4.796,9999.000,9999.000,9999.000,9999.000,9999.000,9999.000,9999.000,9999.000
202607102136,   4.791,9999.000,9999.000,9999.000,9999.000,9999.000,9999.000,9999.000,9999.000
202607102142,   4.780,9999.000,9999.000,9999.000,9999.000,9999.000,9999.000,9999.000,9999.000
202607102148,   4.764,9999.000,9999.000,9999.000,9999.000,9999.000,9999.000,9999.000,9999.000
202607102154,   4.744,9999.000,9999.000,9999.000,9999.000,9999.000,9999.000,9999.000,9999.000
202607102200,   4.719,9999.000,   0.600,   0.202,   5.521,   0.500,   5.421,   0.600,   5.521
202607102206,   4.689,9999.000,9999.000,9999.000,9999.000,9999.000,9999.000,9999.000,9999.000
202607102212,   4.654,9999.000,9999.000,9999.000,9999.000,9999.000,9999.000,9999.000,9999.000
202607102218,   4.615,9999.000,9999.000,9999.000,9999.000,9999.000,9999.000,9999.000,9999.000
202607102224,   4.571,9999.000,9999.000,9999.000,9999.000,9999.000,9999.000,9999.000,9999.000
202607102230,   4.522,9999.000,9999.000,9999.000,9999.000,9999.000,9999.000,9999.000,9999.000
202607102236,   4.470,9999.000,9999.000,9999.000,9999.000,9999.000,9999.000,9999.000,9999.000
202607102242,   4.413,9999.000,9999.000,9999.000,9999.000,9999.000,9999.000,9999.000,9999.000
202607102248,   4.353,9999.000,9999.000,9999.000,9999.000,9999.000,9999.000,9999.000,9999.000
202607102254,   4.289,9999.000,9999.000,9999.000,9999.000,9999.000,9999.000,9999.000,9999.000
202607102300,   4.221,9999.000,   0.600,   0.202,   5.023,   0.500,   4.923,   0.600,   5.023
202607102306,   4.149,9999.000,9999.000,9999.000,9999.000,9999.000,9999.000,9999.000,9999.000
202607102312,   4.075,9999.000,9999.000,9999.000,9999.000,9999.000,9999.000,9999.000,9999.000
202607102318,   3.997,9999.000,9999.000,9999.000,9999.000,9999.000,9999.000,9999.000,9999.000
202607102324,   3.917,9999.000,9999.000,9999.000,9999.000,9999.000,9999.000,9999.000,9999.000
202607102330,   3.834,9999.000,9999.000,9999.000,9999.000,9999.000,9999.000,9999.000,9999.000
202607102336,   3.749,9999.000,9999.000,9999.000,9999.000,9999.000,9999.000,9999.000,9999.000
202607102342,   3.662,9999.000,9999.000,9999.000,9999.000,9999.000,9999.000,9999.000,9999.000
202607102348,   3.572,9999.000,9999.000,9999.000,9999.000,9999.000,9999.000,9999.000,9999.000
202607102354,   3.481,9999.000,9999.000,9999.000,9999.000,9999.000,9999.000,9999.000,9999.000
202607110000,   3.389,9999.000,   0.600,   0.202,   4.191,   0.500,   4.091,   0.600,   4.191
202607110006,   3.295,9999.000,9999.000,9999.000,9999.000,9999.000,9999.000,9999.000,9999.000
202607110012,   3.200,9999.000,9999.000,9999.000,9999.000,9999.000,9999.000,9999.000,9999.000
202607110018,   3.104,9999.000,9999.000,9999.000,9999.000,9999.000,9999.000,9999.000,9999.000
202607110024,   3.008,9999.000,9999.000,9999.000,9999.000,9999.000,9999.000,9999.000,9999.000
202607110030,   2.911,9999.000,9999.000,9999.000,9999.000,9999.000,9999.000,9999.000,9999.000
202607110036,   2.814,9999.000,9999.000,9999.000,9999.000,9999.000,9999.000,9999.000,9999.000
202607110042,   2.717,9999.000,9999.000,9999.000,9999.000,9999.000,9999.000,9999.000,9999.000
202607110048,   2.620,9999.000,9999.000,9999.000,9999.000,9999.000,9999.000,9999.000,9999.000
202607110054,   2.523,9999.000,9999.000,9999.000,9999.000,9999.000,9999.000,9999.000,9999.000
202607110100,   2.427,9999.000,   0.600,   0.202,   3.229,   0.500,   3.129,   0.600,   3.229
202607110106,   2.332,9999.000,9999.000,9999.000,9999.000,9999.000,9999.000,9999.000,9999.000
202607110112,   2.237,9999.000,9999.000,9999.000,9999.000,9999.000,9999.000,9999.000,9999.000
202607110118,   2.143,9999.000,9999.000,9999.000,9999.000,9999.000,9999.000,9999.000,9999.000
202607110124,   2.050,9999.000,9999.000,9999.000,9999.000,9999.000,9999.000,9999.000,9999.000
202607110130,   1.958,9999.000,9999.000,9999.000,9999.000,9999.000,9999.000,9999.000,9999.000
202607110136,   1.867,9999.000,9999.000,9999.000,9999.000,9999.000,9999.000,9999.000,9999.000
202607110142,   1.778,9999.000,9999.000,9999.000,9999.000,9999.000,9999.000,9999.000,9999.000
202607110148,   1.691,9999.000,9999.000,9999.000,9999.000,9999.000,9999.000,9999.000,9999.000
202607110154,   1.605,9999.000,9999.000,9999.000,9999.000,9999.000,9999.000,9999.000,9999.000
202607110200,   1.521,9999.000,   0.600,   0.202,   2.323,   0.500,   2.223,   0.600,   2.323
202607110206,   1.439,9999.000,9999.000,9999.000,9999.000,9999.000,9999.000,9999.000,9999.000
202607110212,   1.359,9999.000,9999.000,9999.000,9999.000,9999.000,9999.000,9999.000,9999.000
202607110218,   1.281,9999.000,9999.000,9999.000,9999.000,9999.000,9999.000,9999.000,9999.000
202607110224,   1.205,9999.000,9999.000,9999.000,9999.000,9999.000,9999.000,9999.000,9999.000
202607110230,   1.132,9999.000,9999.000,9999.000,9999.000,9999.000,9999.000,9999.000,9999.000
202607110236,   1.061,9999.000,9999.000,9999.000,9999.000,9999.000,9999.000,9999.000,9999.000
202607110242,   0.993,9999.000,9999.000,9999.000,9999.000,9999.000,9999.000,9999.000,9999.000
202607110248,   0.928,9999.000,9999.000,9999.000,9999.000,9999.000,9999.000,9999.000,9999.000
202607110254,   0.866,9999.000,9999.000,9999.000,9999.000,9999.000,9999.000,9999.000,9999.000
202607110300,   0.807,9999.000,   0.600,   0.202,   1.609,   0.500,   1.509,   0.600,   1.609
202607110306,   0.751,9999.000,9999.000,9999.000,9999.000,9999.000,9999.000,9999.000,9999.000
202607110312,   0.698,9999.000,9999.000,9999.000,9999.000,9999.000,9999.000,9999.000,9999.000
202607110318,   0.649,9999.000,9999.000,9999.000,9999.000,9999.000,9999.000,9999.000,9999.000
202607110324,   0.604,9999.000,9999.000,9999.000,9999.000,9999.000,9999.000,9999.000,9999.000
202607110330,   0.563,9999.000,9999.000,9999.000,9999.000,9999.000,9999.000,9999.000,9999.000
202607110336,   0.525,9999.000,9999.000,9999.000,9999.000,9999.000,9999.000,9999.000,9999.000
202607110342,   0.492,9999.000,9999.000,9999.000,9999.000,9999.000,9999.000,9999.000,9999.000
202607110348,   0.463,9999.000,9999.000,9999.000,9999.000,9999.000,9999.000,9999.000,9999.000
202607110354,   0.438,9999.000,9999.000,9999.000,9999.000,9999.000,9999.000,9999.000,9999.000
202607110400,   0.418,9999.000,   0.600,   0.202,   1.220,   0.500,   1.120,   0.600,   1.220
202607110406,   0.403,9999.000,9999.000,9999.000,9999.000,9999.000,9999.000,9999.000,9999.000
202607110412,   0.392,9999.000,9999.000,9999.000,9999.000,9999.000,9999.000,9999.000,9999.000
202607110418,   0.386,9999.000,9999.000,9999.000,9999.000,9999.000,9999.000,9999.000,9999.000
202607110424,   0.385,9999.000,9999.000,9999.000,9999.000,9999.000,9999.000,9999.000,9999.000
202607110430,   0.389,9999.000,9999.000,9999.000,9999.000,9999.000,9999.000,9999.000,9999.000
202607110436,   0.399,9999.000,9999.000,9999.000,9999.000,9999.000,9999.000,9999.000,9999.000
202607110442,   0.413,9999.000,9999.000,9999.000,9999.000,9999.000,9999.000,9999.000,9999.000
202607110448,   0.432,9999.000,9999.000,9999.000,9999.000,9999.000,9999.000,9999.000,9999.000
202607110454,   0.457,9999.000,9999.000,9999.000,9999.000,9999.000,9999.000,9999.000,9999.000
202607110500,   0.487,9999.000,   0.600,   0.202,   1.289,   0.500,   1.189,   0.600,   1.289
202607110506,   0.522,9999.000,9999.000,9999.000,9999.000,9999.000,9999.000,9999.000,9999.000
202607110512,   0.562,9999.000,9999.000,9999.000,9999.000,9999.000,9999.000,9999.000,9999.000
202607110518,   0.607,9999.000,9999.000,9999.000,9999.000,9999.000,9999.000,9999.000,9999.000
202607110524,   0.657,9999.000,9999.000,9999.000,9999.000,9999.000,9999.000,9999.000,9999.000
202607110530,   0.711,9999.000,9999.000,9999.000,9999.000,9999.000,9999.000,9999.000,9999.000
202607110536,   0.770,9999.000,9999.000,9999.000,9999.000,9999.000,9999.000,9999.000,9999.000
202607110542,   0.833,9999.000,9999.000,9999.000,9999.000,9999.000,9999.000,9999.000,9999.000
202607110548,   0.900,9999.000,9999.000,9999.000,9999.000,9999.000,9999.000,9999.000,9999.000
202607110554,   0.971,9999.000,9999.000,9999.000,9999.000,9999.000,9999.000,9999.000,9999.000
202607110600,   1.045,9999.000,   0.500,   0.202,   1.747,   0.500,   1.747,   0.600,   1.847
202607110606,   1.122,9999.000,9999.000,9999.000,9999.000,9999.000,9999.000,9999.000,9999.000
202607110612,   1.202,9999.000,9999.000,9999.000,9999.000,9999.000,9999.000,9999.000,9999.000
202607110618,   1.284,9999.000,9999.000,9999.000,9999.000,9999.000,9999.000,9999.000,9999.000
202607110624,   1.369,9999.000,9999.000,9999.000,9999.000,9999.000,9999.000,9999.000,9999.000
202607110630,   1.455,9999.000,9999.000,9999.000,9999.000,9999.000,9999.000,9999.000,9999.000
202607110636,   1.543,9999.000,9999.000,9999.000,9999.000,9999.000,9999.000,9999.000,9999.000
202607110642,   1.631,9999.000,9999.000,9999.000,9999.000,9999.000,9999.000,9999.000,9999.000
202607110648,   1.721,9999.000,9999.000,9999.000,9999.000,9999.000,9999.000,9999.000,9999.000
202607110654,   1.810,9999.000,9999.000,9999.000,9999.000,9999.000,9999.000,9999.000,9999.000
202607110700,   1.900,9999.000,   0.500,   0.202,   2.602,   0.500,   2.602,   0.600,   2.702
202607110706,   1.989,9999.000,9999.000,9999.000,9999.000,9999.000,9999.000,9999.000,9999.000
202607110712,   2.077,9999.000,9999.000,9999.000,9999.000,9999.000,9999.000,9999.000,9999.000
202607110718,   2.165,9999.000,9999.000,9999.000,9999.000,9999.000,9999.000,9999.000,9999.000
202607110724,   2.251,9999.000,9999.000,9999.000,9999.000,9999.000,9999.000,9999.000,9999.000
202607110730,   2.336,9999.000,9999.000,9999.000,9999.000,9999.000,9999.000,9999.000,9999.000
202607110736,   2.420,9999.000,9999.000,9999.000,9999.000,9999.000,9999.000,9999.000,9999.000
202607110742,   2.501,9999.000,9999.000,9999.000,9999.000,9999.000,9999.000,9999.000,9999.000
202607110748,   2.580,9999.000,9999.000,9999.000,9999.000,9999.000,9999.000,9999.000,9999.000
202607110754,   2.657,9999.000,9999.000,9999.000,9999.000,9999.000,9999.000,9999.000,9999.000
202607110800,   2.732,9999.000,   0.600,   0.202,   3.534,   0.500,   3.434,   0.600,   3.534
202607110806,   2.804,9999.000,9999.000,9999.000,9999.000,9999.000,9999.000,9999.000,9999.000
202607110812,   2.873,9999.000,9999.000,9999.000,9999.000,9999.000,9999.000,9999.000,9999.000
202607110818,   2.939,9999.000,9999.000,9999.000,9999.000,9999.000,9999.000,9999.000,9999.000
202607110824,   3.002,9999.000,9999.000,9999.000,9999.000,9999.000,9999.000,9999.000,9999.000
202607110830,   3.062,9999.000,9999.000,9999.000,9999.000,9999.000,9999.000,9999.000,9999.000
202607110836,   3.118,9999.000,9999.000,9999.000,9999.000,9999.000,9999.000,9999.000,9999.000
202607110842,   3.171,9999.000,9999.000,9999.000,9999.000,9999.000,9999.000,9999.000,9999.000
202607110848,   3.221,9999.000,9999.000,9999.000,9999.000,9999.000,9999.000,9999.000,9999.000
202607110854,   3.266,9999.000,9999.000,9999.000,9999.000,9999.000,9999.000,9999.000,9999.000
202607110900,   3.308,9999.000,   0.600,   0.202,   4.110,   0.500,   4.010,   0.600,   4.110
202607110906,   3.346,9999.000,9999.000,9999.000,9999.000,9999.000,9999.000,9999.000,9999.000
202607110912,   3.380,9999.000,9999.000,9999.000,9999.000,9999.000,9999.000,9999.000,9999.000
202607110918,   3.410,9999.000,9999.000,9999.000,9999.000,9999.000,9999.000,9999.000,9999.000
202607110924,   3.435,9999.000,9999.000,9999.000,9999.000,9999.000,9999.000,9999.000,9999.000
202607110930,   3.456,9999.000,9999.000,9999.000,9999.000,9999.000,9999.000,9999.000,9999.000
202607110936,   3.473,9999.000,9999.000,9999.000,9999.000,9999.000,9999.000,9999.000,9999.000
202607110942,   3.486,9999.000,9999.000,9999.000,9999.000,9999.000,9999.000,9999.000,9999.000
202607110948,   3.494,9999.000,9999.000,9999.000,9999.000,9999.000,9999.000,9999.000,9999.000
202607110954,   3.497,9999.000,9999.000,9999.000,9999.000,9999.000,9999.000,9999.000,9999.000
202607111000,   3.496,9999.000,   0.600,   0.202,   4.298,   0.500,   4.198,   0.600,   4.298
202607111006,   3.490,9999.000,9999.000,9999.000,9999.000,9999.000,9999.000,9999.000,9999.000
202607111012,   3.480,9999.000,9999.000,9999.000,9999.000,9999.000,9999.000,9999.000,9999.000
202607111018,   3.466,9999.000,9999.000,9999.000,9999.000,9999.000,9999.000,9999.000,9999.000
202607111024,   3.447,9999.000,9999.000,9999.000,9999.000,9999.000,9999.000,9999.000,9999.000
202607111030,   3.423,9999.000,9999.000,9999.000,9999.000,9999.000,9999.000,9999.000,9999.000
202607111036,   3.396,9999.000,9999.000,9999.000,9999.000,9999.000,9999.000,9999.000,9999.000
202607111042,   3.364,9999.000,9999.000,9999.000,9999.000,9999.000,9999.000,9999.000,9999.000
202607111048,   3.327,9999.000,9999.000,9999.000,9999.000,9999.000,9999.000,9999.000,9999.000
202607111054,   3.287,9999.000,9999.000,9999.000,9999.000,9999.000,9999.000,9999.000,9999.000
202607111100,   3.243,9999.000,   0.600,   0.202,   4.045,   0.500,   3.945,   0.600,   4.045
202607111106,   3.195,9999.000,9999.000,9999.000,9999.000,9999.000,9999.000,9999.000,9999.000
202607111112,   3.144,9999.000,9999.000,9999.000,9999.000,9999.000,9999.000,9999.000,9999.000
202607111118,   3.089,9999.000,9999.000,9999.000,9999.000,9999.000,9999.000,9999.000,9999.000
202607111124,   3.031,9999.000,9999.000,9999.000,9999.000,9999.000,9999.000,9999.000,9999.000
202607111130,   2.969,9999.000,9999.000,9999.000,9999.000,9999.000,9999.000,9999.000,9999.000
202607111136,   2.905,9999.000,9999.000,9999.000,9999.000,9999.000,9999.000,9999.000,9999.000
202607111142,   2.838,9999.000,9999.000,9999.000,9999.000,9999.000,9999.000,9999.000,9999.000
202607111148,   2.769,9999.000,9999.000,9999.000,9999.000,9999.000,9999.000,9999.000,9999.000
202607111154,   2.697,9999.000,9999.000,9999.000,9999.000,9999.000,9999.000,9999.000,9999.000
202607111200,   2.623,9999.000,   0.600,   0.202,   3.425,   0.500,   3.325,   0.600,   3.425
202607111206,   2.547,9999.000,9999.000,9999.000,9999.000,9999.000,9999.000,9999.000,9999.000
202607111212,   2.470,9999.000,9999.000,9999.000,9999.000,9999.000,9999.000,9999.000,9999.000
202607111218,   2.391,9999.000,9999.000,9999.000,9999.000,9999.000,9999.000,9999.000,9999.000
202607111224,   2.311,9999.000,9999.000,9999.000,9999.000,9999.000,9999.000,9999.000,9999.000
202607111230,   2.229,9999.000,9999.000,9999.000,9999.000,9999.000,9999.000,9999.000,9999.000
202607111236,   2.147,9999.000,9999.000,9999.000,9999.000,9999.000,9999.000,9999.000,9999.000
202607111242,   2.064,9999.000,9999.000,9999.000,9999.000,9999.000,9999.000,9999.000,9999.000
202607111248,   1.981,9999.000,9999.000,9999.000,9999.000,9999.000,9999.000,9999.000,9999.000
202607111254,   1.898,9999.000,9999.000,9999.000,9999.000,9999.000,9999.000,9999.000,9999.000
202607111300,   1.814,9999.000,   0.600,   0.202,   2.616,   0.500,   2.516,   0.600,   2.616
202607111306,   1.730,9999.000,9999.000,9999.000,9999.000,9999.000,9999.000,9999.000,9999.000
202607111312,   1.647,9999.000,9999.000,9999.000,9999.000,9999.000,9999.000,9999.000,9999.000
202607111318,   1.565,9999.000,9999.000,9999.000,9999.000,9999.000,9999.000,9999.000,9999.000
202607111324,   1.482,9999.000,9999.000,9999.000,9999.000,9999.000,9999.000,9999.000,9999.000
202607111330,   1.401,9999.000,9999.000,9999.000,9999.000,9999.000,9999.000,9999.000,9999.000
202607111336,   1.321,9999.000,9999.000,9999.000,9999.000,9999.000,9999.000,9999.000,9999.000
202607111342,   1.242,9999.000,9999.000,9999.000,9999.000,9999.000,9999.000,9999.000,9999.000
202607111348,   1.164,9999.000,9999.000,9999.000,9999.000,9999.000,9999.000,9999.000,9999.000
202607111354,   1.087,9999.000,9999.000,9999.000,9999.000,9999.000,9999.000,9999.000,9999.000
202607111400,   1.012,9999.000,   0.600,   0.202,   1.814,   0.500,   1.714,   0.600,   1.814
202607111406,   0.939,9999.000,9999.000,9999.000,9999.000,9999.000,9999.000,9999.000,9999.000
202607111412,   0.868,9999.000,9999.000,9999.000,9999.000,9999.000,9999.000,9999.000,9999.000
202607111418,   0.799,9999.000,9999.000,9999.000,9999.000,9999.000,9999.000,9999.000,9999.000
202607111424,   0.732,9999.000,9999.000,9999.000,9999.000,9999.000,9999.000,9999.000,9999.000
202607111430,   0.667,9999.000,9999.000,9999.000,9999.000,9999.000,9999.000,9999.000,9999.000
202607111436,   0.605,9999.000,9999.000,9999.000,9999.000,9999.000,9999.000,9999.000,9999.000
202607111442,   0.546,9999.000,9999.000,9999.000,9999.000,9999.000,9999.000,9999.000,9999.000
202607111448,   0.489,9999.000,9999.000,9999.000,9999.000,9999.000,9999.000,9999.000,9999.000
202607111454,   0.436,9999.000,9999.000,9999.000,9999.000,9999.000,9999.000,9999.000,9999.000
202607111500,   0.385,9999.000,   0.600,   0.202,   1.187,   0.600,   1.187,   0.600,   1.187
202607111506,   0.338,9999.000,9999.000,9999.000,9999.000,9999.000,9999.000,9999.000,9999.000
202607111512,   0.295,9999.000,9999.000,9999.000,9999.000,9999.000,9999.000,9999.000,9999.000
202607111518,   0.255,9999.000,9999.000,9999.000,9999.000,9999.000,9999.000,9999.000,9999.000
202607111524,   0.219,9999.000,9999.000,9999.000,9999.000,9999.000,9999.000,9999.000,9999.000
202607111530,   0.187,9999.000,9999.000,9999.000,9999.000,9999.000,9999.000,9999.000,9999.000
202607111536,   0.159,9999.000,9999.000,9999.000,9999.000,9999.000,9999.000,9999.000,9999.000
202607111542,   0.136,9999.000,9999.000,9999.000,9999.000,9999.000,9999.000,9999.000,9999.000
202607111548,   0.117,9999.000,9999.000,9999.000,9999.000,9999.000,9999.000,9999.000,9999.000
202607111554,   0.103,9999.000,9999.000,9999.000,9999.000,9999.000,9999.000,9999.000,9999.000
202607111600,   0.094,9999.000,   0.600,   0.202,   0.896,   0.600,   0.896,   0.600,   0.896
202607111606,   0.090,9999.000,9999.000,9999.000,9999.000,9999.000,9999.000,9999.000,9999.000
202607111612,   0.091,9999.000,9999.000,9999.000,9999.000,9999.000,9999.000,9999.000,9999.000
202607111618,   0.097,9999.000,9999.000,9999.000,9999.000,9999.000,9999.000,9999.000,9999.000
202607111624,   0.110,9999.000,9999.000,9999.000,9999.000,9999.000,9999.000,9999.000,9999.000
202607111630,   0.128,9999.000,9999.000,9999.000,9999.000,9999.000,9999.000,9999.000,9999.000
202607111636,   0.151,9999.000,9999.000,9999.000,9999.000,9999.000,9999.000,9999.000,9999.000
202607111642,   0.181,9999.000,9999.000,9999.000,9999.000,9999.000,9999.000,9999.000,9999.000
202607111648,   0.216,9999.000,9999.000,9999.000,9999.000,9999.000,9999.000,9999.000,9999.000
202607111654,   0.257,9999.000,9999.000,9999.000,9999.000,9999.000,9999.000,9999.000,9999.000
202607111700,   0.305,9999.000,   0.600,   0.202,   1.107,   0.600,   1.107,   0.700,   1.207
202607111706,   0.358,9999.000,9999.000,9999.000,9999.000,9999.000,9999.000,9999.000,9999.000
202607111712,   0.417,9999.000,9999.000,9999.000,9999.000,9999.000,9999.000,9999.000,9999.000
202607111718,   0.482,9999.000,9999.000,9999.000,9999.000,9999.000,9999.000,9999.000,9999.000
202607111724,   0.553,9999.000,9999.000,9999.000,9999.000,9999.000,9999.000,9999.000,9999.000
202607111730,   0.629,9999.000,9999.000,9999.000,9999.000,9999.000,9999.000,9999.000,9999.000
202607111736,   0.711,9999.000,9999.000,9999.000,9999.000,9999.000,9999.000,9999.000,9999.000
202607111742,   0.799,9999.000,9999.000,9999.000,9999.000,9999.000,9999.000,9999.000,9999.000
202607111748,   0.891,9999.000,9999.000,9999.000,9999.000,9999.000,9999.000,9999.000,9999.000
202607111754,   0.988,9999.000,9999.000,9999.000,9999.000,9999.000,9999.000,9999.000,9999.000
202607111800,   1.090,9999.000,   0.600,   0.202,   1.892,   0.600,   1.892,   0.700,   1.992
202607111806,   1.196,9999.000,9999.000,9999.000,9999.000,9999.000,9999.000,9999.000,9999.000
202607111812,   1.307,9999.000,9999.000,9999.000,9999.000,9999.000,9999.000,9999.000,9999.000
202607111818,   1.421,9999.000,9999.000,9999.000,9999.000,9999.000,9999.000,9999.000,9999.000
202607111824,   1.538,9999.000,9999.000,9999.000,9999.000,9999.000,9999.000,9999.000,9999.000
202607111830,   1.658,9999.000,9999.000,9999.000,9999.000,9999.000,9999.000,9999.000,9999.000
202607111836,   1.781,9999.000,9999.000,9999.000,9999.000,9999.000,9999.000,9999.000,9999.000
202607111842,   1.905,9999.000,9999.000,9999.000,9999.000,9999.000,9999.000,9999.000,9999.000
202607111848,   2.032,9999.000,9999.000,9999.000,9999.000,9999.000,9999.000,9999.000,9999.000
202607111854,   2.160,9999.000,9999.000,9999.000,9999.000,9999.000,9999.000,9999.000,9999.000
202607111900,   2.288,9999.000,   0.600,   0.202,   3.090,   0.600,   3.090,   0.700,   3.190
202607111906,   2.418,9999.000,9999.000,9999.000,9999.000,9999.000,9999.000,9999.000,9999.000
202607111912,   2.547,9999.000,9999.000,9999.000,9999.000,9999.000,9999.000,9999.000,9999.000
202607111918,   2.676,9999.000,9999.000,9999.000,9999.000,9999.000,9999.000,9999.000,9999.000
202607111924,   2.805,9999.000,9999.000,9999.000,9999.000,9999.000,9999.000,9999.000,9999.000
202607111930,   2.932,9999.000,9999.000,9999.000,9999.000,9999.000,9999.000,9999.000,9999.000
202607111936,   3.058,9999.000,9999.000,9999.000,9999.000,9999.000,9999.000,9999.000,9999.000
202607111942,   3.182,9999.000,9999.000,9999.000,9999.000,9999.000,9999.000,9999.000,9999.000
202607111948,   3.305,9999.000,9999.000,9999.000,9999.000,9999.000,9999.000,9999.000,9999.000
202607111954,   3.425,9999.000,9999.000,9999.000,9999.000,9999.000,9999.000,9999.000,9999.000
202607112000,   3.542,9999.000,   0.600,   0.202,   4.344,   0.600,   4.344,   0.700,   4.444
202607112006,   3.657,9999.000,9999.000,9999.000,9999.000,9999.000,9999.000,9999.000,9999.000
202607112012,   3.768,9999.000,9999.000,9999.000,9999.000,9999.000,9999.000,9999.000,9999.000
202607112018,   3.876,9999.000,9999.000,9999.000,9999.000,9999.000,9999.000,9999.000,9999.000
202607112024,   3.981,9999.000,9999.000,9999.000,9999.000,9999.000,9999.000,9999.000,9999.000
202607112030,   4.081,9999.000,9999.000,9999.000,9999.000,9999.000,9999.000,9999.000,9999.000
202607112036,   4.178,9999.000,9999.000,9999.000,9999.000,9999.000,9999.000,9999.000,9999.000
202607112042,   4.271,9999.000,9999.000,9999.000,9999.000,9999.000,9999.000,9999.000,9999.000
202607112048,   4.359,9999.000,9999.000,9999.000,9999.000,9999.000,9999.000,9999.000,9999.000
202607112054,   4.443,9999.000,9999.000,9999.000,9999.000,9999.000,9999.000,9999.000,9999.000
202607112100,   4.522,9999.000,   0.700,   0.202,   5.424,   0.600,   5.324,   0.700,   5.424
202607112106,   4.596,9999.000,9999.000,9999.000,9999.000,9999.000,9999.000,9999.000,9999.000
202607112112,   4.666,9999.000,9999.000,9999.000,9999.000,9999.000,9999.000,9999.000,9999.000
202607112118,   4.730,9999.000,9999.000,9999.000,9999.000,9999.000,9999.000,9999.000,9999.000
202607112124,   4.790,9999.000,9999.000,9999.000,9999.000,9999.000,9999.000,9999.000,9999.000
202607112130,   4.844,9999.000,9999.000,9999.000,9999.000,9999.000,9999.000,9999.000,9999.000
202607112136,   4.893,9999.000,9999.000,9999.000,9999.000,9999.000,9999.000,9999.000,9999.000
202607112142,   4.937,9999.000,9999.000,9999.000,9999.000,9999.000,9999.000,9999.000,9999.000
202607112148,   4.975,9999.000,9999.000,9999.000,9999.000,9999.000,9999.000,9999.000,9999.000
202607112154,   5.008,9999.000,9999.000,9999.000,9999.000,9999.000,9999.000,9999.000,9999.000
202607112200,   5.035,9999.000,   0.700,   0.202,   5.937,   0.600,   5.837,   0.800,   6.037
202607112206,   5.056,9999.000,9999.000,9999.000,9999.000,9999.000,9999.000,9999.000,9999.000
202607112212,   5.072,9999.000,9999.000,9999.000,9999.000,9999.000,9999.000,9999.000,9999.000
202607112218,   5.083,9999.000,9999.000,9999.000,9999.000,9999.000,9999.000,9999.000,9999.000
202607112224,   5.088,9999.000,9999.000,9999.000,9999.000,9999.000,9999.000,9999.000,9999.000
202607112230,   5.087,9999.000,9999.000,9999.000,9999.000,9999.000,9999.000,9999.000,9999.000
202607112236,   5.081,9999.000,9999.000,9999.000,9999.000,9999.000,9999.000,9999.000,9999.000
202607112242,   5.069,9999.000,9999.000,9999.000,9999.000,9999.000,9999.000,9999.000,9999.000
202607112248,   5.052,9999.000,9999.000,9999.000,9999.000,9999.000,9999.000,9999.000,9999.000
202607112254,   5.029,9999.000,9999.000,9999.000,9999.000,9999.000,9999.000,9999.000,9999.000
202607112300,   5.001,9999.000,   0.700,   0.202,   5.903,   0.600,   5.803,   0.800,   6.003
202607112306,   4.968,9999.000,9999.000,9999.000,9999.000,9999.000,9999.000,9999.000,9999.000
202607112312,   4.930,9999.000,9999.000,9999.000,9999.000,9999.000,9999.000,9999.000,9999.000
202607112318,   4.887,9999.000,9999.000,9999.000,9999.000,9999.000,9999.000,9999.000,9999.000
202607112324,   4.839,9999.000,9999.000,9999.000,9999.000,9999.000,9999.000,9999.000,9999.000
202607112330,   4.786,9999.000,9999.000,9999.000,9999.000,9999.000,9999.000,9999.000,9999.000
202607112336,   4.729,9999.000,9999.000,9999.000,9999.000,9999.000,9999.000,9999.000,9999.000
202607112342,   4.668,9999.000,9999.000,9999.000,9999.000,9999.000,9999.000,9999.000,9999.000
202607112348,   4.603,9999.000,9999.000,9999.000,9999.000,9999.000,9999.000,9999.000,9999.000
202607112354,   4.533,9999.000,9999.000,9999.000,9999.000,9999.000,9999.000,9999.000,9999.000
202607120000,   4.460,9999.000,   0.700,   0.202,   5.362,   0.600,   5.262,   0.800,   5.462
202607120006,   4.383,9999.000,9999.000,9999.000,9999.000,9999.000,9999.000,9999.000,9999.000
202607120012,   4.302,9999.000,9999.000,9999.000,9999.000,9999.000,9999.000,9999.000,9999.000
202607120018,   4.219,9999.000,9999.000,9999.000,9999.000,9999.000,9999.000,9999.000,9999.000
202607120024,   4.132,9999.000,9999.000,9999.000,9999.000,9999.000,9999.000,9999.000,9999.000
202607120030,   4.043,9999.000,9999.000,9999.000,9999.000,9999.000,9999.000,9999.000,9999.000
202607120036,   3.951,9999.000,9999.000,9999.000,9999.000,9999.000,9999.000,9999.000,9999.000
202607120042,   3.856,9999.000,9999.000,9999.000,9999.000,9999.000,9999.000,9999.000,9999.000
202607120048,   3.760,9999.000,9999.000,9999.000,9999.000,9999.000,9999.000,9999.000,9999.000
202607120054,   3.661,9999.000,9999.000,9999.000,9999.000,9999.000,9999.000,9999.000,9999.000
202607120100,   3.561,9999.000,   0.700,   0.202,   4.463,   0.600,   4.363,   0.800,   4.563
202607120106,   3.459,9999.000,9999.000,9999.000,9999.000,9999.000,9999.000,9999.000,9999.000
202607120112,   3.355,9999.000,9999.000,9999.000,9999.000,9999.000,9999.000,9999.000,9999.000
202607120118,   3.250,9999.000,9999.000,9999.000,9999.000,9999.000,9999.000,9999.000,9999.000
202607120124,   3.145,9999.000,9999.000,9999.000,9999.000,9999.000,9999.000,9999.000,9999.000
202607120130,   3.038,9999.000,9999.000,9999.000,9999.000,9999.000,9999.000,9999.000,9999.000
202607120136,   2.931,9999.000,9999.000,9999.000,9999.000,9999.000,9999.000,9999.000,9999.000
202607120142,   2.824,9999.000,9999.000,9999.000,9999.000,9999.000,9999.000,9999.000,9999.000
202607120148,   2.716,9999.000,9999.000,9999.000,9999.000,9999.000,9999.000,9999.000,9999.000
202607120154,   2.608,9999.000,9999.000,9999.000,9999.000,9999.000,9999.000,9999.000,9999.000
202607120200,   2.500,9999.000,   0.700,   0.202,   3.402,   0.600,   3.302,   0.800,   3.502
202607120206,   2.393,9999.000,9999.000,9999.000,9999.000,9999.000,9999.000,9999.000,9999.000
202607120212,   2.285,9999.000,9999.000,9999.000,9999.000,9999.000,9999.000,9999.000,9999.000
202607120218,   2.179,9999.000,9999.000,9999.000,9999.000,9999.000,9999.000,9999.000,9999.000
202607120224,   2.073,9999.000,9999.000,9999.000,9999.000,9999.000,9999.000,9999.000,9999.000
202607120230,   1.968,9999.000,9999.000,9999.000,9999.000,9999.000,9999.000,9999.000,9999.000
202607120236,   1.865,9999.000,9999.000,9999.000,9999.000,9999.000,9999.000,9999.000,9999.000
202607120242,   1.763,9999.000,9999.000,9999.000,9999.000,9999.000,9999.000,9999.000,9999.000
202607120248,   1.662,9999.000,9999.000,9999.000,9999.000,9999.000,9999.000,9999.000,9999.000
202607120254,   1.563,9999.000,9999.000,9999.000,9999.000,9999.000,9999.000,9999.000,9999.000
202607120300,   1.465,9999.000,   0.700,   0.202,   2.367,   0.700,   2.367,   0.800,   2.467
202607120306,   1.370,9999.000,9999.000,9999.000,9999.000,9999.000,9999.000,9999.000,9999.000
202607120312,   1.277,9999.000,9999.000,9999.000,9999.000,9999.000,9999.000,9999.000,9999.000
202607120318,   1.186,9999.000,9999.000,9999.000,9999.000,9999.000,9999.000,9999.000,9999.000
202607120324,   1.098,9999.000,9999.000,9999.000,9999.000,9999.000,9999.000,9999.000,9999.000
202607120330,   1.012,9999.000,9999.000,9999.000,9999.000,9999.000,9999.000,9999.000,9999.000
202607120336,   0.930,9999.000,9999.000,9999.000,9999.000,9999.000,9999.000,9999.000,9999.000
202607120342,   0.850,9999.000,9999.000,9999.000,9999.000,9999.000,9999.000,9999.000,9999.000
202607120348,   0.774,9999.000,9999.000,9999.000,9999.000,9999.000,9999.000,9999.000,9999.000
202607120354,   0.701,9999.000,9999.000,9999.000,9999.000,9999.000,9999.000,9999.000,9999.000
202607120400,   0.631,9999.000,   0.800,   0.202,   1.633,   0.700,   1.533,   0.900,   1.733
202607120406,   0.566,9999.000,9999.000,9999.000,9999.000,9999.000,9999.000,9999.000,9999.000
202607120412,   0.504,9999.000,9999.000,9999.000,9999.000,9999.000,9999.000,9999.000,9999.000
202607120418,   0.447,9999.000,9999.000,9999.000,9999.000,9999.000,9999.000,9999.000,9999.000
202607120424,   0.394,9999.000,9999.000,9999.000,9999.000,9999.000,9999.000,9999.000,9999.000
202607120430,   0.345,9999.000,9999.000,9999.000,9999.000,9999.000,9999.000,9999.000,9999.000
202607120436,   0.301,9999.000,9999.000,9999.000,9999.000,9999.000,9999.000,9999.000,9999.000
202607120442,   0.262,9999.000,9999.000,9999.000,9999.000,9999.000,9999.000,9999.000,9999.000
202607120448,   0.227,9999.000,9999.000,9999.000,9999.000,9999.000,9999.000,9999.000,9999.000
202607120454,   0.198,9999.000,9999.000,9999.000,9999.000,9999.000,9999.000,9999.000,9999.000
202607120500,   0.174,9999.000,   0.800,   0.202,   1.176,   0.700,   1.076,   0.900,   1.276
202607120506,   0.154,9999.000,9999.000,9999.000,9999.000,9999.000,9999.000,9999.000,9999.000
202607120512,   0.141,9999.000,9999.000,9999.000,9999.000,9999.000,9999.000,9999.000,9999.000
202607120518,   0.133,9999.000,9999.000,9999.000,9999.000,9999.000,9999.000,9999.000,9999.000
202607120524,   0.130,9999.000,9999.000,9999.000,9999.000,9999.000,9999.000,9999.000,9999.000
202607120530,   0.132,9999.000,9999.000,9999.000,9999.000,9999.000,9999.000,9999.000,9999.000
202607120536,   0.141,9999.000,9999.000,9999.000,9999.000,9999.000,9999.000,9999.000,9999.000
202607120542,   0.155,9999.000,9999.000,9999.000,9999.000,9999.000,9999.000,9999.000,9999.000
202607120548,   0.174,9999.000,9999.000,9999.000,9999.000,9999.000,9999.000,9999.000,9999.000
202607120554,   0.199,9999.000,9999.000,9999.000,9999.000,9999.000,9999.000,9999.000,9999.000
202607120600,   0.230,9999.000,   0.800,   0.202,   1.232,   0.700,   1.132,   0.900,   1.332
202607120606,   0.266,9999.000,9999.000,9999.000,9999.000,9999.000,9999.000,9999.000,9999.000
202607120612,   0.308,9999.000,9999.000,9999.000,9999.000,9999.000,9999.000,9999.000,9999.000
202607120618,   0.355,9999.000,9999.000,9999.000,9999.000,9999.000,9999.000,9999.000,9999.000
202607120624,   0.407,9999.000,9999.000,9999.000,9999.000,9999.000,9999.000,9999.000,9999.000
202607120630,   0.464,9999.000,9999.000,9999.000,9999.000,9999.000,9999.000,9999.000,9999.000
202607120636,   0.526,9999.000,9999.000,9999.000,9999.000,9999.000,9999.000,9999.000,9999.000
202607120642,   0.593,9999.000,9999.000,9999.000,9999.000,9999.000,9999.000,9999.000,9999.000
202607120648,   0.664,9999.000,9999.000,9999.000,9999.000,9999.000,9999.000,9999.000,9999.000
202607120654,   0.739,9999.000,9999.000,9999.000,9999.000,9999.000,9999.000,9999.000,9999.000
202607120700,   0.818,9999.000,   0.800,   0.202,   1.820,   0.700,   1.720,   0.900,   1.920
202607120706,   0.901,9999.000,9999.000,9999.000,9999.000,9999.000,9999.000,9999.000,9999.000
202607120712,   0.987,9999.000,9999.000,9999.000,9999.000,9999.000,9999.000,9999.000,9999.000
202607120718,   1.075,9999.000,9999.000,9999.000,9999.000,9999.000,9999.000,9999.000,9999.000
202607120724,   1.167,9999.000,9999.000,9999.000,9999.000,9999.000,9999.000,9999.000,9999.000
202607120730,   1.261,9999.000,9999.000,9999.000,9999.000,9999.000,9999.000,9999.000,9999.000
202607120736,   1.357,9999.000,9999.000,9999.000,9999.000,9999.000,9999.000,9999.000,9999.000
202607120742,   1.454,9999.000,9999.000,9999.000,9999.000,9999.000,9999.000,9999.000,9999.000
202607120748,   1.553,9999.000,9999.000,9999.000,9999.000,9999.000,9999.000,9999.000,9999.000
202607120754,   1.652,9999.000,9999.000,9999.000,9999.000,9999.000,9999.000,9999.000,9999.000
202607120800,   1.752,9999.000,   0.800,   0.202,   2.754,   0.700,   2.654,   0.900,   2.854
202607120806,   1.852,9999.000,9999.000,9999.000,9999.000,9999.000,9999.000,9999.000,9999.000
202607120812,   1.952,9999.000,9999.000,9999.000,9999.000,9999.000,9999.000,9999.000,9999.000
202607120818,   2.051,9999.000,9999.000,9999.000,9999.000,9999.000,9999.000,9999.000,9999.000
202607120824,   2.150,9999.000,9999.000,9999.000,9999.000,9999.000,9999.000,9999.000,9999.000
202607120830,   2.247,9999.000,9999.000,9999.000,9999.000,9999.000,9999.000,9999.000,9999.000
202607120836,   2.343,9999.000,9999.000,9999.000,9999.000,9999.000,9999.000,9999.000,9999.000
202607120842,   2.437,9999.000,9999.000,9999.000,9999.000,9999.000,9999.000,9999.000,9999.000
202607120848,   2.529,9999.000,9999.000,9999.000,9999.000,9999.000,9999.000,9999.000,9999.000
202607120854,   2.619,9999.000,9999.000,9999.000,9999.000,9999.000,9999.000,9999.000,9999.000
202607120900,   2.706,9999.000,   0.800,   0.202,   3.708,   0.700,   3.608,   0.900,   3.808
202607120906,   2.790,9999.000,9999.000,9999.000,9999.000,9999.000,9999.000,9999.000,9999.000
202607120912,   2.871,9999.000,9999.000,9999.000,9999.000,9999.000,9999.000,9999.000,9999.000
202607120918,   2.949,9999.000,9999.000,9999.000,9999.000,9999.000,9999.000,9999.000,9999.000
202607120924,   3.024,9999.000,9999.000,9999.000,9999.000,9999.000,9999.000,9999.000,9999.000
202607120930,   3.094,9999.000,9999.000,9999.000,9999.000,9999.000,9999.000,9999.000,9999.000
202607120936,   3.161,9999.000,9999.000,9999.000,9999.000,9999.000,9999.000,9999.000,9999.000
202607120942,   3.224,9999.000,9999.000,9999.000,9999.000,9999.000,9999.000,9999.000,9999.000
202607120948,   3.282,9999.000,9999.000,9999.000,9999.000,9999.000,9999.000,9999.000,9999.000
202607120954,   3.336,9999.000,9999.000,9999.000,9999.000,9999.000,9999.000,9999.000,9999.000
202607121000,   3.386,9999.000,   0.800,   0.202,   4.388,   0.700,   4.288,   1.000,   4.588
202607121006,   3.431,9999.000,9999.000,9999.000,9999.000,9999.000,9999.000,9999.000,9999.000
202607121012,   3.472,9999.000,9999.000,9999.000,9999.000,9999.000,9999.000,9999.000,9999.000
202607121018,   3.507,9999.000,9999.000,9999.000,9999.000,9999.000,9999.000,9999.000,9999.000
202607121024,   3.538,9999.000,9999.000,9999.000,9999.000,9999.000,9999.000,9999.000,9999.000
202607121030,   3.564,9999.000,9999.000,9999.000,9999.000,9999.000,9999.000,9999.000,9999.000
202607121036,   3.585,9999.000,9999.000,9999.000,9999.000,9999.000,9999.000,9999.000,9999.000
202607121042,   3.601,9999.000,9999.000,9999.000,9999.000,9999.000,9999.000,9999.000,9999.000
202607121048,   3.613,9999.000,9999.000,9999.000,9999.000,9999.000,9999.000,9999.000,9999.000
202607121054,   3.619,9999.000,9999.000,9999.000,9999.000,9999.000,9999.000,9999.000,9999.000
202607121100,   3.620,9999.000,   0.800,   0.202,   4.622,   0.700,   4.522,   1.000,   4.822
202607121106,   3.616,9999.000,9999.000,9999.000,9999.000,9999.000,9999.000,9999.000,9999.000
202607121112,   3.607,9999.000,9999.000,9999.000,9999.000,9999.000,9999.000,9999.000,9999.000
202607121118,   3.594,9999.000,9999.000,9999.000,9999.000,9999.000,9999.000,9999.000,9999.000
202607121124,   3.575,9999.000,9999.000,9999.000,9999.000,9999.000,9999.000,9999.000,9999.000
202607121130,   3.552,9999.000,9999.000,9999.000,9999.000,9999.000,9999.000,9999.000,9999.000
202607121136,   3.525,9999.000,9999.000,9999.000,9999.000,9999.000,9999.000,9999.000,9999.000
202607121142,   3.493,9999.000,9999.000,9999.000,9999.000,9999.000,9999.000,9999.000,9999.000
202607121148,   3.456,9999.000,9999.000,9999.000,9999.000,9999.000,9999.000,9999.000,9999.000
202607121154,   3.415,9999.000,9999.000,9999.000,9999.000,9999.000,9999.000,9999.000,9999.000
202607121200,   3.370,9999.000,   0.800,   0.202,   4.372,   0.700,   4.272,   0.900,   4.472
202607121206,   3.321,9999.000,9999.000,9999.000,9999.000,9999.000,9999.000,9999.000,9999.000
202607121212,   3.268,9999.000,9999.000,9999.000,9999.000,9999.000,9999.000,9999.000,9999.000
202607121218,   3.212,9999.000,9999.000,9999.000,9999.000,9999.000,9999.000,9999.000,9999.000
202607121224,   3.152,9999.000,9999.000,9999.000,9999.000,9999.000,9999.000,9999.000,9999.000
202607121230,   3.088,9999.000,9999.000,9999.000,9999.000,9999.000,9999.000,9999.000,9999.000
202607121236,   3.021,9999.000,9999.000,9999.000,9999.000,9999.000,9999.000,9999.000,9999.000
202607121242,   2.952,9999.000,9999.000,9999.000,9999.000,9999.000,9999.000,9999.000,9999.000
202607121248,   2.879,9999.000,9999.000,9999.000,9999.000,9999.000,9999.000,9999.000,9999.000
202607121254,   2.804,9999.000,9999.000,9999.000,9999.000,9999.000,9999.000,9999.000,9999.000
202607121300,   2.727,9999.000,   0.800,   0.202,   3.729,   0.700,   3.629,   1.000,   3.929
202607121306,   2.647,9999.000,9999.000,9999.000,9999.000,9999.000,9999.000,9999.000,9999.000
202607121312,   2.565,9999.000,9999.000,9999.000,9999.000,9999.000,9999.000,9999.000,9999.000
202607121318,   2.481,9999.000,9999.000,9999.000,9999.000,9999.000,9999.000,9999.000,9999.000
202607121324,   2.396,9999.000,9999.000,9999.000,9999.000,9999.000,9999.000,9999.000,9999.000
202607121330,   2.309,9999.000,9999.000,9999.000,9999.000,9999.000,9999.000,9999.000,9999.000
202607121336,   2.222,9999.000,9999.000,9999.000,9999.000,9999.000,9999.000,9999.000,9999.000
202607121342,   2.133,9999.000,9999.000,9999.000,9999.000,9999.000,9999.000,9999.000,9999.000
202607121348,   2.043,9999.000,9999.000,9999.000,9999.000,9999.000,9999.000,9999.000,9999.000
202607121354,   1.953,9999.000,9999.000,9999.000,9999.000,9999.000,9999.000,9999.000,9999.000
202607121400,   1.862,9999.000,   0.800,   0.202,   2.864,   0.700,   2.764,   1.000,   3.064
202607121406,   1.771,9999.000,9999.000,9999.000,9999.000,9999.000,9999.000,9999.000,9999.000
202607121412,   1.680,9999.000,9999.000,9999.000,9999.000,9999.000,9999.000,9999.000,9999.000
202607121418,   1.589,9999.000,9999.000,9999.000,9999.000,9999.000,9999.000,9999.000,9999.000
202607121424,   1.499,9999.000,9999.000,9999.000,9999.000,9999.000,9999.000,9999.000,9999.000
202607121430,   1.409,9999.000,9999.000,9999.000,9999.000,9999.000,9999.000,9999.000,9999.000
202607121436,   1.320,9999.000,9999.000,9999.000,9999.000,9999.000,9999.000,9999.000,9999.000
202607121442,   1.233,9999.000,9999.000,9999.000,9999.000,9999.000,9999.000,9999.000,9999.000
202607121448,   1.146,9999.000,9999.000,9999.000,9999.000,9999.000,9999.000,9999.000,9999.000
202607121454,   1.061,9999.000,9999.000,9999.000,9999.000,9999.000,9999.000,9999.000,9999.000
202607121500,   0.977,9999.000,   0.800,   0.202,   1.979,   0.700,   1.879,   1.000,   2.179
202607121506,   0.895,9999.000,9999.000,9999.000,9999.000,9999.000,9999.000,9999.000,9999.000
202607121512,   0.815,9999.000,9999.000,9999.000,9999.000,9999.000,9999.000,9999.000,9999.000
202607121518,   0.738,9999.000,9999.000,9999.000,9999.000,9999.000,9999.000,9999.000,9999.000
202607121524,   0.662,9999.000,9999.000,9999.000,9999.000,9999.000,9999.000,9999.000,9999.000
202607121530,   0.590,9999.000,9999.000,9999.000,9999.000,9999.000,9999.000,9999.000,9999.000
202607121536,   0.520,9999.000,9999.000,9999.000,9999.000,9999.000,9999.000,9999.000,9999.000
202607121542,   0.453,9999.000,9999.000,9999.000,9999.000,9999.000,9999.000,9999.000,9999.000
202607121548,   0.389,9999.000,9999.000,9999.000,9999.000,9999.000,9999.000,9999.000,9999.000
202607121554,   0.329,9999.000,9999.000,9999.000,9999.000,9999.000,9999.000,9999.000,9999.000
202607121600,   0.272,9999.000,   0.800,   0.202,   1.274,   0.700,   1.174,   1.000,   1.474
202607121606,   0.219,9999.000,9999.000,9999.000,9999.000,9999.000,9999.000,9999.000,9999.000
202607121612,   0.170,9999.000,9999.000,9999.000,9999.000,9999.000,9999.000,9999.000,9999.000
202607121618,   0.125,9999.000,9999.000,9999.000,9999.000,9999.000,9999.000,9999.000,9999.000
202607121624,   0.085,9999.000,9999.000,9999.000,9999.000,9999.000,9999.000,9999.000,9999.000
202607121630,   0.049,9999.000,9999.000,9999.000,9999.000,9999.000,9999.000,9999.000,9999.000
202607121636,   0.017,9999.000,9999.000,9999.000,9999.000,9999.000,9999.000,9999.000,9999.000
202607121642,  -0.008,9999.000,9999.000,9999.000,9999.000,9999.000,9999.000,9999.000,9999.000
202607121648,  -0.029,9999.000,9999.000,9999.000,9999.000,9999.000,9999.000,9999.000,9999.000
202607121654,  -0.045,9999.000,9999.000,9999.000,9999.000,9999.000,9999.000,9999.000,9999.000
202607121700,  -0.056,9999.000,   0.800,   0.202,   0.946,   0.700,   0.846,   1.000,   1.146
202607121706,  -0.061,9999.000,9999.000,9999.000,9999.000,9999.000,9999.000,9999.000,9999.000
202607121712,  -0.060,9999.000,9999.000,9999.000,9999.000,9999.000,9999.000,9999.000,9999.000
202607121718,  -0.053,9999.000,9999.000,9999.000,9999.000,9999.000,9999.000,9999.000,9999.000
202607121724,  -0.040,9999.000,9999.000,9999.000,9999.000,9999.000,9999.000,9999.000,9999.000
202607121730,  -0.021,9999.000,9999.000,9999.000,9999.000,9999.000,9999.000,9999.000,9999.000
202607121736,   0.003,9999.000,9999.000,9999.000,9999.000,9999.000,9999.000,9999.000,9999.000
202607121742,   0.035,9999.000,9999.000,9999.000,9999.000,9999.000,9999.000,9999.000,9999.000
202607121748,   0.073,9999.000,9999.000,9999.000,9999.000,9999.000,9999.000,9999.000,9999.000
202607121754,   0.117,9999.000,9999.000,9999.000,9999.000,9999.000,9999.000,9999.000,9999.000
202607121800,   0.167,9999.000,   0.800,   0.202,   1.169,   0.700,   1.069,   1.000,   1.369
202607121806,   0.224,9999.000,9999.000,9999.000,9999.000,9999.000,9999.000,9999.000,9999.000
202607121812,   0.288,9999.000,9999.000,9999.000,9999.000,9999.000,9999.000,9999.000,9999.000
202607121818,   0.357,9999.000,9999.000,9999.000,9999.000,9999.000,9999.000,9999.000,9999.000
202607121824,   0.433,9999.000,9999.000,9999.000,9999.000,9999.000,9999.000,9999.000,9999.000
202607121830,   0.514,9999.000,9999.000,9999.000,9999.000,9999.000,9999.000,9999.000,9999.000
202607121836,   0.602,9999.000,9999.000,9999.000,9999.000,9999.000,9999.000,9999.000,9999.000
202607121842,   0.695,9999.000,9999.000,9999.000,9999.000,9999.000,9999.000,9999.000,9999.000
202607121848,   0.794,9999.000,9999.000,9999.000,9999.000,9999.000,9999.000,9999.000,9999.000
202607121854,   0.898,9999.000,9999.000,9999.000,9999.000,9999.000,9999.000,9999.000,9999.000
202607121900,   1.007,9999.000,   0.800,   0.202,   2.009,   0.700,   1.909,   0.900,   2.109
202607121906,   1.120,9999.000,9999.000,9999.000,9999.000,9999.000,9999.000,9999.000,9999.000
202607121912,   1.239,9999.000,9999.000,9999.000,9999.000,9999.000,9999.000,9999.000,9999.000
202607121918,   1.361,9999.000,9999.000,9999.000,9999.000,9999.000,9999.000,9999.000,9999.000
202607121924,   1.487,9999.000,9999.000,9999.000,9999.000,9999.000,9999.000,9999.000,9999.000
202607121930,   1.616,9999.000,9999.000,9999.000,9999.000,9999.000,9999.000,9999.000,9999.000
202607121936,   1.748,9999.000,9999.000,9999.000,9999.000,9999.000,9999.000,9999.000,9999.000
202607121942,   1.883,9999.000,9999.000,9999.000,9999.000,9999.000,9999.000,9999.000,9999.000
202607121948,   2.020,9999.000,9999.000,9999.000,9999.000,9999.000,9999.000,9999.000,9999.000
202607121954,   2.158,9999.000,9999.000,9999.000,9999.000,9999.000,9999.000,9999.000,9999.000
202607122000,   2.298,9999.000,   0.800,   0.202,   3.300,   0.700,   3.200,   0.900,   3.400
202607122006,   2.438,9999.000,9999.000,9999.000,9999.000,9999.000,9999.000,9999.000,9999.000
202607122012,   2.579,9999.000,9999.000,9999.000,9999.000,9999.000,9999.000,9999.000,9999.000
202607122018,   2.720,9999.000,9999.000,9999.000,9999.000,9999.000,9999.000,9999.000,9999.000
202607122024,   2.860,9999.000,9999.000,9999.000,9999.000,9999.000,9999.000,9999.000,9999.000
202607122030,   2.999,9999.000,9999.000,9999.000,9999.000,9999.000,9999.000,9999.000,9999.000
202607122036,   3.137,9999.000,9999.000,9999.000,9999.000,9999.000,9999.000,9999.000,9999.000
202607122042,   3.273,9999.000,9999.000,9999.000,9999.000,9999.000,9999.000,9999.000,9999.000
202607122048,   3.407,9999.000,9999.000,9999.000,9999.000,9999.000,9999.000,9999.000,9999.000
202607122054,   3.538,9999.000,9999.000,9999.000,9999.000,9999.000,9999.000,9999.000,9999.000
202607122100,   3.667,9999.000,   0.800,   0.202,   4.669,   0.600,   4.469,   0.900,   4.769
202607122106,   3.792,9999.000,9999.000,9999.000,9999.000,9999.000,9999.000,9999.000,9999.000
202607122112,   3.914,9999.000,9999.000,9999.000,9999.000,9999.000,9999.000,9999.000,9999.000
202607122118,   4.032,9999.000,9999.000,9999.000,9999.000,9999.000,9999.000,9999.000,9999.000
202607122124,   4.146,9999.000,9999.000,9999.000,9999.000,9999.000,9999.000,9999.000,9999.000
202607122130,   4.256,9999.000,9999.000,9999.000,9999.000,9999.000,9999.000,9999.000,9999.000
202607122136,   4.361,9999.000,9999.000,9999.000,9999.000,9999.000,9999.000,9999.000,9999.000
202607122142,   4.461,9999.000,9999.000,9999.000,9999.000,9999.000,9999.000,9999.000,9999.000
202607122148,   4.557,9999.000,9999.000,9999.000,9999.000,9999.000,9999.000,9999.000,9999.000
202607122154,   4.647,9999.000,9999.000,9999.000,9999.000,9999.000,9999.000,9999.000,9999.000
202607122200,   4.732,9999.000,   0.800,   0.202,   5.734,   0.600,   5.534,   0.900,   5.834
202607122206,   4.812,9999.000,9999.000,9999.000,9999.000,9999.000,9999.000,9999.000,9999.000
202607122212,   4.886,9999.000,9999.000,9999.000,9999.000,9999.000,9999.000,9999.000,9999.000
202607122218,   4.955,9999.000,9999.000,9999.000,9999.000,9999.000,9999.000,9999.000,9999.000
202607122224,   5.018,9999.000,9999.000,9999.000,9999.000,9999.000,9999.000,9999.000,9999.000
202607122230,   5.075,9999.000,9999.000,9999.000,9999.000,9999.000,9999.000,9999.000,9999.000
202607122236,   5.127,9999.000,9999.000,9999.000,9999.000,9999.000,9999.000,9999.000,9999.000
202607122242,   5.172,9999.000,9999.000,9999.000,9999.000,9999.000,9999.000,9999.000,9999.000
202607122248,   5.212,9999.000,9999.000,9999.000,9999.000,9999.000,9999.000,9999.000,9999.000
202607122254,   5.246,9999.000,9999.000,9999.000,9999.000,9999.000,9999.000,9999.000,9999.000
202607122300,   5.273,9999.000,   0.800,   0.202,   6.275,   0.600,   6.075,   0.900,   6.375
202607122306,   5.295,9999.000,9999.000,9999.000,9999.000,9999.000,9999.000,9999.000,9999.000
202607122312,   5.311,9999.000,9999.000,9999.000,9999.000,9999.000,9999.000,9999.000,9999.000
202607122318,   5.321,9999.000,9999.000,9999.000,9999.000,9999.000,9999.000,9999.000,9999.000
202607122324,   5.325,9999.000,9999.000,9999.000,9999.000,9999.000,9999.000,9999.000,9999.000
202607122330,   5.323,9999.000,9999.000,9999.000,9999.000,9999.000,9999.000,9999.000,9999.000
202607122336,   5.315,9999.000,9999.000,9999.000,9999.000,9999.000,9999.000,9999.000,9999.000
202607122342,   5.302,9999.000,9999.000,9999.000,9999.000,9999.000,9999.000,9999.000,9999.000
202607122348,   5.283,9999.000,9999.000,9999.000,9999.000,9999.000,9999.000,9999.000,9999.000
202607122354,   5.258,9999.000,9999.000,9999.000,9999.000,9999.000,9999.000,9999.000,9999.000
202607130000,   5.227,9999.000,   0.800,   0.202,   6.229,   0.600,   6.029,   0.900,   6.329
202607130006,   5.192,9999.000,9999.000,9999.000,9999.000,9999.000,9999.000,9999.000,9999.000
202607130012,   5.150,9999.000,9999.000,9999.000,9999.000,9999.000,9999.000,9999.000,9999.000
202607130018,   5.104,9999.000,9999.000,9999.000,9999.000,9999.000,9999.000,9999.000,9999.000
202607130024,   5.052,9999.000,9999.000,9999.000,9999.000,9999.000,9999.000,9999.000,9999.000
202607130030,   4.996,9999.000,9999.000,9999.000,9999.000,9999.000,9999.000,9999.000,9999.000
202607130036,   4.934,9999.000,9999.000,9999.000,9999.000,9999.000,9999.000,9999.000,9999.000
202607130042,   4.868,9999.000,9999.000,9999.000,9999.000,9999.000,9999.000,9999.000,9999.000
202607130048,   4.797,9999.000,9999.000,9999.000,9999.000,9999.000,9999.000,9999.000,9999.000
202607130054,   4.722,9999.000,9999.000,9999.000,9999.000,9999.000,9999.000,9999.000,9999.000
202607130100,   4.643,9999.000,   0.800,   0.202,   5.645,   0.600,   5.445,   0.900,   5.745
202607130106,   4.559,9999.000,9999.000,9999.000,9999.000,9999.000,9999.000,9999.000,9999.000
202607130112,   4.472,9999.000,9999.000,9999.000,9999.000,9999.000,9999.000,9999.000,9999.000
202607130118,   4.381,9999.000,9999.000,9999.000,9999.000,9999.000,9999.000,9999.000,9999.000
202607130124,   4.287,9999.000,9999.000,9999.000,9999.000,9999.000,9999.000,9999.000,9999.000
202607130130,   4.189,9999.000,9999.000,9999.000,9999.000,9999.000,9999.000,9999.000,9999.000
202607130136,   4.088,9999.000,9999.000,9999.000,9999.000,9999.000,9999.000,9999.000,9999.000
202607130142,   3.985,9999.000,9999.000,9999.000,9999.000,9999.000,9999.000,9999.000,9999.000
202607130148,   3.878,9999.000,9999.000,9999.000,9999.000,9999.000,9999.000,9999.000,9999.000
202607130154,   3.770,9999.000,9999.000,9999.000,9999.000,9999.000,9999.000,9999.000,9999.000
202607130200,   3.659,9999.000,   0.700,   0.202,   4.561,   0.600,   4.461,   0.900,   4.761
202607130206,   3.546,9999.000,9999.000,9999.000,9999.000,9999.000,9999.000,9999.000,9999.000
202607130212,   3.431,9999.000,9999.000,9999.000,9999.000,9999.000,9999.000,9999.000,9999.000
202607130218,   3.315,9999.000,9999.000,9999.000,9999.000,9999.000,9999.000,9999.000,9999.000
202607130224,   3.198,9999.000,9999.000,9999.000,9999.000,9999.000,9999.000,9999.000,9999.000
202607130230,   3.080,9999.000,9999.000,9999.000,9999.000,9999.000,9999.000,9999.000,9999.000
202607130236,   2.960,9999.000,9999.000,9999.000,9999.000,9999.000,9999.000,9999.000,9999.000
202607130242,   2.841,9999.000,9999.000,9999.000,9999.000,9999.000,9999.000,9999.000,9999.000
202607130248,   2.720,9999.000,9999.000,9999.000,9999.000,9999.000,9999.000,9999.000,9999.000
202607130254,   2.600,9999.000,9999.000,9999.000,9999.000,9999.000,9999.000,9999.000,9999.000
202607130300,   2.480,9999.000,   0.700,   0.202,   3.382,   0.600,   3.282,   0.900,   3.582
202607130306,   2.360,9999.000,9999.000,9999.000,9999.000,9999.000,9999.000,9999.000,9999.000
202607130312,   2.240,9999.000,9999.000,9999.000,9999.000,9999.000,9999.000,9999.000,9999.000
202607130318,   2.122,9999.000,9999.000,9999.000,9999.000,9999.000,9999.000,9999.000,9999.000
202607130324,   2.004,9999.000,9999.000,9999.000,9999.000,9999.000,9999.000,9999.000,9999.000
202607130330,   1.887,9999.000,9999.000,9999.000,9999.000,9999.000,9999.000,9999.000,9999.000
202607130336,   1.772,9999.000,9999.000,9999.000,9999.000,9999.000,9999.000,9999.000,9999.000
202607130342,   1.658,9999.000,9999.000,9999.000,9999.000,9999.000,9999.000,9999.000,9999.000
202607130348,   1.546,9999.000,9999.000,9999.000,9999.000,9999.000,9999.000,9999.000,9999.000
202607130354,   1.436,9999.000,9999.000,9999.000,9999.000,9999.000,9999.000,9999.000,9999.000
202607130400,   1.329,9999.000,   0.700,   0.202,   2.231,   0.600,   2.131,   0.800,   2.331
202607130406,   1.223,9999.000,9999.000,9999.000,9999.000,9999.000,9999.000,9999.000,9999.000
202607130412,   1.120,9999.000,9999.000,9999.000,9999.000,9999.000,9999.000,9999.000,9999.000
202607130418,   1.021,9999.000,9999.000,9999.000,9999.000,9999.000,9999.000,9999.000,9999.000
202607130424,   0.924,9999.000,9999.000,9999.000,9999.000,9999.000,9999.000,9999.000,9999.000
202607130430,   0.830,9999.000,9999.000,9999.000,9999.000,9999.000,9999.000,9999.000,9999.000
202607130436,   0.739,9999.000,9999.000,9999.000,9999.000,9999.000,9999.000,9999.000,9999.000
202607130442,   0.652,9999.000,9999.000,9999.000,9999.000,9999.000,9999.000,9999.000,9999.000
202607130448,   0.569,9999.000,9999.000,9999.000,9999.000,9999.000,9999.000,9999.000,9999.000
202607130454,   0.490,9999.000,9999.000,9999.000,9999.000,9999.000,9999.000,9999.000,9999.000
202607130500,   0.415,9999.000,   0.700,   0.202,   1.317,   0.600,   1.217,   0.800,   1.417
202607130506,   0.344,9999.000,9999.000,9999.000,9999.000,9999.000,9999.000,9999.000,9999.000
202607130512,   0.278,9999.000,9999.000,9999.000,9999.000,9999.000,9999.000,9999.000,9999.000
202607130518,   0.216,9999.000,9999.000,9999.000,9999.000,9999.000,9999.000,9999.000,9999.000
202607130524,   0.159,9999.000,9999.000,9999.000,9999.000,9999.000,9999.000,9999.000,9999.000
202607130530,   0.107,9999.000,9999.000,9999.000,9999.000,9999.000,9999.000,9999.000,9999.000
202607130536,   0.060,9999.000,9999.000,9999.000,9999.000,9999.000,9999.000,9999.000,9999.000
202607130542,   0.018,9999.000,9999.000,9999.000,9999.000,9999.000,9999.000,9999.000,9999.000
202607130548,  -0.017,9999.000,9999.000,9999.000,9999.000,9999.000,9999.000,9999.000,9999.000
202607130554,  -0.048,9999.000,9999.000,9999.000,9999.000,9999.000,9999.000,9999.000,9999.000
202607130600,  -0.073,9999.000,   0.700,   0.202,   0.829,   0.600,   0.729,   0.800,   0.929
202607130606,  -0.093,9999.000,9999.000,9999.000,9999.000,9999.000,9999.000,9999.000,9999.000
202607130612,  -0.106,9999.000,9999.000,9999.000,9999.000,9999.000,9999.000,9999.000,9999.000
202607130618,  -0.114,9999.000,9999.000,9999.000,9999.000,9999.000,9999.000,9999.000,9999.000
202607130624,  -0.115,9999.000,9999.000,9999.000,9999.000,9999.000,9999.000,9999.000,9999.000
202607130630,  -0.111,9999.000,9999.000,9999.000,9999.000,9999.000,9999.000,9999.000,9999.000
202607130636,  -0.100,9999.000,9999.000,9999.000,9999.000,9999.000,9999.000,9999.000,9999.000
202607130642,  -0.084,9999.000,9999.000,9999.000,9999.000,9999.000,9999.000,9999.000,9999.000
202607130648,  -0.061,9999.000,9999.000,9999.000,9999.000,9999.000,9999.000,9999.000,9999.000
202607130654,  -0.031,9999.000,9999.000,9999.000,9999.000,9999.000,9999.000,9999.000,9999.000
202607130700,   0.003,9999.000,   0.700,   0.202,   0.905,   0.600,   0.805,   0.800,   1.005
202607130706,   0.044,9999.000,9999.000,9999.000,9999.000,9999.000,9999.000,9999.000,9999.000
202607130712,   0.092,9999.000,9999.000,9999.000,9999.000,9999.000,9999.000,9999.000,9999.000
202607130718,   0.145,9999.000,9999.000,9999.000,9999.000,9999.000,9999.000,9999.000,9999.000
202607130724,   0.205,9999.000,9999.000,9999.000,9999.000,9999.000,9999.000,9999.000,9999.000
202607130730,   0.269,9999.000,9999.000,9999.000,9999.000,9999.000,9999.000,9999.000,9999.000
202607130736,   0.340,9999.000,9999.000,9999.000,9999.000,9999.000,9999.000,9999.000,9999.000
202607130742,   0.415,9999.000,9999.000,9999.000,9999.000,9999.000,9999.000,9999.000,9999.000
202607130748,   0.496,9999.000,9999.000,9999.000,9999.000,9999.000,9999.000,9999.000,9999.000
202607130754,   0.581,9999.000,9999.000,9999.000,9999.000,9999.000,9999.000,9999.000,9999.000
202607130800,   0.671,9999.000,   0.700,   0.202,   1.573,   0.600,   1.473,   0.800,   1.673
202607130806,   0.765,9999.000,9999.000,9999.000,9999.000,9999.000,9999.000,9999.000,9999.000
202607130812,   0.863,9999.000,9999.000,9999.000,9999.000,9999.000,9999.000,9999.000,9999.000
202607130818,   0.963,9999.000,9999.000,9999.000,9999.000,9999.000,9999.000,9999.000,9999.000
202607130824,   1.067,9999.000,9999.000,9999.000,9999.000,9999.000,9999.000,9999.000,9999.000
202607130830,   1.174,9999.000,9999.000,9999.000,9999.000,9999.000,9999.000,9999.000,9999.000
202607130836,   1.282,9999.000,9999.000,9999.000,9999.000,9999.000,9999.000,9999.000,9999.000
202607130842,   1.392,9999.000,9999.000,9999.000,9999.000,9999.000,9999.000,9999.000,9999.000
202607130848,   1.504,9999.000,9999.000,9999.000,9999.000,9999.000,9999.000,9999.000,9999.000
202607130854,   1.616,9999.000,9999.000,9999.000,9999.000,9999.000,9999.000,9999.000,9999.000
202607130900,   1.729,9999.000,   0.700,   0.202,   2.631,   0.600,   2.531,   0.800,   2.731
202607130906,   1.841,9999.000,9999.000,9999.000,9999.000,9999.000,9999.000,9999.000,9999.000
202607130912,   1.953,9999.000,9999.000,9999.000,9999.000,9999.000,9999.000,9999.000,9999.000
202607130918,   2.065,9999.000,9999.000,9999.000,9999.000,9999.000,9999.000,9999.000,9999.000
202607130924,   2.175,9999.000,9999.000,9999.000,9999.000,9999.000,9999.000,9999.000,9999.000
202607130930,   2.283,9999.000,9999.000,9999.000,9999.000,9999.000,9999.000,9999.000,9999.000
202607130936,   2.390,9999.000,9999.000,9999.000,9999.000,9999.000,9999.000,9999.000,9999.000
202607130942,   2.494,9999.000,9999.000,9999.000,9999.000,9999.000,9999.000,9999.000,9999.000
202607130948,   2.596,9999.000,9999.000,9999.000,9999.000,9999.000,9999.000,9999.000,9999.000
202607130954,   2.695,9999.000,9999.000,9999.000,9999.000,9999.000,9999.000,9999.000,9999.000
202607131000,   2.790,9999.000,   0.700,   0.202,   3.692,   0.600,   3.592,   0.800,   3.792
202607131006,   2.883,9999.000,9999.000,9999.000,9999.000,9999.000,9999.000,9999.000,9999.000
202607131012,   2.972,9999.000,9999.000,9999.000,9999.000,9999.000,9999.000,9999.000,9999.000
202607131018,   3.056,9999.000,9999.000,9999.000,9999.000,9999.000,9999.000,9999.000,9999.000
202607131024,   3.137,9999.000,9999.000,9999.000,9999.000,9999.000,9999.000,9999.000,9999.000
202607131030,   3.214,9999.000,9999.000,9999.000,9999.000,9999.000,9999.000,9999.000,9999.000
202607131036,   3.287,9999.000,9999.000,9999.000,9999.000,9999.000,9999.000,9999.000,9999.000
202607131042,   3.355,9999.000,9999.000,9999.000,9999.000,9999.000,9999.000,9999.000,9999.000
202607131048,   3.418,9999.000,9999.000,9999.000,9999.000,9999.000,9999.000,9999.000,9999.000
202607131054,   3.477,9999.000,9999.000,9999.000,9999.000,9999.000,9999.000,9999.000,9999.000
202607131100,   3.531,9999.000,   0.600,   0.202,   4.333,   0.600,   4.333,   0.700,   4.433
202607131106,   3.580,9999.000,9999.000,9999.000,9999.000,9999.000,9999.000,9999.000,9999.000
202607131112,   3.624,9999.000,9999.000,9999.000,9999.000,9999.000,9999.000,9999.000,9999.000
202607131118,   3.663,9999.000,9999.000,9999.000,9999.000,9999.000,9999.000,9999.000,9999.000
202607131124,   3.697,9999.000,9999.000,9999.000,9999.000,9999.000,9999.000,9999.000,9999.000
202607131130,   3.725,9999.000,9999.000,9999.000,9999.000,9999.000,9999.000,9999.000,9999.000
202607131136,   3.749,9999.000,9999.000,9999.000,9999.000,9999.000,9999.000,9999.000,9999.000
202607131142,   3.767,9999.000,9999.000,9999.000,9999.000,9999.000,9999.000,9999.000,9999.000
202607131148,   3.780,9999.000,9999.000,9999.000,9999.000,9999.000,9999.000,9999.000,9999.000
202607131154,   3.788,9999.000,9999.000,9999.000,9999.000,9999.000,9999.000,9999.000,9999.000
202607131200,   3.790,9999.000,   0.600,   0.202,   4.592,   0.600,   4.592,   0.700,   4.692
202607131206,   3.788,9999.000,9999.000,9999.000,9999.000,9999.000,9999.000,9999.000,9999.000
202607131212,   3.780,9999.000,9999.000,9999.000,9999.000,9999.000,9999.000,9999.000,9999.000
202607131218,   3.767,9999.000,9999.000,9999.000,9999.000,9999.000,9999.000,9999.000,9999.000
202607131224,   3.748,9999.000,9999.000,9999.000,9999.000,9999.000,9999.000,9999.000,9999.000
202607131230,   3.725,9999.000,9999.000,9999.000,9999.000,9999.000,9999.000,9999.000,9999.000
202607131236,   3.696,9999.000,9999.000,9999.000,9999.000,9999.000,9999.000,9999.000,9999.000
202607131242,   3.663,9999.000,9999.000,9999.000,9999.000,9999.000,9999.000,9999.000,9999.000
202607131248,   3.624,9999.000,9999.000,9999.000,9999.000,9999.000,9999.000,9999.000,9999.000
202607131254,   3.581,9999.000,9999.000,9999.000,9999.000,9999.000,9999.000,9999.000,9999.000
202607131300,   3.533,9999.000,   0.600,   0.202,   4.335,   0.600,   4.335,   0.700,   4.435
202607131306,   3.481,9999.000,9999.000,9999.000,9999.000,9999.000,9999.000,9999.000,9999.000
202607131312,   3.425,9999.000,9999.000,9999.000,9999.000,9999.000,9999.000,9999.000,9999.000
202607131318,   3.364,9999.000,9999.000,9999.000,9999.000,9999.000,9999.000,9999.000,9999.000
202607131324,   3.299,9999.000,9999.000,9999.000,9999.000,9999.000,9999.000,9999.000,9999.000
202607131330,   3.230,9999.000,9999.000,9999.000,9999.000,9999.000,9999.000,9999.000,9999.000
202607131336,   3.158,9999.000,9999.000,9999.000,9999.000,9999.000,9999.000,9999.000,9999.000
202607131342,   3.082,9999.000,9999.000,9999.000,9999.000,9999.000,9999.000,9999.000,9999.000
202607131348,   3.003,9999.000,9999.000,9999.000,9999.000,9999.000,9999.000,9999.000,9999.000
202607131354,   2.921,9999.000,9999.000,9999.000,9999.000,9999.000,9999.000,9999.000,9999.000
202607131400,   2.836,9999.000,   0.600,   0.202,   3.638,   0.500,   3.538,   0.700,   3.738
202607131406,   2.748,9999.000,9999.000,9999.000,9999.000,9999.000,9999.000,9999.000,9999.000
202607131412,   2.658,9999.000,9999.000,9999.000,9999.000,9999.000,9999.000,9999.000,9999.000
202607131418,   2.566,9999.000,9999.000,9999.000,9999.000,9999.000,9999.000,9999.000,9999.000
202607131424,   2.472,9999.000,9999.000,9999.000,9999.000,9999.000,9999.000,9999.000,9999.000
202607131430,   2.377,9999.000,9999.000,9999.000,9999.000,9999.000,9999.000,9999.000,9999.000
202607131436,   2.280,9999.000,9999.000,9999.000,9999.000,9999.000,9999.000,9999.000,9999.000
202607131442,   2.182,9999.000,9999.000,9999.000,9999.000,9999.000,9999.000,9999.000,9999.000
202607131448,   2.083,9999.000,9999.000,9999.000,9999.000,9999.000,9999.000,9999.000,9999.000
202607131454,   1.983,9999.000,9999.000,9999.000,9999.000,9999.000,9999.000,9999.000,9999.000
202607131500,   1.883,9999.000,   0.600,   0.202,   2.685,   0.500,   2.585,   0.700,   2.785
202607131506,   1.783,9999.000,9999.000,9999.000,9999.000,9999.000,9999.000,9999.000,9999.000
202607131512,   1.683,9999.000,9999.000,9999.000,9999.000,9999.000,9999.000,9999.000,9999.000
202607131518,   1.583,9999.000,9999.000,9999.000,9999.000,9999.000,9999.000,9999.000,9999.000
202607131524,   1.483,9999.000,9999.000,9999.000,9999.000,9999.000,9999.000,9999.000,9999.000
202607131530,   1.385,9999.000,9999.000,9999.000,9999.000,9999.000,9999.000,9999.000,9999.000
202607131536,   1.287,9999.000,9999.000,9999.000,9999.000,9999.000,9999.000,9999.000,9999.000
202607131542,   1.191,9999.000,9999.000,9999.000,9999.000,9999.000,9999.000,9999.000,9999.000
202607131548,   1.096,9999.000,9999.000,9999.000,9999.000,9999.000,9999.000,9999.000,9999.000
202607131554,   1.003,9999.000,9999.000,9999.000,9999.000,9999.000,9999.000,9999.000,9999.000
202607131600,   0.912,9999.000,   0.600,   0.202,   1.714,   0.500,   1.614,   0.700,   1.814
202607131606,   0.823,9999.000,9999.000,9999.000,9999.000,9999.000,9999.000,9999.000,9999.000
202607131612,   0.736,9999.000,9999.000,9999.000,9999.000,9999.000,9999.000,9999.000,9999.000
202607131618,   0.652,9999.000,9999.000,9999.000,9999.000,9999.000,9999.000,9999.000,9999.000
202607131624,   0.570,9999.000,9999.000,9999.000,9999.000,9999.000,9999.000,9999.000,9999.000
202607131630,   0.492,9999.000,9999.000,9999.000,9999.000,9999.000,9999.000,9999.000,9999.000
202607131636,   0.417,9999.000,9999.000,9999.000,9999.000,9999.000,9999.000,9999.000,9999.000
202607131642,   0.345,9999.000,9999.000,9999.000,9999.000,9999.000,9999.000,9999.000,9999.000
202607131648,   0.276,9999.000,9999.000,9999.000,9999.000,9999.000,9999.000,9999.000,9999.000
202607131654,   0.211,9999.000,9999.000,9999.000,9999.000,9999.000,9999.000,9999.000,9999.000
202607131700,   0.151,9999.000,   0.600,   0.202,   0.953,   0.500,   0.853,   0.700,   1.053
202607131706,   0.094,9999.000,9999.000,9999.000,9999.000,9999.000,9999.000,9999.000,9999.000
202607131712,   0.042,9999.000,9999.000,9999.000,9999.000,9999.000,9999.000,9999.000,9999.000
202607131718,  -0.005,9999.000,9999.000,9999.000,9999.000,9999.000,9999.000,9999.000,9999.000
202607131724,  -0.048,9999.000,9999.000,9999.000,9999.000,9999.000,9999.000,9999.000,9999.000
202607131730,  -0.086,9999.000,9999.000,9999.000,9999.000,9999.000,9999.000,9999.000,9999.000
202607131736,  -0.119,9999.000,9999.000,9999.000,9999.000,9999.000,9999.000,9999.000,9999.000
202607131742,  -0.147,9999.000,9999.000,9999.000,9999.000,9999.000,9999.000,9999.000,9999.000
202607131748,  -0.169,9999.000,9999.000,9999.000,9999.000,9999.000,9999.000,9999.000,9999.000
202607131754,  -0.186,9999.000,9999.000,9999.000,9999.000,9999.000,9999.000,9999.000,9999.000
202607131800,  -0.197,9999.000,   0.600,   0.202,   0.605,   0.500,   0.505,   0.700,   0.705
202607131806,  -0.201,9999.000,9999.000,9999.000,9999.000,9999.000,9999.000,9999.000,9999.000
202607131812,  -0.200,9999.000,9999.000,9999.000,9999.000,9999.000,9999.000,9999.000,9999.000
202607131818,  -0.192,9999.000,9999.000,9999.000,9999.000,9999.000,9999.000,9999.000,9999.000
202607131824,  -0.178,9999.000,9999.000,9999.000,9999.000,9999.000,9999.000,9999.000,9999.000
202607131830,  -0.157,9999.000,9999.000,9999.000,9999.000,9999.000,9999.000,9999.000,9999.000
202607131836,  -0.129,9999.000,9999.000,9999.000,9999.000,9999.000,9999.000,9999.000,9999.000
202607131842,  -0.095,9999.000,9999.000,9999.000,9999.000,9999.000,9999.000,9999.000,9999.000
202607131848,  -0.053,9999.000,9999.000,9999.000,9999.000,9999.000,9999.000,9999.000,9999.000
202607131854,  -0.005,9999.000,9999.000,9999.000,9999.000,9999.000,9999.000,9999.000,9999.000
202607131900,   0.049,9999.000,   0.600,   0.202,   0.851,   0.500,   0.751,   0.700,   0.951
202607131906,   0.111,9999.000,9999.000,9999.000,9999.000,9999.000,9999.000,9999.000,9999.000
202607131912,   0.180,9999.000,9999.000,9999.000,9999.000,9999.000,9999.000,9999.000,9999.000
202607131918,   0.255,9999.000,9999.000,9999.000,9999.000,9999.000,9999.000,9999.000,9999.000
202607131924,   0.338,9999.000,9999.000,9999.000,9999.000,9999.000,9999.000,9999.000,9999.000
202607131930,   0.427,9999.000,9999.000,9999.000,9999.000,9999.000,9999.000,9999.000,9999.000
202607131936,   0.522,9999.000,9999.000,9999.000,9999.000,9999.000,9999.000,9999.000,9999.000
202607131942,   0.624,9999.000,9999.000,9999.000,9999.000,9999.000,9999.000,9999.000,9999.000
202607131948,   0.731,9999.000,9999.000,9999.000,9999.000,9999.000,9999.000,9999.000,9999.000
202607131954,   0.845,9999.000,9999.000,9999.000,9999.000,9999.000,9999.000,9999.000,9999.000
202607132000,   0.964,9999.000,   0.600,   0.202,   1.766,   0.500,   1.666,   0.700,   1.866
202607132006,   1.087,9999.000,9999.000,9999.000,9999.000,9999.000,9999.000,9999.000,9999.000
202607132012,   1.216,9999.000,9999.000,9999.000,9999.000,9999.000,9999.000,9999.000,9999.000
202607132018,   1.349,9999.000,9999.000,9999.000,9999.000,9999.000,9999.000,9999.000,9999.000
202607132024,   1.486,9999.000,9999.000,9999.000,9999.000,9999.000,9999.000,9999.000,9999.000
202607132030,   1.626,9999.000,9999.000,9999.000,9999.000,9999.000,9999.000,9999.000,9999.000
202607132036,   1.769,9999.000,9999.000,9999.000,9999.000,9999.000,9999.000,9999.000,9999.000
202607132042,   1.915,9999.000,9999.000,9999.000,9999.000,9999.000,9999.000,9999.000,9999.000
202607132048,   2.062,9999.000,9999.000,9999.000,9999.000,9999.000,9999.000,9999.000,9999.000
202607132054,   2.211,9999.000,9999.000,9999.000,9999.000,9999.000,9999.000,9999.000,9999.000
202607132100,   2.361,9999.000,   0.600,   0.202,   3.163,   0.500,   3.063,   0.700,   3.263
202607132106,   2.512,9999.000,9999.000,9999.000,9999.000,9999.000,9999.000,9999.000,9999.000
202607132112,   2.662,9999.000,9999.000,9999.000,9999.000,9999.000,9999.000,9999.000,9999.000
202607132118,   2.812,9999.000,9999.000,9999.000,9999.000,9999.000,9999.000,9999.000,9999.000
202607132124,   2.960,9999.000,9999.000,9999.000,9999.000,9999.000,9999.000,9999.000,9999.000
202607132130,   3.108,9999.000,9999.000,9999.000,9999.000,9999.000,9999.000,9999.000,9999.000
202607132136,   3.253,9999.000,9999.000,9999.000,9999.000,9999.000,9999.000,9999.000,9999.000
202607132142,   3.396,9999.000,9999.000,9999.000,9999.000,9999.000,9999.000,9999.000,9999.000
202607132148,   3.536,9999.000,9999.000,9999.000,9999.000,9999.000,9999.000,9999.000,9999.000
202607132154,   3.673,9999.000,9999.000,9999.000,9999.000,9999.000,9999.000,9999.000,9999.000
202607132200,   3.806,9999.000,   0.600,   0.202,   4.608,   0.500,   4.508,   0.600,   4.608
202607132206,   3.936,9999.000,9999.000,9999.000,9999.000,9999.000,9999.000,9999.000,9999.000
202607132212,   4.062,9999.000,9999.000,9999.000,9999.000,9999.000,9999.000,9999.000,9999.000
202607132218,   4.183,9999.000,9999.000,9999.000,9999.000,9999.000,9999.000,9999.000,9999.000
202607132224,   4.300,9999.000,9999.000,9999.000,9999.000,9999.000,9999.000,9999.000,9999.000
202607132230,   4.412,9999.000,9999.000,9999.000,9999.000,9999.000,9999.000,9999.000,9999.000
202607132236,   4.519,9999.000,9999.000,9999.000,9999.000,9999.000,9999.000,9999.000,9999.000
202607132242,   4.621,9999.000,9999.000,9999.000,9999.000,9999.000,9999.000,9999.000,9999.000
202607132248,   4.718,9999.000,9999.000,9999.000,9999.000,9999.000,9999.000,9999.000,9999.000
202607132254,   4.810,9999.000,9999.000,9999.000,9999.000,9999.000,9999.000,9999.000,9999.000
202607132300,   4.896,9999.000,   0.600,   0.202,   5.698,   0.500,   5.598,   0.600,   5.698
202607132306,   4.976,9999.000,9999.000,9999.000,9999.000,9999.000,9999.000,9999.000,9999.000
202607132312,   5.051,9999.000,9999.000,9999.000,9999.000,9999.000,9999.000,9999.000,9999.000
202607132318,   5.120,9999.000,9999.000,9999.000,9999.000,9999.000,9999.000,9999.000,9999.000
202607132324,   5.183,9999.000,9999.000,9999.000,9999.000,9999.000,9999.000,9999.000,9999.000
202607132330,   5.240,9999.000,9999.000,9999.000,9999.000,9999.000,9999.000,9999.000,9999.000
202607132336,   5.292,9999.000,9999.000,9999.000,9999.000,9999.000,9999.000,9999.000,9999.000
202607132342,   5.337,9999.000,9999.000,9999.000,9999.000,9999.000,9999.000,9999.000,9999.000
202607132348,   5.376,9999.000,9999.000,9999.000,9999.000,9999.000,9999.000,9999.000,9999.000
202607132354,   5.409,9999.000,9999.000,9999.000,9999.000,9999.000,9999.000,9999.000,9999.000
202607140000,   5.436,9999.000,   0.500,   0.202,   6.138,   0.500,   6.138,   0.600,   6.238
