        TIME,    TIDE,      OB,   SURGE,    BIAS,     TWL,SURGE90p,  TWL90p,SURGE10p,   TWL10p
202608010600,   1.068,9999.000,   0.500,9999.000,   1.568,   0.400,   1.468,   0.500,   1.568
202608010606,   1.104,9999.000,9999.000,9999.000,9999.000,9999.000,9999.000,9999.000,9999.000
202608010612,   1.140,9999.000,9999.000,9999.000,9999.000,9999.000,9999.000,9999.000,9999.000
202608010618,   1.175,9999.000,9999.000,9999.000,9999.000,9999.000,9999.000,9999.000,9999.000
202608010624,   1.210,9999.000,9999.000,9999.000,9999.000,9999.000,9999.000,9999.000,9999.000
202608010630,   1.245,9999.000,9999.000,9999.000,9999.000,9999.000,9999.000,9999.000,9999.000
202608010636,   1.279,9999.000,9999.000,9999.000,9999.000,9999.000,9999.000,9999.000,9999.000
202608010642,   1.313,9999.000,9999.000,9999.000,9999.000,9999.000,9999.000,9999.000,9999.000
202608010648,   1.347,9999.000,9999.000,9999.000,9999.000,9999.000,9999.000,9999.000,9999.000
202608010654,   1.379,9999.000,9999.000,9999.000,9999.000,9999.000,9999.000,9999.000,9999.000
202608010700,   1.411,   1.918,   0.500,   0.007,   1.918,   0.400,   1.818,   0.500,   1.918
202608010706,   1.442,   1.938,9999.000,9999.000,9999.000,9999.000,9999.000,9999.000,9999.000
202608010712,   1.472,   1.958,9999.000,9999.000,9999.000,9999.000,9999.000,9999.000,9999.000
202608010718,   1.501,   1.981,9999.000,9999.000,9999.000,9999.000,9999.000,9999.000,9999.000
202608010724,   1.529,   1.981,9999.000,9999.000,9999.000,9999.000,9999.000,9999.000,9999.000
202608010730,   1.556,   2.000,9999.000,9999.000,9999.000,9999.000,9999.000,9999.000,9999.000
202608010736,   1.582,   2.020,9999.000,9999.000,9999.000,9999.000,9999.000,9999.000,9999.000
202608010742,   1.606,   2.010,9999.000,9999.000,9999.000,9999.000,9999.000,9999.000,9999.000
202608010748,   1.629,   2.049,9999.000,9999.000,9999.000,9999.000,9999.000,9999.000,9999.000
202608010754,   1.650,   2.059,9999.000,9999.000,9999.000,9999.000,9999.000,9999.000,9999.000
202608010800,   1.670,   2.069,   0.500,  -0.101,   2.069,   0.400,   1.969,   0.500,   2.069
202608010806,   1.688,   2.109,9999.000,9999.000,9999.000,9999.000,9999.000,9999.000,9999.000
202608010812,   1.705,   2.109,9999.000,9999.000,9999.000,9999.000,9999.000,9999.000,9999.000
202608010818,   1.720,   2.109,9999.000,9999.000,9999.000,9999.000,9999.000,9999.000,9999.000
202608010824,   1.734,   2.128,9999.000,9999.000,9999.000,9999.000,9999.000,9999.000,9999.000
202608010830,   1.746,   2.138,9999.000,9999.000,9999.000,9999.000,9999.000,9999.000,9999.000
202608010836,   1.756,   2.148,9999.000,9999.000,9999.000,9999.000,9999.000,9999.000,9999.000
202608010842,   1.765,   2.168,9999.000,9999.000,9999.000,9999.000,9999.000,9999.000,9999.000
202608010848,   1.772,   2.168,9999.000,9999.000,9999.000,9999.000,9999.000,9999.000,9999.000
202608010854,   1.777,   2.168,9999.000,9999.000,9999.000,9999.000,9999.000,9999.000,9999.000
202608010900,   1.781,   2.191,   0.500,  -0.090,   2.191,   0.400,   2.091,   0.500,   2.191
202608010906,   1.784,   2.191,9999.000,9999.000,9999.000,9999.000,9999.000,9999.000,9999.000
202608010912,   1.785,   2.191,9999.000,9999.000,9999.000,9999.000,9999.000,9999.000,9999.000
202608010918,   1.784,   2.191,9999.000,9999.000,9999.000,9999.000,9999.000,9999.000,9999.000
202608010924,   1.782,   2.177,9999.000,9999.000,9999.000,9999.000,9999.000,9999.000,9999.000
202608010930,   1.779,   2.158,9999.000,9999.000,9999.000,9999.000,9999.000,9999.000,9999.000
202608010936,   1.774,   2.148,9999.000,9999.000,9999.000,9999.000,9999.000,9999.000,9999.000
202608010942,   1.768,   2.138,9999.000,9999.000,9999.000,9999.000,9999.000,9999.000,9999.000
202608010948,   1.761,   2.118,9999.000,9999.000,9999.000,9999.000,9999.000,9999.000,9999.000
202608010954,   1.752,   2.109,9999.000,9999.000,9999.000,9999.000,9999.000,9999.000,9999.000
202608011000,   1.742,   2.109,   0.500,  -0.133,   2.109,   0.500,   2.109,   0.500,   2.109
202608011006,   1.731,   2.079,9999.000,9999.000,9999.000,9999.000,9999.000,9999.000,9999.000
202608011012,   1.719,   2.069,9999.000,9999.000,9999.000,9999.000,9999.000,9999.000,9999.000
202608011018,   1.706,   2.030,9999.000,9999.000,9999.000,9999.000,9999.000,9999.000,9999.000
202608011024,   1.692,   2.030,9999.000,9999.000,9999.000,9999.000,9999.000,9999.000,9999.000
202608011030,   1.677,   2.000,9999.000,9999.000,9999.000,9999.000,9999.000,9999.000,9999.000
202608011036,   1.661,   1.967,9999.000,9999.000,9999.000,9999.000,9999.000,9999.000,9999.000
202608011042,   1.644,   1.981,9999.000,9999.000,9999.000,9999.000,9999.000,9999.000,9999.000
202608011048,   1.627,   1.928,9999.000,9999.000,9999.000,9999.000,9999.000,9999.000,9999.000
202608011054,   1.608,   1.928,9999.000,9999.000,9999.000,9999.000,9999.000,9999.000,9999.000
202608011100,   1.589,   1.928,   0.500,  -0.161,   1.928,   0.500,   1.928,   0.500,   1.928
202608011106,   1.570,   1.879,9999.000,9999.000,9999.000,9999.000,9999.000,9999.000,9999.000
202608011112,   1.549,   1.849,9999.000,9999.000,9999.000,9999.000,9999.000,9999.000,9999.000
202608011118,   1.529,   1.859,9999.000,9999.000,9999.000,9999.000,9999.000,9999.000,9999.000
202608011124,   1.508,   1.708,9999.000,9999.000,9999.000,9999.000,9999.000,9999.000,9999.000
202608011130,   1.486,9999.000,9999.000,9999.000,9999.000,9999.000,9999.000,9999.000,9999.000
202608011136,   1.465,9999.000,9999.000,9999.000,9999.000,9999.000,9999.000,9999.000,9999.000
202608011142,   1.443,   1.758,9999.000,9999.000,9999.000,9999.000,9999.000,9999.000,9999.000
202608011148,   1.421,   1.738,9999.000,9999.000,9999.000,9999.000,9999.000,9999.000,9999.000
202608011154,   1.399,   1.728,9999.000,9999.000,9999.000,9999.000,9999.000,9999.000,9999.000
202608011200,   1.377,   1.708,   0.500,  -0.169,   1.708,   0.500,   1.708,   0.500,   1.708
202608011206,   1.356,   1.689,9999.000,9999.000,9999.000,9999.000,9999.000,9999.000,9999.000
202608011212,   1.335,   1.659,9999.000,9999.000,9999.000,9999.000,9999.000,9999.000,9999.000
202608011218,   1.314,   1.649,9999.000,9999.000,9999.000,9999.000,9999.000,9999.000,9999.000
202608011224,   1.293,   1.630,9999.000,9999.000,9999.000,9999.000,9999.000,9999.000,9999.000
202608011230,   1.273,   1.590,9999.000,9999.000,9999.000,9999.000,9999.000,9999.000,9999.000
202608011236,   1.254,   1.571,9999.000,9999.000,9999.000,9999.000,9999.000,9999.000,9999.000
202608011242,   1.235,   1.548,9999.000,9999.000,9999.000,9999.000,9999.000,9999.000,9999.000
202608011248,   1.217,   1.528,9999.000,9999.000,9999.000,9999.000,9999.000,9999.000,9999.000
202608011254,   1.200,   1.508,9999.000,9999.000,9999.000,9999.000,9999.000,9999.000,9999.000
202608011300,   1.184,   1.508,   0.500,  -0.176,   1.508,   0.500,   1.508,   0.500,   1.508
202608011306,   1.169,   1.469,9999.000,9999.000,9999.000,9999.000,9999.000,9999.000,9999.000
202608011312,   1.154,   1.439,9999.000,9999.000,9999.000,9999.000,9999.000,9999.000,9999.000
202608011318,   1.141,   1.430,9999.000,9999.000,9999.000,9999.000,9999.000,9999.000,9999.000
202608011324,   1.129,   1.420,9999.000,9999.000,9999.000,9999.000,9999.000,9999.000,9999.000
202608011330,   1.117,   1.410,9999.000,9999.000,9999.000,9999.000,9999.000,9999.000,9999.000
202608011336,   1.108,   1.420,9999.000,9999.000,9999.000,9999.000,9999.000,9999.000,9999.000
202608011342,   1.099,   1.430,9999.000,9999.000,9999.000,9999.000,9999.000,9999.000,9999.000
202608011348,   1.092,   1.410,9999.000,9999.000,9999.000,9999.000,9999.000,9999.000,9999.000
202608011354,   1.086,   1.420,9999.000,9999.000,9999.000,9999.000,9999.000,9999.000,9999.000
202608011400,   1.081,   1.439,   0.500,  -0.142,   1.439,   0.500,   1.439,   0.500,   1.439
202608011406,   1.078,   1.430,9999.000,9999.000,9999.000,9999.000,9999.000,9999.000,9999.000
202608011412,   1.077,   1.439,9999.000,9999.000,9999.000,9999.000,9999.000,9999.000,9999.000
202608011418,   1.077,   1.459,9999.000,9999.000,9999.000,9999.000,9999.000,9999.000,9999.000
202608011424,   1.079,   1.449,9999.000,9999.000,9999.000,9999.000,9999.000,9999.000,9999.000
202608011430,   1.083,   1.469,9999.000,9999.000,9999.000,9999.000,9999.000,9999.000,9999.000
202608011436,   1.088,   1.489,9999.000,9999.000,9999.000,9999.000,9999.000,9999.000,9999.000
202608011442,   1.095,   1.508,9999.000,9999.000,9999.000,9999.000,9999.000,9999.000,9999.000
202608011448,   1.104,   1.518,9999.000,9999.000,9999.000,9999.000,9999.000,9999.000,9999.000
202608011454,   1.115,   1.548,9999.000,9999.000,9999.000,9999.000,9999.000,9999.000,9999.000
202608011500,   1.128,   1.571,   0.500,  -0.057,   1.571,   0.500,   1.571,   0.600,   1.671
202608011506,   1.142,   1.580,9999.000,9999.000,9999.000,9999.000,9999.000,9999.000,9999.000
202608011512,   1.158,   1.630,9999.000,9999.000,9999.000,9999.000,9999.000,9999.000,9999.000
202608011518,   1.177,   1.649,9999.000,9999.000,9999.000,9999.000,9999.000,9999.000,9999.000
202608011524,   1.197,   1.679,9999.000,9999.000,9999.000,9999.000,9999.000,9999.000,9999.000
202608011530,   1.218,   1.718,9999.000,9999.000,9999.000,9999.000,9999.000,9999.000,9999.000
202608011536,   1.242,   1.748,9999.000,9999.000,9999.000,9999.000,9999.000,9999.000,9999.000
202608011542,   1.267,   1.781,9999.000,9999.000,9999.000,9999.000,9999.000,9999.000,9999.000
202608011548,   1.293,   1.810,9999.000,9999.000,9999.000,9999.000,9999.000,9999.000,9999.000
202608011554,   1.321,   1.869,9999.000,9999.000,9999.000,9999.000,9999.000,9999.000,9999.000
202608011600,   1.351,   1.899,   0.500,   0.048,   1.899,   0.500,   1.899,   0.600,   1.999
202608011606,   1.381,   1.928,9999.000,9999.000,9999.000,9999.000,9999.000,9999.000,9999.000
202608011612,   1.413,   1.981,9999.000,9999.000,9999.000,9999.000,9999.000,9999.000,9999.000
202608011618,   1.446,   2.010,9999.000,9999.000,9999.000,9999.000,9999.000,9999.000,9999.000
202608011624,   1.479,   2.049,9999.000,9999.000,9999.000,9999.000,9999.000,9999.000,9999.000
202608011630,   1.514,   2.089,9999.000,9999.000,9999.000,9999.000,9999.000,9999.000,9999.000
202608011636,   1.549,   2.128,9999.000,9999.000,9999.000,9999.000,9999.000,9999.000,9999.000
202608011642,   1.584,   2.158,9999.000,9999.000,9999.000,9999.000,9999.000,9999.000,9999.000
202608011648,   1.620,   2.191,9999.000,9999.000,9999.000,9999.000,9999.000,9999.000,9999.000
202608011654,   1.656,   2.240,9999.000,9999.000,9999.000,9999.000,9999.000,9999.000,9999.000
202608011700,   1.692,   2.279,   0.500,   0.087,   2.279,   0.500,   2.279,   0.600,   2.379
202608011706,   1.728,   2.309,9999.000,9999.000,9999.000,9999.000,9999.000,9999.000,9999.000
202608011712,   1.764,   2.348,9999.000,9999.000,9999.000,9999.000,9999.000,9999.000,9999.000
202608011718,   1.800,   2.377,9999.000,9999.000,9999.000,9999.000,9999.000,9999.000,9999.000
202608011724,   1.835,   2.420,9999.000,9999.000,9999.000,9999.000,9999.000,9999.000,9999.000
202608011730,   1.870,   2.459,9999.000,9999.000,9999.000,9999.000,9999.000,9999.000,9999.000
202608011736,   1.904,   2.479,9999.000,9999.000,9999.000,9999.000,9999.000,9999.000,9999.000
202608011742,   1.938,   2.509,9999.000,9999.000,9999.000,9999.000,9999.000,9999.000,9999.000
202608011748,   1.972,   2.538,9999.000,9999.000,9999.000,9999.000,9999.000,9999.000,9999.000
202608011754,   2.004,   2.578,9999.000,9999.000,9999.000,9999.000,9999.000,9999.000,9999.000
202608011800,   2.036,   2.597,   0.500,   0.061,   2.597,   0.500,   2.597,   0.600,   2.697
202608011806,   2.067,   2.630,9999.000,9999.000,9999.000,9999.000,9999.000,9999.000,9999.000
202608011812,   2.098,   2.650,9999.000,9999.000,9999.000,9999.000,9999.000,9999.000,9999.000
202608011818,   2.127,   2.679,9999.000,9999.000,9999.000,9999.000,9999.000,9999.000,9999.000
202608011824,   2.156,   2.709,9999.000,9999.000,9999.000,9999.000,9999.000,9999.000,9999.000
202608011830,   2.184,   2.748,9999.000,9999.000,9999.000,9999.000,9999.000,9999.000,9999.000
202608011836,   2.210,   2.778,9999.000,9999.000,9999.000,9999.000,9999.000,9999.000,9999.000
202608011842,   2.236,   2.807,9999.000,9999.000,9999.000,9999.000,9999.000,9999.000,9999.000
202608011848,   2.260,   2.840,9999.000,9999.000,9999.000,9999.000,9999.000,9999.000,9999.000
202608011854,   2.283,   2.850,9999.000,9999.000,9999.000,9999.000,9999.000,9999.000,9999.000
202608011900,   2.306,   2.860,   0.500,   0.054,   2.860,   0.500,   2.860,   0.600,   2.960
202608011906,   2.326,   2.879,9999.000,9999.000,9999.000,9999.000,9999.000,9999.000,9999.000
202608011912,   2.346,   2.869,9999.000,9999.000,9999.000,9999.000,9999.000,9999.000,9999.000
202608011918,   2.364,   2.879,9999.000,9999.000,9999.000,9999.000,9999.000,9999.000,9999.000
202608011924,   2.380,   2.889,9999.000,9999.000,9999.000,9999.000,9999.000,9999.000,9999.000
202608011930,   2.395,   2.879,9999.000,9999.000,9999.000,9999.000,9999.000,9999.000,9999.000
202608011936,   2.409,   2.889,9999.000,9999.000,9999.000,9999.000,9999.000,9999.000,9999.000
202608011942,   2.421,   2.899,9999.000,9999.000,9999.000,9999.000,9999.000,9999.000,9999.000
202608011948,   2.430,   2.879,9999.000,9999.000,9999.000,9999.000,9999.000,9999.000,9999.000
202608011954,   2.439,   2.879,9999.000,9999.000,9999.000,9999.000,9999.000,9999.000,9999.000
202608012000,   2.445,   2.879,   0.500,  -0.066,   2.879,   0.500,   2.879,   0.600,   2.979
202608012006,   2.449,   2.860,9999.000,9999.000,9999.000,9999.000,9999.000,9999.000,9999.000
202608012012,   2.452,   2.840,9999.000,9999.000,9999.000,9999.000,9999.000,9999.000,9999.000
202608012018,   2.452,   2.820,9999.000,9999.000,9999.000,9999.000,9999.000,9999.000,9999.000
202608012024,   2.450,   2.787,9999.000,9999.000,9999.000,9999.000,9999.000,9999.000,9999.000
202608012030,   2.447,   2.778,9999.000,9999.000,9999.000,9999.000,9999.000,9999.000,9999.000
202608012036,   2.441,   2.768,9999.000,9999.000,9999.000,9999.000,9999.000,9999.000,9999.000
202608012042,   2.433,   2.758,9999.000,9999.000,9999.000,9999.000,9999.000,9999.000,9999.000
202608012048,   2.423,   2.738,9999.000,9999.000,9999.000,9999.000,9999.000,9999.000,9999.000
202608012054,   2.411,   2.709,9999.000,9999.000,9999.000,9999.000,9999.000,9999.000,9999.000
202608012100,   2.397,   2.689,   0.600,  -0.308,   2.689,   0.500,   2.589,   0.600,   2.689
202608012106,   2.382,   2.669,9999.000,9999.000,9999.000,9999.000,9999.000,9999.000,9999.000
202608012112,   2.364,   2.640,9999.000,9999.000,9999.000,9999.000,9999.000,9999.000,9999.000
202608012118,   2.344,   2.610,9999.000,9999.000,9999.000,9999.000,9999.000,9999.000,9999.000
202608012124,   2.322,   2.548,9999.000,9999.000,9999.000,9999.000,9999.000,9999.000,9999.000
202608012130,   2.299,   2.489,9999.000,9999.000,9999.000,9999.000,9999.000,9999.000,9999.000
202608012136,   2.274,   2.459,9999.000,9999.000,9999.000,9999.000,9999.000,9999.000,9999.000
202608012142,   2.247,   2.459,9999.000,9999.000,9999.000,9999.000,9999.000,9999.000,9999.000
202608012148,   2.219,   2.450,9999.000,9999.000,9999.000,9999.000,9999.000,9999.000,9999.000
202608012154,   2.189,   2.410,9999.000,9999.000,9999.000,9999.000,9999.000,9999.000,9999.000
202608012200,   2.158,   2.387,   0.600,  -0.371,   2.387,   0.500,   2.287,   0.600,   2.387
202608012206,   2.125,   2.400,9999.000,9999.000,9999.000,9999.000,9999.000,9999.000,9999.000
202608012212,   2.091,   2.358,9999.000,9999.000,9999.000,9999.000,9999.000,9999.000,9999.000
202608012218,   2.055,   2.400,9999.000,9999.000,9999.000,9999.000,9999.000,9999.000,9999.000
202608012224,   2.019,   2.377,9999.000,9999.000,9999.000,9999.000,9999.000,9999.000,9999.000
202608012230,   1.981,   2.318,9999.000,9999.000,9999.000,9999.000,9999.000,9999.000,9999.000
202608012236,   1.942,   2.309,9999.000,9999.000,9999.000,9999.000,9999.000,9999.000,9999.000
202608012242,   1.902,   2.240,9999.000,9999.000,9999.000,9999.000,9999.000,9999.000,9999.000
202608012248,   1.861,   2.168,9999.000,9999.000,9999.000,9999.000,9999.000,9999.000,9999.000
202608012254,   1.820,   2.099,9999.000,9999.000,9999.000,9999.000,9999.000,9999.000,9999.000
202608012300,   1.777,   2.030,   0.600,  -0.347,   2.030,   0.500,   1.930,   0.600,   2.030
202608012306,   1.734,   1.981,9999.000,9999.000,9999.000,9999.000,9999.000,9999.000,9999.000
202608012312,   1.690,   1.967,9999.000,9999.000,9999.000,9999.000,9999.000,9999.000,9999.000
202608012318,   1.646,   1.918,9999.000,9999.000,9999.000,9999.000,9999.000,9999.000,9999.000
202608012324,   1.601,   1.849,9999.000,9999.000,9999.000,9999.000,9999.000,9999.000,9999.000
202608012330,   1.555,   1.820,9999.000,9999.000,9999.000,9999.000,9999.000,9999.000,9999.000
202608012336,   1.510,   1.767,9999.000,9999.000,9999.000,9999.000,9999.000,9999.000,9999.000
202608012342,   1.464,   1.728,9999.000,9999.000,9999.000,9999.000,9999.000,9999.000,9999.000
202608012348,   1.418,   1.708,9999.000,9999.000,9999.000,9999.000,9999.000,9999.000,9999.000
202608012354,   1.372,   1.679,9999.000,9999.000,9999.000,9999.000,9999.000,9999.000,9999.000
202608020000,   1.326,   1.630,   0.500,  -0.196,   1.630,   0.500,   1.630,   0.500,   1.630
202608020006,   1.280,   1.580,9999.000,9999.000,9999.000,9999.000,9999.000,9999.000,9999.000
202608020012,   1.234,   1.538,9999.000,9999.000,9999.000,9999.000,9999.000,9999.000,9999.000
202608020018,   1.189,   1.489,9999.000,9999.000,9999.000,9999.000,9999.000,9999.000,9999.000
202608020024,   1.144,   1.430,9999.000,9999.000,9999.000,9999.000,9999.000,9999.000,9999.000
202608020030,   1.100,   1.390,9999.000,9999.000,9999.000,9999.000,9999.000,9999.000,9999.000
202608020036,   1.056,   1.328,9999.000,9999.000,9999.000,9999.000,9999.000,9999.000,9999.000
202608020042,   1.013,   1.289,9999.000,9999.000,9999.000,9999.000,9999.000,9999.000,9999.000
202608020048,   0.971,   1.259,9999.000,9999.000,9999.000,9999.000,9999.000,9999.000,9999.000
202608020054,   0.930,   1.229,9999.000,9999.000,9999.000,9999.000,9999.000,9999.000,9999.000
202608020100,   0.890,   1.200,   0.500,  -0.190,   1.200,   0.500,   1.200,   0.600,   1.300
202608020106,   0.850,   1.180,9999.000,9999.000,9999.000,9999.000,9999.000,9999.000,9999.000
202608020112,   0.812,   1.161,9999.000,9999.000,9999.000,9999.000,9999.000,9999.000,9999.000
202608020118,   0.775,   1.118,9999.000,9999.000,9999.000,9999.000,9999.000,9999.000,9999.000
202608020124,   0.740,   1.098,9999.000,9999.000,9999.000,9999.000,9999.000,9999.000,9999.000
202608020130,   0.706,   1.059,9999.000,9999.000,9999.000,9999.000,9999.000,9999.000,9999.000
202608020136,   0.673,   1.020,9999.000,9999.000,9999.000,9999.000,9999.000,9999.000,9999.000
202608020142,   0.641,   0.990,9999.000,9999.000,9999.000,9999.000,9999.000,9999.000,9999.000
202608020148,   0.612,   0.961,9999.000,9999.000,9999.000,9999.000,9999.000,9999.000,9999.000
202608020154,   0.583,   0.941,9999.000,9999.000,9999.000,9999.000,9999.000,9999.000,9999.000
202608020200,   0.557,   0.908,   0.500,  -0.149,   0.908,   0.500,   0.908,   0.600,   1.008
202608020206,   0.532,   0.898,9999.000,9999.000,9999.000,9999.000,9999.000,9999.000,9999.000
202608020212,   0.509,   0.879,9999.000,9999.000,9999.000,9999.000,9999.000,9999.000,9999.000
202608020218,   0.487,   0.859,9999.000,9999.000,9999.000,9999.000,9999.000,9999.000,9999.000
202608020224,   0.468,   0.849,9999.000,9999.000,9999.000,9999.000,9999.000,9999.000,9999.000
202608020230,   0.451,   0.839,9999.000,9999.000,9999.000,9999.000,9999.000,9999.000,9999.000
202608020236,   0.435,   0.819,9999.000,9999.000,9999.000,9999.000,9999.000,9999.000,9999.000
202608020242,   0.422,   0.810,9999.000,9999.000,9999.000,9999.000,9999.000,9999.000,9999.000
202608020248,   0.410,   0.800,9999.000,9999.000,9999.000,9999.000,9999.000,9999.000,9999.000
202608020254,   0.401,   0.790,9999.000,9999.000,9999.000,9999.000,9999.000,9999.000,9999.000
202608020300,   0.394,   0.790,   0.500,  -0.104,   0.790,   0.500,   0.790,   0.600,   0.890
202608020306,   0.389,   0.790,9999.000,9999.000,9999.000,9999.000,9999.000,9999.000,9999.000
202608020312,   0.387,   0.790,9999.000,9999.000,9999.000,9999.000,9999.000,9999.000,9999.000
202608020318,   0.386,   0.800,9999.000,9999.000,9999.000,9999.000,9999.000,9999.000,9999.000
202608020324,   0.389,   0.819,9999.000,9999.000,9999.000,9999.000,9999.000,9999.000,9999.000
202608020330,   0.393,   0.839,9999.000,9999.000,9999.000,9999.000,9999.000,9999.000,9999.000
202608020336,   0.400,   0.859,9999.000,9999.000,9999.000,9999.000,9999.000,9999.000,9999.000
202608020342,   0.409,   0.879,9999.000,9999.000,9999.000,9999.000,9999.000,9999.000,9999.000
202608020348,   0.420,   0.908,9999.000,9999.000,9999.000,9999.000,9999.000,9999.000,9999.000
202608020354,   0.433,   0.941,9999.000,9999.000,9999.000,9999.000,9999.000,9999.000,9999.000
202608020400,   0.449,   0.970,   0.500,   0.021,   0.970,   0.500,   0.970,   0.600,   1.070
202608020406,   0.466,   1.000,9999.000,9999.000,9999.000,9999.000,9999.000,9999.000,9999.000
202608020412,   0.486,   1.029,9999.000,9999.000,9999.000,9999.000,9999.000,9999.000,9999.000
202608020418,   0.508,   1.049,9999.000,9999.000,9999.000,9999.000,9999.000,9999.000,9999.000
202608020424,   0.531,   1.079,9999.000,9999.000,9999.000,9999.000,9999.000,9999.000,9999.000
202608020430,   0.556,   1.108,9999.000,9999.000,9999.000,9999.000,9999.000,9999.000,9999.000
202608020436,   0.583,   1.138,9999.000,9999.000,9999.000,9999.000,9999.000,9999.000,9999.000
202608020442,   0.612,   1.161,9999.000,9999.000,9999.000,9999.000,9999.000,9999.000,9999.000
202608020448,   0.641,   1.180,9999.000,9999.000,9999.000,9999.000,9999.000,9999.000,9999.000
202608020454,   0.672,   1.210,9999.000,9999.000,9999.000,9999.000,9999.000,9999.000,9999.000
202608020500,   0.704,   1.239,   0.500,   0.035,   1.239,   0.500,   1.239,   0.600,   1.339
202608020506,   0.737,   1.269,9999.000,9999.000,9999.000,9999.000,9999.000,9999.000,9999.000
202608020512,   0.771,   1.298,9999.000,9999.000,9999.000,9999.000,9999.000,9999.000,9999.000
202608020518,   0.805,   1.318,9999.000,9999.000,9999.000,9999.000,9999.000,9999.000,9999.000
202608020524,   0.841,   1.348,9999.000,9999.000,9999.000,9999.000,9999.000,9999.000,9999.000
202608020530,   0.876,   1.380,9999.000,9999.000,9999.000,9999.000,9999.000,9999.000,9999.000
202608020536,   0.912,   1.400,9999.000,9999.000,9999.000,9999.000,9999.000,9999.000,9999.000
202608020542,   0.949,   1.430,9999.000,9999.000,9999.000,9999.000,9999.000,9999.000,9999.000
202608020548,   0.985,   1.469,9999.000,9999.000,9999.000,9999.000,9999.000,9999.000,9999.000
202608020554,   1.022,   1.489,9999.000,9999.000,9999.000,9999.000,9999.000,9999.000,9999.000
202608020600,   1.059,   1.528,   0.500,  -0.031,   1.528,   0.400,   1.428,   0.500,   1.528
202608020606,   1.095,   1.571,9999.000,9999.000,9999.000,9999.000,9999.000,9999.000,9999.000
202608020612,   1.132,   1.610,9999.000,9999.000,9999.000,9999.000,9999.000,9999.000,9999.000
202608020618,   1.168,   1.630,9999.000,9999.000,9999.000,9999.000,9999.000,9999.000,9999.000
202608020624,   1.205,   1.679,9999.000,9999.000,9999.000,9999.000,9999.000,9999.000,9999.000
202608020630,   1.241,   1.718,9999.000,9999.000,9999.000,9999.000,9999.000,9999.000,9999.000
202608020636,   1.276,   1.748,9999.000,9999.000,9999.000,9999.000,9999.000,9999.000,9999.000
202608020642,   1.312,   1.790,9999.000,9999.000,9999.000,9999.000,9999.000,9999.000,9999.000
202608020648,   1.347,   1.820,9999.000,9999.000,9999.000,9999.000,9999.000,9999.000,9999.000
202608020654,   1.381,   1.869,9999.000,9999.000,9999.000,9999.000,9999.000,9999.000,9999.000
202608020700,   1.415,   1.908,   0.500,  -0.007,   1.908,   0.400,   1.808,   0.500,   1.908
202608020706,   1.448,   1.938,9999.000,9999.000,9999.000,9999.000,9999.000,9999.000,9999.000
202608020712,   1.481,   1.981,9999.000,9999.000,9999.000,9999.000,9999.000,9999.000,9999.000
202608020718,   1.513,   2.020,9999.000,9999.000,9999.000,9999.000,9999.000,9999.000,9999.000
202608020724,   1.545,   2.040,9999.000,9999.000,9999.000,9999.000,9999.000,9999.000,9999.000
202608020730,   1.575,   2.069,9999.000,9999.000,9999.000,9999.000,9999.000,9999.000,9999.000
202608020736,   1.605,   2.099,9999.000,9999.000,9999.000,9999.000,9999.000,9999.000,9999.000
202608020742,   1.634,   2.118,9999.000,9999.000,9999.000,9999.000,9999.000,9999.000,9999.000
202608020748,   1.662,   2.148,9999.000,9999.000,9999.000,9999.000,9999.000,9999.000,9999.000
202608020754,   1.688,   2.168,9999.000,9999.000,9999.000,9999.000,9999.000,9999.000,9999.000
202608020800,   1.714,   2.191,   0.500,  -0.023,   2.191,   0.400,   2.091,   0.500,   2.191
202608020806,   1.738,   2.210,9999.000,9999.000,9999.000,9999.000,9999.000,9999.000,9999.000
202608020812,   1.761,   2.230,9999.000,9999.000,9999.000,9999.000,9999.000,9999.000,9999.000
202608020818,   1.782,   2.240,9999.000,9999.000,9999.000,9999.000,9999.000,9999.000,9999.000
202608020824,   1.802,   2.250,9999.000,9999.000,9999.000,9999.000,9999.000,9999.000,9999.000
202608020830,   1.821,   2.269,9999.000,9999.000,9999.000,9999.000,9999.000,9999.000,9999.000
202608020836,   1.837,   2.269,9999.000,9999.000,9999.000,9999.000,9999.000,9999.000,9999.000
202608020842,   1.853,   2.279,9999.000,9999.000,9999.000,9999.000,9999.000,9999.000,9999.000
202608020848,   1.866,   2.299,9999.000,9999.000,9999.000,9999.000,9999.000,9999.000,9999.000
202608020854,   1.878,   2.309,9999.000,9999.000,9999.000,9999.000,9999.000,9999.000,9999.000
202608020900,   1.888,   2.318,   0.500,  -0.070,   2.318,   0.400,   2.218,   0.500,   2.318
202608020906,   1.896,   2.328,9999.000,9999.000,9999.000,9999.000,9999.000,9999.000,9999.000
202608020912,   1.902,   2.338,9999.000,9999.000,9999.000,9999.000,9999.000,9999.000,9999.000
202608020918,   1.907,   2.328,9999.000,9999.000,9999.000,9999.000,9999.000,9999.000,9999.000
202608020924,   1.910,   2.328,9999.000,9999.000,9999.000,9999.000,9999.000,9999.000,9999.000
202608020930,   1.911,   2.338,9999.000,9999.000,9999.000,9999.000,9999.000,9999.000,9999.000
202608020936,   1.910,   2.328,9999.000,9999.000,9999.000,9999.000,9999.000,9999.000,9999.000
202608020942,   1.908,   2.328,9999.000,9999.000,9999.000,9999.000,9999.000,9999.000,9999.000
202608020948,   1.904,   2.318,9999.000,9999.000,9999.000,9999.000,9999.000,9999.000,9999.000
202608020954,   1.899,   2.318,9999.000,9999.000,9999.000,9999.000,9999.000,9999.000,9999.000
202608021000,   1.891,   2.299,   0.500,  -0.092,   2.299,   0.400,   2.199,   0.500,   2.299
202608021006,   1.883,   2.289,9999.000,9999.000,9999.000,9999.000,9999.000,9999.000,9999.000
202608021012,   1.872,   2.279,9999.000,9999.000,9999.000,9999.000,9999.000,9999.000,9999.000
202608021018,   1.861,   2.250,9999.000,9999.000,9999.000,9999.000,9999.000,9999.000,9999.000
202608021024,   1.848,   2.220,9999.000,9999.000,9999.000,9999.000,9999.000,9999.000,9999.000
202608021030,   1.834,   2.200,9999.000,9999.000,9999.000,9999.000,9999.000,9999.000,9999.000
202608021036,   1.818,   2.168,9999.000,9999.000,9999.000,9999.000,9999.000,9999.000,9999.000
202608021042,   1.801,   2.148,9999.000,9999.000,9999.000,9999.000,9999.000,9999.000,9999.000
202608021048,   1.783,   2.118,9999.000,9999.000,9999.000,9999.000,9999.000,9999.000,9999.000
202608021054,   1.764,   2.099,9999.000,9999.000,9999.000,9999.000,9999.000,9999.000,9999.000
202608021100,   1.744,   2.079,   0.500,  -0.165,   2.079,   0.500,   2.079,   0.500,   2.079
202608021106,   1.723,   2.069,9999.000,9999.000,9999.000,9999.000,9999.000,9999.000,9999.000
202608021112,   1.701,   2.040,9999.000,9999.000,9999.000,9999.000,9999.000,9999.000,9999.000
202608021118,   1.678,   2.020,9999.000,9999.000,9999.000,9999.000,9999.000,9999.000,9999.000
202608021124,   1.654,   2.000,9999.000,9999.000,9999.000,9999.000,9999.000,9999.000,9999.000
202608021130,   1.630,   1.981,9999.000,9999.000,9999.000,9999.000,9999.000,9999.000,9999.000
202608021136,   1.605,   1.967,9999.000,9999.000,9999.000,9999.000,9999.000,9999.000,9999.000
202608021142,   1.579,   1.928,9999.000,9999.000,9999.000,9999.000,9999.000,9999.000,9999.000
202608021148,   1.553,   1.899,9999.000,9999.000,9999.000,9999.000,9999.000,9999.000,9999.000
202608021154,   1.526,   1.879,9999.000,9999.000,9999.000,9999.000,9999.000,9999.000,9999.000
202608021200,   1.499,   1.840,   0.500,  -0.159,   1.840,   0.400,   1.740,   0.500,   1.840
202608021206,   1.471,   1.830,9999.000,9999.000,9999.000,9999.000,9999.000,9999.000,9999.000
202608021212,   1.444,   1.790,9999.000,9999.000,9999.000,9999.000,9999.000,9999.000,9999.000
202608021218,   1.416,   1.738,9999.000,9999.000,9999.000,9999.000,9999.000,9999.000,9999.000
202608021224,   1.388,   1.748,9999.000,9999.000,9999.000,9999.000,9999.000,9999.000,9999.000
202608021230,   1.360,   1.738,9999.000,9999.000,9999.000,9999.000,9999.000,9999.000,9999.000
202608021236,   1.333,   1.708,9999.000,9999.000,9999.000,9999.000,9999.000,9999.000,9999.000
202608021242,   1.305,   1.728,9999.000,9999.000,9999.000,9999.000,9999.000,9999.000,9999.000
202608021248,   1.278,   1.767,9999.000,9999.000,9999.000,9999.000,9999.000,9999.000,9999.000
202608021254,   1.251,   1.748,9999.000,9999.000,9999.000,9999.000,9999.000,9999.000,9999.000
202608021300,   1.225,   1.728,   0.500,   0.003,   1.728,   0.400,   1.628,   0.500,   1.728
202608021306,   1.200,   1.708,9999.000,9999.000,9999.000,9999.000,9999.000,9999.000,9999.000
202608021312,   1.175,   1.659,9999.000,9999.000,9999.000,9999.000,9999.000,9999.000,9999.000
202608021318,   1.151,   1.620,9999.000,9999.000,9999.000,9999.000,9999.000,9999.000,9999.000
202608021324,   1.127,   1.580,9999.000,9999.000,9999.000,9999.000,9999.000,9999.000,9999.000
202608021330,   1.105,   1.557,9999.000,9999.000,9999.000,9999.000,9999.000,9999.000,9999.000
202608021336,   1.083,   1.538,9999.000,9999.000,9999.000,9999.000,9999.000,9999.000,9999.000
202608021342,   1.063,   1.528,9999.000,9999.000,9999.000,9999.000,9999.000,9999.000,9999.000
202608021348,   1.043,   1.548,9999.000,9999.000,9999.000,9999.000,9999.000,9999.000,9999.000
202608021354,   1.025,   1.548,9999.000,9999.000,9999.000,9999.000,9999.000,9999.000,9999.000
202608021400,   1.008,   1.528,   0.500,   0.020,   1.528,   0.500,   1.528,   0.500,   1.528
202608021406,   0.992,   1.498,9999.000,9999.000,9999.000,9999.000,9999.000,9999.000,9999.000
202608021412,   0.977,   1.489,9999.000,9999.000,9999.000,9999.000,9999.000,9999.000,9999.000
202608021418,   0.964,   1.459,9999.000,9999.000,9999.000,9999.000,9999.000,9999.000,9999.000
202608021424,   0.952,   1.430,9999.000,9999.000,9999.000,9999.000,9999.000,9999.000,9999.000
202608021430,   0.942,   1.430,9999.000,9999.000,9999.000,9999.000,9999.000,9999.000,9999.000
202608021436,   0.933,   1.449,9999.000,9999.000,9999.000,9999.000,9999.000,9999.000,9999.000
202608021442,   0.925,   1.469,9999.000,9999.000,9999.000,9999.000,9999.000,9999.000,9999.000
202608021448,   0.919,   1.489,9999.000,9999.000,9999.000,9999.000,9999.000,9999.000,9999.000
202608021454,   0.915,   1.518,9999.000,9999.000,9999.000,9999.000,9999.000,9999.000,9999.000
202608021500,   0.912,   1.528,   0.500,   0.116,   1.528,   0.500,   1.528,   0.500,   1.528
202608021506,   0.912,   1.538,9999.000,9999.000,9999.000,9999.000,9999.000,9999.000,9999.000
202608021512,   0.912,   1.538,9999.000,9999.000,9999.000,9999.000,9999.000,9999.000,9999.000
202608021518,   0.915,   1.538,9999.000,9999.000,9999.000,9999.000,9999.000,9999.000,9999.000
202608021524,   0.920,   1.538,9999.000,9999.000,9999.000,9999.000,9999.000,9999.000,9999.000
202608021530,   0.926,   1.538,9999.000,9999.000,9999.000,9999.000,9999.000,9999.000,9999.000
202608021536,   0.934,   1.548,9999.000,9999.000,9999.000,9999.000,9999.000,9999.000,9999.000
202608021542,   0.944,   1.518,9999.000,9999.000,9999.000,9999.000,9999.000,9999.000,9999.000
202608021548,   0.956,   1.528,9999.000,9999.000,9999.000,9999.000,9999.000,9999.000,9999.000
202608021554,   0.970,   1.571,9999.000,9999.000,9999.000,9999.000,9999.000,9999.000,9999.000
202608021600,   0.986,   1.610,   0.500,   0.124,   1.610,   0.500,   1.610,   0.600,   1.710
202608021606,   1.003,   1.630,9999.000,9999.000,9999.000,9999.000,9999.000,9999.000,9999.000
202608021612,   1.023,   1.659,9999.000,9999.000,9999.000,9999.000,9999.000,9999.000,9999.000
202608021618,   1.044,   1.699,9999.000,9999.000,9999.000,9999.000,9999.000,9999.000,9999.000
202608021624,   1.067,   1.748,9999.000,9999.000,9999.000,9999.000,9999.000,9999.000,9999.000
202608021630,   1.091,   1.810,9999.000,9999.000,9999.000,9999.000,9999.000,9999.000,9999.000
202608021636,   1.117,   1.859,9999.000,9999.000,9999.000,9999.000,9999.000,9999.000,9999.000
202608021642,   1.145,   1.859,9999.000,9999.000,9999.000,9999.000,9999.000,9999.000,9999.000
202608021648,   1.174,   1.879,9999.000,9999.000,9999.000,9999.000,9999.000,9999.000,9999.000
202608021654,   1.204,   1.928,9999.000,9999.000,9999.000,9999.000,9999.000,9999.000,9999.000
202608021700,   1.235,   1.948,   0.500,   0.213,   1.948,   0.500,   1.948,   0.600,   2.048
202608021706,   1.267,   1.958,9999.000,9999.000,9999.000,9999.000,9999.000,9999.000,9999.000
202608021712,   1.301,   1.981,9999.000,9999.000,9999.000,9999.000,9999.000,9999.000,9999.000
202608021718,   1.334,   1.981,9999.000,9999.000,9999.000,9999.000,9999.000,9999.000,9999.000
202608021724,   1.369,   2.020,9999.000,9999.000,9999.000,9999.000,9999.000,9999.000,9999.000
202608021730,   1.404,   2.089,9999.000,9999.000,9999.000,9999.000,9999.000,9999.000,9999.000
202608021736,   1.439,   2.158,9999.000,9999.000,9999.000,9999.000,9999.000,9999.000,9999.000
202608021742,   1.474,   2.210,9999.000,9999.000,9999.000,9999.000,9999.000,9999.000,9999.000
202608021748,   1.510,   2.250,9999.000,9999.000,9999.000,9999.000,9999.000,9999.000,9999.000
202608021754,   1.546,   2.289,9999.000,9999.000,9999.000,9999.000,9999.000,9999.000,9999.000
202608021800,   1.581,   2.338,   0.600,   0.157,   2.338,   0.500,   2.238,   0.600,   2.338
202608021806,   1.616,   2.328,9999.000,9999.000,9999.000,9999.000,9999.000,9999.000,9999.000
202608021812,   1.651,   2.368,9999.000,9999.000,9999.000,9999.000,9999.000,9999.000,9999.000
202608021818,   1.685,   2.410,9999.000,9999.000,9999.000,9999.000,9999.000,9999.000,9999.000
202608021824,   1.719,   2.430,9999.000,9999.000,9999.000,9999.000,9999.000,9999.000,9999.000
202608021830,   1.753,   2.499,9999.000,9999.000,9999.000,9999.000,9999.000,9999.000,9999.000
202608021836,   1.785,   2.538,9999.000,9999.000,9999.000,9999.000,9999.000,9999.000,9999.000
202608021842,   1.817,   2.558,9999.000,9999.000,9999.000,9999.000,9999.000,9999.000,9999.000
202608021848,   1.849,   2.597,9999.000,9999.000,9999.000,9999.000,9999.000,9999.000,9999.000
202608021854,   1.879,   2.650,9999.000,9999.000,9999.000,9999.000,9999.000,9999.000,9999.000
202608021900,   1.909,   2.669,   0.600,   0.160,   2.669,   0.500,   2.569,   0.600,   2.669
202608021906,   1.938,   2.679,9999.000,9999.000,9999.000,9999.000,9999.000,9999.000,9999.000
202608021912,   1.966,   2.719,9999.000,9999.000,9999.000,9999.000,9999.000,9999.000,9999.000
202608021918,   1.993,   2.738,9999.000,9999.000,9999.000,9999.000,9999.000,9999.000,9999.000
202608021924,   2.019,   2.768,9999.000,9999.000,9999.000,9999.000,9999.000,9999.000,9999.000
202608021930,   2.044,   2.797,9999.000,9999.000,9999.000,9999.000,9999.000,9999.000,9999.000
202608021936,   2.068,   2.820,9999.000,9999.000,9999.000,9999.000,9999.000,9999.000,9999.000
202608021942,   2.091,   2.830,9999.000,9999.000,9999.000,9999.000,9999.000,9999.000,9999.000
202608021948,   2.112,   2.840,9999.000,9999.000,9999.000,9999.000,9999.000,9999.000,9999.000
202608021954,   2.133,   2.850,9999.000,9999.000,9999.000,9999.000,9999.000,9999.000,9999.000
202608022000,   2.152,   2.860,   0.600,   0.108,   2.860,   0.500,   2.760,   0.700,   2.960
202608022006,   2.170,   2.869,9999.000,9999.000,9999.000,9999.000,9999.000,9999.000,9999.000
202608022012,   2.186,   2.860,9999.000,9999.000,9999.000,9999.000,9999.000,9999.000,9999.000
202608022018,   2.201,   2.840,9999.000,9999.000,9999.000,9999.000,9999.000,9999.000,9999.000
202608022024,   2.214,   2.860,9999.000,9999.000,9999.000,9999.000,9999.000,9999.000,9999.000
202608022030,   2.226,   2.869,9999.000,9999.000,9999.000,9999.000,9999.000,9999.000,9999.000
202608022036,   2.236,   2.860,9999.000,9999.000,9999.000,9999.000,9999.000,9999.000,9999.000
202608022042,   2.244,   2.860,9999.000,9999.000,9999.000,9999.000,9999.000,9999.000,9999.000
202608022048,   2.250,   2.860,9999.000,9999.000,9999.000,9999.000,9999.000,9999.000,9999.000
202608022054,   2.255,   2.869,9999.000,9999.000,9999.000,9999.000,9999.000,9999.000,9999.000
202608022100,   2.258,   2.860,   0.600,   0.002,   2.860,   0.500,   2.760,   0.700,   2.960
202608022106,   2.259,   2.850,9999.000,9999.000,9999.000,9999.000,9999.000,9999.000,9999.000
202608022112,   2.257,   2.840,9999.000,9999.000,9999.000,9999.000,9999.000,9999.000,9999.000
202608022118,   2.254,   2.830,9999.000,9999.000,9999.000,9999.000,9999.000,9999.000,9999.000
202608022124,   2.249,   2.787,9999.000,9999.000,9999.000,9999.000,9999.000,9999.000,9999.000
202608022130,   2.242,   2.768,9999.000,9999.000,9999.000,9999.000,9999.000,9999.000,9999.000
202608022136,   2.233,   2.719,9999.000,9999.000,9999.000,9999.000,9999.000,9999.000,9999.000
202608022142,   2.223,   2.679,9999.000,9999.000,9999.000,9999.000,9999.000,9999.000,9999.000
202608022148,   2.210,   2.669,9999.000,9999.000,9999.000,9999.000,9999.000,9999.000,9999.000
202608022154,   2.195,   2.650,9999.000,9999.000,9999.000,9999.000,9999.000,9999.000,9999.000
202608022200,   2.178,   2.630,   0.600,  -0.148,   2.630,   0.500,   2.530,   0.700,   2.730
202608022206,   2.160,   2.620,9999.000,9999.000,9999.000,9999.000,9999.000,9999.000,9999.000
202608022212,   2.140,   2.578,9999.000,9999.000,9999.000,9999.000,9999.000,9999.000,9999.000
202608022218,   2.118,   2.558,9999.000,9999.000,9999.000,9999.000,9999.000,9999.000,9999.000
202608022224,   2.095,   2.538,9999.000,9999.000,9999.000,9999.000,9999.000,9999.000,9999.000
202608022230,   2.070,   2.519,9999.000,9999.000,9999.000,9999.000,9999.000,9999.000,9999.000
202608022236,   2.044,   2.509,9999.000,9999.000,9999.000,9999.000,9999.000,9999.000,9999.000
202608022242,   2.016,   2.459,9999.000,9999.000,9999.000,9999.000,9999.000,9999.000,9999.000
202608022248,   1.987,   2.420,9999.000,9999.000,9999.000,9999.000,9999.000,9999.000,9999.000
202608022254,   1.957,   2.410,9999.000,9999.000,9999.000,9999.000,9999.000,9999.000,9999.000
202608022300,   1.925,   2.377,   0.600,  -0.148,   2.377,   0.600,   2.377,   0.700,   2.477
202608022306,   1.892,   2.338,9999.000,9999.000,9999.000,9999.000,9999.000,9999.000,9999.000
202608022312,   1.859,   2.309,9999.000,9999.000,9999.000,9999.000,9999.000,9999.000,9999.000
202608022318,   1.824,   2.279,9999.000,9999.000,9999.000,9999.000,9999.000,9999.000,9999.000
202608022324,   1.789,   2.269,9999.000,9999.000,9999.000,9999.000,9999.000,9999.000,9999.000
202608022330,   1.752,   2.259,9999.000,9999.000,9999.000,9999.000,9999.000,9999.000,9999.000
202608022336,   1.715,   2.269,9999.000,9999.000,9999.000,9999.000,9999.000,9999.000,9999.000
202608022342,   1.677,   2.210,9999.000,9999.000,9999.000,9999.000,9999.000,9999.000,9999.000
202608022348,   1.639,   2.079,9999.000,9999.000,9999.000,9999.000,9999.000,9999.000,9999.000
202608022354,   1.600,   2.049,9999.000,9999.000,9999.000,9999.000,9999.000,9999.000,9999.000
202608030000,   1.560,   2.010,   0.700,  -0.250,   2.010,   0.600,   1.910,   0.700,   2.010
202608030006,   1.521,   1.967,9999.000,9999.000,9999.000,9999.000,9999.000,9999.000,9999.000
202608030012,   1.481,   1.967,9999.000,9999.000,9999.000,9999.000,9999.000,9999.000,9999.000
202608030018,   1.441,   1.958,9999.000,9999.000,9999.000,9999.000,9999.000,9999.000,9999.000
202608030024,   1.400,   1.918,9999.000,9999.000,9999.000,9999.000,9999.000,9999.000,9999.000
202608030030,   1.360,   1.928,9999.000,9999.000,9999.000,9999.000,9999.000,9999.000,9999.000
202608030036,   1.320,   1.958,9999.000,9999.000,9999.000,9999.000,9999.000,9999.000,9999.000
202608030042,   1.280,   1.889,9999.000,9999.000,9999.000,9999.000,9999.000,9999.000,9999.000
202608030048,   1.240,   1.840,9999.000,9999.000,9999.000,9999.000,9999.000,9999.000,9999.000
202608030054,   1.200,   1.830,9999.000,9999.000,9999.000,9999.000,9999.000,9999.000,9999.000
202608030100,   1.161,   1.781,   0.700,  -0.080,   1.781,   0.600,   1.681,   0.700,   1.781
202608030106,   1.123,   1.738,9999.000,9999.000,9999.000,9999.000,9999.000,9999.000,9999.000
202608030112,   1.085,   1.708,9999.000,9999.000,9999.000,9999.000,9999.000,9999.000,9999.000
202608030118,   1.048,   1.659,9999.000,9999.000,9999.000,9999.000,9999.000,9999.000,9999.000
202608030124,   1.012,   1.630,9999.000,9999.000,9999.000,9999.000,9999.000,9999.000,9999.000
202608030130,   0.977,   1.610,9999.000,9999.000,9999.000,9999.000,9999.000,9999.000,9999.000
202608030136,   0.943,   1.590,9999.000,9999.000,9999.000,9999.000,9999.000,9999.000,9999.000
202608030142,   0.909,   1.538,9999.000,9999.000,9999.000,9999.000,9999.000,9999.000,9999.000
202608030148,   0.877,   1.508,9999.000,9999.000,9999.000,9999.000,9999.000,9999.000,9999.000
202608030154,   0.846,   1.469,9999.000,9999.000,9999.000,9999.000,9999.000,9999.000,9999.000
202608030200,   0.817,   1.439,   0.700,  -0.078,   1.439,   0.600,   1.339,   0.700,   1.439
202608030206,   0.789,   1.410,9999.000,9999.000,9999.000,9999.000,9999.000,9999.000,9999.000
202608030212,   0.762,   1.361,9999.000,9999.000,9999.000,9999.000,9999.000,9999.000,9999.000
202608030218,   0.736,   1.338,9999.000,9999.000,9999.000,9999.000,9999.000,9999.000,9999.000
202608030224,   0.712,   1.318,9999.000,9999.000,9999.000,9999.000,9999.000,9999.000,9999.000
202608030230,   0.690,   1.289,9999.000,9999.000,9999.000,9999.000,9999.000,9999.000,9999.000
202608030236,   0.669,   1.269,9999.000,9999.000,9999.000,9999.000,9999.000,9999.000,9999.000
202608030242,   0.650,   1.239,9999.000,9999.000,9999.000,9999.000,9999.000,9999.000,9999.000
202608030248,   0.632,   1.220,9999.000,9999.000,9999.000,9999.000,9999.000,9999.000,9999.000
202608030254,   0.617,   1.190,9999.000,9999.000,9999.000,9999.000,9999.000,9999.000,9999.000
202608030300,   0.603,   1.170,   0.700,  -0.133,   1.170,   0.600,   1.070,   0.700,   1.170
202608030306,   0.590,   1.138,9999.000,9999.000,9999.000,9999.000,9999.000,9999.000,9999.000
202608030312,   0.580,   1.118,9999.000,9999.000,9999.000,9999.000,9999.000,9999.000,9999.000
202608030318,   0.571,   1.108,9999.000,9999.000,9999.000,9999.000,9999.000,9999.000,9999.000
202608030324,   0.565,   1.108,9999.000,9999.000,9999.000,9999.000,9999.000,9999.000,9999.000
202608030330,   0.560,   1.108,9999.000,9999.000,9999.000,9999.000,9999.000,9999.000,9999.000
202608030336,   0.557,   1.108,9999.000,9999.000,9999.000,9999.000,9999.000,9999.000,9999.000
202608030342,   0.557,   1.108,9999.000,9999.000,9999.000,9999.000,9999.000,9999.000,9999.000
202608030348,   0.558,   1.098,9999.000,9999.000,9999.000,9999.000,9999.000,9999.000,9999.000
202608030354,   0.561,   1.098,9999.000,9999.000,9999.000,9999.000,9999.000,9999.000,9999.000
202608030400,   0.567,   1.088,   0.700,  -0.179,   1.088,   0.600,   0.988,   0.700,   1.088
202608030406,   0.574,   1.088,9999.000,9999.000,9999.000,9999.000,9999.000,9999.000,9999.000
202608030412,   0.584,   1.108,9999.000,9999.000,9999.000,9999.000,9999.000,9999.000,9999.000
202608030418,   0.596,   1.108,9999.000,9999.000,9999.000,9999.000,9999.000,9999.000,9999.000
202608030424,   0.610,   1.128,9999.000,9999.000,9999.000,9999.000,9999.000,9999.000,9999.000
202608030430,   0.625,   1.170,9999.000,9999.000,9999.000,9999.000,9999.000,9999.000,9999.000
202608030436,   0.643,   1.200,9999.000,9999.000,9999.000,9999.000,9999.000,9999.000,9999.000
202608030442,   0.663,   1.239,9999.000,9999.000,9999.000,9999.000,9999.000,9999.000,9999.000
202608030448,   0.685,   1.269,9999.000,9999.000,9999.000,9999.000,9999.000,9999.000,9999.000
202608030454,   0.708,   1.298,9999.000,9999.000,9999.000,9999.000,9999.000,9999.000,9999.000
202608030500,   0.734,   1.318,   0.700,  -0.116,   1.318,   0.600,   1.218,   0.700,   1.318
202608030506,   0.761,   1.380,9999.000,9999.000,9999.000,9999.000,9999.000,9999.000,9999.000
202608030512,   0.789,   1.390,9999.000,9999.000,9999.000,9999.000,9999.000,9999.000,9999.000
202608030518,   0.819,   1.400,9999.000,9999.000,9999.000,9999.000,9999.000,9999.000,9999.000
202608030524,   0.850,   1.439,9999.000,9999.000,9999.000,9999.000,9999.000,9999.000,9999.000
202608030530,   0.883,   1.469,9999.000,9999.000,9999.000,9999.000,9999.000,9999.000,9999.000
202608030536,   0.916,   1.489,9999.000,9999.000,9999.000,9999.000,9999.000,9999.000,9999.000
202608030542,   0.951,   1.528,9999.000,9999.000,9999.000,9999.000,9999.000,9999.000,9999.000
202608030548,   0.986,   1.557,9999.000,9999.000,9999.000,9999.000,9999.000,9999.000,9999.000
202608030554,   1.022,   1.590,9999.000,9999.000,9999.000,9999.000,9999.000,9999.000,9999.000
202608030600,   1.058,   1.620,   0.600,  -0.038,   1.620,   0.600,   1.620,   0.700,   1.720
202608030606,   1.095,   1.649,9999.000,9999.000,9999.000,9999.000,9999.000,9999.000,9999.000
202608030612,   1.132,   1.679,9999.000,9999.000,9999.000,9999.000,9999.000,9999.000,9999.000
202608030618,   1.169,   1.708,9999.000,9999.000,9999.000,9999.000,9999.000,9999.000,9999.000
202608030624,   1.207,   1.748,9999.000,9999.000,9999.000,9999.000,9999.000,9999.000,9999.000
202608030630,   1.244,   1.767,9999.000,9999.000,9999.000,9999.000,9999.000,9999.000,9999.000
202608030636,   1.281,   1.820,9999.000,9999.000,9999.000,9999.000,9999.000,9999.000,9999.000
202608030642,   1.318,   1.849,9999.000,9999.000,9999.000,9999.000,9999.000,9999.000,9999.000
202608030648,   1.355,   1.879,9999.000,9999.000,9999.000,9999.000,9999.000,9999.000,9999.000
202608030654,   1.391,   1.918,9999.000,9999.000,9999.000,9999.000,9999.000,9999.000,9999.000
202608030700,   1.427,   1.967,   0.600,  -0.060,   1.967,   0.600,   1.967,   0.700,   2.067
202608030706,   1.462,   2.000,9999.000,9999.000,9999.000,9999.000,9999.000,9999.000,9999.000
202608030712,   1.497,   2.040,9999.000,9999.000,9999.000,9999.000,9999.000,9999.000,9999.000
202608030718,   1.531,   2.079,9999.000,9999.000,9999.000,9999.000,9999.000,9999.000,9999.000
202608030724,   1.565,   2.109,9999.000,9999.000,9999.000,9999.000,9999.000,9999.000,9999.000
202608030730,   1.598,   2.148,9999.000,9999.000,9999.000,9999.000,9999.000,9999.000,9999.000
202608030736,   1.630,   2.191,9999.000,9999.000,9999.000,9999.000,9999.000,9999.000,9999.000
202608030742,   1.662,   2.220,9999.000,9999.000,9999.000,9999.000,9999.000,9999.000,9999.000
202608030748,   1.693,   2.259,9999.000,9999.000,9999.000,9999.000,9999.000,9999.000,9999.000
202608030754,   1.723,   2.299,9999.000,9999.000,9999.000,9999.000,9999.000,9999.000,9999.000
202608030800,   1.752,   2.328,   0.700,  -0.124,   2.328,   0.600,   2.228,   0.700,   2.328
202608030806,   1.780,   2.348,9999.000,9999.000,9999.000,9999.000,9999.000,9999.000,9999.000
202608030812,   1.807,   2.377,9999.000,9999.000,9999.000,9999.000,9999.000,9999.000,9999.000
202608030818,   1.833,   2.400,9999.000,9999.000,9999.000,9999.000,9999.000,9999.000,9999.000
202608030824,   1.858,   2.420,9999.000,9999.000,9999.000,9999.000,9999.000,9999.000,9999.000
202608030830,   1.881,   2.440,9999.000,9999.000,9999.000,9999.000,9999.000,9999.000,9999.000
202608030836,   1.904,   2.459,9999.000,9999.000,9999.000,9999.000,9999.000,9999.000,9999.000
202608030842,   1.925,   2.489,9999.000,9999.000,9999.000,9999.000,9999.000,9999.000,9999.000
202608030848,   1.945,   2.479,9999.000,9999.000,9999.000,9999.000,9999.000,9999.000,9999.000
202608030854,   1.963,   2.479,9999.000,9999.000,9999.000,9999.000,9999.000,9999.000,9999.000
202608030900,   1.980,   2.509,   0.700,  -0.171,   2.509,   0.600,   2.409,   0.700,   2.509
202608030906,   1.995,   2.509,9999.000,9999.000,9999.000,9999.000,9999.000,9999.000,9999.000
202608030912,   2.009,   2.519,9999.000,9999.000,9999.000,9999.000,9999.000,9999.000,9999.000
202608030918,   2.021,   2.538,9999.000,9999.000,9999.000,9999.000,9999.000,9999.000,9999.000
202608030924,   2.031,   2.528,9999.000,9999.000,9999.000,9999.000,9999.000,9999.000,9999.000
202608030930,   2.040,   2.548,9999.000,9999.000,9999.000,9999.000,9999.000,9999.000,9999.000
202608030936,   2.046,   2.568,9999.000,9999.000,9999.000,9999.000,9999.000,9999.000,9999.000
202608030942,   2.051,   2.558,9999.000,9999.000,9999.000,9999.000,9999.000,9999.000,9999.000
202608030948,   2.054,   2.558,9999.000,9999.000,9999.000,9999.000,9999.000,9999.000,9999.000
202608030954,   2.055,   2.558,9999.000,9999.000,9999.000,9999.000,9999.000,9999.000,9999.000
202608031000,   2.054,   2.558,   0.700,  -0.196,   2.558,   0.700,   2.558,   0.700,   2.558
202608031006,   2.051,   2.548,9999.000,9999.000,9999.000,9999.000,9999.000,9999.000,9999.000
202608031012,   2.047,   2.538,9999.000,9999.000,9999.000,9999.000,9999.000,9999.000,9999.000
202608031018,   2.040,   2.528,9999.000,9999.000,9999.000,9999.000,9999.000,9999.000,9999.000
202608031024,   2.032,   2.528,9999.000,9999.000,9999.000,9999.000,9999.000,9999.000,9999.000
202608031030,   2.022,   2.519,9999.000,9999.000,9999.000,9999.000,9999.000,9999.000,9999.000
202608031036,   2.010,   2.509,9999.000,9999.000,9999.000,9999.000,9999.000,9999.000,9999.000
202608031042,   1.997,   2.489,9999.000,9999.000,9999.000,9999.000,9999.000,9999.000,9999.000
202608031048,   1.982,   2.479,9999.000,9999.000,9999.000,9999.000,9999.000,9999.000,9999.000
202608031054,   1.966,   2.450,9999.000,9999.000,9999.000,9999.000,9999.000,9999.000,9999.000
202608031100,   1.948,   2.420,   0.700,  -0.228,   2.420,   0.700,   2.420,   0.800,   2.520
202608031106,   1.929,   2.400,9999.000,9999.000,9999.000,9999.000,9999.000,9999.000,9999.000
202608031112,   1.908,   2.358,9999.000,9999.000,9999.000,9999.000,9999.000,9999.000,9999.000
202608031118,   1.886,   2.338,9999.000,9999.000,9999.000,9999.000,9999.000,9999.000,9999.000
202608031124,   1.863,   2.309,9999.000,9999.000,9999.000,9999.000,9999.000,9999.000,9999.000
202608031130,   1.839,   2.299,9999.000,9999.000,9999.000,9999.000,9999.000,9999.000,9999.000
202608031136,   1.814,   2.269,9999.000,9999.000,9999.000,9999.000,9999.000,9999.000,9999.000
202608031142,   1.788,   2.250,9999.000,9999.000,9999.000,9999.000,9999.000,9999.000,9999.000
202608031148,   1.760,   2.269,9999.000,9999.000,9999.000,9999.000,9999.000,9999.000,9999.000
202608031154,   1.732,   2.250,9999.000,9999.000,9999.000,9999.000,9999.000,9999.000,9999.000
202608031200,   1.703,   2.220,   0.700,  -0.183,   2.220,   0.600,   2.120,   0.700,   2.220
202608031206,   1.674,   2.220,9999.000,9999.000,9999.000,9999.000,9999.000,9999.000,9999.000
202608031212,   1.643,   2.200,9999.000,9999.000,9999.000,9999.000,9999.000,9999.000,9999.000
202608031218,   1.612,   2.177,9999.000,9999.000,9999.000,9999.000,9999.000,9999.000,9999.000
202608031224,   1.581,   2.138,9999.000,9999.000,9999.000,9999.000,9999.000,9999.000,9999.000
202608031230,   1.549,   2.109,9999.000,9999.000,9999.000,9999.000,9999.000,9999.000,9999.000
202608031236,   1.517,   2.059,9999.000,9999.000,9999.000,9999.000,9999.000,9999.000,9999.000
202608031242,   1.484,   2.020,9999.000,9999.000,9999.000,9999.000,9999.000,9999.000,9999.000
202608031248,   1.451,   1.958,9999.000,9999.000,9999.000,9999.000,9999.000,9999.000,9999.000
202608031254,   1.418,   1.918,9999.000,9999.000,9999.000,9999.000,9999.000,9999.000,9999.000
202608031300,   1.385,   1.889,   0.700,  -0.196,   1.889,   0.600,   1.789,   0.700,   1.889
202608031306,   1.352,   1.849,9999.000,9999.000,9999.000,9999.000,9999.000,9999.000,9999.000
202608031312,   1.319,   1.820,9999.000,9999.000,9999.000,9999.000,9999.000,9999.000,9999.000
202608031318,   1.287,   1.820,9999.000,9999.000,9999.000,9999.000,9999.000,9999.000,9999.000
202608031324,   1.255,   1.790,9999.000,9999.000,9999.000,9999.000,9999.000,9999.000,9999.000
202608031330,   1.223,   1.810,9999.000,9999.000,9999.000,9999.000,9999.000,9999.000,9999.000
202608031336,   1.191,   1.830,9999.000,9999.000,9999.000,9999.000,9999.000,9999.000,9999.000
202608031342,   1.160,   1.767,9999.000,9999.000,9999.000,9999.000,9999.000,9999.000,9999.000
202608031348,   1.130,   1.758,9999.000,9999.000,9999.000,9999.000,9999.000,9999.000,9999.000
202608031354,   1.101,   1.689,9999.000,9999.000,9999.000,9999.000,9999.000,9999.000,9999.000
202608031400,   1.072,   1.620,   0.600,  -0.052,   1.620,   0.600,   1.620,   0.700,   1.720
202608031406,   1.044,   1.630,9999.000,9999.000,9999.000,9999.000,9999.000,9999.000,9999.000
202608031412,   1.017,   1.580,9999.000,9999.000,9999.000,9999.000,9999.000,9999.000,9999.000
202608031418,   0.991,   1.571,9999.000,9999.000,9999.000,9999.000,9999.000,9999.000,9999.000
202608031424,   0.967,   1.557,9999.000,9999.000,9999.000,9999.000,9999.000,9999.000,9999.000
202608031430,   0.943,   1.528,9999.000,9999.000,9999.000,9999.000,9999.000,9999.000,9999.000
202608031436,   0.921,   1.498,9999.000,9999.000,9999.000,9999.000,9999.000,9999.000,9999.000
202608031442,   0.899,   1.469,9999.000,9999.000,9999.000,9999.000,9999.000,9999.000,9999.000
202608031448,   0.879,   1.469,9999.000,9999.000,9999.000,9999.000,9999.000,9999.000,9999.000
202608031454,   0.861,   1.459,9999.000,9999.000,9999.000,9999.000,9999.000,9999.000,9999.000
202608031500,   0.843,   1.439,   0.600,  -0.004,   1.439,   0.600,   1.439,   0.700,   1.539
202608031506,   0.827,   1.430,9999.000,9999.000,9999.000,9999.000,9999.000,9999.000,9999.000
202608031512,   0.813,   1.430,9999.000,9999.000,9999.000,9999.000,9999.000,9999.000,9999.000
202608031518,   0.800,   1.430,9999.000,9999.000,9999.000,9999.000,9999.000,9999.000,9999.000
202608031524,   0.788,   1.430,9999.000,9999.000,9999.000,9999.000,9999.000,9999.000,9999.000
202608031530,   0.778,   1.400,9999.000,9999.000,9999.000,9999.000,9999.000,9999.000,9999.000
202608031536,   0.770,   1.400,9999.000,9999.000,9999.000,9999.000,9999.000,9999.000,9999.000
202608031542,   0.763,   1.400,9999.000,9999.000,9999.000,9999.000,9999.000,9999.000,9999.000
202608031548,   0.758,   1.390,9999.000,9999.000,9999.000,9999.000,9999.000,9999.000,9999.000
202608031554,   0.755,   1.380,9999.000,9999.000,9999.000,9999.000,9999.000,9999.000,9999.000
202608031600,   0.753,   1.371,   0.700,  -0.082,   1.371,   0.600,   1.271,   0.700,   1.371
202608031606,   0.753,   1.348,9999.000,9999.000,9999.000,9999.000,9999.000,9999.000,9999.000
202608031612,   0.755,   1.338,9999.000,9999.000,9999.000,9999.000,9999.000,9999.000,9999.000
202608031618,   0.759,   1.338,9999.000,9999.000,9999.000,9999.000,9999.000,9999.000,9999.000
202608031624,   0.764,   1.348,9999.000,9999.000,9999.000,9999.000,9999.000,9999.000,9999.000
202608031630,   0.772,   1.348,9999.000,9999.000,9999.000,9999.000,9999.000,9999.000,9999.000
202608031636,   0.781,   1.380,9999.000,9999.000,9999.000,9999.000,9999.000,9999.000,9999.000
202608031642,   0.792,   1.410,9999.000,9999.000,9999.000,9999.000,9999.000,9999.000,9999.000
202608031648,   0.805,   1.420,9999.000,9999.000,9999.000,9999.000,9999.000,9999.000,9999.000
202608031654,   0.820,   1.449,9999.000,9999.000,9999.000,9999.000,9999.000,9999.000,9999.000
202608031700,   0.837,   1.479,   0.700,  -0.058,   1.479,   0.600,   1.379,   0.700,   1.479
202608031706,   0.855,   1.498,9999.000,9999.000,9999.000,9999.000,9999.000,9999.000,9999.000
202608031712,   0.875,   1.518,9999.000,9999.000,9999.000,9999.000,9999.000,9999.000,9999.000
202608031718,   0.896,   1.538,9999.000,9999.000,9999.000,9999.000,9999.000,9999.000,9999.000
202608031724,   0.920,   1.590,9999.000,9999.000,9999.000,9999.000,9999.000,9999.000,9999.000
202608031730,   0.944,   1.610,9999.000,9999.000,9999.000,9999.000,9999.000,9999.000,9999.000
202608031736,   0.970,   1.649,9999.000,9999.000,9999.000,9999.000,9999.000,9999.000,9999.000
202608031742,   0.998,   1.659,9999.000,9999.000,9999.000,9999.000,9999.000,9999.000,9999.000
202608031748,   1.026,   1.679,9999.000,9999.000,9999.000,9999.000,9999.000,9999.000,9999.000
202608031754,   1.055,   1.718,9999.000,9999.000,9999.000,9999.000,9999.000,9999.000,9999.000
202608031800,   1.086,   1.748,   0.600,   0.062,   1.748,   0.600,   1.748,   0.700,   1.848
202608031806,   1.117,   1.758,9999.000,9999.000,9999.000,9999.000,9999.000,9999.000,9999.000
202608031812,   1.149,   1.800,9999.000,9999.000,9999.000,9999.000,9999.000,9999.000,9999.000
202608031818,   1.181,   1.849,9999.000,9999.000,9999.000,9999.000,9999.000,9999.000,9999.000
202608031824,   1.214,   1.889,9999.000,9999.000,9999.000,9999.000,9999.000,9999.000,9999.000
202608031830,   1.246,   1.958,9999.000,9999.000,9999.000,9999.000,9999.000,9999.000,9999.000
202608031836,   1.280,   2.000,9999.000,9999.000,9999.000,9999.000,9999.000,9999.000,9999.000
202608031842,   1.313,   2.079,9999.000,9999.000,9999.000,9999.000,9999.000,9999.000,9999.000
202608031848,   1.346,   2.109,9999.000,9999.000,9999.000,9999.000,9999.000,9999.000,9999.000
202608031854,   1.379,   2.118,9999.000,9999.000,9999.000,9999.000,9999.000,9999.000,9999.000
202608031900,   1.411,   2.138,   0.600,   0.127,   2.138,   0.600,   2.138,   0.700,   2.238
202608031906,   1.444,   2.148,9999.000,9999.000,9999.000,9999.000,9999.000,9999.000,9999.000
202608031912,   1.475,   2.168,9999.000,9999.000,9999.000,9999.000,9999.000,9999.000,9999.000
202608031918,   1.507,   2.191,9999.000,9999.000,9999.000,9999.000,9999.000,9999.000,9999.000
202608031924,   1.538,   2.200,9999.000,9999.000,9999.000,9999.000,9999.000,9999.000,9999.000
202608031930,   1.568,   2.230,9999.000,9999.000,9999.000,9999.000,9999.000,9999.000,9999.000
202608031936,   1.598,   2.259,9999.000,9999.000,9999.000,9999.000,9999.000,9999.000,9999.000
202608031942,   1.627,   2.259,9999.000,9999.000,9999.000,9999.000,9999.000,9999.000,9999.000
202608031948,   1.655,   2.279,9999.000,9999.000,9999.000,9999.000,9999.000,9999.000,9999.000
202608031954,   1.683,   2.299,9999.000,9999.000,9999.000,9999.000,9999.000,9999.000,9999.000
202608032000,   1.709,   2.338,   0.600,   0.029,   2.338,   0.600,   2.338,   0.700,   2.438
202608032006,   1.735,   2.358,9999.000,9999.000,9999.000,9999.000,9999.000,9999.000,9999.000
202608032012,   1.760,   2.368,9999.000,9999.000,9999.000,9999.000,9999.000,9999.000,9999.000
202608032018,   1.785,   2.400,9999.000,9999.000,9999.000,9999.000,9999.000,9999.000,9999.000
202608032024,   1.808,   2.420,9999.000,9999.000,9999.000,9999.000,9999.000,9999.000,9999.000
202608032030,   1.830,   2.450,9999.000,9999.000,9999.000,9999.000,9999.000,9999.000,9999.000
202608032036,   1.851,   2.459,9999.000,9999.000,9999.000,9999.000,9999.000,9999.000,9999.000
202608032042,   1.872,   2.469,9999.000,9999.000,9999.000,9999.000,9999.000,9999.000,9999.000
202608032048,   1.891,   2.479,9999.000,9999.000,9999.000,9999.000,9999.000,9999.000,9999.000
202608032054,   1.909,   2.479,9999.000,9999.000,9999.000,9999.000,9999.000,9999.000,9999.000
202608032100,   1.925,   2.489,   0.600,  -0.036,   2.489,   0.600,   2.489,   0.700,   2.589
202608032106,   1.940,   2.479,9999.000,9999.000,9999.000,9999.000,9999.000,9999.000,9999.000
202608032112,   1.954,   2.489,9999.000,9999.000,9999.000,9999.000,9999.000,9999.000,9999.000
202608032118,   1.967,   2.499,9999.000,9999.000,9999.000,9999.000,9999.000,9999.000,9999.000
202608032124,   1.978,   2.479,9999.000,9999.000,9999.000,9999.000,9999.000,9999.000,9999.000
202608032130,   1.987,   2.479,9999.000,9999.000,9999.000,9999.000,9999.000,9999.000,9999.000
202608032136,   1.995,   2.479,9999.000,9999.000,9999.000,9999.000,9999.000,9999.000,9999.000
202608032142,   2.001,   2.459,9999.000,9999.000,9999.000,9999.000,9999.000,9999.000,9999.000
202608032148,   2.006,   2.450,9999.000,9999.000,9999.000,9999.000,9999.000,9999.000,9999.000
202608032154,   2.009,   2.440,9999.000,9999.000,9999.000,9999.000,9999.000,9999.000,9999.000
202608032200,   2.010,   2.440,   0.600,  -0.170,   2.440,   0.600,   2.440,   0.700,   2.540
202608032206,   2.009,   2.410,9999.000,9999.000,9999.000,9999.000,9999.000,9999.000,9999.000
202608032212,   2.006,   2.387,9999.000,9999.000,9999.000,9999.000,9999.000,9999.000,9999.000
202608032218,   2.002,   2.377,9999.000,9999.000,9999.000,9999.000,9999.000,9999.000,9999.000
202608032224,   1.996,   2.348,9999.000,9999.000,9999.000,9999.000,9999.000,9999.000,9999.000
202608032230,   1.988,   2.328,9999.000,9999.000,9999.000,9999.000,9999.000,9999.000,9999.000
202608032236,   1.979,   2.299,9999.000,9999.000,9999.000,9999.000,9999.000,9999.000,9999.000
202608032242,   1.968,   2.289,9999.000,9999.000,9999.000,9999.000,9999.000,9999.000,9999.000
202608032248,   1.955,   2.269,9999.000,9999.000,9999.000,9999.000,9999.000,9999.000,9999.000
202608032254,   1.940,   2.269,9999.000,9999.000,9999.000,9999.000,9999.000,9999.000,9999.000
202608032300,   1.924,   2.259,   0.600,  -0.265,   2.259,   0.600,   2.259,   0.700,   2.359
202608032306,   1.907,   2.230,9999.000,9999.000,9999.000,9999.000,9999.000,9999.000,9999.000
202608032312,   1.888,   2.220,9999.000,9999.000,9999.000,9999.000,9999.000,9999.000,9999.000
202608032318,   1.868,   2.200,9999.000,9999.000,9999.000,9999.000,9999.000,9999.000,9999.000
202608032324,   1.846,   2.177,9999.000,9999.000,9999.000,9999.000,9999.000,9999.000,9999.000
202608032330,   1.823,   2.158,9999.000,9999.000,9999.000,9999.000,9999.000,9999.000,9999.000
202608032336,   1.800,   2.128,9999.000,9999.000,9999.000,9999.000,9999.000,9999.000,9999.000
202608032342,   1.775,   2.109,9999.000,9999.000,9999.000,9999.000,9999.000,9999.000,9999.000
202608032348,   1.749,   2.079,9999.000,9999.000,9999.000,9999.000,9999.000,9999.000,9999.000
202608032354,   1.722,   2.059,9999.000,9999.000,9999.000,9999.000,9999.000,9999.000,9999.000
202608040000,   1.695,   2.049,   0.600,  -0.246,   2.049,   0.600,   2.049,   0.600,   2.049
202608040006,   1.666,   2.030,9999.000,9999.000,9999.000,9999.000,9999.000,9999.000,9999.000
202608040012,   1.637,   2.010,9999.000,9999.000,9999.000,9999.000,9999.000,9999.000,9999.000
202608040018,   1.608,   2.000,9999.000,9999.000,9999.000,9999.000,9999.000,9999.000,9999.000
202608040024,   1.577,   1.967,9999.000,9999.000,9999.000,9999.000,9999.000,9999.000,9999.000
202608040030,   1.547,   1.938,9999.000,9999.000,9999.000,9999.000,9999.000,9999.000,9999.000
202608040036,   1.516,   1.918,9999.000,9999.000,9999.000,9999.000,9999.000,9999.000,9999.000
202608040042,   1.484,   1.889,9999.000,9999.000,9999.000,9999.000,9999.000,9999.000,9999.000
202608040048,   1.453,   1.859,9999.000,9999.000,9999.000,9999.000,9999.000,9999.000,9999.000
202608040054,   1.421,   1.830,9999.000,9999.000,9999.000,9999.000,9999.000,9999.000,9999.000
202608040100,   1.389,   1.810,   0.600,  -0.179,   1.810,   0.600,   1.810,   0.600,   1.810
202608040106,   1.357,   1.790,9999.000,9999.000,9999.000,9999.000,9999.000,9999.000,9999.000
202608040112,   1.326,   1.748,9999.000,9999.000,9999.000,9999.000,9999.000,9999.000,9999.000
202608040118,   1.294,   1.728,9999.000,9999.000,9999.000,9999.000,9999.000,9999.000,9999.000
202608040124,   1.263,   1.708,9999.000,9999.000,9999.000,9999.000,9999.000,9999.000,9999.000
202608040130,   1.232,   1.659,9999.000,9999.000,9999.000,9999.000,9999.000,9999.000,9999.000
202608040136,   1.201,   1.620,9999.000,9999.000,9999.000,9999.000,9999.000,9999.000,9999.000
202608040142,   1.171,   1.600,9999.000,9999.000,9999.000,9999.000,9999.000,9999.000,9999.000
202608040148,   1.141,   1.557,9999.000,9999.000,9999.000,9999.000,9999.000,9999.000,9999.000
202608040154,   1.112,   1.528,9999.000,9999.000,9999.000,9999.000,9999.000,9999.000,9999.000
202608040200,   1.084,   1.498,   0.600,  -0.186,   1.498,   0.600,   1.498,   0.600,   1.498
202608040206,   1.057,   1.479,9999.000,9999.000,9999.000,9999.000,9999.000,9999.000,9999.000
202608040212,   1.030,   1.459,9999.000,9999.000,9999.000,9999.000,9999.000,9999.000,9999.000
202608040218,   1.005,   1.439,9999.000,9999.000,9999.000,9999.000,9999.000,9999.000,9999.000
202608040224,   0.980,   1.410,9999.000,9999.000,9999.000,9999.000,9999.000,9999.000,9999.000
202608040230,   0.957,   1.390,9999.000,9999.000,9999.000,9999.000,9999.000,9999.000,9999.000
202608040236,   0.935,   1.361,9999.000,9999.000,9999.000,9999.000,9999.000,9999.000,9999.000
202608040242,   0.913,   1.338,9999.000,9999.000,9999.000,9999.000,9999.000,9999.000,9999.000
202608040248,   0.894,   1.318,9999.000,9999.000,9999.000,9999.000,9999.000,9999.000,9999.000
202608040254,   0.875,   1.308,9999.000,9999.000,9999.000,9999.000,9999.000,9999.000,9999.000
202608040300,   0.858,   1.289,   0.600,  -0.169,   1.289,   0.500,   1.189,   0.600,   1.289
202608040306,   0.842,   1.289,9999.000,9999.000,9999.000,9999.000,9999.000,9999.000,9999.000
202608040312,   0.828,   1.279,9999.000,9999.000,9999.000,9999.000,9999.000,9999.000,9999.000
202608040318,   0.815,   1.269,9999.000,9999.000,9999.000,9999.000,9999.000,9999.000,9999.000
202608040324,   0.803,   1.249,9999.000,9999.000,9999.000,9999.000,9999.000,9999.000,9999.000
202608040330,   0.793,   1.239,9999.000,9999.000,9999.000,9999.000,9999.000,9999.000,9999.000
202608040336,   0.785,   1.229,9999.000,9999.000,9999.000,9999.000,9999.000,9999.000,9999.000
202608040342,   0.778,   1.229,9999.000,9999.000,9999.000,9999.000,9999.000,9999.000,9999.000
202608040348,   0.773,   1.229,9999.000,9999.000,9999.000,9999.000,9999.000,9999.000,9999.000
202608040354,   0.769,   1.229,9999.000,9999.000,9999.000,9999.000,9999.000,9999.000,9999.000
202608040400,   0.767,   1.229,   0.600,  -0.138,   1.229,   0.500,   1.129,   0.600,   1.229
202608040406,   0.766,   1.229,9999.000,9999.000,9999.000,9999.000,9999.000,9999.000,9999.000
202608040412,   0.767,   1.229,9999.000,9999.000,9999.000,9999.000,9999.000,9999.000,9999.000
202608040418,   0.770,   1.239,9999.000,9999.000,9999.000,9999.000,9999.000,9999.000,9999.000
202608040424,   0.775,   1.259,9999.000,9999.000,9999.000,9999.000,9999.000,9999.000,9999.000
202608040430,   0.781,   1.249,9999.000,9999.000,9999.000,9999.000,9999.000,9999.000,9999.000
202608040436,   0.789,   1.259,9999.000,9999.000,9999.000,9999.000,9999.000,9999.000,9999.000
202608040442,   0.799,   1.289,9999.000,9999.000,9999.000,9999.000,9999.000,9999.000,9999.000
202608040448,   0.811,   1.308,9999.000,9999.000,9999.000,9999.000,9999.000,9999.000,9999.000
202608040454,   0.824,   1.318,9999.000,9999.000,9999.000,9999.000,9999.000,9999.000,9999.000
202608040500,   0.839,   1.348,   0.600,  -0.091,   1.348,   0.500,   1.248,   0.600,   1.348
202608040506,   0.856,   1.380,9999.000,9999.000,9999.000,9999.000,9999.000,9999.000,9999.000
202608040512,   0.875,   1.400,9999.000,9999.000,9999.000,9999.000,9999.000,9999.000,9999.000
202608040518,   0.896,   1.430,9999.000,9999.000,9999.000,9999.000,9999.000,9999.000,9999.000
202608040524,   0.918,   1.449,9999.000,9999.000,9999.000,9999.000,9999.000,9999.000,9999.000
202608040530,   0.942,   1.479,9999.000,9999.000,9999.000,9999.000,9999.000,9999.000,9999.000
202608040536,   0.967,   1.508,9999.000,9999.000,9999.000,9999.000,9999.000,9999.000,9999.000
202608040542,   0.994,   1.528,9999.000,9999.000,9999.000,9999.000,9999.000,9999.000,9999.000
202608040548,   1.022,   1.557,9999.000,9999.000,9999.000,9999.000,9999.000,9999.000,9999.000
202608040554,   1.052,   1.590,9999.000,9999.000,9999.000,9999.000,9999.000,9999.000,9999.000
202608040600,   1.083,   1.620,   0.500,   0.037,   1.620,   0.500,   1.620,   0.500,   1.620
202608040606,   1.115,   1.649,9999.000,9999.000,9999.000,9999.000,9999.000,9999.000,9999.000
202608040612,   1.148,   1.679,9999.000,9999.000,9999.000,9999.000,9999.000,9999.000,9999.000
202608040618,   1.182,   1.728,9999.000,9999.000,9999.000,9999.000,9999.000,9999.000,9999.000
202608040624,   1.216,   1.748,9999.000,9999.000,9999.000,9999.000,9999.000,9999.000,9999.000
202608040630,   1.252,   1.790,9999.000,9999.000,9999.000,9999.000,9999.000,9999.000,9999.000
202608040636,   1.287,   1.820,9999.000,9999.000,9999.000,9999.000,9999.000,9999.000,9999.000
202608040642,   1.324,   1.859,9999.000,9999.000,9999.000,9999.000,9999.000,9999.000,9999.000
202608040648,   1.360,   1.908,9999.000,9999.000,9999.000,9999.000,9999.000,9999.000,9999.000
202608040654,   1.397,   1.938,9999.000,9999.000,9999.000,9999.000,9999.000,9999.000,9999.000
202608040700,   1.433,   1.981,   0.500,   0.048,   1.981,   0.500,   1.981,   0.500,   1.981
202608040706,   1.470,   2.010,9999.000,9999.000,9999.000,9999.000,9999.000,9999.000,9999.000
202608040712,   1.506,   2.059,9999.000,9999.000,9999.000,9999.000,9999.000,9999.000,9999.000
202608040718,   1.542,   2.099,9999.000,9999.000,9999.000,9999.000,9999.000,9999.000,9999.000
202608040724,   1.578,   2.128,9999.000,9999.000,9999.000,9999.000,9999.000,9999.000,9999.000
202608040730,   1.613,   2.168,9999.000,9999.000,9999.000,9999.000,9999.000,9999.000,9999.000
202608040736,   1.647,   2.191,9999.000,9999.000,9999.000,9999.000,9999.000,9999.000,9999.000
202608040742,   1.681,   2.200,9999.000,9999.000,9999.000,9999.000,9999.000,9999.000,9999.000
202608040748,   1.715,   2.230,9999.000,9999.000,9999.000,9999.000,9999.000,9999.000,9999.000
202608040754,   1.747,   2.279,9999.000,9999.000,9999.000,9999.000,9999.000,9999.000,9999.000
202608040800,   1.779,   2.318,   0.500,   0.039,   2.318,   0.500,   2.318,   0.500,   2.318
202608040806,   1.810,   2.377,9999.000,9999.000,9999.000,9999.000,9999.000,9999.000,9999.000
202608040812,   1.840,   2.420,9999.000,9999.000,9999.000,9999.000,9999.000,9999.000,9999.000
202608040818,   1.869,   2.400,9999.000,9999.000,9999.000,9999.000,9999.000,9999.000,9999.000
202608040824,   1.897,   2.440,9999.000,9999.000,9999.000,9999.000,9999.000,9999.000,9999.000
202608040830,   1.925,   2.519,9999.000,9999.000,9999.000,9999.000,9999.000,9999.000,9999.000
202608040836,   1.951,   2.509,9999.000,9999.000,9999.000,9999.000,9999.000,9999.000,9999.000
202608040842,   1.976,   2.528,9999.000,9999.000,9999.000,9999.000,9999.000,9999.000,9999.000
202608040848,   2.000,   2.558,9999.000,9999.000,9999.000,9999.000,9999.000,9999.000,9999.000
202608040854,   2.023,   2.568,9999.000,9999.000,9999.000,9999.000,9999.000,9999.000,9999.000
202608040900,   2.045,   2.578,   0.500,   0.033,   2.578,   0.500,   2.578,   0.500,   2.578
202608040906,   2.066,   2.650,9999.000,9999.000,9999.000,9999.000,9999.000,9999.000,9999.000
202608040912,   2.086,   2.620,9999.000,9999.000,9999.000,9999.000,9999.000,9999.000,9999.000
202608040918,   2.104,   2.620,9999.000,9999.000,9999.000,9999.000,9999.000,9999.000,9999.000
202608040924,   2.121,   2.630,9999.000,9999.000,9999.000,9999.000,9999.000,9999.000,9999.000
202608040930,   2.136,   2.630,9999.000,9999.000,9999.000,9999.000,9999.000,9999.000,9999.000
202608040936,   2.150,   2.630,9999.000,9999.000,9999.000,9999.000,9999.000,9999.000,9999.000
202608040942,   2.162,   2.660,9999.000,9999.000,9999.000,9999.000,9999.000,9999.000,9999.000
202608040948,   2.173,   2.679,9999.000,9999.000,9999.000,9999.000,9999.000,9999.000,9999.000
202608040954,   2.182,   2.679,9999.000,9999.000,9999.000,9999.000,9999.000,9999.000,9999.000
202608041000,   2.190,   2.719,   0.500,   0.029,   2.719,   0.500,   2.719,   0.500,   2.719
202608041006,   2.195,   2.709,9999.000,9999.000,9999.000,9999.000,9999.000,9999.000,9999.000
202608041012,   2.199,   2.689,9999.000,9999.000,9999.000,9999.000,9999.000,9999.000,9999.000
202608041018,   2.201,   2.709,9999.000,9999.000,9999.000,9999.000,9999.000,9999.000,9999.000
202608041024,   2.202,   2.719,9999.000,9999.000,9999.000,9999.000,9999.000,9999.000,9999.000
202608041030,   2.200,   2.699,9999.000,9999.000,9999.000,9999.000,9999.000,9999.000,9999.000
202608041036,   2.196,   2.689,9999.000,9999.000,9999.000,9999.000,9999.000,9999.000,9999.000
202608041042,   2.191,   2.679,9999.000,9999.000,9999.000,9999.000,9999.000,9999.000,9999.000
202608041048,   2.184,   2.650,9999.000,9999.000,9999.000,9999.000,9999.000,9999.000,9999.000
202608041054,   2.175,   2.650,9999.000,9999.000,9999.000,9999.000,9999.000,9999.000,9999.000
202608041100,   2.164,   2.630,   0.500,  -0.034,   2.630,   0.500,   2.630,   0.600,   2.730
202608041106,   2.151,   2.597,9999.000,9999.000,9999.000,9999.000,9999.000,9999.000,9999.000
202608041112,   2.137,   2.568,9999.000,9999.000,9999.000,9999.000,9999.000,9999.000,9999.000
202608041118,   2.120,   2.558,9999.000,9999.000,9999.000,9999.000,9999.000,9999.000,9999.000
202608041124,   2.102,   2.538,9999.000,9999.000,9999.000,9999.000,9999.000,9999.000,9999.000
202608041130,   2.083,   2.519,9999.000,9999.000,9999.000,9999.000,9999.000,9999.000,9999.000
202608041136,   2.062,   2.469,9999.000,9999.000,9999.000,9999.000,9999.000,9999.000,9999.000
202608041142,   2.040,   2.440,9999.000,9999.000,9999.000,9999.000,9999.000,9999.000,9999.000
202608041148,   2.016,   2.420,9999.000,9999.000,9999.000,9999.000,9999.000,9999.000,9999.000
202608041154,   1.991,   2.387,9999.000,9999.000,9999.000,9999.000,9999.000,9999.000,9999.000
202608041200,   1.965,   2.348,   0.500,  -0.117,   2.348,   0.500,   2.348,   0.500,   2.348
202608041206,   1.937,   2.318,9999.000,9999.000,9999.000,9999.000,9999.000,9999.000,9999.000
202608041212,   1.908,   2.299,9999.000,9999.000,9999.000,9999.000,9999.000,9999.000,9999.000
202608041218,   1.879,   2.259,9999.000,9999.000,9999.000,9999.000,9999.000,9999.000,9999.000
202608041224,   1.848,   2.240,9999.000,9999.000,9999.000,9999.000,9999.000,9999.000,9999.000
202608041230,   1.817,   2.210,9999.000,9999.000,9999.000,9999.000,9999.000,9999.000,9999.000
202608041236,   1.784,   2.158,9999.000,9999.000,9999.000,9999.000,9999.000,9999.000,9999.000
202608041242,   1.751,   2.138,9999.000,9999.000,9999.000,9999.000,9999.000,9999.000,9999.000
202608041248,   1.718,   2.109,9999.000,9999.000,9999.000,9999.000,9999.000,9999.000,9999.000
202608041254,   1.683,   2.079,9999.000,9999.000,9999.000,9999.000,9999.000,9999.000,9999.000
202608041300,   1.648,   2.049,   0.500,  -0.099,   2.049,   0.500,   2.049,   0.500,   2.049
202608041306,   1.613,   2.020,9999.000,9999.000,9999.000,9999.000,9999.000,9999.000,9999.000
202608041312,   1.577,   1.990,9999.000,9999.000,9999.000,9999.000,9999.000,9999.000,9999.000
202608041318,   1.541,   1.948,9999.000,9999.000,9999.000,9999.000,9999.000,9999.000,9999.000
202608041324,   1.505,   1.908,9999.000,9999.000,9999.000,9999.000,9999.000,9999.000,9999.000
202608041330,   1.468,   1.869,9999.000,9999.000,9999.000,9999.000,9999.000,9999.000,9999.000
202608041336,   1.431,   1.830,9999.000,9999.000,9999.000,9999.000,9999.000,9999.000,9999.000
202608041342,   1.395,   1.800,9999.000,9999.000,9999.000,9999.000,9999.000,9999.000,9999.000
202608041348,   1.358,   1.767,9999.000,9999.000,9999.000,9999.000,9999.000,9999.000,9999.000
202608041354,   1.321,   1.728,9999.000,9999.000,9999.000,9999.000,9999.000,9999.000,9999.000
202608041400,   1.285,   1.699,   0.500,  -0.086,   1.699,   0.500,   1.699,   0.500,   1.699
202608041406,   1.249,   1.669,9999.000,9999.000,9999.000,9999.000,9999.000,9999.000,9999.000
202608041412,   1.213,   1.630,9999.000,9999.000,9999.000,9999.000,9999.000,9999.000,9999.000
202608041418,   1.178,   1.590,9999.000,9999.000,9999.000,9999.000,9999.000,9999.000,9999.000
202608041424,   1.143,   1.548,9999.000,9999.000,9999.000,9999.000,9999.000,9999.000,9999.000
202608041430,   1.109,   1.518,9999.000,9999.000,9999.000,9999.000,9999.000,9999.000,9999.000
202608041436,   1.076,   1.479,9999.000,9999.000,9999.000,9999.000,9999.000,9999.000,9999.000
202608041442,   1.043,   1.449,9999.000,9999.000,9999.000,9999.000,9999.000,9999.000,9999.000
202608041448,   1.011,   1.420,9999.000,9999.000,9999.000,9999.000,9999.000,9999.000,9999.000
202608041454,   0.980,   1.390,9999.000,9999.000,9999.000,9999.000,9999.000,9999.000,9999.000
202608041500,   0.950,   1.348,   0.500,  -0.102,   1.348,   0.500,   1.348,   0.500,   1.348
202608041506,   0.921,   1.328,9999.000,9999.000,9999.000,9999.000,9999.000,9999.000,9999.000
202608041512,   0.893,   1.298,9999.000,9999.000,9999.000,9999.000,9999.000,9999.000,9999.000
202608041518,   0.866,   1.269,9999.000,9999.000,9999.000,9999.000,9999.000,9999.000,9999.000
202608041524,   0.840,   1.239,9999.000,9999.000,9999.000,9999.000,9999.000,9999.000,9999.000
202608041530,   0.816,   1.200,9999.000,9999.000,9999.000,9999.000,9999.000,9999.000,9999.000
202608041536,   0.792,   1.170,9999.000,9999.000,9999.000,9999.000,9999.000,9999.000,9999.000
202608041542,   0.770,   1.151,9999.000,9999.000,9999.000,9999.000,9999.000,9999.000,9999.000
202608041548,   0.749,   1.118,9999.000,9999.000,9999.000,9999.000,9999.000,9999.000,9999.000
202608041554,   0.730,   1.098,9999.000,9999.000,9999.000,9999.000,9999.000,9999.000,9999.000
202608041600,   0.711,   1.069,   0.500,  -0.142,   1.069,   0.500,   1.069,   0.500,   1.069
202608041606,   0.695,   1.059,9999.000,9999.000,9999.000,9999.000,9999.000,9999.000,9999.000
202608041612,   0.679,   1.049,9999.000,9999.000,9999.000,9999.000,9999.000,9999.000,9999.000
202608041618,   0.665,   1.020,9999.000,9999.000,9999.000,9999.000,9999.000,9999.000,9999.000
202608041624,   0.653,   0.990,9999.000,9999.000,9999.000,9999.000,9999.000,9999.000,9999.000
202608041630,   0.642,   0.990,9999.000,9999.000,9999.000,9999.000,9999.000,9999.000,9999.000
202608041636,   0.632,   0.980,9999.000,9999.000,9999.000,9999.000,9999.000,9999.000,9999.000
202608041642,   0.624,   0.961,9999.000,9999.000,9999.000,9999.000,9999.000,9999.000,9999.000
202608041648,   0.618,   0.941,9999.000,9999.000,9999.000,9999.000,9999.000,9999.000,9999.000
202608041654,   0.613,   0.941,9999.000,9999.000,9999.000,9999.000,9999.000,9999.000,9999.000
202608041700,   0.611,   0.961,   0.500,  -0.150,   0.961,   0.500,   0.961,   0.500,   0.961
202608041706,   0.609,   0.951,9999.000,9999.000,9999.000,9999.000,9999.000,9999.000,9999.000
202608041712,   0.610,   0.961,9999.000,9999.000,9999.000,9999.000,9999.000,9999.000,9999.000
202608041718,   0.612,   0.961,9999.000,9999.000,9999.000,9999.000,9999.000,9999.000,9999.000
202608041724,   0.616,   0.970,9999.000,9999.000,9999.000,9999.000,9999.000,9999.000,9999.000
202608041730,   0.622,   0.990,9999.000,9999.000,9999.000,9999.000,9999.000,9999.000,9999.000
202608041736,   0.630,   1.000,9999.000,9999.000,9999.000,9999.000,9999.000,9999.000,9999.000
202608041742,   0.639,   1.020,9999.000,9999.000,9999.000,9999.000,9999.000,9999.000,9999.000
202608041748,   0.650,   1.039,9999.000,9999.000,9999.000,9999.000,9999.000,9999.000,9999.000
202608041754,   0.663,   1.059,9999.000,9999.000,9999.000,9999.000,9999.000,9999.000,9999.000
202608041800,   0.677,   1.079,   0.500,  -0.098,   1.079,   0.500,   1.079,   0.500,   1.079
202608041806,   0.694,   1.088,9999.000,9999.000,9999.000,9999.000,9999.000,9999.000,9999.000
202608041812,   0.711,   1.088,9999.000,9999.000,9999.000,9999.000,9999.000,9999.000,9999.000
202608041818,   0.730,   1.108,9999.000,9999.000,9999.000,9999.000,9999.000,9999.000,9999.000
202608041824,   0.751,   1.138,9999.000,9999.000,9999.000,9999.000,9999.000,9999.000,9999.000
202608041830,   0.773,   1.151,9999.000,9999.000,9999.000,9999.000,9999.000,9999.000,9999.000
202608041836,   0.796,   1.180,9999.000,9999.000,9999.000,9999.000,9999.000,9999.000,9999.000
202608041842,   0.820,   1.190,9999.000,9999.000,9999.000,9999.000,9999.000,9999.000,9999.000
202608041848,   0.845,   1.210,9999.000,9999.000,9999.000,9999.000,9999.000,9999.000,9999.000
202608041854,   0.871,   1.229,9999.000,9999.000,9999.000,9999.000,9999.000,9999.000,9999.000
202608041900,   0.898,   1.259,   0.500,  -0.139,   1.259,   0.400,   1.159,   0.500,   1.259
202608041906,   0.925,   1.279,9999.000,9999.000,9999.000,9999.000,9999.000,9999.000,9999.000
202608041912,   0.953,   1.289,9999.000,9999.000,9999.000,9999.000,9999.000,9999.000,9999.000
202608041918,   0.982,   1.318,9999.000,9999.000,9999.000,9999.000,9999.000,9999.000,9999.000
202608041924,   1.010,   1.328,9999.000,9999.000,9999.000,9999.000,9999.000,9999.000,9999.000
202608041930,   1.039,   1.361,9999.000,9999.000,9999.000,9999.000,9999.000,9999.000,9999.000
202608041936,   1.068,   1.380,9999.000,9999.000,9999.000,9999.000,9999.000,9999.000,9999.000
202608041942,   1.097,   1.410,9999.000,9999.000,9999.000,9999.000,9999.000,9999.000,9999.000
202608041948,   1.126,   1.449,9999.000,9999.000,9999.000,9999.000,9999.000,9999.000,9999.000
202608041954,   1.154,   1.489,9999.000,9999.000,9999.000,9999.000,9999.000,9999.000,9999.000
202608042000,   1.183,   1.508,   0.500,  -0.175,   1.508,   0.400,   1.408,   0.500,   1.508
202608042006,   1.211,   1.548,9999.000,9999.000,9999.000,9999.000,9999.000,9999.000,9999.000
202608042012,   1.239,   1.580,9999.000,9999.000,9999.000,9999.000,9999.000,9999.000,9999.000
202608042018,   1.267,   1.610,9999.000,9999.000,9999.000,9999.000,9999.000,9999.000,9999.000
202608042024,   1.294,   1.639,9999.000,9999.000,9999.000,9999.000,9999.000,9999.000,9999.000
202608042030,   1.320,   1.669,9999.000,9999.000,9999.000,9999.000,9999.000,9999.000,9999.000
202608042036,   1.346,   1.699,9999.000,9999.000,9999.000,9999.000,9999.000,9999.000,9999.000
202608042042,   1.372,   1.728,9999.000,9999.000,9999.000,9999.000,9999.000,9999.000,9999.000
202608042048,   1.397,   1.758,9999.000,9999.000,9999.000,9999.000,9999.000,9999.000,9999.000
202608042054,   1.422,   1.790,9999.000,9999.000,9999.000,9999.000,9999.000,9999.000,9999.000
202608042100,   1.445,   1.810,   0.500,  -0.135,   1.810,   0.400,   1.710,   0.500,   1.810
202608042106,   1.469,   1.830,9999.000,9999.000,9999.000,9999.000,9999.000,9999.000,9999.000
202608042112,   1.491,   1.859,9999.000,9999.000,9999.000,9999.000,9999.000,9999.000,9999.000
202608042118,   1.513,   1.869,9999.000,9999.000,9999.000,9999.000,9999.000,9999.000,9999.000
202608042124,   1.534,   1.889,9999.000,9999.000,9999.000,9999.000,9999.000,9999.000,9999.000
202608042130,   1.554,   1.918,9999.000,9999.000,9999.000,9999.000,9999.000,9999.000,9999.000
202608042136,   1.574,   1.938,9999.000,9999.000,9999.000,9999.000,9999.000,9999.000,9999.000
202608042142,   1.592,   1.958,9999.000,9999.000,9999.000,9999.000,9999.000,9999.000,9999.000
202608042148,   1.610,   1.981,9999.000,9999.000,9999.000,9999.000,9999.000,9999.000,9999.000
202608042154,   1.626,   2.000,9999.000,9999.000,9999.000,9999.000,9999.000,9999.000,9999.000
202608042200,   1.642,   2.010,   0.500,  -0.132,   2.010,   0.400,   1.910,   0.500,   2.010
202608042206,   1.656,   2.030,9999.000,9999.000,9999.000,9999.000,9999.000,9999.000,9999.000
202608042212,   1.669,   2.059,9999.000,9999.000,9999.000,9999.000,9999.000,9999.000,9999.000
202608042218,   1.681,   2.049,9999.000,9999.000,9999.000,9999.000,9999.000,9999.000,9999.000
202608042224,   1.692,   2.069,9999.000,9999.000,9999.000,9999.000,9999.000,9999.000,9999.000
202608042230,   1.701,   2.089,9999.000,9999.000,9999.000,9999.000,9999.000,9999.000,9999.000
202608042236,   1.709,   2.099,9999.000,9999.000,9999.000,9999.000,9999.000,9999.000,9999.000
202608042242,   1.715,   2.109,9999.000,9999.000,9999.000,9999.000,9999.000,9999.000,9999.000
202608042248,   1.720,   2.109,9999.000,9999.000,9999.000,9999.000,9999.000,9999.000,9999.000
202608042254,   1.724,   2.109,9999.000,9999.000,9999.000,9999.000,9999.000,9999.000,9999.000
202608042300,   1.726,   2.099,   0.500,  -0.127,   2.099,   0.400,   1.999,   0.500,   2.099
202608042306,   1.726,   2.099,9999.000,9999.000,9999.000,9999.000,9999.000,9999.000,9999.000
202608042312,   1.725,   2.089,9999.000,9999.000,9999.000,9999.000,9999.000,9999.000,9999.000
202608042318,   1.723,   2.089,9999.000,9999.000,9999.000,9999.000,9999.000,9999.000,9999.000
202608042324,   1.719,   2.099,9999.000,9999.000,9999.000,9999.000,9999.000,9999.000,9999.000
202608042330,   1.714,   2.099,9999.000,9999.000,9999.000,9999.000,9999.000,9999.000,9999.000
202608042336,   1.707,   2.089,9999.000,9999.000,9999.000,9999.000,9999.000,9999.000,9999.000
202608042342,   1.699,   2.069,9999.000,9999.000,9999.000,9999.000,9999.000,9999.000,9999.000
202608042348,   1.690,   2.059,9999.000,9999.000,9999.000,9999.000,9999.000,9999.000,9999.000
202608042354,   1.679,   2.040,9999.000,9999.000,9999.000,9999.000,9999.000,9999.000,9999.000
202608050000,   1.668,   2.030,   0.400,  -0.038,   2.030,   0.400,   2.030,   0.400,   2.030
202608050006,   1.655,   2.020,9999.000,9999.000,9999.000,9999.000,9999.000,9999.000,9999.000
202608050012,   1.641,   2.020,9999.000,9999.000,9999.000,9999.000,9999.000,9999.000,9999.000
202608050018,   1.627,   2.000,9999.000,9999.000,9999.000,9999.000,9999.000,9999.000,9999.000
202608050024,   1.611,   2.010,9999.000,9999.000,9999.000,9999.000,9999.000,9999.000,9999.000
202608050030,   1.595,   2.000,9999.000,9999.000,9999.000,9999.000,9999.000,9999.000,9999.000
202608050036,   1.578,   1.981,9999.000,9999.000,9999.000,9999.000,9999.000,9999.000,9999.000
202608050042,   1.560,   1.967,9999.000,9999.000,9999.000,9999.000,9999.000,9999.000,9999.000
202608050048,   1.542,   1.938,9999.000,9999.000,9999.000,9999.000,9999.000,9999.000,9999.000
202608050054,   1.523,   1.918,9999.000,9999.000,9999.000,9999.000,9999.000,9999.000,9999.000
202608050100,   1.503,   1.889,   0.400,  -0.014,   1.889,   0.400,   1.889,   0.400,   1.889
202608050106,   1.483,   1.859,9999.000,9999.000,9999.000,9999.000,9999.000,9999.000,9999.000
202608050112,   1.463,   1.830,9999.000,9999.000,9999.000,9999.000,9999.000,9999.000,9999.000
202608050118,   1.443,   1.800,9999.000,9999.000,9999.000,9999.000,9999.000,9999.000,9999.000
202608050124,   1.422,   1.781,9999.000,9999.000,9999.000,9999.000,9999.000,9999.000,9999.000
202608050130,   1.401,   1.758,9999.000,9999.000,9999.000,9999.000,9999.000,9999.000,9999.000
202608050136,   1.380,   1.738,9999.000,9999.000,9999.000,9999.000,9999.000,9999.000,9999.000
202608050142,   1.359,   1.728,9999.000,9999.000,9999.000,9999.000,9999.000,9999.000,9999.000
202608050148,   1.338,   1.699,9999.000,9999.000,9999.000,9999.000,9999.000,9999.000,9999.000
202608050154,   1.317,   1.699,9999.000,9999.000,9999.000,9999.000,9999.000,9999.000,9999.000
202608050200,   1.296,   1.689,   0.400,  -0.007,   1.689,   0.400,   1.689,   0.400,   1.689
202608050206,   1.276,   1.669,9999.000,9999.000,9999.000,9999.000,9999.000,9999.000,9999.000
202608050212,   1.255,   1.659,9999.000,9999.000,9999.000,9999.000,9999.000,9999.000,9999.000
202608050218,   1.235,   1.630,9999.000,9999.000,9999.000,9999.000,9999.000,9999.000,9999.000
202608050224,   1.216,   1.600,9999.000,9999.000,9999.000,9999.000,9999.000,9999.000,9999.000
202608050230,   1.197,   1.557,9999.000,9999.000,9999.000,9999.000,9999.000,9999.000,9999.000
202608050236,   1.178,   1.528,9999.000,9999.000,9999.000,9999.000,9999.000,9999.000,9999.000
202608050242,   1.160,   1.489,9999.000,9999.000,9999.000,9999.000,9999.000,9999.000,9999.000
202608050248,   1.143,   1.469,9999.000,9999.000,9999.000,9999.000,9999.000,9999.000,9999.000
202608050254,   1.126,   1.449,9999.000,9999.000,9999.000,9999.000,9999.000,9999.000,9999.000
202608050300,   1.111,   1.430,   0.400,  -0.081,   1.430,   0.400,   1.430,   0.400,   1.430
202608050306,   1.096,   1.410,9999.000,9999.000,9999.000,9999.000,9999.000,9999.000,9999.000
202608050312,   1.082,   1.390,9999.000,9999.000,9999.000,9999.000,9999.000,9999.000,9999.000
202608050318,   1.069,   1.371,9999.000,9999.000,9999.000,9999.000,9999.000,9999.000,9999.000
202608050324,   1.056,   1.361,9999.000,9999.000,9999.000,9999.000,9999.000,9999.000,9999.000
202608050330,   1.045,   1.318,9999.000,9999.000,9999.000,9999.000,9999.000,9999.000,9999.000
202608050336,   1.035,   1.308,9999.000,9999.000,9999.000,9999.000,9999.000,9999.000,9999.000
202608050342,   1.027,   1.298,9999.000,9999.000,9999.000,9999.000,9999.000,9999.000,9999.000
202608050348,   1.019,   1.279,9999.000,9999.000,9999.000,9999.000,9999.000,9999.000,9999.000
202608050354,   1.012,   1.269,9999.000,9999.000,9999.000,9999.000,9999.000,9999.000,9999.000
202608050400,   1.007,   1.259,   0.400,  -0.148,   1.259,   0.400,   1.259,   0.400,   1.259
202608050406,   1.002,   1.249,9999.000,9999.000,9999.000,9999.000,9999.000,9999.000,9999.000
202608050412,   0.999,   1.249,9999.000,9999.000,9999.000,9999.000,9999.000,9999.000,9999.000
202608050418,   0.997,   1.239,9999.000,9999.000,9999.000,9999.000,9999.000,9999.000,9999.000
202608050424,   0.997,   1.282,9999.000,9999.000,9999.000,9999.000,9999.000,9999.000,9999.000
202608050430,   0.997,9999.000,9999.000,9999.000,9999.000,9999.000,9999.000,9999.000,9999.000
202608050436,   0.999,9999.000,9999.000,9999.000,9999.000,9999.000,9999.000,9999.000,9999.000
202608050442,   1.002,9999.000,9999.000,9999.000,9999.000,9999.000,9999.000,9999.000,9999.000
202608050448,   1.006,9999.000,9999.000,9999.000,9999.000,9999.000,9999.000,9999.000,9999.000
202608050454,   1.012,   1.279,9999.000,9999.000,9999.000,9999.000,9999.000,9999.000,9999.000
202608050500,   1.019,   1.279,   0.400,  -0.140,   1.279,   0.300,   1.179,   0.400,   1.279
202608050506,   1.027,   1.308,9999.000,9999.000,9999.000,9999.000,9999.000,9999.000,9999.000
202608050512,   1.037,   1.328,9999.000,9999.000,9999.000,9999.000,9999.000,9999.000,9999.000
202608050518,   1.048,   1.361,9999.000,9999.000,9999.000,9999.000,9999.000,9999.000,9999.000
202608050524,   1.060,   1.390,9999.000,9999.000,9999.000,9999.000,9999.000,9999.000,9999.000
202608050530,   1.074,   1.410,9999.000,9999.000,9999.000,9999.000,9999.000,9999.000,9999.000
202608050536,   1.090,   1.430,9999.000,9999.000,9999.000,9999.000,9999.000,9999.000,9999.000
202608050542,   1.106,   1.459,9999.000,9999.000,9999.000,9999.000,9999.000,9999.000,9999.000
202608050548,   1.124,   1.469,9999.000,9999.000,9999.000,9999.000,9999.000,9999.000,9999.000
202608050554,   1.144,   1.498,9999.000,9999.000,9999.000,9999.000,9999.000,9999.000,9999.000
202608050600,   1.165,   1.518,   0.300,   0.053,   1.518,   0.300,   1.518,   0.400,   1.618
202608050606,   1.187,   1.538,9999.000,9999.000,9999.000,9999.000,9999.000,9999.000,9999.000
202608050612,   1.211,9999.000,9999.000,9999.000,9999.000,9999.000,9999.000,9999.000,9999.000
202608050618,   1.236,9999.000,9999.000,9999.000,9999.000,9999.000,9999.000,9999.000,9999.000
202608050624,   1.262,   1.813,9999.000,9999.000,9999.000,9999.000,9999.000,9999.000,9999.000
202608050630,   1.290,9999.000,9999.000,9999.000,9999.000,9999.000,9999.000,9999.000,9999.000
202608050636,   1.318,9999.000,9999.000,9999.000,9999.000,9999.000,9999.000,9999.000,9999.000
202608050642,   1.348,9999.000,9999.000,9999.000,9999.000,9999.000,9999.000,9999.000,9999.000
202608050648,   1.378,9999.000,9999.000,9999.000,9999.000,9999.000,9999.000,9999.000,9999.000
202608050654,   1.410,   1.767,9999.000,9999.000,9999.000,9999.000,9999.000,9999.000,9999.000
202608050700,   1.442,   1.810,   0.300,   0.068,   1.810,   0.300,   1.810,   0.300,   1.810
202608050706,   1.475,   1.859,9999.000,9999.000,9999.000,9999.000,9999.000,9999.000,9999.000
202608050712,   1.508,   1.908,9999.000,9999.000,9999.000,9999.000,9999.000,9999.000,9999.000
202608050718,   1.542,   1.948,9999.000,9999.000,9999.000,9999.000,9999.000,9999.000,9999.000
202608050724,   1.576,   1.990,9999.000,9999.000,9999.000,9999.000,9999.000,9999.000,9999.000
202608050730,   1.611,   2.020,9999.000,9999.000,9999.000,9999.000,9999.000,9999.000,9999.000
202608050736,   1.645,   2.049,9999.000,9999.000,9999.000,9999.000,9999.000,9999.000,9999.000
202608050742,   1.679,   2.079,9999.000,9999.000,9999.000,9999.000,9999.000,9999.000,9999.000
202608050748,   1.713,   2.118,9999.000,9999.000,9999.000,9999.000,9999.000,9999.000,9999.000
202608050754,   1.747,   2.148,9999.000,9999.000,9999.000,9999.000,9999.000,9999.000,9999.000
202608050800,   1.780,   2.191,   0.300,   0.111,   2.191,   0.300,   2.191,   0.300,   2.191
202608050806,   1.813,   2.220,9999.000,9999.000,9999.000,9999.000,9999.000,9999.000,9999.000
202608050812,   1.846,   2.250,9999.000,9999.000,9999.000,9999.000,9999.000,9999.000,9999.000
202608050818,   1.877,   2.279,9999.000,9999.000,9999.000,9999.000,9999.000,9999.000,9999.000
202608050824,   1.908,   2.328,9999.000,9999.000,9999.000,9999.000,9999.000,9999.000,9999.000
202608050830,   1.939,   2.348,9999.000,9999.000,9999.000,9999.000,9999.000,9999.000,9999.000
202608050836,   1.968,   2.377,9999.000,9999.000,9999.000,9999.000,9999.000,9999.000,9999.000
202608050842,   1.997,   2.420,9999.000,9999.000,9999.000,9999.000,9999.000,9999.000,9999.000
202608050848,   2.024,   2.440,9999.000,9999.000,9999.000,9999.000,9999.000,9999.000,9999.000
202608050854,   2.051,   2.469,9999.000,9999.000,9999.000,9999.000,9999.000,9999.000,9999.000
202608050900,   2.077,   2.489,   0.300,   0.112,   2.489,   0.300,   2.489,   0.300,   2.489
202608050906,   2.101,   2.519,9999.000,9999.000,9999.000,9999.000,9999.000,9999.000,9999.000
202608050912,   2.125,   2.548,9999.000,9999.000,9999.000,9999.000,9999.000,9999.000,9999.000
202608050918,   2.148,   2.578,9999.000,9999.000,9999.000,9999.000,9999.000,9999.000,9999.000
202608050924,   2.169,   2.620,9999.000,9999.000,9999.000,9999.000,9999.000,9999.000,9999.000
202608050930,   2.190,   2.630,9999.000,9999.000,9999.000,9999.000,9999.000,9999.000,9999.000
202608050936,   2.209,   2.669,9999.000,9999.000,9999.000,9999.000,9999.000,9999.000,9999.000
202608050942,   2.227,   2.699,9999.000,9999.000,9999.000,9999.000,9999.000,9999.000,9999.000
202608050948,   2.244,   2.699,9999.000,9999.000,9999.000,9999.000,9999.000,9999.000,9999.000
202608050954,   2.260,   2.709,9999.000,9999.000,9999.000,9999.000,9999.000,9999.000,9999.000
202608051000,   2.274,   2.728,   0.300,   0.154,   2.728,   0.300,   2.728,   0.400,   2.828
202608051006,   2.288,   2.748,9999.000,9999.000,9999.000,9999.000,9999.000,9999.000,9999.000
202608051012,   2.299,   2.758,9999.000,9999.000,9999.000,9999.000,9999.000,9999.000,9999.000
202608051018,   2.310,   2.768,9999.000,9999.000,9999.000,9999.000,9999.000,9999.000,9999.000
202608051024,   2.319,   2.787,9999.000,9999.000,9999.000,9999.000,9999.000,9999.000,9999.000
202608051030,   2.326,   2.787,9999.000,9999.000,9999.000,9999.000,9999.000,9999.000,9999.000
202608051036,   2.332,   2.807,9999.000,9999.000,9999.000,9999.000,9999.000,9999.000,9999.000
202608051042,   2.336,   2.807,9999.000,9999.000,9999.000,9999.000,9999.000,9999.000,9999.000
202608051048,   2.339,   2.807,9999.000,9999.000,9999.000,9999.000,9999.000,9999.000,9999.000
202608051054,   2.340,   2.807,9999.000,9999.000,9999.000,9999.000,9999.000,9999.000,9999.000
202608051100,   2.339,   2.797,   0.300,   0.158,   2.797,   0.300,   2.797,   0.400,   2.897
202608051106,   2.337,   2.787,9999.000,9999.000,9999.000,9999.000,9999.000,9999.000,9999.000
202608051112,   2.332,   2.787,9999.000,9999.000,9999.000,9999.000,9999.000,9999.000,9999.000
202608051118,   2.326,   2.787,9999.000,9999.000,9999.000,9999.000,9999.000,9999.000,9999.000
202608051124,   2.318,   2.768,9999.000,9999.000,9999.000,9999.000,9999.000,9999.000,9999.000
202608051130,   2.309,   2.758,9999.000,9999.000,9999.000,9999.000,9999.000,9999.000,9999.000
202608051136,   2.297,   2.748,9999.000,9999.000,9999.000,9999.000,9999.000,9999.000,9999.000
202608051142,   2.284,   2.728,9999.000,9999.000,9999.000,9999.000,9999.000,9999.000,9999.000
202608051148,   2.269,   2.699,9999.000,9999.000,9999.000,9999.000,9999.000,9999.000,9999.000
202608051154,   2.252,   2.679,9999.000,9999.000,9999.000,9999.000,9999.000,9999.000,9999.000
202608051200,   2.234,   2.650,   0.400,   0.016,   2.650,   0.300,   2.550,   0.400,   2.650
202608051206,   2.214,   2.630,9999.000,9999.000,9999.000,9999.000,9999.000,9999.000,9999.000
202608051212,   2.193,   2.610,9999.000,9999.000,9999.000,9999.000,9999.000,9999.000,9999.000
202608051218,   2.170,   2.568,9999.000,9999.000,9999.000,9999.000,9999.000,9999.000,9999.000
202608051224,   2.145,   2.558,9999.000,9999.000,9999.000,9999.000,9999.000,9999.000,9999.000
202608051230,   2.120,   2.519,9999.000,9999.000,9999.000,9999.000,9999.000,9999.000,9999.000
202608051236,   2.093,   2.489,9999.000,9999.000,9999.000,9999.000,9999.000,9999.000,9999.000
202608051242,   2.065,   2.459,9999.000,9999.000,9999.000,9999.000,9999.000,9999.000,9999.000
202608051248,   2.035,   2.430,9999.000,9999.000,9999.000,9999.000,9999.000,9999.000,9999.000
202608051254,   2.005,   2.400,9999.000,9999.000,9999.000,9999.000,9999.000,9999.000,9999.000
202608051300,   1.973,   2.368,   0.400,  -0.005,   2.368,   0.300,   2.268,   0.400,   2.368
202608051306,   1.941,   2.318,9999.000,9999.000,9999.000,9999.000,9999.000,9999.000,9999.000
202608051312,   1.908,   2.299,9999.000,9999.000,9999.000,9999.000,9999.000,9999.000,9999.000
202608051318,   1.874,   2.269,9999.000,9999.000,9999.000,9999.000,9999.000,9999.000,9999.000
202608051324,   1.839,   2.230,9999.000,9999.000,9999.000,9999.000,9999.000,9999.000,9999.000
202608051330,   1.804,   2.200,9999.000,9999.000,9999.000,9999.000,9999.000,9999.000,9999.000
202608051336,   1.768,   2.158,9999.000,9999.000,9999.000,9999.000,9999.000,9999.000,9999.000
202608051342,   1.731,   2.128,9999.000,9999.000,9999.000,9999.000,9999.000,9999.000,9999.000
202608051348,   1.694,   2.099,9999.000,9999.000,9999.000,9999.000,9999.000,9999.000,9999.000
202608051354,   1.657,   2.069,9999.000,9999.000,9999.000,9999.000,9999.000,9999.000,9999.000
202608051400,   1.619,   2.030,   0.400,   0.011,   2.030,   0.300,   1.930,   0.400,   2.030
202608051406,   1.581,   2.000,9999.000,9999.000,9999.000,9999.000,9999.000,9999.000,9999.000
202608051412,   1.542,   1.967,9999.000,9999.000,9999.000,9999.000,9999.000,9999.000,9999.000
202608051418,   1.504,   1.928,9999.000,9999.000,9999.000,9999.000,9999.000,9999.000,9999.000
202608051424,   1.465,   1.889,9999.000,9999.000,9999.000,9999.000,9999.000,9999.000,9999.000
202608051430,   1.426,   1.840,9999.000,9999.000,9999.000,9999.000,9999.000,9999.000,9999.000
202608051436,   1.387,   1.781,9999.000,9999.000,9999.000,9999.000,9999.000,9999.000,9999.000
202608051442,   1.349,   1.738,9999.000,9999.000,9999.000,9999.000,9999.000,9999.000,9999.000
202608051448,   1.310,   1.699,9999.000,9999.000,9999.000,9999.000,9999.000,9999.000,9999.000
202608051454,   1.272,   1.639,9999.000,9999.000,9999.000,9999.000,9999.000,9999.000,9999.000
202608051500,   1.234,   1.600,   0.400,  -0.034,   1.600,   0.300,   1.500,   0.400,   1.600
202608051506,   1.196,   1.557,9999.000,9999.000,9999.000,9999.000,9999.000,9999.000,9999.000
202608051512,   1.159,   1.518,9999.000,9999.000,9999.000,9999.000,9999.000,9999.000,9999.000
202608051518,   1.122,   1.479,9999.000,9999.000,9999.000,9999.000,9999.000,9999.000,9999.000
202608051524,   1.086,   1.449,9999.000,9999.000,9999.000,9999.000,9999.000,9999.000,9999.000
202608051530,   1.050,   1.400,9999.000,9999.000,9999.000,9999.000,9999.000,9999.000,9999.000
202608051536,   1.015,   1.361,9999.000,9999.000,9999.000,9999.000,9999.000,9999.000,9999.000
202608051542,   0.981,   1.328,9999.000,9999.000,9999.000,9999.000,9999.000,9999.000,9999.000
202608051548,   0.948,   1.279,9999.000,9999.000,9999.000,9999.000,9999.000,9999.000,9999.000
202608051554,   0.915,   1.239,9999.000,9999.000,9999.000,9999.000,9999.000,9999.000,9999.000
202608051600,   0.883,   1.220,   0.300,   0.037,   1.220,   0.300,   1.220,   0.400,   1.320
202608051606,   0.852,   1.180,9999.000,9999.000,9999.000,9999.000,9999.000,9999.000,9999.000
202608051612,   0.822,   1.161,9999.000,9999.000,9999.000,9999.000,9999.000,9999.000,9999.000
202608051618,   0.793,   1.118,9999.000,9999.000,9999.000,9999.000,9999.000,9999.000,9999.000
202608051624,   0.766,   1.088,9999.000,9999.000,9999.000,9999.000,9999.000,9999.000,9999.000
202608051630,   0.739,   1.069,9999.000,9999.000,9999.000,9999.000,9999.000,9999.000,9999.000
202608051636,   0.713,   1.039,9999.000,9999.000,9999.000,9999.000,9999.000,9999.000,9999.000
202608051642,   0.688,   1.029,9999.000,9999.000,9999.000,9999.000,9999.000,9999.000,9999.000
202608051648,   0.664,   1.000,9999.000,9999.000,9999.000,9999.000,9999.000,9999.000,9999.000
202608051654,   0.642,   0.970,9999.000,9999.000,9999.000,9999.000,9999.000,9999.000,9999.000
202608051700,   0.621,   0.951,   0.300,   0.030,   0.951,   0.300,   0.951,   0.400,   1.051
202608051706,   0.601,   0.928,9999.000,9999.000,9999.000,9999.000,9999.000,9999.000,9999.000
202608051712,   0.582,   0.908,9999.000,9999.000,9999.000,9999.000,9999.000,9999.000,9999.000
202608051718,   0.565,   0.879,9999.000,9999.000,9999.000,9999.000,9999.000,9999.000,9999.000
202608051724,   0.549,   0.859,9999.000,9999.000,9999.000,9999.000,9999.000,9999.000,9999.000
202608051730,   0.534,   0.829,9999.000,9999.000,9999.000,9999.000,9999.000,9999.000,9999.000
202608051736,   0.521,   0.810,9999.000,9999.000,9999.000,9999.000,9999.000,9999.000,9999.000
202608051742,   0.509,   0.790,9999.000,9999.000,9999.000,9999.000,9999.000,9999.000,9999.000
202608051748,   0.499,   0.770,9999.000,9999.000,9999.000,9999.000,9999.000,9999.000,9999.000
202608051754,   0.491,   0.751,9999.000,9999.000,9999.000,9999.000,9999.000,9999.000,9999.000
202608051800,   0.484,   0.731,   0.400,  -0.153,   0.731,   0.400,   0.731,   0.400,   0.731
202608051806,   0.478,   0.718,9999.000,9999.000,9999.000,9999.000,9999.000,9999.000,9999.000
202608051812,   0.475,   0.718,9999.000,9999.000,9999.000,9999.000,9999.000,9999.000,9999.000
202608051818,   0.473,   0.708,9999.000,9999.000,9999.000,9999.000,9999.000,9999.000,9999.000
202608051824,   0.472,   0.698,9999.000,9999.000,9999.000,9999.000,9999.000,9999.000,9999.000
202608051830,   0.474,   0.698,9999.000,9999.000,9999.000,9999.000,9999.000,9999.000,9999.000
202608051836,   0.477,   0.698,9999.000,9999.000,9999.000,9999.000,9999.000,9999.000,9999.000
202608051842,   0.482,   0.698,9999.000,9999.000,9999.000,9999.000,9999.000,9999.000,9999.000
202608051848,   0.488,   0.698,9999.000,9999.000,9999.000,9999.000,9999.000,9999.000,9999.000
202608051854,   0.496,   0.708,9999.000,9999.000,9999.000,9999.000,9999.000,9999.000,9999.000
202608051900,   0.506,   0.741,   0.400,  -0.165,   0.741,   0.400,   0.741,   0.400,   0.741
202608051906,   0.517,   0.731,9999.000,9999.000,9999.000,9999.000,9999.000,9999.000,9999.000
202608051912,   0.530,   0.760,9999.000,9999.000,9999.000,9999.000,9999.000,9999.000,9999.000
202608051918,   0.544,   0.770,9999.000,9999.000,9999.000,9999.000,9999.000,9999.000,9999.000
202608051924,   0.560,   0.780,9999.000,9999.000,9999.000,9999.000,9999.000,9999.000,9999.000
202608051930,   0.576,   0.800,9999.000,9999.000,9999.000,9999.000,9999.000,9999.000,9999.000
202608051936,   0.594,   0.819,9999.000,9999.000,9999.000,9999.000,9999.000,9999.000,9999.000
202608051942,   0.613,   0.829,9999.000,9999.000,9999.000,9999.000,9999.000,9999.000,9999.000
202608051948,   0.633,   0.849,9999.000,9999.000,9999.000,9999.000,9999.000,9999.000,9999.000
202608051954,   0.653,   0.869,9999.000,9999.000,9999.000,9999.000,9999.000,9999.000,9999.000
202608052000,   0.675,   0.908,   0.400,  -0.167,   0.908,   0.300,   0.808,   0.400,   0.908
202608052006,   0.697,   0.928,9999.000,9999.000,9999.000,9999.000,9999.000,9999.000,9999.000
202608052012,   0.719,   0.941,9999.000,9999.000,9999.000,9999.000,9999.000,9999.000,9999.000
202608052018,   0.742,   0.941,9999.000,9999.000,9999.000,9999.000,9999.000,9999.000,9999.000
202608052024,   0.765,   0.961,9999.000,9999.000,9999.000,9999.000,9999.000,9999.000,9999.000
202608052030,   0.789,   0.961,9999.000,9999.000,9999.000,9999.000,9999.000,9999.000,9999.000
202608052036,   0.813,   0.990,9999.000,9999.000,9999.000,9999.000,9999.000,9999.000,9999.000
202608052042,   0.837,   1.000,9999.000,9999.000,9999.000,9999.000,9999.000,9999.000,9999.000
202608052048,   0.861,   0.990,9999.000,9999.000,9999.000,9999.000,9999.000,9999.000,9999.000
202608052054,   0.885,   1.029,9999.000,9999.000,9999.000,9999.000,9999.000,9999.000,9999.000
202608052100,   0.909,   1.039,   0.400,  -0.270,   1.039,   0.300,   0.939,   0.400,   1.039
202608052106,   0.932,   1.049,9999.000,9999.000,9999.000,9999.000,9999.000,9999.000,9999.000
202608052112,   0.956,   1.079,9999.000,9999.000,9999.000,9999.000,9999.000,9999.000,9999.000
202608052118,   0.980,   1.088,9999.000,9999.000,9999.000,9999.000,9999.000,9999.000,9999.000
202608052124,   1.003,   1.108,9999.000,9999.000,9999.000,9999.000,9999.000,9999.000,9999.000
202608052130,   1.027,   1.128,9999.000,9999.000,9999.000,9999.000,9999.000,9999.000,9999.000
202608052136,   1.050,   1.170,9999.000,9999.000,9999.000,9999.000,9999.000,9999.000,9999.000
202608052142,   1.072,   1.180,9999.000,9999.000,9999.000,9999.000,9999.000,9999.000,9999.000
202608052148,   1.095,   1.210,9999.000,9999.000,9999.000,9999.000,9999.000,9999.000,9999.000
202608052154,   1.117,   1.249,9999.000,9999.000,9999.000,9999.000,9999.000,9999.000,9999.000
202608052200,   1.139,   1.279,   0.400,  -0.260,   1.279,   0.300,   1.179,   0.400,   1.279
202608052206,   1.161,   1.308,9999.000,9999.000,9999.000,9999.000,9999.000,9999.000,9999.000
202608052212,   1.182,   1.328,9999.000,9999.000,9999.000,9999.000,9999.000,9999.000,9999.000
202608052218,   1.203,   1.348,9999.000,9999.000,9999.000,9999.000,9999.000,9999.000,9999.000
202608052224,   1.223,   1.380,9999.000,9999.000,9999.000,9999.000,9999.000,9999.000,9999.000
202608052230,   1.243,   1.400,9999.000,9999.000,9999.000,9999.000,9999.000,9999.000,9999.000
202608052236,   1.262,   1.420,9999.000,9999.000,9999.000,9999.000,9999.000,9999.000,9999.000
202608052242,   1.281,   1.449,9999.000,9999.000,9999.000,9999.000,9999.000,9999.000,9999.000
202608052248,   1.299,   1.449,9999.000,9999.000,9999.000,9999.000,9999.000,9999.000,9999.000
202608052254,   1.316,   1.479,9999.000,9999.000,9999.000,9999.000,9999.000,9999.000,9999.000
202608052300,   1.333,   1.498,   0.400,  -0.235,   1.498,   0.300,   1.398,   0.400,   1.498
202608052306,   1.348,   1.518,9999.000,9999.000,9999.000,9999.000,9999.000,9999.000,9999.000
202608052312,   1.363,   1.528,9999.000,9999.000,9999.000,9999.000,9999.000,9999.000,9999.000
202608052318,   1.377,   1.528,9999.000,9999.000,9999.000,9999.000,9999.000,9999.000,9999.000
202608052324,   1.390,   1.538,9999.000,9999.000,9999.000,9999.000,9999.000,9999.000,9999.000
202608052330,   1.401,   1.557,9999.000,9999.000,9999.000,9999.000,9999.000,9999.000,9999.000
202608052336,   1.412,   1.580,9999.000,9999.000,9999.000,9999.000,9999.000,9999.000,9999.000
202608052342,   1.422,   1.600,9999.000,9999.000,9999.000,9999.000,9999.000,9999.000,9999.000
202608052348,   1.430,   1.610,9999.000,9999.000,9999.000,9999.000,9999.000,9999.000,9999.000
202608052354,   1.437,   1.630,9999.000,9999.000,9999.000,9999.000,9999.000,9999.000,9999.000
202608060000,   1.444,   1.649,   0.300,  -0.095,   1.649,   0.300,   1.649,   0.300,   1.649
202608060006,   1.449,   1.649,9999.000,9999.000,9999.000,9999.000,9999.000,9999.000,9999.000
202608060012,   1.453,   1.659,9999.000,9999.000,9999.000,9999.000,9999.000,9999.000,9999.000
202608060018,   1.456,   1.689,9999.000,9999.000,9999.000,9999.000,9999.000,9999.000,9999.000
202608060024,   1.457,   1.748,9999.000,9999.000,9999.000,9999.000,9999.000,9999.000,9999.000
202608060030,   1.458,   1.790,9999.000,9999.000,9999.000,9999.000,9999.000,9999.000,9999.000
202608060036,   1.458,   1.718,9999.000,9999.000,9999.000,9999.000,9999.000,9999.000,9999.000
202608060042,   1.457,   1.630,9999.000,9999.000,9999.000,9999.000,9999.000,9999.000,9999.000
202608060048,   1.455,   1.639,9999.000,9999.000,9999.000,9999.000,9999.000,9999.000,9999.000
202608060054,   1.452,   1.669,9999.000,9999.000,9999.000,9999.000,9999.000,9999.000,9999.000
202608060100,   1.449,   1.630,   0.300,  -0.119,   1.630,   0.300,   1.630,   0.300,   1.630
202608060106,   1.444,   1.620,9999.000,9999.000,9999.000,9999.000,9999.000,9999.000,9999.000
202608060112,   1.440,   1.728,9999.000,9999.000,9999.000,9999.000,9999.000,9999.000,9999.000
202608060118,   1.434,   1.718,9999.000,9999.000,9999.000,9999.000,9999.000,9999.000,9999.000
202608060124,   1.428,   1.718,9999.000,9999.000,9999.000,9999.000,9999.000,9999.000,9999.000
202608060130,   1.421,   1.748,9999.000,9999.000,9999.000,9999.000,9999.000,9999.000,9999.000
202608060136,   1.414,   1.738,9999.000,9999.000,9999.000,9999.000,9999.000,9999.000,9999.000
202608060142,   1.407,   1.679,9999.000,9999.000,9999.000,9999.000,9999.000,9999.000,9999.000
202608060148,   1.399,   1.669,9999.000,9999.000,9999.000,9999.000,9999.000,9999.000,9999.000
202608060154,   1.391,   1.630,9999.000,9999.000,9999.000,9999.000,9999.000,9999.000,9999.000
202608060200,   1.382,   1.590,   0.300,  -0.092,   1.590,   0.300,   1.590,   0.300,   1.590
202608060206,   1.374,   1.580,9999.000,9999.000,9999.000,9999.000,9999.000,9999.000,9999.000
202608060212,   1.365,   1.590,9999.000,9999.000,9999.000,9999.000,9999.000,9999.000,9999.000
202608060218,   1.356,   1.557,9999.000,9999.000,9999.000,9999.000,9999.000,9999.000,9999.000
202608060224,   1.347,   1.557,9999.000,9999.000,9999.000,9999.000,9999.000,9999.000,9999.000
202608060230,   1.338,   1.571,9999.000,9999.000,9999.000,9999.000,9999.000,9999.000,9999.000
202608060236,   1.329,   1.528,9999.000,9999.000,9999.000,9999.000,9999.000,9999.000,9999.000
202608060242,   1.320,   1.508,9999.000,9999.000,9999.000,9999.000,9999.000,9999.000,9999.000
202608060248,   1.311,   1.508,9999.000,9999.000,9999.000,9999.000,9999.000,9999.000,9999.000
202608060254,   1.302,   1.508,9999.000,9999.000,9999.000,9999.000,9999.000,9999.000,9999.000
202608060300,   1.294,   1.528,   0.300,  -0.066,   1.528,   0.300,   1.528,   0.300,   1.528
202608060306,   1.285,   1.548,9999.000,9999.000,9999.000,9999.000,9999.000,9999.000,9999.000
202608060312,   1.277,   1.557,9999.000,9999.000,9999.000,9999.000,9999.000,9999.000,9999.000
202608060318,   1.269,   1.538,9999.000,9999.000,9999.000,9999.000,9999.000,9999.000,9999.000
202608060324,   1.262,   1.528,9999.000,9999.000,9999.000,9999.000,9999.000,9999.000,9999.000
202608060330,   1.255,   1.528,9999.000,9999.000,9999.000,9999.000,9999.000,9999.000,9999.000
202608060336,   1.248,   1.518,9999.000,9999.000,9999.000,9999.000,9999.000,9999.000,9999.000
202608060342,   1.242,   1.489,9999.000,9999.000,9999.000,9999.000,9999.000,9999.000,9999.000
202608060348,   1.237,   1.469,9999.000,9999.000,9999.000,9999.000,9999.000,9999.000,9999.000
202608060354,   1.232,   1.498,9999.000,9999.000,9999.000,9999.000,9999.000,9999.000,9999.000
202608060400,   1.227,   1.479,   0.300,  -0.048,   1.479,   0.300,   1.479,   0.300,   1.479
202608060406,   1.224,   1.479,9999.000,9999.000,9999.000,9999.000,9999.000,9999.000,9999.000
202608060412,   1.221,   1.479,9999.000,9999.000,9999.000,9999.000,9999.000,9999.000,9999.000
202608060418,   1.218,   1.479,9999.000,9999.000,9999.000,9999.000,9999.000,9999.000,9999.000
202608060424,   1.217,   1.469,9999.000,9999.000,9999.000,9999.000,9999.000,9999.000,9999.000
202608060430,   1.216,   1.459,9999.000,9999.000,9999.000,9999.000,9999.000,9999.000,9999.000
202608060436,   1.216,   1.449,9999.000,9999.000,9999.000,9999.000,9999.000,9999.000,9999.000
202608060442,   1.217,   1.439,9999.000,9999.000,9999.000,9999.000,9999.000,9999.000,9999.000
202608060448,   1.218,   1.439,9999.000,9999.000,9999.000,9999.000,9999.000,9999.000,9999.000
202608060454,   1.220,   1.449,9999.000,9999.000,9999.000,9999.000,9999.000,9999.000,9999.000
202608060500,   1.224,   1.449,   0.300,  -0.075,   1.449,   0.300,   1.449,   0.300,   1.449
202608060506,   1.227,   1.459,9999.000,9999.000,9999.000,9999.000,9999.000,9999.000,9999.000
202608060512,   1.232,   1.489,9999.000,9999.000,9999.000,9999.000,9999.000,9999.000,9999.000
202608060518,   1.238,   1.489,9999.000,9999.000,9999.000,9999.000,9999.000,9999.000,9999.000
202608060524,   1.244,   1.508,9999.000,9999.000,9999.000,9999.000,9999.000,9999.000,9999.000
202608060530,   1.252,   1.538,9999.000,9999.000,9999.000,9999.000,9999.000,9999.000,9999.000
202608060536,   1.260,   1.538,9999.000,9999.000,9999.000,9999.000,9999.000,9999.000,9999.000
202608060542,   1.269,   1.548,9999.000,9999.000,9999.000,9999.000,9999.000,9999.000,9999.000
202608060548,   1.280,   1.557,9999.000,9999.000,9999.000,9999.000,9999.000,9999.000,9999.000
202608060554,   1.291,   1.580,9999.000,9999.000,9999.000,9999.000,9999.000,9999.000,9999.000
202608060600,   1.303,   1.600,   0.200,   0.097,   1.600,   0.200,   1.600,   0.200,   1.600
202608060606,   1.316,   1.639,9999.000,9999.000,9999.000,9999.000,9999.000,9999.000,9999.000
202608060612,   1.330,   1.679,9999.000,9999.000,9999.000,9999.000,9999.000,9999.000,9999.000
202608060618,   1.345,   1.708,9999.000,9999.000,9999.000,9999.000,9999.000,9999.000,9999.000
202608060624,   1.361,   1.738,9999.000,9999.000,9999.000,9999.000,9999.000,9999.000,9999.000
202608060630,   1.378,   1.767,9999.000,9999.000,9999.000,9999.000,9999.000,9999.000,9999.000
202608060636,   1.397,   1.800,9999.000,9999.000,9999.000,9999.000,9999.000,9999.000,9999.000
202608060642,   1.416,   1.810,9999.000,9999.000,9999.000,9999.000,9999.000,9999.000,9999.000
202608060648,   1.437,   1.830,9999.000,9999.000,9999.000,9999.000,9999.000,9999.000,9999.000
202608060654,   1.458,   1.859,9999.000,9999.000,9999.000,9999.000,9999.000,9999.000,9999.000
202608060700,   1.481,   1.889,   0.200,   0.208,   1.889,   0.200,   1.889,   0.200,   1.889
202608060706,   1.505,   1.908,9999.000,9999.000,9999.000,9999.000,9999.000,9999.000,9999.000
202608060712,   1.529,   1.928,9999.000,9999.000,9999.000,9999.000,9999.000,9999.000,9999.000
202608060718,   1.555,   1.958,9999.000,9999.000,9999.000,9999.000,9999.000,9999.000,9999.000
202608060724,   1.582,   1.981,9999.000,9999.000,9999.000,9999.000,9999.000,9999.000,9999.000
202608060730,   1.609,   2.000,9999.000,9999.000,9999.000,9999.000,9999.000,9999.000,9999.000
202608060736,   1.637,   2.020,9999.000,9999.000,9999.000,9999.000,9999.000,9999.000,9999.000
202608060742,   1.666,   2.049,9999.000,9999.000,9999.000,9999.000,9999.000,9999.000,9999.000
202608060748,   1.696,   2.079,9999.000,9999.000,9999.000,9999.000,9999.000,9999.000,9999.000
202608060754,   1.726,   2.099,9999.000,9999.000,9999.000,9999.000,9999.000,9999.000,9999.000
202608060800,   1.756,   2.118,   0.200,   0.162,   2.118,   0.200,   2.118,   0.200,   2.118
202608060806,   1.786,   2.158,9999.000,9999.000,9999.000,9999.000,9999.000,9999.000,9999.000
202608060812,   1.817,   2.200,9999.000,9999.000,9999.000,9999.000,9999.000,9999.000,9999.000
202608060818,   1.848,   2.230,9999.000,9999.000,9999.000,9999.000,9999.000,9999.000,9999.000
202608060824,   1.879,   2.250,9999.000,9999.000,9999.000,9999.000,9999.000,9999.000,9999.000
202608060830,   1.910,   2.299,9999.000,9999.000,9999.000,9999.000,9999.000,9999.000,9999.000
202608060836,   1.940,   2.309,9999.000,9999.000,9999.000,9999.000,9999.000,9999.000,9999.000
202608060842,   1.970,   2.318,9999.000,9999.000,9999.000,9999.000,9999.000,9999.000,9999.000
202608060848,   2.000,   2.368,9999.000,9999.000,9999.000,9999.000,9999.000,9999.000,9999.000
202608060854,   2.029,   2.368,9999.000,9999.000,9999.000,9999.000,9999.000,9999.000,9999.000
202608060900,   2.057,   2.400,   0.200,   0.143,   2.400,   0.200,   2.400,   0.200,   2.400
202608060906,   2.085,   2.440,9999.000,9999.000,9999.000,9999.000,9999.000,9999.000,9999.000
202608060912,   2.112,   2.440,9999.000,9999.000,9999.000,9999.000,9999.000,9999.000,9999.000
202608060918,   2.138,   2.450,9999.000,9999.000,9999.000,9999.000,9999.000,9999.000,9999.000
202608060924,   2.164,   2.479,9999.000,9999.000,9999.000,9999.000,9999.000,9999.000,9999.000
202608060930,   2.188,   2.499,9999.000,9999.000,9999.000,9999.000,9999.000,9999.000,9999.000
202608060936,   2.212,   2.519,9999.000,9999.000,9999.000,9999.000,9999.000,9999.000,9999.000
202608060942,   2.235,   2.558,9999.000,9999.000,9999.000,9999.000,9999.000,9999.000,9999.000
202608060948,   2.257,   2.558,9999.000,9999.000,9999.000,9999.000,9999.000,9999.000,9999.000
202608060954,   2.277,   2.548,9999.000,9999.000,9999.000,9999.000,9999.000,9999.000,9999.000
202608061000,   2.297,   2.578,   0.200,   0.081,   2.578,   0.200,   2.578,   0.200,   2.578
202608061006,   2.316,   2.597,9999.000,9999.000,9999.000,9999.000,9999.000,9999.000,9999.000
202608061012,   2.334,   2.597,9999.000,9999.000,9999.000,9999.000,9999.000,9999.000,9999.000
202608061018,   2.350,   2.610,9999.000,9999.000,9999.000,9999.000,9999.000,9999.000,9999.000
202608061024,   2.366,   2.630,9999.000,9999.000,9999.000,9999.000,9999.000,9999.000,9999.000
202608061030,   2.381,   2.630,9999.000,9999.000,9999.000,9999.000,9999.000,9999.000,9999.000
202608061036,   2.394,   2.640,9999.000,9999.000,9999.000,9999.000,9999.000,9999.000,9999.000
202608061042,   2.406,   2.660,9999.000,9999.000,9999.000,9999.000,9999.000,9999.000,9999.000
202608061048,   2.418,   2.640,9999.000,9999.000,9999.000,9999.000,9999.000,9999.000,9999.000
202608061054,   2.428,   2.640,9999.000,9999.000,9999.000,9999.000,9999.000,9999.000,9999.000
202608061100,   2.436,   2.660,   0.200,   0.024,   2.660,   0.200,   2.660,   0.200,   2.660
202608061106,   2.444,   2.669,9999.000,9999.000,9999.000,9999.000,9999.000,9999.000,9999.000
202608061112,   2.450,   2.660,9999.000,9999.000,9999.000,9999.000,9999.000,9999.000,9999.000
202608061118,   2.455,   2.669,9999.000,9999.000,9999.000,9999.000,9999.000,9999.000,9999.000
202608061124,   2.458,   2.669,9999.000,9999.000,9999.000,9999.000,9999.000,9999.000,9999.000
202608061130,   2.460,   2.650,9999.000,9999.000,9999.000,9999.000,9999.000,9999.000,9999.000
202608061136,   2.460,   2.669,9999.000,9999.000,9999.000,9999.000,9999.000,9999.000,9999.000
202608061142,   2.459,   2.650,9999.000,9999.000,9999.000,9999.000,9999.000,9999.000,9999.000
202608061148,   2.456,   2.640,9999.000,9999.000,9999.000,9999.000,9999.000,9999.000,9999.000
202608061154,   2.452,9999.000,9999.000,9999.000,9999.000,9999.000,9999.000,9999.000,9999.000
202608061200,   2.446,9999.000,   0.200,   0.017,   2.663,   0.200,   2.663,   0.200,   2.663
202608061206,   2.438,9999.000,9999.000,9999.000,9999.000,9999.000,9999.000,9999.000,9999.000
202608061212,   2.429,9999.000,9999.000,9999.000,9999.000,9999.000,9999.000,9999.000,9999.000
202608061218,   2.418,9999.000,9999.000,9999.000,9999.000,9999.000,9999.000,9999.000,9999.000
202608061224,   2.406,9999.000,9999.000,9999.000,9999.000,9999.000,9999.000,9999.000,9999.000
202608061230,   2.391,9999.000,9999.000,9999.000,9999.000,9999.000,9999.000,9999.000,9999.000
202608061236,   2.376,9999.000,9999.000,9999.000,9999.000,9999.000,9999.000,9999.000,9999.000
202608061242,   2.358,9999.000,9999.000,9999.000,9999.000,9999.000,9999.000,9999.000,9999.000
202608061248,   2.339,9999.000,9999.000,9999.000,9999.000,9999.000,9999.000,9999.000,9999.000
202608061254,   2.319,9999.000,9999.000,9999.000,9999.000,9999.000,9999.000,9999.000,9999.000
202608061300,   2.297,9999.000,   0.200,   0.009,   2.506,   0.200,   2.506,   0.200,   2.506
202608061306,   2.274,9999.000,9999.000,9999.000,9999.000,9999.000,9999.000,9999.000,9999.000
202608061312,   2.250,9999.000,9999.000,9999.000,9999.000,9999.000,9999.000,9999.000,9999.000
202608061318,   2.224,9999.000,9999.000,9999.000,9999.000,9999.000,9999.000,9999.000,9999.000
202608061324,   2.197,9999.000,9999.000,9999.000,9999.000,9999.000,9999.000,9999.000,9999.000
202608061330,   2.169,9999.000,9999.000,9999.000,9999.000,9999.000,9999.000,9999.000,9999.000
202608061336,   2.139,9999.000,9999.000,9999.000,9999.000,9999.000,9999.000,9999.000,9999.000
202608061342,   2.109,9999.000,9999.000,9999.000,9999.000,9999.000,9999.000,9999.000,9999.000
202608061348,   2.078,9999.000,9999.000,9999.000,9999.000,9999.000,9999.000,9999.000,9999.000
202608061354,   2.046,9999.000,9999.000,9999.000,9999.000,9999.000,9999.000,9999.000,9999.000
202608061400,   2.013,9999.000,   0.200,   0.002,   2.215,   0.200,   2.215,   0.200,   2.215
202608061406,   1.979,9999.000,9999.000,9999.000,9999.000,9999.000,9999.000,9999.000,9999.000
202608061412,   1.944,9999.000,9999.000,9999.000,9999.000,9999.000,9999.000,9999.000,9999.000
202608061418,   1.909,9999.000,9999.000,9999.000,9999.000,9999.000,9999.000,9999.000,9999.000
202608061424,   1.873,9999.000,9999.000,9999.000,9999.000,9999.000,9999.000,9999.000,9999.000
202608061430,   1.837,9999.000,9999.000,9999.000,9999.000,9999.000,9999.000,9999.000,9999.000
202608061436,   1.800,9999.000,9999.000,9999.000,9999.000,9999.000,9999.000,9999.000,9999.000
202608061442,   1.762,9999.000,9999.000,9999.000,9999.000,9999.000,9999.000,9999.000,9999.000
202608061448,   1.724,9999.000,9999.000,9999.000,9999.000,9999.000,9999.000,9999.000,9999.000
202608061454,   1.686,9999.000,9999.000,9999.000,9999.000,9999.000,9999.000,9999.000,9999.000
202608061500,   1.647,9999.000,   0.200,  -0.005,   1.842,   0.100,   1.742,   0.200,   1.842
202608061506,   1.608,9999.000,9999.000,9999.000,9999.000,9999.000,9999.000,9999.000,9999.000
202608061512,   1.569,9999.000,9999.000,9999.000,9999.000,9999.000,9999.000,9999.000,9999.000
202608061518,   1.529,9999.000,9999.000,9999.000,9999.000,9999.000,9999.000,9999.000,9999.000
202608061524,   1.489,9999.000,9999.000,9999.000,9999.000,9999.000,9999.000,9999.000,9999.000
202608061530,   1.449,9999.000,9999.000,9999.000,9999.000,9999.000,9999.000,9999.000,9999.000
202608061536,   1.409,9999.000,9999.000,9999.000,9999.000,9999.000,9999.000,9999.000,9999.000
202608061542,   1.369,9999.000,9999.000,9999.000,9999.000,9999.000,9999.000,9999.000,9999.000
202608061548,   1.329,9999.000,9999.000,9999.000,9999.000,9999.000,9999.000,9999.000,9999.000
202608061554,   1.289,9999.000,9999.000,9999.000,9999.000,9999.000,9999.000,9999.000,9999.000
202608061600,   1.250,9999.000,   0.100,  -0.012,   1.338,   0.100,   1.338,   0.200,   1.438
202608061606,   1.210,9999.000,9999.000,9999.000,9999.000,9999.000,9999.000,9999.000,9999.000
202608061612,   1.171,9999.000,9999.000,9999.000,9999.000,9999.000,9999.000,9999.000,9999.000
202608061618,   1.132,9999.000,9999.000,9999.000,9999.000,9999.000,9999.000,9999.000,9999.000
202608061624,   1.094,9999.000,9999.000,9999.000,9999.000,9999.000,9999.000,9999.000,9999.000
202608061630,   1.056,9999.000,9999.000,9999.000,9999.000,9999.000,9999.000,9999.000,9999.000
202608061636,   1.018,9999.000,9999.000,9999.000,9999.000,9999.000,9999.000,9999.000,9999.000
202608061642,   0.981,9999.000,9999.000,9999.000,9999.000,9999.000,9999.000,9999.000,9999.000
202608061648,   0.945,9999.000,9999.000,9999.000,9999.000,9999.000,9999.000,9999.000,9999.000
202608061654,   0.909,9999.000,9999.000,9999.000,9999.000,9999.000,9999.000,9999.000,9999.000
202608061700,   0.874,9999.000,   0.100,  -0.020,   0.954,   0.100,   0.954,   0.200,   1.054
202608061706,   0.839,9999.000,9999.000,9999.000,9999.000,9999.000,9999.000,9999.000,9999.000
202608061712,   0.806,9999.000,9999.000,9999.000,9999.000,9999.000,9999.000,9999.000,9999.000
202608061718,   0.772,9999.000,9999.000,9999.000,9999.000,9999.000,9999.000,9999.000,9999.000
202608061724,   0.740,9999.000,9999.000,9999.000,9999.000,9999.000,9999.000,9999.000,9999.000
202608061730,   0.709,9999.000,9999.000,9999.000,9999.000,9999.000,9999.000,9999.000,9999.000
202608061736,   0.678,9999.000,9999.000,9999.000,9999.000,9999.000,9999.000,9999.000,9999.000
202608061742,   0.648,9999.000,9999.000,9999.000,9999.000,9999.000,9999.000,9999.000,9999.000
202608061748,   0.620,9999.000,9999.000,9999.000,9999.000,9999.000,9999.000,9999.000,9999.000
202608061754,   0.592,9999.000,9999.000,9999.000,9999.000,9999.000,9999.000,9999.000,9999.000
202608061800,   0.565,9999.000,   0.100,  -0.027,   0.638,   0.100,   0.638,   0.100,   0.638
202608061806,   0.540,9999.000,9999.000,9999.000,9999.000,9999.000,9999.000,9999.000,9999.000
202608061812,   0.515,9999.000,9999.000,9999.000,9999.000,9999.000,9999.000,9999.000,9999.000
202608061818,   0.492,9999.000,9999.000,9999.000,9999.000,9999.000,9999.000,9999.000,9999.000
202608061824,   0.470,9999.000,9999.000,9999.000,9999.000,9999.000,9999.000,9999.000,9999.000
202608061830,   0.449,9999.000,9999.000,9999.000,9999.000,9999.000,9999.000,9999.000,9999.000
202608061836,   0.430,9999.000,9999.000,9999.000,9999.000,9999.000,9999.000,9999.000,9999.000
202608061842,   0.412,9999.000,9999.000,9999.000,9999.000,9999.000,9999.000,9999.000,9999.000
202608061848,   0.395,9999.000,9999.000,9999.000,9999.000,9999.000,9999.000,9999.000,9999.000
202608061854,   0.380,9999.000,9999.000,9999.000,9999.000,9999.000,9999.000,9999.000,9999.000
202608061900,   0.367,9999.000,   0.100,  -0.034,   0.433,   0.100,   0.433,   0.200,   0.533
202608061906,   0.355,9999.000,9999.000,9999.000,9999.000,9999.000,9999.000,9999.000,9999.000
202608061912,   0.345,9999.000,9999.000,9999.000,9999.000,9999.000,9999.000,9999.000,9999.000
202608061918,   0.337,9999.000,9999.000,9999.000,9999.000,9999.000,9999.000,9999.000,9999.000
202608061924,   0.330,9999.000,9999.000,9999.000,9999.000,9999.000,9999.000,9999.000,9999.000
202608061930,   0.325,9999.000,9999.000,9999.000,9999.000,9999.000,9999.000,9999.000,9999.000
202608061936,   0.321,9999.000,9999.000,9999.000,9999.000,9999.000,9999.000,9999.000,9999.000
202608061942,   0.320,9999.000,9999.000,9999.000,9999.000,9999.000,9999.000,9999.000,9999.000
202608061948,   0.320,9999.000,9999.000,9999.000,9999.000,9999.000,9999.000,9999.000,9999.000
202608061954,   0.321,9999.000,9999.000,9999.000,9999.000,9999.000,9999.000,9999.000,9999.000
202608062000,   0.325,9999.000,   0.100,  -0.041,   0.384,   0.100,   0.384,   0.200,   0.484
202608062006,   0.329,9999.000,9999.000,9999.000,9999.000,9999.000,9999.000,9999.000,9999.000
202608062012,   0.336,9999.000,9999.000,9999.000,9999.000,9999.000,9999.000,9999.000,9999.000
202608062018,   0.343,9999.000,9999.000,9999.000,9999.000,9999.000,9999.000,9999.000,9999.000
202608062024,   0.352,9999.000,9999.000,9999.000,9999.000,9999.000,9999.000,9999.000,9999.000
202608062030,   0.363,9999.000,9999.000,9999.000,9999.000,9999.000,9999.000,9999.000,9999.000
202608062036,   0.374,9999.000,9999.000,9999.000,9999.000,9999.000,9999.000,9999.000,9999.000
202608062042,   0.387,9999.000,9999.000,9999.000,9999.000,9999.000,9999.000,9999.000,9999.000
202608062048,   0.401,9999.000,9999.000,9999.000,9999.000,9999.000,9999.000,9999.000,9999.000
202608062054,   0.415,9999.000,9999.000,9999.000,9999.000,9999.000,9999.000,9999.000,9999.000
202608062100,   0.430,9999.000,   0.100,  -0.049,   0.481,   0.100,   0.481,   0.200,   0.581
202608062106,   0.447,9999.000,9999.000,9999.000,9999.000,9999.000,9999.000,9999.000,9999.000
202608062112,   0.463,9999.000,9999.000,9999.000,9999.000,9999.000,9999.000,9999.000,9999.000
202608062118,   0.481,9999.000,9999.000,9999.000,9999.000,9999.000,9999.000,9999.000,9999.000
202608062124,   0.499,9999.000,9999.000,9999.000,9999.000,9999.000,9999.000,9999.000,9999.000
202608062130,   0.517,9999.000,9999.000,9999.000,9999.000,9999.000,9999.000,9999.000,9999.000
202608062136,   0.536,9999.000,9999.000,9999.000,9999.000,9999.000,9999.000,9999.000,9999.000
202608062142,   0.556,9999.000,9999.000,9999.000,9999.000,9999.000,9999.000,9999.000,9999.000
202608062148,   0.575,9999.000,9999.000,9999.000,9999.000,9999.000,9999.000,9999.000,9999.000
202608062154,   0.595,9999.000,9999.000,9999.000,9999.000,9999.000,9999.000,9999.000,9999.000
202608062200,   0.615,9999.000,   0.200,  -0.056,   0.759,   0.100,   0.659,   0.200,   0.759
202608062206,   0.636,9999.000,9999.000,9999.000,9999.000,9999.000,9999.000,9999.000,9999.000
202608062212,   0.657,9999.000,9999.000,9999.000,9999.000,9999.000,9999.000,9999.000,9999.000
202608062218,   0.678,9999.000,9999.000,9999.000,9999.000,9999.000,9999.000,9999.000,9999.000
202608062224,   0.699,9999.000,9999.000,9999.000,9999.000,9999.000,9999.000,9999.000,9999.000
202608062230,   0.720,9999.000,9999.000,9999.000,9999.000,9999.000,9999.000,9999.000,9999.000
202608062236,   0.742,9999.000,9999.000,9999.000,9999.000,9999.000,9999.000,9999.000,9999.000
202608062242,   0.763,9999.000,9999.000,9999.000,9999.000,9999.000,9999.000,9999.000,9999.000
202608062248,   0.785,9999.000,9999.000,9999.000,9999.000,9999.000,9999.000,9999.000,9999.000
202608062254,   0.807,9999.000,9999.000,9999.000,9999.000,9999.000,9999.000,9999.000,9999.000
202608062300,   0.829,9999.000,   0.200,  -0.063,   0.966,   0.100,   0.866,   0.200,   0.966
202608062306,   0.851,9999.000,9999.000,9999.000,9999.000,9999.000,9999.000,9999.000,9999.000
202608062312,   0.873,9999.000,9999.000,9999.000,9999.000,9999.000,9999.000,9999.000,9999.000
202608062318,   0.895,9999.000,9999.000,9999.000,9999.000,9999.000,9999.000,9999.000,9999.000
202608062324,   0.917,9999.000,9999.000,9999.000,9999.000,9999.000,9999.000,9999.000,9999.000
202608062330,   0.939,9999.000,9999.000,9999.000,9999.000,9999.000,9999.000,9999.000,9999.000
202608062336,   0.960,9999.000,9999.000,9999.000,9999.000,9999.000,9999.000,9999.000,9999.000
202608062342,   0.982,9999.000,9999.000,9999.000,9999.000,9999.000,9999.000,9999.000,9999.000
202608062348,   1.003,9999.000,9999.000,9999.000,9999.000,9999.000,9999.000,9999.000,9999.000
202608062354,   1.023,9999.000,9999.000,9999.000,9999.000,9999.000,9999.000,9999.000,9999.000
202608070000,   1.043,9999.000,   0.200,  -0.063,   1.180,   0.100,   1.080,   0.200,   1.180
202608070006,   1.063,9999.000,9999.000,9999.000,9999.000,9999.000,9999.000,9999.000,9999.000
202608070012,   1.082,9999.000,9999.000,9999.000,9999.000,9999.000,9999.000,9999.000,9999.000
202608070018,   1.100,9999.000,9999.000,9999.000,9999.000,9999.000,9999.000,9999.000,9999.000
202608070024,   1.118,9999.000,9999.000,9999.000,9999.000,9999.000,9999.000,9999.000,9999.000
202608070030,   1.135,9999.000,9999.000,9999.000,9999.000,9999.000,9999.000,9999.000,9999.000
202608070036,   1.151,9999.000,9999.000,9999.000,9999.000,9999.000,9999.000,9999.000,9999.000
202608070042,   1.167,9999.000,9999.000,9999.000,9999.000,9999.000,9999.000,9999.000,9999.000
202608070048,   1.181,9999.000,9999.000,9999.000,9999.000,9999.000,9999.000,9999.000,9999.000
202608070054,   1.195,9999.000,9999.000,9999.000,9999.000,9999.000,9999.000,9999.000,9999.000
202608070100,   1.209,9999.000,   0.200,  -0.063,   1.346,   0.100,   1.246,   0.200,   1.346
202608070106,   1.221,9999.000,9999.000,9999.000,9999.000,9999.000,9999.000,9999.000,9999.000
202608070112,   1.233,9999.000,9999.000,9999.000,9999.000,9999.000,9999.000,9999.000,9999.000
202608070118,   1.243,9999.000,9999.000,9999.000,9999.000,9999.000,9999.000,9999.000,9999.000
202608070124,   1.254,9999.000,9999.000,9999.000,9999.000,9999.000,9999.000,9999.000,9999.000
202608070130,   1.263,9999.000,9999.000,9999.000,9999.000,9999.000,9999.000,9999.000,9999.000
202608070136,   1.272,9999.000,9999.000,9999.000,9999.000,9999.000,9999.000,9999.000,9999.000
202608070142,   1.280,9999.000,9999.000,9999.000,9999.000,9999.000,9999.000,9999.000,9999.000
202608070148,   1.288,9999.000,9999.000,9999.000,9999.000,9999.000,9999.000,9999.000,9999.000
202608070154,   1.295,9999.000,9999.000,9999.000,9999.000,9999.000,9999.000,9999.000,9999.000
202608070200,   1.301,9999.000,   0.200,  -0.063,   1.438,   0.100,   1.338,   0.200,   1.438
202608070206,   1.307,9999.000,9999.000,9999.000,9999.000,9999.000,9999.000,9999.000,9999.000
202608070212,   1.313,9999.000,9999.000,9999.000,9999.000,9999.000,9999.000,9999.000,9999.000
202608070218,   1.318,9999.000,9999.000,9999.000,9999.000,9999.000,9999.000,9999.000,9999.000
202608070224,   1.323,9999.000,9999.000,9999.000,9999.000,9999.000,9999.000,9999.000,9999.000
202608070230,   1.327,9999.000,9999.000,9999.000,9999.000,9999.000,9999.000,9999.000,9999.000
202608070236,   1.331,9999.000,9999.000,9999.000,9999.000,9999.000,9999.000,9999.000,9999.000
202608070242,   1.335,9999.000,9999.000,9999.000,9999.000,9999.000,9999.000,9999.000,9999.000
202608070248,   1.339,9999.000,9999.000,9999.000,9999.000,9999.000,9999.000,9999.000,9999.000
202608070254,   1.342,9999.000,9999.000,9999.000,9999.000,9999.000,9999.000,9999.000,9999.000
202608070300,   1.345,9999.000,   0.200,  -0.063,   1.482,   0.100,   1.382,   0.200,   1.482
202608070306,   1.348,9999.000,9999.000,9999.000,9999.000,9999.000,9999.000,9999.000,9999.000
202608070312,   1.350,9999.000,9999.000,9999.000,9999.000,9999.000,9999.000,9999.000,9999.000
202608070318,   1.353,9999.000,9999.000,9999.000,9999.000,9999.000,9999.000,9999.000,9999.000
202608070324,   1.355,9999.000,9999.000,9999.000,9999.000,9999.000,9999.000,9999.000,9999.000
202608070330,   1.357,9999.000,9999.000,9999.000,9999.000,9999.000,9999.000,9999.000,9999.000
202608070336,   1.359,9999.000,9999.000,9999.000,9999.000,9999.000,9999.000,9999.000,9999.000
202608070342,   1.361,9999.000,9999.000,9999.000,9999.000,9999.000,9999.000,9999.000,9999.000
202608070348,   1.363,9999.000,9999.000,9999.000,9999.000,9999.000,9999.000,9999.000,9999.000
202608070354,   1.365,9999.000,9999.000,9999.000,9999.000,9999.000,9999.000,9999.000,9999.000
202608070400,   1.367,9999.000,   0.100,  -0.063,   1.404,   0.100,   1.404,   0.200,   1.504
202608070406,   1.369,9999.000,9999.000,9999.000,9999.000,9999.000,9999.000,9999.000,9999.000
202608070412,   1.371,9999.000,9999.000,9999.000,9999.000,9999.000,9999.000,9999.000,9999.000
202608070418,   1.373,9999.000,9999.000,9999.000,9999.000,9999.000,9999.000,9999.000,9999.000
202608070424,   1.375,9999.000,9999.000,9999.000,9999.000,9999.000,9999.000,9999.000,9999.000
202608070430,   1.377,9999.000,9999.000,9999.000,9999.000,9999.000,9999.000,9999.000,9999.000
202608070436,   1.380,9999.000,9999.000,9999.000,9999.000,9999.000,9999.000,9999.000,9999.000
202608070442,   1.383,9999.000,9999.000,9999.000,9999.000,9999.000,9999.000,9999.000,9999.000
202608070448,   1.386,9999.000,9999.000,9999.000,9999.000,9999.000,9999.000,9999.000,9999.000
202608070454,   1.389,9999.000,9999.000,9999.000,9999.000,9999.000,9999.000,9999.000,9999.000
202608070500,   1.393,9999.000,   0.100,  -0.063,   1.430,   0.100,   1.430,   0.200,   1.530
202608070506,   1.397,9999.000,9999.000,9999.000,9999.000,9999.000,9999.000,9999.000,9999.000
202608070512,   1.401,9999.000,9999.000,9999.000,9999.000,9999.000,9999.000,9999.000,9999.000
202608070518,   1.406,9999.000,9999.000,9999.000,9999.000,9999.000,9999.000,9999.000,9999.000
202608070524,   1.411,9999.000,9999.000,9999.000,9999.000,9999.000,9999.000,9999.000,9999.000
202608070530,   1.416,9999.000,9999.000,9999.000,9999.000,9999.000,9999.000,9999.000,9999.000
202608070536,   1.422,9999.000,9999.000,9999.000,9999.000,9999.000,9999.000,9999.000,9999.000
202608070542,   1.428,9999.000,9999.000,9999.000,9999.000,9999.000,9999.000,9999.000,9999.000
202608070548,   1.435,9999.000,9999.000,9999.000,9999.000,9999.000,9999.000,9999.000,9999.000
202608070554,   1.442,9999.000,9999.000,9999.000,9999.000,9999.000,9999.000,9999.000,9999.000
202608070600,   1.449,9999.000,   0.100,  -0.063,   1.486,   0.000,   1.386,   0.100,   1.486
202608070606,   1.457,9999.000,9999.000,9999.000,9999.000,9999.000,9999.000,9999.000,9999.000
202608070612,   1.466,9999.000,9999.000,9999.000,9999.000,9999.000,9999.000,9999.000,9999.000
202608070618,   1.475,9999.000,9999.000,9999.000,9999.000,9999.000,9999.000,9999.000,9999.000
202608070624,   1.484,9999.000,9999.000,9999.000,9999.000,9999.000,9999.000,9999.000,9999.000
202608070630,   1.495,9999.000,9999.000,9999.000,9999.000,9999.000,9999.000,9999.000,9999.000
202608070636,   1.505,9999.000,9999.000,9999.000,9999.000,9999.000,9999.000,9999.000,9999.000
202608070642,   1.516,9999.000,9999.000,9999.000,9999.000,9999.000,9999.000,9999.000,9999.000
202608070648,   1.528,9999.000,9999.000,9999.000,9999.000,9999.000,9999.000,9999.000,9999.000
202608070654,   1.541,9999.000,9999.000,9999.000,9999.000,9999.000,9999.000,9999.000,9999.000
202608070700,   1.554,9999.000,   0.100,  -0.063,   1.591,   0.000,   1.491,   0.100,   1.591
202608070706,   1.568,9999.000,9999.000,9999.000,9999.000,9999.000,9999.000,9999.000,9999.000
202608070712,   1.583,9999.000,9999.000,9999.000,9999.000,9999.000,9999.000,9999.000,9999.000
202608070718,   1.599,9999.000,9999.000,9999.000,9999.000,9999.000,9999.000,9999.000,9999.000
202608070724,   1.615,9999.000,9999.000,9999.000,9999.000,9999.000,9999.000,9999.000,9999.000
202608070730,   1.632,9999.000,9999.000,9999.000,9999.000,9999.000,9999.000,9999.000,9999.000
202608070736,   1.650,9999.000,9999.000,9999.000,9999.000,9999.000,9999.000,9999.000,9999.000
202608070742,   1.669,9999.000,9999.000,9999.000,9999.000,9999.000,9999.000,9999.000,9999.000
202608070748,   1.689,9999.000,9999.000,9999.000,9999.000,9999.000,9999.000,9999.000,9999.000
202608070754,   1.710,9999.000,9999.000,9999.000,9999.000,9999.000,9999.000,9999.000,9999.000
202608070800,   1.731,9999.000,   0.100,  -0.063,   1.768,   0.000,   1.668,   0.100,   1.768
202608070806,   1.754,9999.000,9999.000,9999.000,9999.000,9999.000,9999.000,9999.000,9999.000
202608070812,   1.777,9999.000,9999.000,9999.000,9999.000,9999.000,9999.000,9999.000,9999.000
202608070818,   1.801,9999.000,9999.000,9999.000,9999.000,9999.000,9999.000,9999.000,9999.000
202608070824,   1.825,9999.000,9999.000,9999.000,9999.000,9999.000,9999.000,9999.000,9999.000
202608070830,   1.850,9999.000,9999.000,9999.000,9999.000,9999.000,9999.000,9999.000,9999.000
202608070836,   1.876,9999.000,9999.000,9999.000,9999.000,9999.000,9999.000,9999.000,9999.000
202608070842,   1.902,9999.000,9999.000,9999.000,9999.000,9999.000,9999.000,9999.000,9999.000
202608070848,   1.929,9999.000,9999.000,9999.000,9999.000,9999.000,9999.000,9999.000,9999.000
202608070854,   1.956,9999.000,9999.000,9999.000,9999.000,9999.000,9999.000,9999.000,9999.000
202608070900,   1.983,9999.000,   0.100,  -0.063,   2.020,   0.000,   1.920,   0.200,   2.120
202608070906,   2.010,9999.000,9999.000,9999.000,9999.000,9999.000,9999.000,9999.000,9999.000
202608070912,   2.037,9999.000,9999.000,9999.000,9999.000,9999.000,9999.000,9999.000,9999.000
202608070918,   2.064,9999.000,9999.000,9999.000,9999.000,9999.000,9999.000,9999.000,9999.000
202608070924,   2.090,9999.000,9999.000,9999.000,9999.000,9999.000,9999.000,9999.000,9999.000
202608070930,   2.117,9999.000,9999.000,9999.000,9999.000,9999.000,9999.000,9999.000,9999.000
202608070936,   2.143,9999.000,9999.000,9999.000,9999.000,9999.000,9999.000,9999.000,9999.000
202608070942,   2.169,9999.000,9999.000,9999.000,9999.000,9999.000,9999.000,9999.000,9999.000
202608070948,   2.194,9999.000,9999.000,9999.000,9999.000,9999.000,9999.000,9999.000,9999.000
202608070954,   2.218,9999.000,9999.000,9999.000,9999.000,9999.000,9999.000,9999.000,9999.000
202608071000,   2.242,9999.000,   0.100,  -0.063,   2.279,   0.000,   2.179,   0.200,   2.379
202608071006,   2.265,9999.000,9999.000,9999.000,9999.000,9999.000,9999.000,9999.000,9999.000
202608071012,   2.288,9999.000,9999.000,9999.000,9999.000,9999.000,9999.000,9999.000,9999.000
202608071018,   2.310,9999.000,9999.000,9999.000,9999.000,9999.000,9999.000,9999.000,9999.000
202608071024,   2.331,9999.000,9999.000,9999.000,9999.000,9999.000,9999.000,9999.000,9999.000
202608071030,   2.351,9999.000,9999.000,9999.000,9999.000,9999.000,9999.000,9999.000,9999.000
202608071036,   2.370,9999.000,9999.000,9999.000,9999.000,9999.000,9999.000,9999.000,9999.000
202608071042,   2.389,9999.000,9999.000,9999.000,9999.000,9999.000,9999.000,9999.000,9999.000
202608071048,   2.406,9999.000,9999.000,9999.000,9999.000,9999.000,9999.000,9999.000,9999.000
202608071054,   2.423,9999.000,9999.000,9999.000,9999.000,9999.000,9999.000,9999.000,9999.000
202608071100,   2.439,9999.000,   0.100,  -0.063,   2.476,   0.000,   2.376,   0.200,   2.576
202608071106,   2.454,9999.000,9999.000,9999.000,9999.000,9999.000,9999.000,9999.000,9999.000
202608071112,   2.469,9999.000,9999.000,9999.000,9999.000,9999.000,9999.000,9999.000,9999.000
202608071118,   2.482,9999.000,9999.000,9999.000,9999.000,9999.000,9999.000,9999.000,9999.000
202608071124,   2.494,9999.000,9999.000,9999.000,9999.000,9999.000,9999.000,9999.000,9999.000
202608071130,   2.506,9999.000,9999.000,9999.000,9999.000,9999.000,9999.000,9999.000,9999.000
202608071136,   2.516,9999.000,9999.000,9999.000,9999.000,9999.000,9999.000,9999.000,9999.000
202608071142,   2.526,9999.000,9999.000,9999.000,9999.000,9999.000,9999.000,9999.000,9999.000
202608071148,   2.534,9999.000,9999.000,9999.000,9999.000,9999.000,9999.000,9999.000,9999.000
202608071154,   2.542,9999.000,9999.000,9999.000,9999.000,9999.000,9999.000,9999.000,9999.000
202608071200,   2.548,9999.000,   0.100,  -0.063,   2.585,   0.000,   2.485,   0.200,   2.685
202608071206,   2.553,9999.000,9999.000,9999.000,9999.000,9999.000,9999.000,9999.000,9999.000
202608071212,   2.557,9999.000,9999.000,9999.000,9999.000,9999.000,9999.000,9999.000,9999.000
202608071218,   2.560,9999.000,9999.000,9999.000,9999.000,9999.000,9999.000,9999.000,9999.000
202608071224,   2.561,9999.000,9999.000,9999.000,9999.000,9999.000,9999.000,9999.000,9999.000
202608071230,   2.561,9999.000,9999.000,9999.000,9999.000,9999.000,9999.000,9999.000,9999.000
202608071236,   2.559,9999.000,9999.000,9999.000,9999.000,9999.000,9999.000,9999.000,9999.000
202608071242,   2.557,9999.000,9999.000,9999.000,9999.000,9999.000,9999.000,9999.000,9999.000
202608071248,   2.552,9999.000,9999.000,9999.000,9999.000,9999.000,9999.000,9999.000,9999.000
202608071254,   2.547,9999.000,9999.000,9999.000,9999.000,9999.000,9999.000,9999.000,9999.000
202608071300,   2.539,9999.000,   0.100,  -0.063,   2.576,   0.000,   2.476,   0.200,   2.676
202608071306,   2.531,9999.000,9999.000,9999.000,9999.000,9999.000,9999.000,9999.000,9999.000
202608071312,   2.520,9999.000,9999.000,9999.000,9999.000,9999.000,9999.000,9999.000,9999.000
202608071318,   2.509,9999.000,9999.000,9999.000,9999.000,9999.000,9999.000,9999.000,9999.000
202608071324,   2.495,9999.000,9999.000,9999.000,9999.000,9999.000,9999.000,9999.000,9999.000
202608071330,   2.481,9999.000,9999.000,9999.000,9999.000,9999.000,9999.000,9999.000,9999.000
202608071336,   2.464,9999.000,9999.000,9999.000,9999.000,9999.000,9999.000,9999.000,9999.000
202608071342,   2.447,9999.000,9999.000,9999.000,9999.000,9999.000,9999.000,9999.000,9999.000
202608071348,   2.428,9999.000,9999.000,9999.000,9999.000,9999.000,9999.000,9999.000,9999.000
202608071354,   2.407,9999.000,9999.000,9999.000,9999.000,9999.000,9999.000,9999.000,9999.000
202608071400,   2.385,9999.000,   0.100,  -0.063,   2.422,   0.000,   2.322,   0.200,   2.522
202608071406,   2.362,9999.000,9999.000,9999.000,9999.000,9999.000,9999.000,9999.000,9999.000
202608071412,   2.338,9999.000,9999.000,9999.000,9999.000,9999.000,9999.000,9999.000,9999.000
202608071418,   2.313,9999.000,9999.000,9999.000,9999.000,9999.000,9999.000,9999.000,9999.000
202608071424,   2.286,9999.000,9999.000,9999.000,9999.000,9999.000,9999.000,9999.000,9999.000
202608071430,   2.259,9999.000,9999.000,9999.000,9999.000,9999.000,9999.000,9999.000,9999.000
202608071436,   2.230,9999.000,9999.000,9999.000,9999.000,9999.000,9999.000,9999.000,9999.000
202608071442,   2.200,9999.000,9999.000,9999.000,9999.000,9999.000,9999.000,9999.000,9999.000
202608071448,   2.170,9999.000,9999.000,9999.000,9999.000,9999.000,9999.000,9999.000,9999.000
202608071454,   2.138,9999.000,9999.000,9999.000,9999.000,9999.000,9999.000,9999.000,9999.000
202608071500,   2.106,9999.000,   0.100,  -0.063,   2.143,   0.000,   2.043,   0.200,   2.243
202608071506,   2.072,9999.000,9999.000,9999.000,9999.000,9999.000,9999.000,9999.000,9999.000
202608071512,   2.038,9999.000,9999.000,9999.000,9999.000,9999.000,9999.000,9999.000,9999.000
202608071518,   2.003,9999.000,9999.000,9999.000,9999.000,9999.000,9999.000,9999.000,9999.000
202608071524,   1.968,9999.000,9999.000,9999.000,9999.000,9999.000,9999.000,9999.000,9999.000
202608071530,   1.931,9999.000,9999.000,9999.000,9999.000,9999.000,9999.000,9999.000,9999.000
202608071536,   1.894,9999.000,9999.000,9999.000,9999.000,9999.000,9999.000,9999.000,9999.000
202608071542,   1.857,9999.000,9999.000,9999.000,9999.000,9999.000,9999.000,9999.000,9999.000
202608071548,   1.818,9999.000,9999.000,9999.000,9999.000,9999.000,9999.000,9999.000,9999.000
202608071554,   1.779,9999.000,9999.000,9999.000,9999.000,9999.000,9999.000,9999.000,9999.000
202608071600,   1.740,9999.000,   0.100,  -0.063,   1.777,   0.000,   1.677,   0.200,   1.877
202608071606,   1.700,9999.000,9999.000,9999.000,9999.000,9999.000,9999.000,9999.000,9999.000
202608071612,   1.659,9999.000,9999.000,9999.000,9999.000,9999.000,9999.000,9999.000,9999.000
202608071618,   1.618,9999.000,9999.000,9999.000,9999.000,9999.000,9999.000,9999.000,9999.000
202608071624,   1.577,9999.000,9999.000,9999.000,9999.000,9999.000,9999.000,9999.000,9999.000
202608071630,   1.535,9999.000,9999.000,9999.000,9999.000,9999.000,9999.000,9999.000,9999.000
202608071636,   1.493,9999.000,9999.000,9999.000,9999.000,9999.000,9999.000,9999.000,9999.000
202608071642,   1.451,9999.000,9999.000,9999.000,9999.000,9999.000,9999.000,9999.000,9999.000
202608071648,   1.409,9999.000,9999.000,9999.000,9999.000,9999.000,9999.000,9999.000,9999.000
202608071654,   1.366,9999.000,9999.000,9999.000,9999.000,9999.000,9999.000,9999.000,9999.000
202608071700,   1.324,9999.000,   0.100,  -0.063,   1.361,   0.000,   1.261,   0.200,   1.461
202608071706,   1.281,9999.000,9999.000,9999.000,9999.000,9999.000,9999.000,9999.000,9999.000
202608071712,   1.239,9999.000,9999.000,9999.000,9999.000,9999.000,9999.000,9999.000,9999.000
202608071718,   1.196,9999.000,9999.000,9999.000,9999.000,9999.000,9999.000,9999.000,9999.000
202608071724,   1.154,9999.000,9999.000,9999.000,9999.000,9999.000,9999.000,9999.000,9999.000
202608071730,   1.111,9999.000,9999.000,9999.000,9999.000,9999.000,9999.000,9999.000,9999.000
202608071736,   1.069,9999.000,9999.000,9999.000,9999.000,9999.000,9999.000,9999.000,9999.000
202608071742,   1.028,9999.000,9999.000,9999.000,9999.000,9999.000,9999.000,9999.000,9999.000
202608071748,   0.986,9999.000,9999.000,9999.000,9999.000,9999.000,9999.000,9999.000,9999.000
202608071754,   0.945,9999.000,9999.000,9999.000,9999.000,9999.000,9999.000,9999.000,9999.000
202608071800,   0.904,9999.000,   0.100,  -0.063,   0.941,   0.000,   0.841,   0.200,   1.041
202608071806,   0.864,9999.000,9999.000,9999.000,9999.000,9999.000,9999.000,9999.000,9999.000
202608071812,   0.824,9999.000,9999.000,9999.000,9999.000,9999.000,9999.000,9999.000,9999.000
202608071818,   0.785,9999.000,9999.000,9999.000,9999.000,9999.000,9999.000,9999.000,9999.000
202608071824,   0.746,9999.000,9999.000,9999.000,9999.000,9999.000,9999.000,9999.000,9999.000
202608071830,   0.708,9999.000,9999.000,9999.000,9999.000,9999.000,9999.000,9999.000,9999.000
202608071836,   0.671,9999.000,9999.000,9999.000,9999.000,9999.000,9999.000,9999.000,9999.000
202608071842,   0.634,9999.000,9999.000,9999.000,9999.000,9999.000,9999.000,9999.000,9999.000
202608071848,   0.598,9999.000,9999.000,9999.000,9999.000,9999.000,9999.000,9999.000,9999.000
202608071854,   0.563,9999.000,9999.000,9999.000,9999.000,9999.000,9999.000,9999.000,9999.000
202608071900,   0.529,9999.000,   0.100,  -0.063,   0.566,   0.000,   0.466,   0.200,   0.666
202608071906,   0.496,9999.000,9999.000,9999.000,9999.000,9999.000,9999.000,9999.000,9999.000
202608071912,   0.464,9999.000,9999.000,9999.000,9999.000,9999.000,9999.000,9999.000,9999.000
202608071918,   0.433,9999.000,9999.000,9999.000,9999.000,9999.000,9999.000,9999.000,9999.000
202608071924,   0.403,9999.000,9999.000,9999.000,9999.000,9999.000,9999.000,9999.000,9999.000
202608071930,   0.375,9999.000,9999.000,9999.000,9999.000,9999.000,9999.000,9999.000,9999.000
202608071936,   0.348,9999.000,9999.000,9999.000,9999.000,9999.000,9999.000,9999.000,9999.000
202608071942,   0.323,9999.000,9999.000,9999.000,9999.000,9999.000,9999.000,9999.000,9999.000
202608071948,   0.299,9999.000,9999.000,9999.000,9999.000,9999.000,9999.000,9999.000,9999.000
202608071954,   0.276,9999.000,9999.000,9999.000,9999.000,9999.000,9999.000,9999.000,9999.000
202608072000,   0.255,9999.000,   0.100,  -0.063,   0.292,   0.000,   0.192,   0.200,   0.392
202608072006,   0.236,9999.000,9999.000,9999.000,9999.000,9999.000,9999.000,9999.000,9999.000
202608072012,   0.219,9999.000,9999.000,9999.000,9999.000,9999.000,9999.000,9999.000,9999.000
202608072018,   0.203,9999.000,9999.000,9999.000,9999.000,9999.000,9999.000,9999.000,9999.000
202608072024,   0.189,9999.000,9999.000,9999.000,9999.000,9999.000,9999.000,9999.000,9999.000
202608072030,   0.177,9999.000,9999.000,9999.000,9999.000,9999.000,9999.000,9999.000,9999.000
202608072036,   0.167,9999.000,9999.000,9999.000,9999.000,9999.000,9999.000,9999.000,9999.000
202608072042,   0.159,9999.000,9999.000,9999.000,9999.000,9999.000,9999.000,9999.000,9999.000
202608072048,   0.152,9999.000,9999.000,9999.000,9999.000,9999.000,9999.000,9999.000,9999.000
202608072054,   0.147,9999.000,9999.000,9999.000,9999.000,9999.000,9999.000,9999.000,9999.000
202608072100,   0.144,9999.000,   0.200,  -0.063,   0.281,   0.000,   0.081,   0.200,   0.281
202608072106,   0.142,9999.000,9999.000,9999.000,9999.000,9999.000,9999.000,9999.000,9999.000
202608072112,   0.142,9999.000,9999.000,9999.000,9999.000,9999.000,9999.000,9999.000,9999.000
202608072118,   0.144,9999.000,9999.000,9999.000,9999.000,9999.000,9999.000,9999.000,9999.000
202608072124,   0.147,9999.000,9999.000,9999.000,9999.000,9999.000,9999.000,9999.000,9999.000
202608072130,   0.151,9999.000,9999.000,9999.000,9999.000,9999.000,9999.000,9999.000,9999.000
202608072136,   0.157,9999.000,9999.000,9999.000,9999.000,9999.000,9999.000,9999.000,9999.000
202608072142,   0.164,9999.000,9999.000,9999.000,9999.000,9999.000,9999.000,9999.000,9999.000
202608072148,   0.172,9999.000,9999.000,9999.000,9999.000,9999.000,9999.000,9999.000,9999.000
202608072154,   0.182,9999.000,9999.000,9999.000,9999.000,9999.000,9999.000,9999.000,9999.000
202608072200,   0.192,9999.000,   0.200,  -0.063,   0.329,   0.100,   0.229,   0.300,   0.429
202608072206,   0.204,9999.000,9999.000,9999.000,9999.000,9999.000,9999.000,9999.000,9999.000
202608072212,   0.216,9999.000,9999.000,9999.000,9999.000,9999.000,9999.000,9999.000,9999.000
202608072218,   0.229,9999.000,9999.000,9999.000,9999.000,9999.000,9999.000,9999.000,9999.000
202608072224,   0.243,9999.000,9999.000,9999.000,9999.000,9999.000,9999.000,9999.000,9999.000
202608072230,   0.258,9999.000,9999.000,9999.000,9999.000,9999.000,9999.000,9999.000,9999.000
202608072236,   0.274,9999.000,9999.000,9999.000,9999.000,9999.000,9999.000,9999.000,9999.000
202608072242,   0.290,9999.000,9999.000,9999.000,9999.000,9999.000,9999.000,9999.000,9999.000
202608072248,   0.307,9999.000,9999.000,9999.000,9999.000,9999.000,9999.000,9999.000,9999.000
202608072254,   0.325,9999.000,9999.000,9999.000,9999.000,9999.000,9999.000,9999.000,9999.000
202608072300,   0.344,9999.000,   0.200,  -0.063,   0.481,   0.100,   0.381,   0.300,   0.581
202608072306,   0.363,9999.000,9999.000,9999.000,9999.000,9999.000,9999.000,9999.000,9999.000
202608072312,   0.383,9999.000,9999.000,9999.000,9999.000,9999.000,9999.000,9999.000,9999.000
202608072318,   0.404,9999.000,9999.000,9999.000,9999.000,9999.000,9999.000,9999.000,9999.000
202608072324,   0.425,9999.000,9999.000,9999.000,9999.000,9999.000,9999.000,9999.000,9999.000
202608072330,   0.447,9999.000,9999.000,9999.000,9999.000,9999.000,9999.000,9999.000,9999.000
202608072336,   0.469,9999.000,9999.000,9999.000,9999.000,9999.000,9999.000,9999.000,9999.000
202608072342,   0.492,9999.000,9999.000,9999.000,9999.000,9999.000,9999.000,9999.000,9999.000
202608072348,   0.516,9999.000,9999.000,9999.000,9999.000,9999.000,9999.000,9999.000,9999.000
202608072354,   0.540,9999.000,9999.000,9999.000,9999.000,9999.000,9999.000,9999.000,9999.000
202608080000,   0.564,9999.000,   0.200,  -0.063,   0.701,   0.100,   0.601,   0.300,   0.801
202608080006,   0.589,9999.000,9999.000,9999.000,9999.000,9999.000,9999.000,9999.000,9999.000
202608080012,   0.614,9999.000,9999.000,9999.000,9999.000,9999.000,9999.000,9999.000,9999.000
202608080018,   0.640,9999.000,9999.000,9999.000,9999.000,9999.000,9999.000,9999.000,9999.000
202608080024,   0.666,9999.000,9999.000,9999.000,9999.000,9999.000,9999.000,9999.000,9999.000
202608080030,   0.692,9999.000,9999.000,9999.000,9999.000,9999.000,9999.000,9999.000,9999.000
202608080036,   0.718,9999.000,9999.000,9999.000,9999.000,9999.000,9999.000,9999.000,9999.000
202608080042,   0.744,9999.000,9999.000,9999.000,9999.000,9999.000,9999.000,9999.000,9999.000
202608080048,   0.770,9999.000,9999.000,9999.000,9999.000,9999.000,9999.000,9999.000,9999.000
202608080054,   0.796,9999.000,9999.000,9999.000,9999.000,9999.000,9999.000,9999.000,9999.000
202608080100,   0.822,9999.000,   0.300,  -0.063,   1.059,   0.200,   0.959,   0.300,   1.059
202608080106,   0.847,9999.000,9999.000,9999.000,9999.000,9999.000,9999.000,9999.000,9999.000
202608080112,   0.872,9999.000,9999.000,9999.000,9999.000,9999.000,9999.000,9999.000,9999.000
202608080118,   0.897,9999.000,9999.000,9999.000,9999.000,9999.000,9999.000,9999.000,9999.000
202608080124,   0.922,9999.000,9999.000,9999.000,9999.000,9999.000,9999.000,9999.000,9999.000
202608080130,   0.946,9999.000,9999.000,9999.000,9999.000,9999.000,9999.000,9999.000,9999.000
202608080136,   0.969,9999.000,9999.000,9999.000,9999.000,9999.000,9999.000,9999.000,9999.000
202608080142,   0.992,9999.000,9999.000,9999.000,9999.000,9999.000,9999.000,9999.000,9999.000
202608080148,   1.015,9999.000,9999.000,9999.000,9999.000,9999.000,9999.000,9999.000,9999.000
202608080154,   1.037,9999.000,9999.000,9999.000,9999.000,9999.000,9999.000,9999.000,9999.000
202608080200,   1.058,9999.000,   0.200,  -0.063,   1.195,   0.100,   1.095,   0.300,   1.295
202608080206,   1.079,9999.000,9999.000,9999.000,9999.000,9999.000,9999.000,9999.000,9999.000
202608080212,   1.099,9999.000,9999.000,9999.000,9999.000,9999.000,9999.000,9999.000,9999.000
202608080218,   1.119,9999.000,9999.000,9999.000,9999.000,9999.000,9999.000,9999.000,9999.000
202608080224,   1.138,9999.000,9999.000,9999.000,9999.000,9999.000,9999.000,9999.000,9999.000
202608080230,   1.157,9999.000,9999.000,9999.000,9999.000,9999.000,9999.000,9999.000,9999.000
202608080236,   1.175,9999.000,9999.000,9999.000,9999.000,9999.000,9999.000,9999.000,9999.000
202608080242,   1.192,9999.000,9999.000,9999.000,9999.000,9999.000,9999.000,9999.000,9999.000
202608080248,   1.209,9999.000,9999.000,9999.000,9999.000,9999.000,9999.000,9999.000,9999.000
202608080254,   1.226,9999.000,9999.000,9999.000,9999.000,9999.000,9999.000,9999.000,9999.000
202608080300,   1.242,9999.000,   0.200,  -0.063,   1.379,   0.100,   1.279,   0.300,   1.479
202608080306,   1.258,9999.000,9999.000,9999.000,9999.000,9999.000,9999.000,9999.000,9999.000
202608080312,   1.273,9999.000,9999.000,9999.000,9999.000,9999.000,9999.000,9999.000,9999.000
202608080318,   1.288,9999.000,9999.000,9999.000,9999.000,9999.000,9999.000,9999.000,9999.000
202608080324,   1.302,9999.000,9999.000,9999.000,9999.000,9999.000,9999.000,9999.000,9999.000
202608080330,   1.316,9999.000,9999.000,9999.000,9999.000,9999.000,9999.000,9999.000,9999.000
202608080336,   1.330,9999.000,9999.000,9999.000,9999.000,9999.000,9999.000,9999.000,9999.000
202608080342,   1.343,9999.000,9999.000,9999.000,9999.000,9999.000,9999.000,9999.000,9999.000
202608080348,   1.355,9999.000,9999.000,9999.000,9999.000,9999.000,9999.000,9999.000,9999.000
202608080354,   1.368,9999.000,9999.000,9999.000,9999.000,9999.000,9999.000,9999.000,9999.000
202608080400,   1.379,9999.000,   0.200,  -0.063,   1.516,   0.100,   1.416,   0.300,   1.616
202608080406,   1.391,9999.000,9999.000,9999.000,9999.000,9999.000,9999.000,9999.000,9999.000
202608080412,   1.402,9999.000,9999.000,9999.000,9999.000,9999.000,9999.000,9999.000,9999.000
202608080418,   1.413,9999.000,9999.000,9999.000,9999.000,9999.000,9999.000,9999.000,9999.000
202608080424,   1.423,9999.000,9999.000,9999.000,9999.000,9999.000,9999.000,9999.000,9999.000
202608080430,   1.433,9999.000,9999.000,9999.000,9999.000,9999.000,9999.000,9999.000,9999.000
202608080436,   1.443,9999.000,9999.000,9999.000,9999.000,9999.000,9999.000,9999.000,9999.000
202608080442,   1.452,9999.000,9999.000,9999.000,9999.000,9999.000,9999.000,9999.000,9999.000
202608080448,   1.461,9999.000,9999.000,9999.000,9999.000,9999.000,9999.000,9999.000,9999.000
202608080454,   1.470,9999.000,9999.000,9999.000,9999.000,9999.000,9999.000,9999.000,9999.000
202608080500,   1.478,9999.000,   0.200,  -0.063,   1.615,   0.000,   1.415,   0.300,   1.715
202608080506,   1.486,9999.000,9999.000,9999.000,9999.000,9999.000,9999.000,9999.000,9999.000
202608080512,   1.494,9999.000,9999.000,9999.000,9999.000,9999.000,9999.000,9999.000,9999.000
202608080518,   1.502,9999.000,9999.000,9999.000,9999.000,9999.000,9999.000,9999.000,9999.000
202608080524,   1.509,9999.000,9999.000,9999.000,9999.000,9999.000,9999.000,9999.000,9999.000
202608080530,   1.517,9999.000,9999.000,9999.000,9999.000,9999.000,9999.000,9999.000,9999.000
202608080536,   1.524,9999.000,9999.000,9999.000,9999.000,9999.000,9999.000,9999.000,9999.000
202608080542,   1.531,9999.000,9999.000,9999.000,9999.000,9999.000,9999.000,9999.000,9999.000
202608080548,   1.539,9999.000,9999.000,9999.000,9999.000,9999.000,9999.000,9999.000,9999.000
202608080554,   1.546,9999.000,9999.000,9999.000,9999.000,9999.000,9999.000,9999.000,9999.000
202608080600,   1.553,9999.000,   0.100,  -0.063,   1.590,   0.000,   1.490,   0.200,   1.690
202608080606,   1.560,9999.000,9999.000,9999.000,9999.000,9999.000,9999.000,9999.000,9999.000
202608080612,   1.567,9999.000,9999.000,9999.000,9999.000,9999.000,9999.000,9999.000,9999.000
202608080618,   1.574,9999.000,9999.000,9999.000,9999.000,9999.000,9999.000,9999.000,9999.000
202608080624,   1.581,9999.000,9999.000,9999.000,9999.000,9999.000,9999.000,9999.000,9999.000
202608080630,   1.589,9999.000,9999.000,9999.000,9999.000,9999.000,9999.000,9999.000,9999.000
202608080636,   1.596,9999.000,9999.000,9999.000,9999.000,9999.000,9999.000,9999.000,9999.000
202608080642,   1.603,9999.000,9999.000,9999.000,9999.000,9999.000,9999.000,9999.000,9999.000
202608080648,   1.611,9999.000,9999.000,9999.000,9999.000,9999.000,9999.000,9999.000,9999.000
202608080654,   1.619,9999.000,9999.000,9999.000,9999.000,9999.000,9999.000,9999.000,9999.000
202608080700,   1.627,9999.000,   0.100,  -0.063,   1.664,   0.000,   1.564,   0.200,   1.764
202608080706,   1.635,9999.000,9999.000,9999.000,9999.000,9999.000,9999.000,9999.000,9999.000
202608080712,   1.643,9999.000,9999.000,9999.000,9999.000,9999.000,9999.000,9999.000,9999.000
202608080718,   1.652,9999.000,9999.000,9999.000,9999.000,9999.000,9999.000,9999.000,9999.000
202608080724,   1.661,9999.000,9999.000,9999.000,9999.000,9999.000,9999.000,9999.000,9999.000
202608080730,   1.670,9999.000,9999.000,9999.000,9999.000,9999.000,9999.000,9999.000,9999.000
202608080736,   1.680,9999.000,9999.000,9999.000,9999.000,9999.000,9999.000,9999.000,9999.000
202608080742,   1.690,9999.000,9999.000,9999.000,9999.000,9999.000,9999.000,9999.000,9999.000
202608080748,   1.701,9999.000,9999.000,9999.000,9999.000,9999.000,9999.000,9999.000,9999.000
202608080754,   1.712,9999.000,9999.000,9999.000,9999.000,9999.000,9999.000,9999.000,9999.000
202608080800,   1.724,9999.000,   0.100,  -0.063,   1.761,   0.000,   1.661,   0.200,   1.861
202608080806,   1.736,9999.000,9999.000,9999.000,9999.000,9999.000,9999.000,9999.000,9999.000
202608080812,   1.749,9999.000,9999.000,9999.000,9999.000,9999.000,9999.000,9999.000,9999.000
202608080818,   1.763,9999.000,9999.000,9999.000,9999.000,9999.000,9999.000,9999.000,9999.000
202608080824,   1.778,9999.000,9999.000,9999.000,9999.000,9999.000,9999.000,9999.000,9999.000
202608080830,   1.793,9999.000,9999.000,9999.000,9999.000,9999.000,9999.000,9999.000,9999.000
202608080836,   1.809,9999.000,9999.000,9999.000,9999.000,9999.000,9999.000,9999.000,9999.000
202608080842,   1.826,9999.000,9999.000,9999.000,9999.000,9999.000,9999.000,9999.000,9999.000
202608080848,   1.844,9999.000,9999.000,9999.000,9999.000,9999.000,9999.000,9999.000,9999.000
202608080854,   1.862,9999.000,9999.000,9999.000,9999.000,9999.000,9999.000,9999.000,9999.000
202608080900,   1.881,9999.000,   0.100,  -0.063,   1.918,   0.000,   1.818,   0.200,   2.018
202608080906,   1.901,9999.000,9999.000,9999.000,9999.000,9999.000,9999.000,9999.000,9999.000
202608080912,   1.922,9999.000,9999.000,9999.000,9999.000,9999.000,9999.000,9999.000,9999.000
202608080918,   1.943,9999.000,9999.000,9999.000,9999.000,9999.000,9999.000,9999.000,9999.000
202608080924,   1.965,9999.000,9999.000,9999.000,9999.000,9999.000,9999.000,9999.000,9999.000
202608080930,   1.988,9999.000,9999.000,9999.000,9999.000,9999.000,9999.000,9999.000,9999.000
202608080936,   2.011,9999.000,9999.000,9999.000,9999.000,9999.000,9999.000,9999.000,9999.000
202608080942,   2.034,9999.000,9999.000,9999.000,9999.000,9999.000,9999.000,9999.000,9999.000
202608080948,   2.058,9999.000,9999.000,9999.000,9999.000,9999.000,9999.000,9999.000,9999.000
202608080954,   2.082,9999.000,9999.000,9999.000,9999.000,9999.000,9999.000,9999.000,9999.000
202608081000,   2.106,9999.000,   0.200,  -0.063,   2.243,   0.100,   2.143,   0.200,   2.243
202608081006,   2.130,9999.000,9999.000,9999.000,9999.000,9999.000,9999.000,9999.000,9999.000
202608081012,   2.154,9999.000,9999.000,9999.000,9999.000,9999.000,9999.000,9999.000,9999.000
202608081018,   2.178,9999.000,9999.000,9999.000,9999.000,9999.000,9999.000,9999.000,9999.000
202608081024,   2.202,9999.000,9999.000,9999.000,9999.000,9999.000,9999.000,9999.000,9999.000
202608081030,   2.225,9999.000,9999.000,9999.000,9999.000,9999.000,9999.000,9999.000,9999.000
202608081036,   2.248,9999.000,9999.000,9999.000,9999.000,9999.000,9999.000,9999.000,9999.000
202608081042,   2.271,9999.000,9999.000,9999.000,9999.000,9999.000,9999.000,9999.000,9999.000
202608081048,   2.294,9999.000,9999.000,9999.000,9999.000,9999.000,9999.000,9999.000,9999.000
202608081054,   2.316,9999.000,9999.000,9999.000,9999.000,9999.000,9999.000,9999.000,9999.000
202608081100,   2.337,9999.000,   0.200,  -0.063,   2.474,   0.100,   2.374,   0.300,   2.574
202608081106,   2.358,9999.000,9999.000,9999.000,9999.000,9999.000,9999.000,9999.000,9999.000
202608081112,   2.379,9999.000,9999.000,9999.000,9999.000,9999.000,9999.000,9999.000,9999.000
202608081118,   2.398,9999.000,9999.000,9999.000,9999.000,9999.000,9999.000,9999.000,9999.000
202608081124,   2.418,9999.000,9999.000,9999.000,9999.000,9999.000,9999.000,9999.000,9999.000
202608081130,   2.436,9999.000,9999.000,9999.000,9999.000,9999.000,9999.000,9999.000,9999.000
202608081136,   2.454,9999.000,9999.000,9999.000,9999.000,9999.000,9999.000,9999.000,9999.000
202608081142,   2.472,9999.000,9999.000,9999.000,9999.000,9999.000,9999.000,9999.000,9999.000
202608081148,   2.489,9999.000,9999.000,9999.000,9999.000,9999.000,9999.000,9999.000,9999.000
202608081154,   2.505,9999.000,9999.000,9999.000,9999.000,9999.000,9999.000,9999.000,9999.000
202608081200,   2.520,9999.000,   0.200,  -0.063,   2.657,   0.200,   2.657,   0.300,   2.757
202608081206,   2.535,9999.000,9999.000,9999.000,9999.000,9999.000,9999.000,9999.000,9999.000
202608081212,   2.550,9999.000,9999.000,9999.000,9999.000,9999.000,9999.000,9999.000,9999.000
202608081218,   2.563,9999.000,9999.000,9999.000,9999.000,9999.000,9999.000,9999.000,9999.000
202608081224,   2.576,9999.000,9999.000,9999.000,9999.000,9999.000,9999.000,9999.000,9999.000
202608081230,   2.588,9999.000,9999.000,9999.000,9999.000,9999.000,9999.000,9999.000,9999.000
202608081236,   2.599,9999.000,9999.000,9999.000,9999.000,9999.000,9999.000,9999.000,9999.000
202608081242,   2.610,9999.000,9999.000,9999.000,9999.000,9999.000,9999.000,9999.000,9999.000
202608081248,   2.619,9999.000,9999.000,9999.000,9999.000,9999.000,9999.000,9999.000,9999.000
202608081254,   2.628,9999.000,9999.000,9999.000,9999.000,9999.000,9999.000,9999.000,9999.000
202608081300,   2.635,9999.000,   0.300,  -0.063,   2.872,   0.200,   2.772,   0.300,   2.872
202608081306,   2.642,9999.000,9999.000,9999.000,9999.000,9999.000,9999.000,9999.000,9999.000
202608081312,   2.647,9999.000,9999.000,9999.000,9999.000,9999.000,9999.000,9999.000,9999.000
202608081318,   2.651,9999.000,9999.000,9999.000,9999.000,9999.000,9999.000,9999.000,9999.000
202608081324,   2.654,9999.000,9999.000,9999.000,9999.000,9999.000,9999.000,9999.000,9999.000
202608081330,   2.656,9999.000,9999.000,9999.000,9999.000,9999.000,9999.000,9999.000,9999.000
202608081336,   2.656,9999.000,9999.000,9999.000,9999.000,9999.000,9999.000,9999.000,9999.000
202608081342,   2.655,9999.000,9999.000,9999.000,9999.000,9999.000,9999.000,9999.000,9999.000
202608081348,   2.653,9999.000,9999.000,9999.000,9999.000,9999.000,9999.000,9999.000,9999.000
202608081354,   2.649,9999.000,9999.000,9999.000,9999.000,9999.000,9999.000,9999.000,9999.000
202608081400,   2.643,9999.000,   0.300,  -0.063,   2.880,   0.200,   2.780,   0.300,   2.880
202608081406,   2.637,9999.000,9999.000,9999.000,9999.000,9999.000,9999.000,9999.000,9999.000
202608081412,   2.628,9999.000,9999.000,9999.000,9999.000,9999.000,9999.000,9999.000,9999.000
202608081418,   2.619,9999.000,9999.000,9999.000,9999.000,9999.000,9999.000,9999.000,9999.000
202608081424,   2.607,9999.000,9999.000,9999.000,9999.000,9999.000,9999.000,9999.000,9999.000
202608081430,   2.595,9999.000,9999.000,9999.000,9999.000,9999.000,9999.000,9999.000,9999.000
202608081436,   2.581,9999.000,9999.000,9999.000,9999.000,9999.000,9999.000,9999.000,9999.000
202608081442,   2.565,9999.000,9999.000,9999.000,9999.000,9999.000,9999.000,9999.000,9999.000
202608081448,   2.548,9999.000,9999.000,9999.000,9999.000,9999.000,9999.000,9999.000,9999.000
202608081454,   2.530,9999.000,9999.000,9999.000,9999.000,9999.000,9999.000,9999.000,9999.000
202608081500,   2.510,9999.000,   0.300,  -0.063,   2.747,   0.200,   2.647,   0.400,   2.847
202608081506,   2.489,9999.000,9999.000,9999.000,9999.000,9999.000,9999.000,9999.000,9999.000
202608081512,   2.467,9999.000,9999.000,9999.000,9999.000,9999.000,9999.000,9999.000,9999.000
202608081518,   2.443,9999.000,9999.000,9999.000,9999.000,9999.000,9999.000,9999.000,9999.000
202608081524,   2.418,9999.000,9999.000,9999.000,9999.000,9999.000,9999.000,9999.000,9999.000
202608081530,   2.392,9999.000,9999.000,9999.000,9999.000,9999.000,9999.000,9999.000,9999.000
202608081536,   2.365,9999.000,9999.000,9999.000,9999.000,9999.000,9999.000,9999.000,9999.000
202608081542,   2.337,9999.000,9999.000,9999.000,9999.000,9999.000,9999.000,9999.000,9999.000
202608081548,   2.307,9999.000,9999.000,9999.000,9999.000,9999.000,9999.000,9999.000,9999.000
202608081554,   2.277,9999.000,9999.000,9999.000,9999.000,9999.000,9999.000,9999.000,9999.000
202608081600,   2.245,9999.000,   0.300,  -0.063,   2.482,   0.200,   2.382,   0.400,   2.582
202608081606,   2.212,9999.000,9999.000,9999.000,9999.000,9999.000,9999.000,9999.000,9999.000
202608081612,   2.179,9999.000,9999.000,9999.000,9999.000,9999.000,9999.000,9999.000,9999.000
202608081618,   2.144,9999.000,9999.000,9999.000,9999.000,9999.000,9999.000,9999.000,9999.000
202608081624,   2.108,9999.000,9999.000,9999.000,9999.000,9999.000,9999.000,9999.000,9999.000
202608081630,   2.071,9999.000,9999.000,9999.000,9999.000,9999.000,9999.000,9999.000,9999.000
202608081636,   2.033,9999.000,9999.000,9999.000,9999.000,9999.000,9999.000,9999.000,9999.000
202608081642,   1.995,9999.000,9999.000,9999.000,9999.000,9999.000,9999.000,9999.000,9999.000
202608081648,   1.955,9999.000,9999.000,9999.000,9999.000,9999.000,9999.000,9999.000,9999.000
202608081654,   1.915,9999.000,9999.000,9999.000,9999.000,9999.000,9999.000,9999.000,9999.000
202608081700,   1.873,9999.000,   0.300,  -0.063,   2.110,   0.200,   2.010,   0.300,   2.110
202608081706,   1.831,9999.000,9999.000,9999.000,9999.000,9999.000,9999.000,9999.000,9999.000
202608081712,   1.788,9999.000,9999.000,9999.000,9999.000,9999.000,9999.000,9999.000,9999.000
202608081718,   1.745,9999.000,9999.000,9999.000,9999.000,9999.000,9999.000,9999.000,9999.000
202608081724,   1.700,9999.000,9999.000,9999.000,9999.000,9999.000,9999.000,9999.000,9999.000
202608081730,   1.656,9999.000,9999.000,9999.000,9999.000,9999.000,9999.000,9999.000,9999.000
202608081736,   1.610,9999.000,9999.000,9999.000,9999.000,9999.000,9999.000,9999.000,9999.000
202608081742,   1.564,9999.000,9999.000,9999.000,9999.000,9999.000,9999.000,9999.000,9999.000
202608081748,   1.518,9999.000,9999.000,9999.000,9999.000,9999.000,9999.000,9999.000,9999.000
202608081754,   1.471,9999.000,9999.000,9999.000,9999.000,9999.000,9999.000,9999.000,9999.000
202608081800,   1.424,9999.000,   0.300,  -0.063,   1.661,   0.200,   1.561,   0.300,   1.661
202608081806,   1.376,9999.000,9999.000,9999.000,9999.000,9999.000,9999.000,9999.000,9999.000
202608081812,   1.329,9999.000,9999.000,9999.000,9999.000,9999.000,9999.000,9999.000,9999.000
202608081818,   1.281,9999.000,9999.000,9999.000,9999.000,9999.000,9999.000,9999.000,9999.000
202608081824,   1.233,9999.000,9999.000,9999.000,9999.000,9999.000,9999.000,9999.000,9999.000
202608081830,   1.185,9999.000,9999.000,9999.000,9999.000,9999.000,9999.000,9999.000,9999.000
202608081836,   1.137,9999.000,9999.000,9999.000,9999.000,9999.000,9999.000,9999.000,9999.000
202608081842,   1.089,9999.000,9999.000,9999.000,9999.000,9999.000,9999.000,9999.000,9999.000
202608081848,   1.041,9999.000,9999.000,9999.000,9999.000,9999.000,9999.000,9999.000,9999.000
202608081854,   0.993,9999.000,9999.000,9999.000,9999.000,9999.000,9999.000,9999.000,9999.000
202608081900,   0.946,9999.000,   0.300,  -0.063,   1.183,   0.200,   1.083,   0.300,   1.183
202608081906,   0.898,9999.000,9999.000,9999.000,9999.000,9999.000,9999.000,9999.000,9999.000
202608081912,   0.851,9999.000,9999.000,9999.000,9999.000,9999.000,9999.000,9999.000,9999.000
202608081918,   0.805,9999.000,9999.000,9999.000,9999.000,9999.000,9999.000,9999.000,9999.000
202608081924,   0.759,9999.000,9999.000,9999.000,9999.000,9999.000,9999.000,9999.000,9999.000
202608081930,   0.713,9999.000,9999.000,9999.000,9999.000,9999.000,9999.000,9999.000,9999.000
202608081936,   0.668,9999.000,9999.000,9999.000,9999.000,9999.000,9999.000,9999.000,9999.000
202608081942,   0.624,9999.000,9999.000,9999.000,9999.000,9999.000,9999.000,9999.000,9999.000
202608081948,   0.581,9999.000,9999.000,9999.000,9999.000,9999.000,9999.000,9999.000,9999.000
202608081954,   0.538,9999.000,9999.000,9999.000,9999.000,9999.000,9999.000,9999.000,9999.000
202608082000,   0.496,9999.000,   0.300,  -0.063,   0.733,   0.200,   0.633,   0.400,   0.833
202608082006,   0.456,9999.000,9999.000,9999.000,9999.000,9999.000,9999.000,9999.000,9999.000
202608082012,   0.416,9999.000,9999.000,9999.000,9999.000,9999.000,9999.000,9999.000,9999.000
202608082018,   0.378,9999.000,9999.000,9999.000,9999.000,9999.000,9999.000,9999.000,9999.000
202608082024,   0.341,9999.000,9999.000,9999.000,9999.000,9999.000,9999.000,9999.000,9999.000
202608082030,   0.305,9999.000,9999.000,9999.000,9999.000,9999.000,9999.000,9999.000,9999.000
202608082036,   0.271,9999.000,9999.000,9999.000,9999.000,9999.000,9999.000,9999.000,9999.000
202608082042,   0.239,9999.000,9999.000,9999.000,9999.000,9999.000,9999.000,9999.000,9999.000
202608082048,   0.208,9999.000,9999.000,9999.000,9999.000,9999.000,9999.000,9999.000,9999.000
202608082054,   0.179,9999.000,9999.000,9999.000,9999.000,9999.000,9999.000,9999.000,9999.000
202608082100,   0.151,9999.000,   0.300,  -0.063,   0.388,   0.300,   0.388,   0.400,   0.488
202608082106,   0.126,9999.000,9999.000,9999.000,9999.000,9999.000,9999.000,9999.000,9999.000
202608082112,   0.102,9999.000,9999.000,9999.000,9999.000,9999.000,9999.000,9999.000,9999.000
202608082118,   0.081,9999.000,9999.000,9999.000,9999.000,9999.000,9999.000,9999.000,9999.000
202608082124,   0.061,9999.000,9999.000,9999.000,9999.000,9999.000,9999.000,9999.000,9999.000
202608082130,   0.043,9999.000,9999.000,9999.000,9999.000,9999.000,9999.000,9999.000,9999.000
202608082136,   0.028,9999.000,9999.000,9999.000,9999.000,9999.000,9999.000,9999.000,9999.000
202608082142,   0.014,9999.000,9999.000,9999.000,9999.000,9999.000,9999.000,9999.000,9999.000
202608082148,   0.002,9999.000,9999.000,9999.000,9999.000,9999.000,9999.000,9999.000,9999.000
202608082154,  -0.007,9999.000,9999.000,9999.000,9999.000,9999.000,9999.000,9999.000,9999.000
202608082200,  -0.015,9999.000,   0.300,  -0.063,   0.222,   0.300,   0.222,   0.400,   0.322
202608082206,  -0.021,9999.000,9999.000,9999.000,9999.000,9999.000,9999.000,9999.000,9999.000
202608082212,  -0.025,9999.000,9999.000,9999.000,9999.000,9999.000,9999.000,9999.000,9999.000
202608082218,  -0.028,9999.000,9999.000,9999.000,9999.000,9999.000,9999.000,9999.000,9999.000
202608082224,  -0.029,9999.000,9999.000,9999.000,9999.000,9999.000,9999.000,9999.000,9999.000
202608082230,  -0.028,9999.000,9999.000,9999.000,9999.000,9999.000,9999.000,9999.000,9999.000
202608082236,  -0.026,9999.000,9999.000,9999.000,9999.000,9999.000,9999.000,9999.000,9999.000
202608082242,  -0.022,9999.000,9999.000,9999.000,9999.000,9999.000,9999.000,9999.000,9999.000
202608082248,  -0.017,9999.000,9999.000,9999.000,9999.000,9999.000,9999.000,9999.000,9999.000
202608082254,  -0.011,9999.000,9999.000,9999.000,9999.000,9999.000,9999.000,9999.000,9999.000
202608082300,  -0.003,9999.000,   0.400,  -0.063,   0.334,   0.300,   0.234,   0.400,   0.334
202608082306,   0.005,9999.000,9999.000,9999.000,9999.000,9999.000,9999.000,9999.000,9999.000
202608082312,   0.016,9999.000,9999.000,9999.000,9999.000,9999.000,9999.000,9999.000,9999.000
202608082318,   0.027,9999.000,9999.000,9999.000,9999.000,9999.000,9999.000,9999.000,9999.000
202608082324,   0.040,9999.000,9999.000,9999.000,9999.000,9999.000,9999.000,9999.000,9999.000
202608082330,   0.054,9999.000,9999.000,9999.000,9999.000,9999.000,9999.000,9999.000,9999.000
202608082336,   0.070,9999.000,9999.000,9999.000,9999.000,9999.000,9999.000,9999.000,9999.000
202608082342,   0.086,9999.000,9999.000,9999.000,9999.000,9999.000,9999.000,9999.000,9999.000
202608082348,   0.103,9999.000,9999.000,9999.000,9999.000,9999.000,9999.000,9999.000,9999.000
202608082354,   0.122,9999.000,9999.000,9999.000,9999.000,9999.000,9999.000,9999.000,9999.000
202608090000,   0.142,9999.000,   0.400,  -0.063,   0.479,   0.300,   0.379,   0.400,   0.479
202608090006,   0.162,9999.000,9999.000,9999.000,9999.000,9999.000,9999.000,9999.000,9999.000
202608090012,   0.184,9999.000,9999.000,9999.000,9999.000,9999.000,9999.000,9999.000,9999.000
202608090018,   0.207,9999.000,9999.000,9999.000,9999.000,9999.000,9999.000,9999.000,9999.000
202608090024,   0.231,9999.000,9999.000,9999.000,9999.000,9999.000,9999.000,9999.000,9999.000
202608090030,   0.255,9999.000,9999.000,9999.000,9999.000,9999.000,9999.000,9999.000,9999.000
202608090036,   0.281,9999.000,9999.000,9999.000,9999.000,9999.000,9999.000,9999.000,9999.000
202608090042,   0.308,9999.000,9999.000,9999.000,9999.000,9999.000,9999.000,9999.000,9999.000
202608090048,   0.335,9999.000,9999.000,9999.000,9999.000,9999.000,9999.000,9999.000,9999.000
202608090054,   0.364,9999.000,9999.000,9999.000,9999.000,9999.000,9999.000,9999.000,9999.000
202608090100,   0.393,9999.000,   0.400,  -0.063,   0.730,   0.300,   0.630,   0.400,   0.730
202608090106,   0.423,9999.000,9999.000,9999.000,9999.000,9999.000,9999.000,9999.000,9999.000
202608090112,   0.453,9999.000,9999.000,9999.000,9999.000,9999.000,9999.000,9999.000,9999.000
202608090118,   0.484,9999.000,9999.000,9999.000,9999.000,9999.000,9999.000,9999.000,9999.000
202608090124,   0.515,9999.000,9999.000,9999.000,9999.000,9999.000,9999.000,9999.000,9999.000
202608090130,   0.547,9999.000,9999.000,9999.000,9999.000,9999.000,9999.000,9999.000,9999.000
202608090136,   0.579,9999.000,9999.000,9999.000,9999.000,9999.000,9999.000,9999.000,9999.000
202608090142,   0.611,9999.000,9999.000,9999.000,9999.000,9999.000,9999.000,9999.000,9999.000
202608090148,   0.643,9999.000,9999.000,9999.000,9999.000,9999.000,9999.000,9999.000,9999.000
202608090154,   0.675,9999.000,9999.000,9999.000,9999.000,9999.000,9999.000,9999.000,9999.000
202608090200,   0.707,9999.000,   0.400,  -0.063,   1.044,   0.300,   0.944,   0.400,   1.044
202608090206,   0.740,9999.000,9999.000,9999.000,9999.000,9999.000,9999.000,9999.000,9999.000
202608090212,   0.771,9999.000,9999.000,9999.000,9999.000,9999.000,9999.000,9999.000,9999.000
202608090218,   0.803,9999.000,9999.000,9999.000,9999.000,9999.000,9999.000,9999.000,9999.000
202608090224,   0.834,9999.000,9999.000,9999.000,9999.000,9999.000,9999.000,9999.000,9999.000
202608090230,   0.865,9999.000,9999.000,9999.000,9999.000,9999.000,9999.000,9999.000,9999.000
202608090236,   0.895,9999.000,9999.000,9999.000,9999.000,9999.000,9999.000,9999.000,9999.000
202608090242,   0.925,9999.000,9999.000,9999.000,9999.000,9999.000,9999.000,9999.000,9999.000
202608090248,   0.955,9999.000,9999.000,9999.000,9999.000,9999.000,9999.000,9999.000,9999.000
202608090254,   0.984,9999.000,9999.000,9999.000,9999.000,9999.000,9999.000,9999.000,9999.000
202608090300,   1.012,9999.000,   0.400,  -0.063,   1.349,   0.300,   1.249,   0.400,   1.349
202608090306,   1.040,9999.000,9999.000,9999.000,9999.000,9999.000,9999.000,9999.000,9999.000
202608090312,   1.067,9999.000,9999.000,9999.000,9999.000,9999.000,9999.000,9999.000,9999.000
202608090318,   1.094,9999.000,9999.000,9999.000,9999.000,9999.000,9999.000,9999.000,9999.000
202608090324,   1.120,9999.000,9999.000,9999.000,9999.000,9999.000,9999.000,9999.000,9999.000
202608090330,   1.146,9999.000,9999.000,9999.000,9999.000,9999.000,9999.000,9999.000,9999.000
202608090336,   1.171,9999.000,9999.000,9999.000,9999.000,9999.000,9999.000,9999.000,9999.000
202608090342,   1.195,9999.000,9999.000,9999.000,9999.000,9999.000,9999.000,9999.000,9999.000
202608090348,   1.219,9999.000,9999.000,9999.000,9999.000,9999.000,9999.000,9999.000,9999.000
202608090354,   1.242,9999.000,9999.000,9999.000,9999.000,9999.000,9999.000,9999.000,9999.000
202608090400,   1.265,9999.000,   0.300,  -0.063,   1.502,   0.300,   1.502,   0.400,   1.602
202608090406,   1.287,9999.000,9999.000,9999.000,9999.000,9999.000,9999.000,9999.000,9999.000
202608090412,   1.308,9999.000,9999.000,9999.000,9999.000,9999.000,9999.000,9999.000,9999.000
202608090418,   1.329,9999.000,9999.000,9999.000,9999.000,9999.000,9999.000,9999.000,9999.000
202608090424,   1.349,9999.000,9999.000,9999.000,9999.000,9999.000,9999.000,9999.000,9999.000
202608090430,   1.369,9999.000,9999.000,9999.000,9999.000,9999.000,9999.000,9999.000,9999.000
202608090436,   1.388,9999.000,9999.000,9999.000,9999.000,9999.000,9999.000,9999.000,9999.000
202608090442,   1.406,9999.000,9999.000,9999.000,9999.000,9999.000,9999.000,9999.000,9999.000
202608090448,   1.423,9999.000,9999.000,9999.000,9999.000,9999.000,9999.000,9999.000,9999.000
202608090454,   1.440,9999.000,9999.000,9999.000,9999.000,9999.000,9999.000,9999.000,9999.000
202608090500,   1.456,9999.000,   0.300,  -0.063,   1.693,   0.300,   1.693,   0.400,   1.793
202608090506,   1.472,9999.000,9999.000,9999.000,9999.000,9999.000,9999.000,9999.000,9999.000
202608090512,   1.487,9999.000,9999.000,9999.000,9999.000,9999.000,9999.000,9999.000,9999.000
202608090518,   1.501,9999.000,9999.000,9999.000,9999.000,9999.000,9999.000,9999.000,9999.000
202608090524,   1.515,9999.000,9999.000,9999.000,9999.000,9999.000,9999.000,9999.000,9999.000
202608090530,   1.528,9999.000,9999.000,9999.000,9999.000,9999.000,9999.000,9999.000,9999.000
202608090536,   1.540,9999.000,9999.000,9999.000,9999.000,9999.000,9999.000,9999.000,9999.000
202608090542,   1.552,9999.000,9999.000,9999.000,9999.000,9999.000,9999.000,9999.000,9999.000
202608090548,   1.563,9999.000,9999.000,9999.000,9999.000,9999.000,9999.000,9999.000,9999.000
202608090554,   1.574,9999.000,9999.000,9999.000,9999.000,9999.000,9999.000,9999.000,9999.000
202608090600,   1.584,9999.000,   0.300,  -0.063,   1.821,   0.200,   1.721,   0.300,   1.821
202608090606,   1.594,9999.000,9999.000,9999.000,9999.000,9999.000,9999.000,9999.000,9999.000
202608090612,   1.603,9999.000,9999.000,9999.000,9999.000,9999.000,9999.000,9999.000,9999.000
202608090618,   1.611,9999.000,9999.000,9999.000,9999.000,9999.000,9999.000,9999.000,9999.000
202608090624,   1.620,9999.000,9999.000,9999.000,9999.000,9999.000,9999.000,9999.000,9999.000
202608090630,   1.628,9999.000,9999.000,9999.000,9999.000,9999.000,9999.000,9999.000,9999.000
202608090636,   1.635,9999.000,9999.000,9999.000,9999.000,9999.000,9999.000,9999.000,9999.000
202608090642,   1.642,9999.000,9999.000,9999.000,9999.000,9999.000,9999.000,9999.000,9999.000
202608090648,   1.649,9999.000,9999.000,9999.000,9999.000,9999.000,9999.000,9999.000,9999.000
202608090654,   1.656,9999.000,9999.000,9999.000,9999.000,9999.000,9999.000,9999.000,9999.000
202608090700,   1.662,9999.000,   0.300,  -0.063,   1.899,   0.200,   1.799,   0.300,   1.899
202608090706,   1.668,9999.000,9999.000,9999.000,9999.000,9999.000,9999.000,9999.000,9999.000
202608090712,   1.674,9999.000,9999.000,9999.000,9999.000,9999.000,9999.000,9999.000,9999.000
202608090718,   1.680,9999.000,9999.000,9999.000,9999.000,9999.000,9999.000,9999.000,9999.000
202608090724,   1.686,9999.000,9999.000,9999.000,9999.000,9999.000,9999.000,9999.000,9999.000
202608090730,   1.691,9999.000,9999.000,9999.000,9999.000,9999.000,9999.000,9999.000,9999.000
202608090736,   1.697,9999.000,9999.000,9999.000,9999.000,9999.000,9999.000,9999.000,9999.000
202608090742,   1.702,9999.000,9999.000,9999.000,9999.000,9999.000,9999.000,9999.000,9999.000
202608090748,   1.707,9999.000,9999.000,9999.000,9999.000,9999.000,9999.000,9999.000,9999.000
202608090754,   1.713,9999.000,9999.000,9999.000,9999.000,9999.000,9999.000,9999.000,9999.000
202608090800,   1.718,9999.000,   0.200,  -0.063,   1.855,   0.200,   1.855,   0.300,   1.955
202608090806,   1.724,9999.000,9999.000,9999.000,9999.000,9999.000,9999.000,9999.000,9999.000
202608090812,   1.730,9999.000,9999.000,9999.000,9999.000,9999.000,9999.000,9999.000,9999.000
202608090818,   1.736,9999.000,9999.000,9999.000,9999.000,9999.000,9999.000,9999.000,9999.000
202608090824,   1.742,9999.000,9999.000,9999.000,9999.000,9999.000,9999.000,9999.000,9999.000
202608090830,   1.748,9999.000,9999.000,9999.000,9999.000,9999.000,9999.000,9999.000,9999.000
202608090836,   1.755,9999.000,9999.000,9999.000,9999.000,9999.000,9999.000,9999.000,9999.000
202608090842,   1.763,9999.000,9999.000,9999.000,9999.000,9999.000,9999.000,9999.000,9999.000
202608090848,   1.771,9999.000,9999.000,9999.000,9999.000,9999.000,9999.000,9999.000,9999.000
202608090854,   1.779,9999.000,9999.000,9999.000,9999.000,9999.000,9999.000,9999.000,9999.000
202608090900,   1.788,9999.000,   0.200,  -0.063,   1.925,   0.100,   1.825,   0.300,   2.025
202608090906,   1.798,9999.000,9999.000,9999.000,9999.000,9999.000,9999.000,9999.000,9999.000
202608090912,   1.809,9999.000,9999.000,9999.000,9999.000,9999.000,9999.000,9999.000,9999.000
202608090918,   1.820,9999.000,9999.000,9999.000,9999.000,9999.000,9999.000,9999.000,9999.000
202608090924,   1.833,9999.000,9999.000,9999.000,9999.000,9999.000,9999.000,9999.000,9999.000
202608090930,   1.846,9999.000,9999.000,9999.000,9999.000,9999.000,9999.000,9999.000,9999.000
202608090936,   1.859,9999.000,9999.000,9999.000,9999.000,9999.000,9999.000,9999.000,9999.000
202608090942,   1.874,9999.000,9999.000,9999.000,9999.000,9999.000,9999.000,9999.000,9999.000
202608090948,   1.890,9999.000,9999.000,9999.000,9999.000,9999.000,9999.000,9999.000,9999.000
202608090954,   1.906,9999.000,9999.000,9999.000,9999.000,9999.000,9999.000,9999.000,9999.000
202608091000,   1.924,9999.000,   0.300,  -0.063,   2.161,   0.200,   2.061,   0.300,   2.161
202608091006,   1.942,9999.000,9999.000,9999.000,9999.000,9999.000,9999.000,9999.000,9999.000
202608091012,   1.961,9999.000,9999.000,9999.000,9999.000,9999.000,9999.000,9999.000,9999.000
202608091018,   1.981,9999.000,9999.000,9999.000,9999.000,9999.000,9999.000,9999.000,9999.000
202608091024,   2.001,9999.000,9999.000,9999.000,9999.000,9999.000,9999.000,9999.000,9999.000
202608091030,   2.022,9999.000,9999.000,9999.000,9999.000,9999.000,9999.000,9999.000,9999.000
202608091036,   2.043,9999.000,9999.000,9999.000,9999.000,9999.000,9999.000,9999.000,9999.000
202608091042,   2.065,9999.000,9999.000,9999.000,9999.000,9999.000,9999.000,9999.000,9999.000
202608091048,   2.088,9999.000,9999.000,9999.000,9999.000,9999.000,9999.000,9999.000,9999.000
202608091054,   2.110,9999.000,9999.000,9999.000,9999.000,9999.000,9999.000,9999.000,9999.000
202608091100,   2.133,9999.000,   0.300,  -0.063,   2.370,   0.200,   2.270,   0.300,   2.370
202608091106,   2.156,9999.000,9999.000,9999.000,9999.000,9999.000,9999.000,9999.000,9999.000
202608091112,   2.180,9999.000,9999.000,9999.000,9999.000,9999.000,9999.000,9999.000,9999.000
202608091118,   2.203,9999.000,9999.000,9999.000,9999.000,9999.000,9999.000,9999.000,9999.000
202608091124,   2.226,9999.000,9999.000,9999.000,9999.000,9999.000,9999.000,9999.000,9999.000
202608091130,   2.249,9999.000,9999.000,9999.000,9999.000,9999.000,9999.000,9999.000,9999.000
202608091136,   2.272,9999.000,9999.000,9999.000,9999.000,9999.000,9999.000,9999.000,9999.000
202608091142,   2.295,9999.000,9999.000,9999.000,9999.000,9999.000,9999.000,9999.000,9999.000
202608091148,   2.318,9999.000,9999.000,9999.000,9999.000,9999.000,9999.000,9999.000,9999.000
202608091154,   2.340,9999.000,9999.000,9999.000,9999.000,9999.000,9999.000,9999.000,9999.000
202608091200,   2.362,9999.000,   0.300,  -0.063,   2.599,   0.200,   2.499,   0.400,   2.699
202608091206,   2.384,9999.000,9999.000,9999.000,9999.000,9999.000,9999.000,9999.000,9999.000
202608091212,   2.405,9999.000,9999.000,9999.000,9999.000,9999.000,9999.000,9999.000,9999.000
202608091218,   2.426,9999.000,9999.000,9999.000,9999.000,9999.000,9999.000,9999.000,9999.000
202608091224,   2.447,9999.000,9999.000,9999.000,9999.000,9999.000,9999.000,9999.000,9999.000
202608091230,   2.468,9999.000,9999.000,9999.000,9999.000,9999.000,9999.000,9999.000,9999.000
202608091236,   2.488,9999.000,9999.000,9999.000,9999.000,9999.000,9999.000,9999.000,9999.000
202608091242,   2.508,9999.000,9999.000,9999.000,9999.000,9999.000,9999.000,9999.000,9999.000
202608091248,   2.527,9999.000,9999.000,9999.000,9999.000,9999.000,9999.000,9999.000,9999.000
202608091254,   2.546,9999.000,9999.000,9999.000,9999.000,9999.000,9999.000,9999.000,9999.000
202608091300,   2.564,9999.000,   0.300,  -0.063,   2.801,   0.200,   2.701,   0.400,   2.901
202608091306,   2.583,9999.000,9999.000,9999.000,9999.000,9999.000,9999.000,9999.000,9999.000
202608091312,   2.600,9999.000,9999.000,9999.000,9999.000,9999.000,9999.000,9999.000,9999.000
202608091318,   2.617,9999.000,9999.000,9999.000,9999.000,9999.000,9999.000,9999.000,9999.000
202608091324,   2.633,9999.000,9999.000,9999.000,9999.000,9999.000,9999.000,9999.000,9999.000
202608091330,   2.649,9999.000,9999.000,9999.000,9999.000,9999.000,9999.000,9999.000,9999.000
202608091336,   2.664,9999.000,9999.000,9999.000,9999.000,9999.000,9999.000,9999.000,9999.000
202608091342,   2.678,9999.000,9999.000,9999.000,9999.000,9999.000,9999.000,9999.000,9999.000
202608091348,   2.692,9999.000,9999.000,9999.000,9999.000,9999.000,9999.000,9999.000,9999.000
202608091354,   2.704,9999.000,9999.000,9999.000,9999.000,9999.000,9999.000,9999.000,9999.000
202608091400,   2.715,9999.000,   0.300,  -0.063,   2.952,   0.200,   2.852,   0.400,   3.052
202608091406,   2.726,9999.000,9999.000,9999.000,9999.000,9999.000,9999.000,9999.000,9999.000
202608091412,   2.735,9999.000,9999.000,9999.000,9999.000,9999.000,9999.000,9999.000,9999.000
202608091418,   2.743,9999.000,9999.000,9999.000,9999.000,9999.000,9999.000,9999.000,9999.000
202608091424,   2.750,9999.000,9999.000,9999.000,9999.000,9999.000,9999.000,9999.000,9999.000
202608091430,   2.755,9999.000,9999.000,9999.000,9999.000,9999.000,9999.000,9999.000,9999.000
202608091436,   2.759,9999.000,9999.000,9999.000,9999.000,9999.000,9999.000,9999.000,9999.000
202608091442,   2.762,9999.000,9999.000,9999.000,9999.000,9999.000,9999.000,9999.000,9999.000
202608091448,   2.763,9999.000,9999.000,9999.000,9999.000,9999.000,9999.000,9999.000,9999.000
202608091454,   2.762,9999.000,9999.000,9999.000,9999.000,9999.000,9999.000,9999.000,9999.000
202608091500,   2.760,9999.000,   0.300,  -0.063,   2.997,   0.200,   2.897,   0.400,   3.097
202608091506,   2.757,9999.000,9999.000,9999.000,9999.000,9999.000,9999.000,9999.000,9999.000
202608091512,   2.751,9999.000,9999.000,9999.000,9999.000,9999.000,9999.000,9999.000,9999.000
202608091518,   2.745,9999.000,9999.000,9999.000,9999.000,9999.000,9999.000,9999.000,9999.000
202608091524,   2.736,9999.000,9999.000,9999.000,9999.000,9999.000,9999.000,9999.000,9999.000
202608091530,   2.726,9999.000,9999.000,9999.000,9999.000,9999.000,9999.000,9999.000,9999.000
202608091536,   2.715,9999.000,9999.000,9999.000,9999.000,9999.000,9999.000,9999.000,9999.000
202608091542,   2.702,9999.000,9999.000,9999.000,9999.000,9999.000,9999.000,9999.000,9999.000
202608091548,   2.687,9999.000,9999.000,9999.000,9999.000,9999.000,9999.000,9999.000,9999.000
202608091554,   2.671,9999.000,9999.000,9999.000,9999.000,9999.000,9999.000,9999.000,9999.000
202608091600,   2.653,9999.000,   0.300,  -0.063,   2.890,   0.200,   2.790,   0.400,   2.990
202608091606,   2.634,9999.000,9999.000,9999.000,9999.000,9999.000,9999.000,9999.000,9999.000
202608091612,   2.613,9999.000,9999.000,9999.000,9999.000,9999.000,9999.000,9999.000,9999.000
202608091618,   2.591,9999.000,9999.000,9999.000,9999.000,9999.000,9999.000,9999.000,9999.000
202608091624,   2.567,9999.000,9999.000,9999.000,9999.000,9999.000,9999.000,9999.000,9999.000
202608091630,   2.542,9999.000,9999.000,9999.000,9999.000,9999.000,9999.000,9999.000,9999.000
202608091636,   2.516,9999.000,9999.000,9999.000,9999.000,9999.000,9999.000,9999.000,9999.000
202608091642,   2.488,9999.000,9999.000,9999.000,9999.000,9999.000,9999.000,9999.000,9999.000
202608091648,   2.458,9999.000,9999.000,9999.000,9999.000,9999.000,9999.000,9999.000,9999.000
202608091654,   2.428,9999.000,9999.000,9999.000,9999.000,9999.000,9999.000,9999.000,9999.000
202608091700,   2.396,9999.000,   0.300,  -0.063,   2.633,   0.200,   2.533,   0.300,   2.633
202608091706,   2.362,9999.000,9999.000,9999.000,9999.000,9999.000,9999.000,9999.000,9999.000
202608091712,   2.327,9999.000,9999.000,9999.000,9999.000,9999.000,9999.000,9999.000,9999.000
202608091718,   2.291,9999.000,9999.000,9999.000,9999.000,9999.000,9999.000,9999.000,9999.000
202608091724,   2.254,9999.000,9999.000,9999.000,9999.000,9999.000,9999.000,9999.000,9999.000
202608091730,   2.215,9999.000,9999.000,9999.000,9999.000,9999.000,9999.000,9999.000,9999.000
202608091736,   2.175,9999.000,9999.000,9999.000,9999.000,9999.000,9999.000,9999.000,9999.000
202608091742,   2.134,9999.000,9999.000,9999.000,9999.000,9999.000,9999.000,9999.000,9999.000
202608091748,   2.092,9999.000,9999.000,9999.000,9999.000,9999.000,9999.000,9999.000,9999.000
202608091754,   2.049,9999.000,9999.000,9999.000,9999.000,9999.000,9999.000,9999.000,9999.000
202608091800,   2.004,9999.000,   0.300,  -0.063,   2.241,   0.200,   2.141,   0.300,   2.241
202608091806,   1.958,9999.000,9999.000,9999.000,9999.000,9999.000,9999.000,9999.000,9999.000
202608091812,   1.912,9999.000,9999.000,9999.000,9999.000,9999.000,9999.000,9999.000,9999.000
202608091818,   1.864,9999.000,9999.000,9999.000,9999.000,9999.000,9999.000,9999.000,9999.000
202608091824,   1.816,9999.000,9999.000,9999.000,9999.000,9999.000,9999.000,9999.000,9999.000
202608091830,   1.767,9999.000,9999.000,9999.000,9999.000,9999.000,9999.000,9999.000,9999.000
202608091836,   1.717,9999.000,9999.000,9999.000,9999.000,9999.000,9999.000,9999.000,9999.000
202608091842,   1.666,9999.000,9999.000,9999.000,9999.000,9999.000,9999.000,9999.000,9999.000
202608091848,   1.614,9999.000,9999.000,9999.000,9999.000,9999.000,9999.000,9999.000,9999.000
202608091854,   1.562,9999.000,9999.000,9999.000,9999.000,9999.000,9999.000,9999.000,9999.000
202608091900,   1.510,9999.000,   0.300,  -0.063,   1.747,   0.200,   1.647,   0.300,   1.747
202608091906,   1.457,9999.000,9999.000,9999.000,9999.000,9999.000,9999.000,9999.000,9999.000
202608091912,   1.404,9999.000,9999.000,9999.000,9999.000,9999.000,9999.000,9999.000,9999.000
202608091918,   1.350,9999.000,9999.000,9999.000,9999.000,9999.000,9999.000,9999.000,9999.000
202608091924,   1.296,9999.000,9999.000,9999.000,9999.000,9999.000,9999.000,9999.000,9999.000
202608091930,   1.242,9999.000,9999.000,9999.000,9999.000,9999.000,9999.000,9999.000,9999.000
202608091936,   1.188,9999.000,9999.000,9999.000,9999.000,9999.000,9999.000,9999.000,9999.000
202608091942,   1.134,9999.000,9999.000,9999.000,9999.000,9999.000,9999.000,9999.000,9999.000
202608091948,   1.079,9999.000,9999.000,9999.000,9999.000,9999.000,9999.000,9999.000,9999.000
202608091954,   1.025,9999.000,9999.000,9999.000,9999.000,9999.000,9999.000,9999.000,9999.000
202608092000,   0.971,9999.000,   0.300,  -0.063,   1.208,   0.200,   1.108,   0.300,   1.208
202608092006,   0.918,9999.000,9999.000,9999.000,9999.000,9999.000,9999.000,9999.000,9999.000
202608092012,   0.864,9999.000,9999.000,9999.000,9999.000,9999.000,9999.000,9999.000,9999.000
202608092018,   0.811,9999.000,9999.000,9999.000,9999.000,9999.000,9999.000,9999.000,9999.000
202608092024,   0.759,9999.000,9999.000,9999.000,9999.000,9999.000,9999.000,9999.000,9999.000
202608092030,   0.707,9999.000,9999.000,9999.000,9999.000,9999.000,9999.000,9999.000,9999.000
202608092036,   0.655,9999.000,9999.000,9999.000,9999.000,9999.000,9999.000,9999.000,9999.000
202608092042,   0.605,9999.000,9999.000,9999.000,9999.000,9999.000,9999.000,9999.000,9999.000
202608092048,   0.555,9999.000,9999.000,9999.000,9999.000,9999.000,9999.000,9999.000,9999.000
202608092054,   0.506,9999.000,9999.000,9999.000,9999.000,9999.000,9999.000,9999.000,9999.000
202608092100,   0.459,9999.000,   0.300,  -0.063,   0.696,   0.200,   0.596,   0.300,   0.696
202608092106,   0.413,9999.000,9999.000,9999.000,9999.000,9999.000,9999.000,9999.000,9999.000
202608092112,   0.367,9999.000,9999.000,9999.000,9999.000,9999.000,9999.000,9999.000,9999.000
202608092118,   0.324,9999.000,9999.000,9999.000,9999.000,9999.000,9999.000,9999.000,9999.000
202608092124,   0.282,9999.000,9999.000,9999.000,9999.000,9999.000,9999.000,9999.000,9999.000
202608092130,   0.241,9999.000,9999.000,9999.000,9999.000,9999.000,9999.000,9999.000,9999.000
202608092136,   0.202,9999.000,9999.000,9999.000,9999.000,9999.000,9999.000,9999.000,9999.000
202608092142,   0.165,9999.000,9999.000,9999.000,9999.000,9999.000,9999.000,9999.000,9999.000
202608092148,   0.130,9999.000,9999.000,9999.000,9999.000,9999.000,9999.000,9999.000,9999.000
202608092154,   0.097,9999.000,9999.000,9999.000,9999.000,9999.000,9999.000,9999.000,9999.000
202608092200,   0.066,9999.000,   0.300,  -0.063,   0.303,   0.200,   0.203,   0.300,   0.303
202608092206,   0.037,9999.000,9999.000,9999.000,9999.000,9999.000,9999.000,9999.000,9999.000
202608092212,   0.010,9999.000,9999.000,9999.000,9999.000,9999.000,9999.000,9999.000,9999.000
202608092218,  -0.014,9999.000,9999.000,9999.000,9999.000,9999.000,9999.000,9999.000,9999.000
202608092224,  -0.036,9999.000,9999.000,9999.000,9999.000,9999.000,9999.000,9999.000,9999.000
202608092230,  -0.056,9999.000,9999.000,9999.000,9999.000,9999.000,9999.000,9999.000,9999.000
202608092236,  -0.075,9999.000,9999.000,9999.000,9999.000,9999.000,9999.000,9999.000,9999.000
202608092242,  -0.091,9999.000,9999.000,9999.000,9999.000,9999.000,9999.000,9999.000,9999.000
202608092248,  -0.104,9999.000,9999.000,9999.000,9999.000,9999.000,9999.000,9999.000,9999.000
202608092254,  -0.116,9999.000,9999.000,9999.000,9999.000,9999.000,9999.000,9999.000,9999.000
202608092300,  -0.126,9999.000,   0.300,  -0.063,   0.111,   0.200,   0.011,   0.400,   0.211
202608092306,  -0.133,9999.000,9999.000,9999.000,9999.000,9999.000,9999.000,9999.000,9999.000
202608092312,  -0.139,9999.000,9999.000,9999.000,9999.000,9999.000,9999.000,9999.000,9999.000
202608092318,  -0.142,9999.000,9999.000,9999.000,9999.000,9999.000,9999.000,9999.000,9999.000
202608092324,  -0.144,9999.000,9999.000,9999.000,9999.000,9999.000,9999.000,9999.000,9999.000
202608092330,  -0.144,9999.000,9999.000,9999.000,9999.000,9999.000,9999.000,9999.000,9999.000
202608092336,  -0.142,9999.000,9999.000,9999.000,9999.000,9999.000,9999.000,9999.000,9999.000
202608092342,  -0.138,9999.000,9999.000,9999.000,9999.000,9999.000,9999.000,9999.000,9999.000
202608092348,  -0.133,9999.000,9999.000,9999.000,9999.000,9999.000,9999.000,9999.000,9999.000
202608092354,  -0.126,9999.000,9999.000,9999.000,9999.000,9999.000,9999.000,9999.000,9999.000
202608100000,  -0.117,9999.000,   0.300,  -0.063,   0.120,   0.300,   0.120,   0.400,   0.220
202608100006,  -0.107,9999.000,9999.000,9999.000,9999.000,9999.000,9999.000,9999.000,9999.000
202608100012,  -0.095,9999.000,9999.000,9999.000,9999.000,9999.000,9999.000,9999.000,9999.000
202608100018,  -0.082,9999.000,9999.000,9999.000,9999.000,9999.000,9999.000,9999.000,9999.000
202608100024,  -0.067,9999.000,9999.000,9999.000,9999.000,9999.000,9999.000,9999.000,9999.000
202608100030,  -0.051,9999.000,9999.000,9999.000,9999.000,9999.000,9999.000,9999.000,9999.000
202608100036,  -0.033,9999.000,9999.000,9999.000,9999.000,9999.000,9999.000,9999.000,9999.000
202608100042,  -0.014,9999.000,9999.000,9999.000,9999.000,9999.000,9999.000,9999.000,9999.000
202608100048,   0.005,9999.000,9999.000,9999.000,9999.000,9999.000,9999.000,9999.000,9999.000
202608100054,   0.027,9999.000,9999.000,9999.000,9999.000,9999.000,9999.000,9999.000,9999.000
202608100100,   0.050,9999.000,   0.300,  -0.063,   0.287,   0.300,   0.287,   0.400,   0.387
202608100106,   0.075,9999.000,9999.000,9999.000,9999.000,9999.000,9999.000,9999.000,9999.000
202608100112,   0.101,9999.000,9999.000,9999.000,9999.000,9999.000,9999.000,9999.000,9999.000
202608100118,   0.128,9999.000,9999.000,9999.000,9999.000,9999.000,9999.000,9999.000,9999.000
202608100124,   0.157,9999.000,9999.000,9999.000,9999.000,9999.000,9999.000,9999.000,9999.000
202608100130,   0.186,9999.000,9999.000,9999.000,9999.000,9999.000,9999.000,9999.000,9999.000
202608100136,   0.217,9999.000,9999.000,9999.000,9999.000,9999.000,9999.000,9999.000,9999.000
202608100142,   0.249,9999.000,9999.000,9999.000,9999.000,9999.000,9999.000,9999.000,9999.000
202608100148,   0.282,9999.000,9999.000,9999.000,9999.000,9999.000,9999.000,9999.000,9999.000
202608100154,   0.315,9999.000,9999.000,9999.000,9999.000,9999.000,9999.000,9999.000,9999.000
202608100200,   0.350,9999.000,   0.300,  -0.063,   0.587,   0.300,   0.587,   0.400,   0.687
202608100206,   0.385,9999.000,9999.000,9999.000,9999.000,9999.000,9999.000,9999.000,9999.000
202608100212,   0.421,9999.000,9999.000,9999.000,9999.000,9999.000,9999.000,9999.000,9999.000
202608100218,   0.457,9999.000,9999.000,9999.000,9999.000,9999.000,9999.000,9999.000,9999.000
202608100224,   0.494,9999.000,9999.000,9999.000,9999.000,9999.000,9999.000,9999.000,9999.000
202608100230,   0.531,9999.000,9999.000,9999.000,9999.000,9999.000,9999.000,9999.000,9999.000
202608100236,   0.569,9999.000,9999.000,9999.000,9999.000,9999.000,9999.000,9999.000,9999.000
202608100242,   0.606,9999.000,9999.000,9999.000,9999.000,9999.000,9999.000,9999.000,9999.000
202608100248,   0.643,9999.000,9999.000,9999.000,9999.000,9999.000,9999.000,9999.000,9999.000
202608100254,   0.681,9999.000,9999.000,9999.000,9999.000,9999.000,9999.000,9999.000,9999.000
202608100300,   0.718,9999.000,   0.300,  -0.063,   0.955,   0.300,   0.955,   0.400,   1.055
202608100306,   0.755,9999.000,9999.000,9999.000,9999.000,9999.000,9999.000,9999.000,9999.000
202608100312,   0.792,9999.000,9999.000,9999.000,9999.000,9999.000,9999.000,9999.000,9999.000
202608100318,   0.828,9999.000,9999.000,9999.000,9999.000,9999.000,9999.000,9999.000,9999.000
202608100324,   0.864,9999.000,9999.000,9999.000,9999.000,9999.000,9999.000,9999.000,9999.000
202608100330,   0.899,9999.000,9999.000,9999.000,9999.000,9999.000,9999.000,9999.000,9999.000
202608100336,   0.934,9999.000,9999.000,9999.000,9999.000,9999.000,9999.000,9999.000,9999.000
202608100342,   0.968,9999.000,9999.000,9999.000,9999.000,9999.000,9999.000,9999.000,9999.000
202608100348,   1.002,9999.000,9999.000,9999.000,9999.000,9999.000,9999.000,9999.000,9999.000
202608100354,   1.034,9999.000,9999.000,9999.000,9999.000,9999.000,9999.000,9999.000,9999.000
202608100400,   1.067,9999.000,   0.300,  -0.063,   1.304,   0.300,   1.304,   0.400,   1.404
202608100406,   1.098,9999.000,9999.000,9999.000,9999.000,9999.000,9999.000,9999.000,9999.000
202608100412,   1.129,9999.000,9999.000,9999.000,9999.000,9999.000,9999.000,9999.000,9999.000
202608100418,   1.159,9999.000,9999.000,9999.000,9999.000,9999.000,9999.000,9999.000,9999.000
202608100424,   1.188,9999.000,9999.000,9999.000,9999.000,9999.000,9999.000,9999.000,9999.000
202608100430,   1.216,9999.000,9999.000,9999.000,9999.000,9999.000,9999.000,9999.000,9999.000
202608100436,   1.244,9999.000,9999.000,9999.000,9999.000,9999.000,9999.000,9999.000,9999.000
202608100442,   1.271,9999.000,9999.000,9999.000,9999.000,9999.000,9999.000,9999.000,9999.000
202608100448,   1.297,9999.000,9999.000,9999.000,9999.000,9999.000,9999.000,9999.000,9999.000
202608100454,   1.322,9999.000,9999.000,9999.000,9999.000,9999.000,9999.000,9999.000,9999.000
202608100500,   1.346,9999.000,   0.300,  -0.063,   1.583,   0.300,   1.583,   0.400,   1.683
202608100506,   1.370,9999.000,9999.000,9999.000,9999.000,9999.000,9999.000,9999.000,9999.000
202608100512,   1.393,9999.000,9999.000,9999.000,9999.000,9999.000,9999.000,9999.000,9999.000
202608100518,   1.415,9999.000,9999.000,9999.000,9999.000,9999.000,9999.000,9999.000,9999.000
202608100524,   1.435,9999.000,9999.000,9999.000,9999.000,9999.000,9999.000,9999.000,9999.000
202608100530,   1.456,9999.000,9999.000,9999.000,9999.000,9999.000,9999.000,9999.000,9999.000
202608100536,   1.475,9999.000,9999.000,9999.000,9999.000,9999.000,9999.000,9999.000,9999.000
202608100542,   1.493,9999.000,9999.000,9999.000,9999.000,9999.000,9999.000,9999.000,9999.000
202608100548,   1.511,9999.000,9999.000,9999.000,9999.000,9999.000,9999.000,9999.000,9999.000
202608100554,   1.527,9999.000,9999.000,9999.000,9999.000,9999.000,9999.000,9999.000,9999.000
202608100600,   1.543,9999.000,   0.300,  -0.063,   1.780,   0.200,   1.680,   0.300,   1.780
202608100606,   1.557,9999.000,9999.000,9999.000,9999.000,9999.000,9999.000,9999.000,9999.000
202608100612,   1.571,9999.000,9999.000,9999.000,9999.000,9999.000,9999.000,9999.000,9999.000
202608100618,   1.584,9999.000,9999.000,9999.000,9999.000,9999.000,9999.000,9999.000,9999.000
202608100624,   1.596,9999.000,9999.000,9999.000,9999.000,9999.000,9999.000,9999.000,9999.000
202608100630,   1.607,9999.000,9999.000,9999.000,9999.000,9999.000,9999.000,9999.000,9999.000
202608100636,   1.618,9999.000,9999.000,9999.000,9999.000,9999.000,9999.000,9999.000,9999.000
202608100642,   1.628,9999.000,9999.000,9999.000,9999.000,9999.000,9999.000,9999.000,9999.000
202608100648,   1.636,9999.000,9999.000,9999.000,9999.000,9999.000,9999.000,9999.000,9999.000
202608100654,   1.645,9999.000,9999.000,9999.000,9999.000,9999.000,9999.000,9999.000,9999.000
202608100700,   1.652,9999.000,   0.200,  -0.063,   1.789,   0.200,   1.789,   0.300,   1.889
202608100706,   1.659,9999.000,9999.000,9999.000,9999.000,9999.000,9999.000,9999.000,9999.000
202608100712,   1.665,9999.000,9999.000,9999.000,9999.000,9999.000,9999.000,9999.000,9999.000
202608100718,   1.671,9999.000,9999.000,9999.000,9999.000,9999.000,9999.000,9999.000,9999.000
202608100724,   1.676,9999.000,9999.000,9999.000,9999.000,9999.000,9999.000,9999.000,9999.000
202608100730,   1.680,9999.000,9999.000,9999.000,9999.000,9999.000,9999.000,9999.000,9999.000
202608100736,   1.685,9999.000,9999.000,9999.000,9999.000,9999.000,9999.000,9999.000,9999.000
202608100742,   1.688,9999.000,9999.000,9999.000,9999.000,9999.000,9999.000,9999.000,9999.000
202608100748,   1.692,9999.000,9999.000,9999.000,9999.000,9999.000,9999.000,9999.000,9999.000
202608100754,   1.694,9999.000,9999.000,9999.000,9999.000,9999.000,9999.000,9999.000,9999.000
202608100800,   1.697,9999.000,   0.200,  -0.063,   1.834,   0.200,   1.834,   0.300,   1.934
202608100806,   1.699,9999.000,9999.000,9999.000,9999.000,9999.000,9999.000,9999.000,9999.000
202608100812,   1.701,9999.000,9999.000,9999.000,9999.000,9999.000,9999.000,9999.000,9999.000
202608100818,   1.703,9999.000,9999.000,9999.000,9999.000,9999.000,9999.000,9999.000,9999.000
202608100824,   1.705,9999.000,9999.000,9999.000,9999.000,9999.000,9999.000,9999.000,9999.000
202608100830,   1.706,9999.000,9999.000,9999.000,9999.000,9999.000,9999.000,9999.000,9999.000
202608100836,   1.708,9999.000,9999.000,9999.000,9999.000,9999.000,9999.000,9999.000,9999.000
202608100842,   1.709,9999.000,9999.000,9999.000,9999.000,9999.000,9999.000,9999.000,9999.000
202608100848,   1.711,9999.000,9999.000,9999.000,9999.000,9999.000,9999.000,9999.000,9999.000
202608100854,   1.712,9999.000,9999.000,9999.000,9999.000,9999.000,9999.000,9999.000,9999.000
202608100900,   1.714,9999.000,   0.200,  -0.063,   1.851,   0.200,   1.851,   0.300,   1.951
202608100906,   1.716,9999.000,9999.000,9999.000,9999.000,9999.000,9999.000,9999.000,9999.000
202608100912,   1.718,9999.000,9999.000,9999.000,9999.000,9999.000,9999.000,9999.000,9999.000
202608100918,   1.720,9999.000,9999.000,9999.000,9999.000,9999.000,9999.000,9999.000,9999.000
202608100924,   1.723,9999.000,9999.000,9999.000,9999.000,9999.000,9999.000,9999.000,9999.000
202608100930,   1.726,9999.000,9999.000,9999.000,9999.000,9999.000,9999.000,9999.000,9999.000
202608100936,   1.730,9999.000,9999.000,9999.000,9999.000,9999.000,9999.000,9999.000,9999.000
202608100942,   1.734,9999.000,9999.000,9999.000,9999.000,9999.000,9999.000,9999.000,9999.000
202608100948,   1.740,9999.000,9999.000,9999.000,9999.000,9999.000,9999.000,9999.000,9999.000
202608100954,   1.746,9999.000,9999.000,9999.000,9999.000,9999.000,9999.000,9999.000,9999.000
202608101000,   1.752,9999.000,   0.200,  -0.063,   1.889,   0.200,   1.889,   0.300,   1.989
202608101006,   1.760,9999.000,9999.000,9999.000,9999.000,9999.000,9999.000,9999.000,9999.000
202608101012,   1.769,9999.000,9999.000,9999.000,9999.000,9999.000,9999.000,9999.000,9999.000
202608101018,   1.778,9999.000,9999.000,9999.000,9999.000,9999.000,9999.000,9999.000,9999.000
202608101024,   1.789,9999.000,9999.000,9999.000,9999.000,9999.000,9999.000,9999.000,9999.000
202608101030,   1.801,9999.000,9999.000,9999.000,9999.000,9999.000,9999.000,9999.000,9999.000
202608101036,   1.813,9999.000,9999.000,9999.000,9999.000,9999.000,9999.000,9999.000,9999.000
202608101042,   1.827,9999.000,9999.000,9999.000,9999.000,9999.000,9999.000,9999.000,9999.000
202608101048,   1.842,9999.000,9999.000,9999.000,9999.000,9999.000,9999.000,9999.000,9999.000
202608101054,   1.858,9999.000,9999.000,9999.000,9999.000,9999.000,9999.000,9999.000,9999.000
202608101100,   1.875,9999.000,   0.300,  -0.063,   2.112,   0.200,   2.012,   0.300,   2.112
202608101106,   1.893,9999.000,9999.000,9999.000,9999.000,9999.000,9999.000,9999.000,9999.000
202608101112,   1.912,9999.000,9999.000,9999.000,9999.000,9999.000,9999.000,9999.000,9999.000
202608101118,   1.932,9999.000,9999.000,9999.000,9999.000,9999.000,9999.000,9999.000,9999.000
202608101124,   1.952,9999.000,9999.000,9999.000,9999.000,9999.000,9999.000,9999.000,9999.000
202608101130,   1.974,9999.000,9999.000,9999.000,9999.000,9999.000,9999.000,9999.000,9999.000
202608101136,   1.996,9999.000,9999.000,9999.000,9999.000,9999.000,9999.000,9999.000,9999.000
202608101142,   2.018,9999.000,9999.000,9999.000,9999.000,9999.000,9999.000,9999.000,9999.000
202608101148,   2.042,9999.000,9999.000,9999.000,9999.000,9999.000,9999.000,9999.000,9999.000
202608101154,   2.065,9999.000,9999.000,9999.000,9999.000,9999.000,9999.000,9999.000,9999.000
202608101200,   2.090,9999.000,   0.300,  -0.063,   2.327,   0.200,   2.227,   0.300,   2.327
