        TIME,    TIDE,      OB,   SURGE,    BIAS,     TWL,SURGE90p,  TWL90p,SURGE10p,   TWL10p
202607251800,   1.442,9999.000,   0.600,9999.000,   2.042,   0.500,   1.942,   0.600,   2.042
202607251806,   1.434,9999.000,9999.000,9999.000,9999.000,9999.000,9999.000,9999.000,9999.000
202607251812,   1.425,9999.000,9999.000,9999.000,9999.000,9999.000,9999.000,9999.000,9999.000
202607251818,   1.416,9999.000,9999.000,9999.000,9999.000,9999.000,9999.000,9999.000,9999.000
202607251824,   1.406,9999.000,9999.000,9999.000,9999.000,9999.000,9999.000,9999.000,9999.000
202607251830,   1.396,9999.000,9999.000,9999.000,9999.000,9999.000,9999.000,9999.000,9999.000
202607251836,   1.385,9999.000,9999.000,9999.000,9999.000,9999.000,9999.000,9999.000,9999.000
202607251842,   1.373,9999.000,9999.000,9999.000,9999.000,9999.000,9999.000,9999.000,9999.000
202607251848,   1.361,9999.000,9999.000,9999.000,9999.000,9999.000,9999.000,9999.000,9999.000
202607251854,   1.349,9999.000,9999.000,9999.000,9999.000,9999.000,9999.000,9999.000,9999.000
202607251900,   1.336,   1.889,   0.600,  -0.047,   1.889,   0.500,   1.789,   0.600,   1.889
202607251906,   1.323,   1.859,9999.000,9999.000,9999.000,9999.000,9999.000,9999.000,9999.000
202607251912,   1.309,   1.849,9999.000,9999.000,9999.000,9999.000,9999.000,9999.000,9999.000
202607251918,   1.295,   1.820,9999.000,9999.000,9999.000,9999.000,9999.000,9999.000,9999.000
202607251924,   1.281,   1.800,9999.000,9999.000,9999.000,9999.000,9999.000,9999.000,9999.000
202607251930,   1.267,   1.790,9999.000,9999.000,9999.000,9999.000,9999.000,9999.000,9999.000
202607251936,   1.252,   1.767,9999.000,9999.000,9999.000,9999.000,9999.000,9999.000,9999.000
202607251942,   1.237,   1.748,9999.000,9999.000,9999.000,9999.000,9999.000,9999.000,9999.000
202607251948,   1.222,   1.728,9999.000,9999.000,9999.000,9999.000,9999.000,9999.000,9999.000
202607251954,   1.207,   1.718,9999.000,9999.000,9999.000,9999.000,9999.000,9999.000,9999.000
202607252000,   1.191,   1.689,   0.600,  -0.102,   1.689,   0.500,   1.589,   0.600,   1.689
202607252006,   1.176,   1.669,9999.000,9999.000,9999.000,9999.000,9999.000,9999.000,9999.000
202607252012,   1.160,   1.649,9999.000,9999.000,9999.000,9999.000,9999.000,9999.000,9999.000
202607252018,   1.144,   1.620,9999.000,9999.000,9999.000,9999.000,9999.000,9999.000,9999.000
202607252024,   1.127,   1.610,9999.000,9999.000,9999.000,9999.000,9999.000,9999.000,9999.000
202607252030,   1.111,   1.590,9999.000,9999.000,9999.000,9999.000,9999.000,9999.000,9999.000
202607252036,   1.094,   1.557,9999.000,9999.000,9999.000,9999.000,9999.000,9999.000,9999.000
202607252042,   1.077,   1.528,9999.000,9999.000,9999.000,9999.000,9999.000,9999.000,9999.000
202607252048,   1.059,   1.518,9999.000,9999.000,9999.000,9999.000,9999.000,9999.000,9999.000
202607252054,   1.041,   1.498,9999.000,9999.000,9999.000,9999.000,9999.000,9999.000,9999.000
202607252100,   1.023,   1.479,   0.600,  -0.144,   1.479,   0.500,   1.379,   0.600,   1.479
202607252106,   1.004,   1.449,9999.000,9999.000,9999.000,9999.000,9999.000,9999.000,9999.000
202607252112,   0.985,   1.449,9999.000,9999.000,9999.000,9999.000,9999.000,9999.000,9999.000
202607252118,   0.966,   1.430,9999.000,9999.000,9999.000,9999.000,9999.000,9999.000,9999.000
202607252124,   0.946,   1.390,9999.000,9999.000,9999.000,9999.000,9999.000,9999.000,9999.000
202607252130,   0.926,   1.380,9999.000,9999.000,9999.000,9999.000,9999.000,9999.000,9999.000
202607252136,   0.905,   1.361,9999.000,9999.000,9999.000,9999.000,9999.000,9999.000,9999.000
202607252142,   0.884,   1.338,9999.000,9999.000,9999.000,9999.000,9999.000,9999.000,9999.000
202607252148,   0.862,   1.318,9999.000,9999.000,9999.000,9999.000,9999.000,9999.000,9999.000
202607252154,   0.840,   1.298,9999.000,9999.000,9999.000,9999.000,9999.000,9999.000,9999.000
202607252200,   0.818,   1.269,   0.600,  -0.149,   1.269,   0.500,   1.169,   0.600,   1.269
202607252206,   0.795,   1.239,9999.000,9999.000,9999.000,9999.000,9999.000,9999.000,9999.000
202607252212,   0.771,   1.220,9999.000,9999.000,9999.000,9999.000,9999.000,9999.000,9999.000
202607252218,   0.748,   1.210,9999.000,9999.000,9999.000,9999.000,9999.000,9999.000,9999.000
202607252224,   0.724,   1.180,9999.000,9999.000,9999.000,9999.000,9999.000,9999.000,9999.000
202607252230,   0.700,   1.170,9999.000,9999.000,9999.000,9999.000,9999.000,9999.000,9999.000
202607252236,   0.675,   1.151,9999.000,9999.000,9999.000,9999.000,9999.000,9999.000,9999.000
202607252242,   0.651,   1.128,9999.000,9999.000,9999.000,9999.000,9999.000,9999.000,9999.000
202607252248,   0.626,   1.108,9999.000,9999.000,9999.000,9999.000,9999.000,9999.000,9999.000
202607252254,   0.601,   1.079,9999.000,9999.000,9999.000,9999.000,9999.000,9999.000,9999.000
202607252300,   0.576,   1.069,   0.600,  -0.107,   1.069,   0.500,   0.969,   0.600,   1.069
202607252306,   0.551,   1.010,9999.000,9999.000,9999.000,9999.000,9999.000,9999.000,9999.000
202607252312,   0.526,   1.000,9999.000,9999.000,9999.000,9999.000,9999.000,9999.000,9999.000
202607252318,   0.502,   0.951,9999.000,9999.000,9999.000,9999.000,9999.000,9999.000,9999.000
202607252324,   0.477,   0.928,9999.000,9999.000,9999.000,9999.000,9999.000,9999.000,9999.000
202607252330,   0.453,   0.918,9999.000,9999.000,9999.000,9999.000,9999.000,9999.000,9999.000
202607252336,   0.429,   0.908,9999.000,9999.000,9999.000,9999.000,9999.000,9999.000,9999.000
202607252342,   0.406,   0.879,9999.000,9999.000,9999.000,9999.000,9999.000,9999.000,9999.000
202607252348,   0.383,   0.869,9999.000,9999.000,9999.000,9999.000,9999.000,9999.000,9999.000
202607252354,   0.360,   0.839,9999.000,9999.000,9999.000,9999.000,9999.000,9999.000,9999.000
202607260000,   0.338,   0.819,   0.500,  -0.019,   0.819,   0.500,   0.819,   0.500,   0.819
202607260006,   0.317,   0.810,9999.000,9999.000,9999.000,9999.000,9999.000,9999.000,9999.000
202607260012,   0.296,   0.790,9999.000,9999.000,9999.000,9999.000,9999.000,9999.000,9999.000
202607260018,   0.276,   0.770,9999.000,9999.000,9999.000,9999.000,9999.000,9999.000,9999.000
202607260024,   0.257,   0.751,9999.000,9999.000,9999.000,9999.000,9999.000,9999.000,9999.000
202607260030,   0.238,   0.731,9999.000,9999.000,9999.000,9999.000,9999.000,9999.000,9999.000
202607260036,   0.220,   0.708,9999.000,9999.000,9999.000,9999.000,9999.000,9999.000,9999.000
202607260042,   0.203,   0.698,9999.000,9999.000,9999.000,9999.000,9999.000,9999.000,9999.000
202607260048,   0.187,   0.669,9999.000,9999.000,9999.000,9999.000,9999.000,9999.000,9999.000
202607260054,   0.172,   0.659,9999.000,9999.000,9999.000,9999.000,9999.000,9999.000,9999.000
202607260100,   0.158,   0.649,   0.500,  -0.009,   0.649,   0.500,   0.649,   0.500,   0.649
202607260106,   0.144,   0.629,9999.000,9999.000,9999.000,9999.000,9999.000,9999.000,9999.000
202607260112,   0.132,   0.610,9999.000,9999.000,9999.000,9999.000,9999.000,9999.000,9999.000
202607260118,   0.121,   0.600,9999.000,9999.000,9999.000,9999.000,9999.000,9999.000,9999.000
202607260124,   0.111,   0.580,9999.000,9999.000,9999.000,9999.000,9999.000,9999.000,9999.000
202607260130,   0.101,   0.580,9999.000,9999.000,9999.000,9999.000,9999.000,9999.000,9999.000
202607260136,   0.093,   0.570,9999.000,9999.000,9999.000,9999.000,9999.000,9999.000,9999.000
202607260142,   0.086,   0.551,9999.000,9999.000,9999.000,9999.000,9999.000,9999.000,9999.000
202607260148,   0.080,   0.551,9999.000,9999.000,9999.000,9999.000,9999.000,9999.000,9999.000
202607260154,   0.075,   0.541,9999.000,9999.000,9999.000,9999.000,9999.000,9999.000,9999.000
202607260200,   0.072,   0.541,   0.500,  -0.031,   0.541,   0.500,   0.541,   0.500,   0.541
202607260206,   0.069,   0.551,9999.000,9999.000,9999.000,9999.000,9999.000,9999.000,9999.000
202607260212,   0.068,   0.541,9999.000,9999.000,9999.000,9999.000,9999.000,9999.000,9999.000
202607260218,   0.068,   0.531,9999.000,9999.000,9999.000,9999.000,9999.000,9999.000,9999.000
202607260224,   0.069,   0.531,9999.000,9999.000,9999.000,9999.000,9999.000,9999.000,9999.000
202607260230,   0.071,   0.531,9999.000,9999.000,9999.000,9999.000,9999.000,9999.000,9999.000
202607260236,   0.075,   0.531,9999.000,9999.000,9999.000,9999.000,9999.000,9999.000,9999.000
202607260242,   0.080,   0.531,9999.000,9999.000,9999.000,9999.000,9999.000,9999.000,9999.000
202607260248,   0.086,   0.541,9999.000,9999.000,9999.000,9999.000,9999.000,9999.000,9999.000
202607260254,   0.093,   0.541,9999.000,9999.000,9999.000,9999.000,9999.000,9999.000,9999.000
202607260300,   0.101,   0.541,   0.500,  -0.060,   0.541,   0.500,   0.541,   0.500,   0.541
202607260306,   0.111,   0.551,9999.000,9999.000,9999.000,9999.000,9999.000,9999.000,9999.000
202607260312,   0.122,   0.560,9999.000,9999.000,9999.000,9999.000,9999.000,9999.000,9999.000
202607260318,   0.134,   0.570,9999.000,9999.000,9999.000,9999.000,9999.000,9999.000,9999.000
202607260324,   0.147,   0.590,9999.000,9999.000,9999.000,9999.000,9999.000,9999.000,9999.000
202607260330,   0.162,   0.619,9999.000,9999.000,9999.000,9999.000,9999.000,9999.000,9999.000
202607260336,   0.177,   0.619,9999.000,9999.000,9999.000,9999.000,9999.000,9999.000,9999.000
202607260342,   0.194,   0.629,9999.000,9999.000,9999.000,9999.000,9999.000,9999.000,9999.000
202607260348,   0.211,   0.659,9999.000,9999.000,9999.000,9999.000,9999.000,9999.000,9999.000
202607260354,   0.230,   0.678,9999.000,9999.000,9999.000,9999.000,9999.000,9999.000,9999.000
202607260400,   0.249,   0.688,   0.500,  -0.061,   0.688,   0.500,   0.688,   0.500,   0.688
202607260406,   0.269,   0.698,9999.000,9999.000,9999.000,9999.000,9999.000,9999.000,9999.000
202607260412,   0.290,   0.718,9999.000,9999.000,9999.000,9999.000,9999.000,9999.000,9999.000
202607260418,   0.312,   0.741,9999.000,9999.000,9999.000,9999.000,9999.000,9999.000,9999.000
202607260424,   0.334,   0.760,9999.000,9999.000,9999.000,9999.000,9999.000,9999.000,9999.000
202607260430,   0.356,   0.780,9999.000,9999.000,9999.000,9999.000,9999.000,9999.000,9999.000
202607260436,   0.379,   0.790,9999.000,9999.000,9999.000,9999.000,9999.000,9999.000,9999.000
202607260442,   0.402,   0.810,9999.000,9999.000,9999.000,9999.000,9999.000,9999.000,9999.000
202607260448,   0.426,   0.829,9999.000,9999.000,9999.000,9999.000,9999.000,9999.000,9999.000
202607260454,   0.449,   0.849,9999.000,9999.000,9999.000,9999.000,9999.000,9999.000,9999.000
202607260500,   0.473,   0.859,   0.500,  -0.114,   0.859,   0.500,   0.859,   0.500,   0.859
202607260506,   0.496,   0.879,9999.000,9999.000,9999.000,9999.000,9999.000,9999.000,9999.000
202607260512,   0.520,   0.898,9999.000,9999.000,9999.000,9999.000,9999.000,9999.000,9999.000
202607260518,   0.542,   0.908,9999.000,9999.000,9999.000,9999.000,9999.000,9999.000,9999.000
202607260524,   0.565,   0.928,9999.000,9999.000,9999.000,9999.000,9999.000,9999.000,9999.000
202607260530,   0.587,   0.941,9999.000,9999.000,9999.000,9999.000,9999.000,9999.000,9999.000
202607260536,   0.609,   0.961,9999.000,9999.000,9999.000,9999.000,9999.000,9999.000,9999.000
202607260542,   0.630,   0.980,9999.000,9999.000,9999.000,9999.000,9999.000,9999.000,9999.000
202607260548,   0.650,   1.000,9999.000,9999.000,9999.000,9999.000,9999.000,9999.000,9999.000
202607260554,   0.669,   1.020,9999.000,9999.000,9999.000,9999.000,9999.000,9999.000,9999.000
202607260600,   0.688,   1.039,   0.500,  -0.149,   1.039,   0.400,   0.939,   0.500,   1.039
202607260606,   0.706,   1.059,9999.000,9999.000,9999.000,9999.000,9999.000,9999.000,9999.000
202607260612,   0.723,   1.079,9999.000,9999.000,9999.000,9999.000,9999.000,9999.000,9999.000
202607260618,   0.739,   1.098,9999.000,9999.000,9999.000,9999.000,9999.000,9999.000,9999.000
202607260624,   0.753,   1.108,9999.000,9999.000,9999.000,9999.000,9999.000,9999.000,9999.000
202607260630,   0.767,   1.128,9999.000,9999.000,9999.000,9999.000,9999.000,9999.000,9999.000
202607260636,   0.780,   1.151,9999.000,9999.000,9999.000,9999.000,9999.000,9999.000,9999.000
202607260642,   0.792,   1.161,9999.000,9999.000,9999.000,9999.000,9999.000,9999.000,9999.000
202607260648,   0.803,   1.170,9999.000,9999.000,9999.000,9999.000,9999.000,9999.000,9999.000
202607260654,   0.813,   1.190,9999.000,9999.000,9999.000,9999.000,9999.000,9999.000,9999.000
202607260700,   0.822,   1.200,   0.500,  -0.122,   1.200,   0.400,   1.100,   0.500,   1.200
202607260706,   0.829,   1.220,9999.000,9999.000,9999.000,9999.000,9999.000,9999.000,9999.000
202607260712,   0.836,   1.229,9999.000,9999.000,9999.000,9999.000,9999.000,9999.000,9999.000
202607260718,   0.842,   1.239,9999.000,9999.000,9999.000,9999.000,9999.000,9999.000,9999.000
202607260724,   0.847,   1.249,9999.000,9999.000,9999.000,9999.000,9999.000,9999.000,9999.000
202607260730,   0.851,   1.259,9999.000,9999.000,9999.000,9999.000,9999.000,9999.000,9999.000
202607260736,   0.854,   1.269,9999.000,9999.000,9999.000,9999.000,9999.000,9999.000,9999.000
202607260742,   0.857,   1.279,9999.000,9999.000,9999.000,9999.000,9999.000,9999.000,9999.000
202607260748,   0.858,   1.289,9999.000,9999.000,9999.000,9999.000,9999.000,9999.000,9999.000
202607260754,   0.859,   1.298,9999.000,9999.000,9999.000,9999.000,9999.000,9999.000,9999.000
202607260800,   0.859,   1.308,   0.500,  -0.051,   1.308,   0.400,   1.208,   0.500,   1.308
202607260806,   0.859,   1.318,9999.000,9999.000,9999.000,9999.000,9999.000,9999.000,9999.000
202607260812,   0.858,   1.318,9999.000,9999.000,9999.000,9999.000,9999.000,9999.000,9999.000
202607260818,   0.856,   1.328,9999.000,9999.000,9999.000,9999.000,9999.000,9999.000,9999.000
202607260824,   0.854,   1.328,9999.000,9999.000,9999.000,9999.000,9999.000,9999.000,9999.000
202607260830,   0.851,   1.348,9999.000,9999.000,9999.000,9999.000,9999.000,9999.000,9999.000
202607260836,   0.848,   1.348,9999.000,9999.000,9999.000,9999.000,9999.000,9999.000,9999.000
202607260842,   0.845,   1.361,9999.000,9999.000,9999.000,9999.000,9999.000,9999.000,9999.000
202607260848,   0.841,   1.371,9999.000,9999.000,9999.000,9999.000,9999.000,9999.000,9999.000
202607260854,   0.837,   1.380,9999.000,9999.000,9999.000,9999.000,9999.000,9999.000,9999.000
202607260900,   0.832,   1.380,   0.500,   0.048,   1.380,   0.400,   1.280,   0.500,   1.380
202607260906,   0.827,   1.390,9999.000,9999.000,9999.000,9999.000,9999.000,9999.000,9999.000
202607260912,   0.822,   1.400,9999.000,9999.000,9999.000,9999.000,9999.000,9999.000,9999.000
202607260918,   0.817,   1.400,9999.000,9999.000,9999.000,9999.000,9999.000,9999.000,9999.000
202607260924,   0.811,   1.410,9999.000,9999.000,9999.000,9999.000,9999.000,9999.000,9999.000
202607260930,   0.806,   1.400,9999.000,9999.000,9999.000,9999.000,9999.000,9999.000,9999.000
202607260936,   0.800,   1.410,9999.000,9999.000,9999.000,9999.000,9999.000,9999.000,9999.000
202607260942,   0.794,   1.400,9999.000,9999.000,9999.000,9999.000,9999.000,9999.000,9999.000
202607260948,   0.788,   1.410,9999.000,9999.000,9999.000,9999.000,9999.000,9999.000,9999.000
202607260954,   0.782,   1.410,9999.000,9999.000,9999.000,9999.000,9999.000,9999.000,9999.000
202607261000,   0.777,   1.410,   0.500,   0.133,   1.410,   0.400,   1.310,   0.500,   1.410
202607261006,   0.771,   1.400,9999.000,9999.000,9999.000,9999.000,9999.000,9999.000,9999.000
202607261012,   0.765,   1.400,9999.000,9999.000,9999.000,9999.000,9999.000,9999.000,9999.000
202607261018,   0.760,   1.400,9999.000,9999.000,9999.000,9999.000,9999.000,9999.000,9999.000
202607261024,   0.755,   1.390,9999.000,9999.000,9999.000,9999.000,9999.000,9999.000,9999.000
202607261030,   0.750,   1.380,9999.000,9999.000,9999.000,9999.000,9999.000,9999.000,9999.000
202607261036,   0.745,   1.380,9999.000,9999.000,9999.000,9999.000,9999.000,9999.000,9999.000
202607261042,   0.741,   1.371,9999.000,9999.000,9999.000,9999.000,9999.000,9999.000,9999.000
202607261048,   0.738,   1.361,9999.000,9999.000,9999.000,9999.000,9999.000,9999.000,9999.000
202607261054,   0.734,   1.361,9999.000,9999.000,9999.000,9999.000,9999.000,9999.000,9999.000
202607261100,   0.732,   1.361,   0.500,   0.129,   1.361,   0.400,   1.261,   0.500,   1.361
202607261106,   0.730,   1.361,9999.000,9999.000,9999.000,9999.000,9999.000,9999.000,9999.000
202607261112,   0.728,   1.348,9999.000,9999.000,9999.000,9999.000,9999.000,9999.000,9999.000
202607261118,   0.728,   1.371,9999.000,9999.000,9999.000,9999.000,9999.000,9999.000,9999.000
202607261124,   0.728,   1.380,9999.000,9999.000,9999.000,9999.000,9999.000,9999.000,9999.000
202607261130,   0.728,   1.361,9999.000,9999.000,9999.000,9999.000,9999.000,9999.000,9999.000
202607261136,   0.730,   1.361,9999.000,9999.000,9999.000,9999.000,9999.000,9999.000,9999.000
202607261142,   0.733,   1.361,9999.000,9999.000,9999.000,9999.000,9999.000,9999.000,9999.000
202607261148,   0.736,   1.361,9999.000,9999.000,9999.000,9999.000,9999.000,9999.000,9999.000
202607261154,   0.740,   1.361,9999.000,9999.000,9999.000,9999.000,9999.000,9999.000,9999.000
202607261200,   0.745,   1.380,   0.500,   0.135,   1.380,   0.400,   1.280,   0.500,   1.380
202607261206,   0.752,   1.390,9999.000,9999.000,9999.000,9999.000,9999.000,9999.000,9999.000
202607261212,   0.759,   1.400,9999.000,9999.000,9999.000,9999.000,9999.000,9999.000,9999.000
202607261218,   0.767,   1.420,9999.000,9999.000,9999.000,9999.000,9999.000,9999.000,9999.000
202607261224,   0.776,   1.459,9999.000,9999.000,9999.000,9999.000,9999.000,9999.000,9999.000
202607261230,   0.786,   1.479,9999.000,9999.000,9999.000,9999.000,9999.000,9999.000,9999.000
202607261236,   0.797,   1.508,9999.000,9999.000,9999.000,9999.000,9999.000,9999.000,9999.000
202607261242,   0.808,   1.518,9999.000,9999.000,9999.000,9999.000,9999.000,9999.000,9999.000
202607261248,   0.821,   1.548,9999.000,9999.000,9999.000,9999.000,9999.000,9999.000,9999.000
202607261254,   0.834,   1.548,9999.000,9999.000,9999.000,9999.000,9999.000,9999.000,9999.000
202607261300,   0.848,   1.538,   0.500,   0.190,   1.538,   0.400,   1.438,   0.500,   1.538
202607261306,   0.863,   1.590,9999.000,9999.000,9999.000,9999.000,9999.000,9999.000,9999.000
202607261312,   0.879,   1.649,9999.000,9999.000,9999.000,9999.000,9999.000,9999.000,9999.000
202607261318,   0.895,   1.679,9999.000,9999.000,9999.000,9999.000,9999.000,9999.000,9999.000
202607261324,   0.912,   1.699,9999.000,9999.000,9999.000,9999.000,9999.000,9999.000,9999.000
202607261330,   0.929,   1.728,9999.000,9999.000,9999.000,9999.000,9999.000,9999.000,9999.000
202607261336,   0.947,   1.748,9999.000,9999.000,9999.000,9999.000,9999.000,9999.000,9999.000
202607261342,   0.965,   1.758,9999.000,9999.000,9999.000,9999.000,9999.000,9999.000,9999.000
202607261348,   0.984,   1.748,9999.000,9999.000,9999.000,9999.000,9999.000,9999.000,9999.000
202607261354,   1.003,   1.738,9999.000,9999.000,9999.000,9999.000,9999.000,9999.000,9999.000
202607261400,   1.022,   1.767,   0.500,   0.245,   1.767,   0.400,   1.667,   0.500,   1.767
202607261406,   1.041,   1.790,9999.000,9999.000,9999.000,9999.000,9999.000,9999.000,9999.000
202607261412,   1.060,   1.800,9999.000,9999.000,9999.000,9999.000,9999.000,9999.000,9999.000
202607261418,   1.080,   1.810,9999.000,9999.000,9999.000,9999.000,9999.000,9999.000,9999.000
202607261424,   1.099,   1.830,9999.000,9999.000,9999.000,9999.000,9999.000,9999.000,9999.000
202607261430,   1.119,   1.820,9999.000,9999.000,9999.000,9999.000,9999.000,9999.000,9999.000
202607261436,   1.138,   1.840,9999.000,9999.000,9999.000,9999.000,9999.000,9999.000,9999.000
202607261442,   1.157,   1.849,9999.000,9999.000,9999.000,9999.000,9999.000,9999.000,9999.000
202607261448,   1.176,   1.859,9999.000,9999.000,9999.000,9999.000,9999.000,9999.000,9999.000
202607261454,   1.195,   1.879,9999.000,9999.000,9999.000,9999.000,9999.000,9999.000,9999.000
202607261500,   1.213,   1.899,   0.500,   0.186,   1.899,   0.500,   1.899,   0.500,   1.899
202607261506,   1.232,   1.918,9999.000,9999.000,9999.000,9999.000,9999.000,9999.000,9999.000
202607261512,   1.250,   1.928,9999.000,9999.000,9999.000,9999.000,9999.000,9999.000,9999.000
202607261518,   1.267,   1.948,9999.000,9999.000,9999.000,9999.000,9999.000,9999.000,9999.000
202607261524,   1.285,   1.948,9999.000,9999.000,9999.000,9999.000,9999.000,9999.000,9999.000
202607261530,   1.301,   1.958,9999.000,9999.000,9999.000,9999.000,9999.000,9999.000,9999.000
202607261536,   1.318,   1.967,9999.000,9999.000,9999.000,9999.000,9999.000,9999.000,9999.000
202607261542,   1.334,   1.981,9999.000,9999.000,9999.000,9999.000,9999.000,9999.000,9999.000
202607261548,   1.349,   1.990,9999.000,9999.000,9999.000,9999.000,9999.000,9999.000,9999.000
202607261554,   1.365,   2.000,9999.000,9999.000,9999.000,9999.000,9999.000,9999.000,9999.000
202607261600,   1.379,   2.010,   0.500,   0.131,   2.010,   0.500,   2.010,   0.500,   2.010
202607261606,   1.393,   2.010,9999.000,9999.000,9999.000,9999.000,9999.000,9999.000,9999.000
202607261612,   1.407,   2.030,9999.000,9999.000,9999.000,9999.000,9999.000,9999.000,9999.000
202607261618,   1.420,   2.040,9999.000,9999.000,9999.000,9999.000,9999.000,9999.000,9999.000
202607261624,   1.432,   2.040,9999.000,9999.000,9999.000,9999.000,9999.000,9999.000,9999.000
202607261630,   1.444,   2.049,9999.000,9999.000,9999.000,9999.000,9999.000,9999.000,9999.000
202607261636,   1.455,   2.059,9999.000,9999.000,9999.000,9999.000,9999.000,9999.000,9999.000
202607261642,   1.465,   2.069,9999.000,9999.000,9999.000,9999.000,9999.000,9999.000,9999.000
202607261648,   1.475,   2.069,9999.000,9999.000,9999.000,9999.000,9999.000,9999.000,9999.000
202607261654,   1.484,   2.079,9999.000,9999.000,9999.000,9999.000,9999.000,9999.000,9999.000
202607261700,   1.492,   2.079,   0.500,   0.087,   2.079,   0.500,   2.079,   0.500,   2.079
202607261706,   1.499,   2.089,9999.000,9999.000,9999.000,9999.000,9999.000,9999.000,9999.000
202607261712,   1.506,   2.089,9999.000,9999.000,9999.000,9999.000,9999.000,9999.000,9999.000
202607261718,   1.512,   2.099,9999.000,9999.000,9999.000,9999.000,9999.000,9999.000,9999.000
202607261724,   1.517,   2.099,9999.000,9999.000,9999.000,9999.000,9999.000,9999.000,9999.000
202607261730,   1.520,   2.109,9999.000,9999.000,9999.000,9999.000,9999.000,9999.000,9999.000
202607261736,   1.524,   2.109,9999.000,9999.000,9999.000,9999.000,9999.000,9999.000,9999.000
202607261742,   1.526,   2.099,9999.000,9999.000,9999.000,9999.000,9999.000,9999.000,9999.000
202607261748,   1.527,   2.099,9999.000,9999.000,9999.000,9999.000,9999.000,9999.000,9999.000
202607261754,   1.527,   2.059,9999.000,9999.000,9999.000,9999.000,9999.000,9999.000,9999.000
202607261800,   1.526,   2.040,   0.500,   0.014,   2.040,   0.400,   1.940,   0.500,   2.040
202607261806,   1.525,   2.049,9999.000,9999.000,9999.000,9999.000,9999.000,9999.000,9999.000
202607261812,   1.522,   2.040,9999.000,9999.000,9999.000,9999.000,9999.000,9999.000,9999.000
202607261818,   1.519,   2.030,9999.000,9999.000,9999.000,9999.000,9999.000,9999.000,9999.000
202607261824,   1.514,   2.030,9999.000,9999.000,9999.000,9999.000,9999.000,9999.000,9999.000
202607261830,   1.509,   2.020,9999.000,9999.000,9999.000,9999.000,9999.000,9999.000,9999.000
202607261836,   1.503,   2.010,9999.000,9999.000,9999.000,9999.000,9999.000,9999.000,9999.000
202607261842,   1.495,   2.000,9999.000,9999.000,9999.000,9999.000,9999.000,9999.000,9999.000
202607261848,   1.488,   1.981,9999.000,9999.000,9999.000,9999.000,9999.000,9999.000,9999.000
202607261854,   1.479,   1.967,9999.000,9999.000,9999.000,9999.000,9999.000,9999.000,9999.000
202607261900,   1.469,   1.938,   0.500,  -0.031,   1.938,   0.400,   1.838,   0.500,   1.938
202607261906,   1.459,   1.918,9999.000,9999.000,9999.000,9999.000,9999.000,9999.000,9999.000
202607261912,   1.448,   1.889,9999.000,9999.000,9999.000,9999.000,9999.000,9999.000,9999.000
202607261918,   1.437,   1.869,9999.000,9999.000,9999.000,9999.000,9999.000,9999.000,9999.000
202607261924,   1.424,   1.840,9999.000,9999.000,9999.000,9999.000,9999.000,9999.000,9999.000
202607261930,   1.412,   1.820,9999.000,9999.000,9999.000,9999.000,9999.000,9999.000,9999.000
202607261936,   1.399,   1.790,9999.000,9999.000,9999.000,9999.000,9999.000,9999.000,9999.000
202607261942,   1.385,   1.758,9999.000,9999.000,9999.000,9999.000,9999.000,9999.000,9999.000
202607261948,   1.371,   1.738,9999.000,9999.000,9999.000,9999.000,9999.000,9999.000,9999.000
202607261954,   1.356,   1.728,9999.000,9999.000,9999.000,9999.000,9999.000,9999.000,9999.000
202607262000,   1.342,   1.699,   0.500,  -0.143,   1.699,   0.500,   1.699,   0.500,   1.699
202607262006,   1.327,   1.649,9999.000,9999.000,9999.000,9999.000,9999.000,9999.000,9999.000
202607262012,   1.311,   1.639,9999.000,9999.000,9999.000,9999.000,9999.000,9999.000,9999.000
202607262018,   1.296,   1.600,9999.000,9999.000,9999.000,9999.000,9999.000,9999.000,9999.000
202607262024,   1.280,   1.590,9999.000,9999.000,9999.000,9999.000,9999.000,9999.000,9999.000
202607262030,   1.264,   1.580,9999.000,9999.000,9999.000,9999.000,9999.000,9999.000,9999.000
202607262036,   1.248,   1.538,9999.000,9999.000,9999.000,9999.000,9999.000,9999.000,9999.000
202607262042,   1.231,   1.518,9999.000,9999.000,9999.000,9999.000,9999.000,9999.000,9999.000
202607262048,   1.215,   1.479,9999.000,9999.000,9999.000,9999.000,9999.000,9999.000,9999.000
202607262054,   1.198,   1.439,9999.000,9999.000,9999.000,9999.000,9999.000,9999.000,9999.000
202607262100,   1.181,   1.439,   0.500,  -0.242,   1.439,   0.400,   1.339,   0.500,   1.439
202607262106,   1.164,   1.430,9999.000,9999.000,9999.000,9999.000,9999.000,9999.000,9999.000
202607262112,   1.147,   1.410,9999.000,9999.000,9999.000,9999.000,9999.000,9999.000,9999.000
202607262118,   1.129,   1.380,9999.000,9999.000,9999.000,9999.000,9999.000,9999.000,9999.000
202607262124,   1.111,   1.371,9999.000,9999.000,9999.000,9999.000,9999.000,9999.000,9999.000
202607262130,   1.093,   1.348,9999.000,9999.000,9999.000,9999.000,9999.000,9999.000,9999.000
202607262136,   1.075,   1.318,9999.000,9999.000,9999.000,9999.000,9999.000,9999.000,9999.000
202607262142,   1.056,   1.308,9999.000,9999.000,9999.000,9999.000,9999.000,9999.000,9999.000
202607262148,   1.037,   1.308,9999.000,9999.000,9999.000,9999.000,9999.000,9999.000,9999.000
202607262154,   1.018,   1.289,9999.000,9999.000,9999.000,9999.000,9999.000,9999.000,9999.000
202607262200,   0.998,   1.269,   0.500,  -0.229,   1.269,   0.400,   1.169,   0.500,   1.269
202607262206,   0.978,   1.239,9999.000,9999.000,9999.000,9999.000,9999.000,9999.000,9999.000
202607262212,   0.957,   1.220,9999.000,9999.000,9999.000,9999.000,9999.000,9999.000,9999.000
202607262218,   0.936,   1.200,9999.000,9999.000,9999.000,9999.000,9999.000,9999.000,9999.000
202607262224,   0.915,   1.180,9999.000,9999.000,9999.000,9999.000,9999.000,9999.000,9999.000
202607262230,   0.893,   1.161,9999.000,9999.000,9999.000,9999.000,9999.000,9999.000,9999.000
202607262236,   0.871,   1.128,9999.000,9999.000,9999.000,9999.000,9999.000,9999.000,9999.000
202607262242,   0.848,   1.108,9999.000,9999.000,9999.000,9999.000,9999.000,9999.000,9999.000
202607262248,   0.825,   1.098,9999.000,9999.000,9999.000,9999.000,9999.000,9999.000,9999.000
202607262254,   0.801,   1.069,9999.000,9999.000,9999.000,9999.000,9999.000,9999.000,9999.000
202607262300,   0.778,   1.039,   0.500,  -0.239,   1.039,   0.400,   0.939,   0.500,   1.039
202607262306,   0.753,   1.020,9999.000,9999.000,9999.000,9999.000,9999.000,9999.000,9999.000
202607262312,   0.729,   1.000,9999.000,9999.000,9999.000,9999.000,9999.000,9999.000,9999.000
202607262318,   0.704,   0.990,9999.000,9999.000,9999.000,9999.000,9999.000,9999.000,9999.000
202607262324,   0.679,   0.961,9999.000,9999.000,9999.000,9999.000,9999.000,9999.000,9999.000
202607262330,   0.654,   0.941,9999.000,9999.000,9999.000,9999.000,9999.000,9999.000,9999.000
202607262336,   0.628,   0.928,9999.000,9999.000,9999.000,9999.000,9999.000,9999.000,9999.000
202607262342,   0.603,   0.908,9999.000,9999.000,9999.000,9999.000,9999.000,9999.000,9999.000
202607262348,   0.577,   0.898,9999.000,9999.000,9999.000,9999.000,9999.000,9999.000,9999.000
202607262354,   0.552,   0.869,9999.000,9999.000,9999.000,9999.000,9999.000,9999.000,9999.000
202607270000,   0.526,   0.839,   0.400,  -0.087,   0.839,   0.400,   0.839,   0.400,   0.839
202607270006,   0.501,   0.829,9999.000,9999.000,9999.000,9999.000,9999.000,9999.000,9999.000
202607270012,   0.476,   0.810,9999.000,9999.000,9999.000,9999.000,9999.000,9999.000,9999.000
202607270018,   0.452,   0.790,9999.000,9999.000,9999.000,9999.000,9999.000,9999.000,9999.000
202607270024,   0.427,   0.760,9999.000,9999.000,9999.000,9999.000,9999.000,9999.000,9999.000
202607270030,   0.403,   0.741,9999.000,9999.000,9999.000,9999.000,9999.000,9999.000,9999.000
202607270036,   0.380,   0.718,9999.000,9999.000,9999.000,9999.000,9999.000,9999.000,9999.000
202607270042,   0.357,   0.698,9999.000,9999.000,9999.000,9999.000,9999.000,9999.000,9999.000
202607270048,   0.335,   0.678,9999.000,9999.000,9999.000,9999.000,9999.000,9999.000,9999.000
202607270054,   0.313,   0.659,9999.000,9999.000,9999.000,9999.000,9999.000,9999.000,9999.000
202607270100,   0.292,   0.649,   0.400,  -0.043,   0.649,   0.400,   0.649,   0.400,   0.649
202607270106,   0.272,   0.629,9999.000,9999.000,9999.000,9999.000,9999.000,9999.000,9999.000
202607270112,   0.253,   0.610,9999.000,9999.000,9999.000,9999.000,9999.000,9999.000,9999.000
202607270118,   0.235,   0.600,9999.000,9999.000,9999.000,9999.000,9999.000,9999.000,9999.000
202607270124,   0.217,   0.580,9999.000,9999.000,9999.000,9999.000,9999.000,9999.000,9999.000
202607270130,   0.200,   0.560,9999.000,9999.000,9999.000,9999.000,9999.000,9999.000,9999.000
202607270136,   0.185,   0.551,9999.000,9999.000,9999.000,9999.000,9999.000,9999.000,9999.000
202607270142,   0.170,   0.531,9999.000,9999.000,9999.000,9999.000,9999.000,9999.000,9999.000
202607270148,   0.157,   0.518,9999.000,9999.000,9999.000,9999.000,9999.000,9999.000,9999.000
202607270154,   0.144,   0.508,9999.000,9999.000,9999.000,9999.000,9999.000,9999.000,9999.000
202607270200,   0.133,   0.498,   0.400,  -0.035,   0.498,   0.400,   0.498,   0.400,   0.498
202607270206,   0.122,   0.488,9999.000,9999.000,9999.000,9999.000,9999.000,9999.000,9999.000
202607270212,   0.113,   0.478,9999.000,9999.000,9999.000,9999.000,9999.000,9999.000,9999.000
202607270218,   0.105,   0.478,9999.000,9999.000,9999.000,9999.000,9999.000,9999.000,9999.000
202607270224,   0.098,   0.469,9999.000,9999.000,9999.000,9999.000,9999.000,9999.000,9999.000
202607270230,   0.093,   0.459,9999.000,9999.000,9999.000,9999.000,9999.000,9999.000,9999.000
202607270236,   0.088,   0.449,9999.000,9999.000,9999.000,9999.000,9999.000,9999.000,9999.000
202607270242,   0.085,   0.459,9999.000,9999.000,9999.000,9999.000,9999.000,9999.000,9999.000
202607270248,   0.083,   0.449,9999.000,9999.000,9999.000,9999.000,9999.000,9999.000,9999.000
202607270254,   0.082,   0.449,9999.000,9999.000,9999.000,9999.000,9999.000,9999.000,9999.000
202607270300,   0.083,   0.449,   0.400,  -0.034,   0.449,   0.400,   0.449,   0.400,   0.449
202607270306,   0.085,   0.449,9999.000,9999.000,9999.000,9999.000,9999.000,9999.000,9999.000
202607270312,   0.088,   0.459,9999.000,9999.000,9999.000,9999.000,9999.000,9999.000,9999.000
202607270318,   0.092,   0.459,9999.000,9999.000,9999.000,9999.000,9999.000,9999.000,9999.000
202607270324,   0.098,   0.469,9999.000,9999.000,9999.000,9999.000,9999.000,9999.000,9999.000
202607270330,   0.105,   0.478,9999.000,9999.000,9999.000,9999.000,9999.000,9999.000,9999.000
202607270336,   0.113,   0.488,9999.000,9999.000,9999.000,9999.000,9999.000,9999.000,9999.000
202607270342,   0.122,   0.518,9999.000,9999.000,9999.000,9999.000,9999.000,9999.000,9999.000
202607270348,   0.133,   0.541,9999.000,9999.000,9999.000,9999.000,9999.000,9999.000,9999.000
202607270354,   0.145,   0.560,9999.000,9999.000,9999.000,9999.000,9999.000,9999.000,9999.000
202607270400,   0.158,   0.580,   0.400,   0.022,   0.580,   0.400,   0.580,   0.400,   0.580
202607270406,   0.173,   0.600,9999.000,9999.000,9999.000,9999.000,9999.000,9999.000,9999.000
202607270412,   0.188,   0.629,9999.000,9999.000,9999.000,9999.000,9999.000,9999.000,9999.000
202607270418,   0.205,   0.649,9999.000,9999.000,9999.000,9999.000,9999.000,9999.000,9999.000
202607270424,   0.222,   0.678,9999.000,9999.000,9999.000,9999.000,9999.000,9999.000,9999.000
202607270430,   0.241,   0.698,9999.000,9999.000,9999.000,9999.000,9999.000,9999.000,9999.000
202607270436,   0.260,   0.718,9999.000,9999.000,9999.000,9999.000,9999.000,9999.000,9999.000
202607270442,   0.281,   0.741,9999.000,9999.000,9999.000,9999.000,9999.000,9999.000,9999.000
202607270448,   0.302,   0.760,9999.000,9999.000,9999.000,9999.000,9999.000,9999.000,9999.000
202607270454,   0.324,   0.770,9999.000,9999.000,9999.000,9999.000,9999.000,9999.000,9999.000
202607270500,   0.347,   0.780,   0.400,   0.033,   0.780,   0.400,   0.780,   0.400,   0.780
202607270506,   0.370,   0.800,9999.000,9999.000,9999.000,9999.000,9999.000,9999.000,9999.000
202607270512,   0.394,   0.819,9999.000,9999.000,9999.000,9999.000,9999.000,9999.000,9999.000
202607270518,   0.418,   0.839,9999.000,9999.000,9999.000,9999.000,9999.000,9999.000,9999.000
202607270524,   0.442,   0.859,9999.000,9999.000,9999.000,9999.000,9999.000,9999.000,9999.000
202607270530,   0.467,   0.879,9999.000,9999.000,9999.000,9999.000,9999.000,9999.000,9999.000
202607270536,   0.492,   0.898,9999.000,9999.000,9999.000,9999.000,9999.000,9999.000,9999.000
202607270542,   0.517,   0.918,9999.000,9999.000,9999.000,9999.000,9999.000,9999.000,9999.000
202607270548,   0.541,   0.941,9999.000,9999.000,9999.000,9999.000,9999.000,9999.000,9999.000
202607270554,   0.566,   0.951,9999.000,9999.000,9999.000,9999.000,9999.000,9999.000,9999.000
202607270600,   0.590,   0.980,   0.400,  -0.010,   0.980,   0.400,   0.980,   0.400,   0.980
202607270606,   0.614,   1.000,9999.000,9999.000,9999.000,9999.000,9999.000,9999.000,9999.000
202607270612,   0.637,   1.020,9999.000,9999.000,9999.000,9999.000,9999.000,9999.000,9999.000
202607270618,   0.660,   1.039,9999.000,9999.000,9999.000,9999.000,9999.000,9999.000,9999.000
202607270624,   0.682,   1.059,9999.000,9999.000,9999.000,9999.000,9999.000,9999.000,9999.000
202607270630,   0.703,   1.069,9999.000,9999.000,9999.000,9999.000,9999.000,9999.000,9999.000
202607270636,   0.724,   1.088,9999.000,9999.000,9999.000,9999.000,9999.000,9999.000,9999.000
202607270642,   0.744,   1.108,9999.000,9999.000,9999.000,9999.000,9999.000,9999.000,9999.000
202607270648,   0.762,   1.128,9999.000,9999.000,9999.000,9999.000,9999.000,9999.000,9999.000
202607270654,   0.780,   1.151,9999.000,9999.000,9999.000,9999.000,9999.000,9999.000,9999.000
202607270700,   0.797,   1.170,   0.400,  -0.027,   1.170,   0.400,   1.170,   0.400,   1.170
202607270706,   0.813,   1.190,9999.000,9999.000,9999.000,9999.000,9999.000,9999.000,9999.000
202607270712,   0.827,   1.210,9999.000,9999.000,9999.000,9999.000,9999.000,9999.000,9999.000
202607270718,   0.841,   1.229,9999.000,9999.000,9999.000,9999.000,9999.000,9999.000,9999.000
202607270724,   0.853,   1.239,9999.000,9999.000,9999.000,9999.000,9999.000,9999.000,9999.000
202607270730,   0.865,   1.259,9999.000,9999.000,9999.000,9999.000,9999.000,9999.000,9999.000
202607270736,   0.875,   1.279,9999.000,9999.000,9999.000,9999.000,9999.000,9999.000,9999.000
202607270742,   0.884,   1.298,9999.000,9999.000,9999.000,9999.000,9999.000,9999.000,9999.000
202607270748,   0.892,   1.308,9999.000,9999.000,9999.000,9999.000,9999.000,9999.000,9999.000
202607270754,   0.899,   1.318,9999.000,9999.000,9999.000,9999.000,9999.000,9999.000,9999.000
202607270800,   0.905,   1.338,   0.400,   0.033,   1.338,   0.400,   1.338,   0.400,   1.338
202607270806,   0.910,   1.361,9999.000,9999.000,9999.000,9999.000,9999.000,9999.000,9999.000
202607270812,   0.914,   1.371,9999.000,9999.000,9999.000,9999.000,9999.000,9999.000,9999.000
202607270818,   0.917,   1.390,9999.000,9999.000,9999.000,9999.000,9999.000,9999.000,9999.000
202607270824,   0.920,   1.390,9999.000,9999.000,9999.000,9999.000,9999.000,9999.000,9999.000
202607270830,   0.921,   1.400,9999.000,9999.000,9999.000,9999.000,9999.000,9999.000,9999.000
202607270836,   0.921,   1.400,9999.000,9999.000,9999.000,9999.000,9999.000,9999.000,9999.000
202607270842,   0.921,   1.400,9999.000,9999.000,9999.000,9999.000,9999.000,9999.000,9999.000
202607270848,   0.920,   1.410,9999.000,9999.000,9999.000,9999.000,9999.000,9999.000,9999.000
202607270854,   0.919,   1.400,9999.000,9999.000,9999.000,9999.000,9999.000,9999.000,9999.000
202607270900,   0.916,   1.400,   0.400,   0.084,   1.400,   0.400,   1.400,   0.400,   1.400
202607270906,   0.913,   1.390,9999.000,9999.000,9999.000,9999.000,9999.000,9999.000,9999.000
202607270912,   0.910,   1.390,9999.000,9999.000,9999.000,9999.000,9999.000,9999.000,9999.000
202607270918,   0.906,   1.380,9999.000,9999.000,9999.000,9999.000,9999.000,9999.000,9999.000
202607270924,   0.902,   1.361,9999.000,9999.000,9999.000,9999.000,9999.000,9999.000,9999.000
202607270930,   0.897,   1.348,9999.000,9999.000,9999.000,9999.000,9999.000,9999.000,9999.000
202607270936,   0.892,   1.338,9999.000,9999.000,9999.000,9999.000,9999.000,9999.000,9999.000
202607270942,   0.886,   1.338,9999.000,9999.000,9999.000,9999.000,9999.000,9999.000,9999.000
202607270948,   0.880,   1.328,9999.000,9999.000,9999.000,9999.000,9999.000,9999.000,9999.000
202607270954,   0.874,   1.328,9999.000,9999.000,9999.000,9999.000,9999.000,9999.000,9999.000
202607271000,   0.868,   1.338,   0.400,   0.070,   1.338,   0.400,   1.338,   0.400,   1.338
202607271006,   0.861,   1.338,9999.000,9999.000,9999.000,9999.000,9999.000,9999.000,9999.000
202607271012,   0.854,   1.348,9999.000,9999.000,9999.000,9999.000,9999.000,9999.000,9999.000
202607271018,   0.847,   1.338,9999.000,9999.000,9999.000,9999.000,9999.000,9999.000,9999.000
202607271024,   0.840,   1.338,9999.000,9999.000,9999.000,9999.000,9999.000,9999.000,9999.000
202607271030,   0.833,   1.348,9999.000,9999.000,9999.000,9999.000,9999.000,9999.000,9999.000
202607271036,   0.825,   1.361,9999.000,9999.000,9999.000,9999.000,9999.000,9999.000,9999.000
202607271042,   0.818,   1.348,9999.000,9999.000,9999.000,9999.000,9999.000,9999.000,9999.000
202607271048,   0.811,   1.361,9999.000,9999.000,9999.000,9999.000,9999.000,9999.000,9999.000
202607271054,   0.804,   1.348,9999.000,9999.000,9999.000,9999.000,9999.000,9999.000,9999.000
202607271100,   0.797,   1.348,   0.400,   0.151,   1.348,   0.400,   1.348,   0.400,   1.348
202607271106,   0.790,   1.338,9999.000,9999.000,9999.000,9999.000,9999.000,9999.000,9999.000
202607271112,   0.784,   1.348,9999.000,9999.000,9999.000,9999.000,9999.000,9999.000,9999.000
202607271118,   0.777,   1.348,9999.000,9999.000,9999.000,9999.000,9999.000,9999.000,9999.000
202607271124,   0.771,   1.328,9999.000,9999.000,9999.000,9999.000,9999.000,9999.000,9999.000
202607271130,   0.766,   1.328,9999.000,9999.000,9999.000,9999.000,9999.000,9999.000,9999.000
202607271136,   0.761,   1.318,9999.000,9999.000,9999.000,9999.000,9999.000,9999.000,9999.000
202607271142,   0.756,   1.298,9999.000,9999.000,9999.000,9999.000,9999.000,9999.000,9999.000
202607271148,   0.752,   1.289,9999.000,9999.000,9999.000,9999.000,9999.000,9999.000,9999.000
202607271154,   0.748,   1.279,9999.000,9999.000,9999.000,9999.000,9999.000,9999.000,9999.000
202607271200,   0.746,   1.269,   0.500,   0.023,   1.269,   0.400,   1.169,   0.500,   1.269
202607271206,   0.744,   1.259,9999.000,9999.000,9999.000,9999.000,9999.000,9999.000,9999.000
202607271212,   0.742,   1.249,9999.000,9999.000,9999.000,9999.000,9999.000,9999.000,9999.000
202607271218,   0.742,   1.239,9999.000,9999.000,9999.000,9999.000,9999.000,9999.000,9999.000
202607271224,   0.742,   1.239,9999.000,9999.000,9999.000,9999.000,9999.000,9999.000,9999.000
202607271230,   0.743,   1.239,9999.000,9999.000,9999.000,9999.000,9999.000,9999.000,9999.000
202607271236,   0.746,   1.239,9999.000,9999.000,9999.000,9999.000,9999.000,9999.000,9999.000
202607271242,   0.749,   1.239,9999.000,9999.000,9999.000,9999.000,9999.000,9999.000,9999.000
202607271248,   0.753,   1.239,9999.000,9999.000,9999.000,9999.000,9999.000,9999.000,9999.000
202607271254,   0.758,   1.239,9999.000,9999.000,9999.000,9999.000,9999.000,9999.000,9999.000
202607271300,   0.764,   1.239,   0.500,  -0.025,   1.239,   0.400,   1.139,   0.500,   1.239
202607271306,   0.771,   1.239,9999.000,9999.000,9999.000,9999.000,9999.000,9999.000,9999.000
202607271312,   0.780,   1.239,9999.000,9999.000,9999.000,9999.000,9999.000,9999.000,9999.000
202607271318,   0.789,   1.249,9999.000,9999.000,9999.000,9999.000,9999.000,9999.000,9999.000
202607271324,   0.799,   1.259,9999.000,9999.000,9999.000,9999.000,9999.000,9999.000,9999.000
202607271330,   0.810,   1.269,9999.000,9999.000,9999.000,9999.000,9999.000,9999.000,9999.000
202607271336,   0.823,   1.279,9999.000,9999.000,9999.000,9999.000,9999.000,9999.000,9999.000
202607271342,   0.836,   1.279,9999.000,9999.000,9999.000,9999.000,9999.000,9999.000,9999.000
202607271348,   0.850,   1.298,9999.000,9999.000,9999.000,9999.000,9999.000,9999.000,9999.000
202607271354,   0.865,   1.308,9999.000,9999.000,9999.000,9999.000,9999.000,9999.000,9999.000
202607271400,   0.880,   1.318,   0.500,  -0.062,   1.318,   0.400,   1.218,   0.500,   1.318
202607271406,   0.897,   1.338,9999.000,9999.000,9999.000,9999.000,9999.000,9999.000,9999.000
202607271412,   0.914,   1.361,9999.000,9999.000,9999.000,9999.000,9999.000,9999.000,9999.000
202607271418,   0.932,   1.390,9999.000,9999.000,9999.000,9999.000,9999.000,9999.000,9999.000
202607271424,   0.950,   1.410,9999.000,9999.000,9999.000,9999.000,9999.000,9999.000,9999.000
202607271430,   0.969,   1.430,9999.000,9999.000,9999.000,9999.000,9999.000,9999.000,9999.000
202607271436,   0.988,   1.449,9999.000,9999.000,9999.000,9999.000,9999.000,9999.000,9999.000
202607271442,   1.008,   1.469,9999.000,9999.000,9999.000,9999.000,9999.000,9999.000,9999.000
202607271448,   1.028,   1.508,9999.000,9999.000,9999.000,9999.000,9999.000,9999.000,9999.000
202607271454,   1.048,   1.538,9999.000,9999.000,9999.000,9999.000,9999.000,9999.000,9999.000
202607271500,   1.069,   1.571,   0.500,   0.002,   1.571,   0.400,   1.471,   0.500,   1.571
202607271506,   1.090,   1.590,9999.000,9999.000,9999.000,9999.000,9999.000,9999.000,9999.000
202607271512,   1.110,   1.600,9999.000,9999.000,9999.000,9999.000,9999.000,9999.000,9999.000
202607271518,   1.131,   1.620,9999.000,9999.000,9999.000,9999.000,9999.000,9999.000,9999.000
202607271524,   1.152,   1.639,9999.000,9999.000,9999.000,9999.000,9999.000,9999.000,9999.000
202607271530,   1.173,   1.659,9999.000,9999.000,9999.000,9999.000,9999.000,9999.000,9999.000
202607271536,   1.193,   1.679,9999.000,9999.000,9999.000,9999.000,9999.000,9999.000,9999.000
202607271542,   1.214,   1.699,9999.000,9999.000,9999.000,9999.000,9999.000,9999.000,9999.000
202607271548,   1.234,   1.728,9999.000,9999.000,9999.000,9999.000,9999.000,9999.000,9999.000
202607271554,   1.254,   1.748,9999.000,9999.000,9999.000,9999.000,9999.000,9999.000,9999.000
202607271600,   1.274,   1.767,   0.500,  -0.007,   1.767,   0.400,   1.667,   0.500,   1.767
202607271606,   1.293,   1.790,9999.000,9999.000,9999.000,9999.000,9999.000,9999.000,9999.000
202607271612,   1.312,   1.800,9999.000,9999.000,9999.000,9999.000,9999.000,9999.000,9999.000
202607271618,   1.331,   1.820,9999.000,9999.000,9999.000,9999.000,9999.000,9999.000,9999.000
202607271624,   1.349,   1.849,9999.000,9999.000,9999.000,9999.000,9999.000,9999.000,9999.000
202607271630,   1.367,   1.869,9999.000,9999.000,9999.000,9999.000,9999.000,9999.000,9999.000
202607271636,   1.384,   1.889,9999.000,9999.000,9999.000,9999.000,9999.000,9999.000,9999.000
202607271642,   1.400,   1.908,9999.000,9999.000,9999.000,9999.000,9999.000,9999.000,9999.000
202607271648,   1.416,   1.928,9999.000,9999.000,9999.000,9999.000,9999.000,9999.000,9999.000
202607271654,   1.432,   1.948,9999.000,9999.000,9999.000,9999.000,9999.000,9999.000,9999.000
202607271700,   1.447,   1.967,   0.500,   0.020,   1.967,   0.400,   1.867,   0.500,   1.967
202607271706,   1.461,   1.990,9999.000,9999.000,9999.000,9999.000,9999.000,9999.000,9999.000
202607271712,   1.474,   2.010,9999.000,9999.000,9999.000,9999.000,9999.000,9999.000,9999.000
202607271718,   1.487,   2.020,9999.000,9999.000,9999.000,9999.000,9999.000,9999.000,9999.000
202607271724,   1.499,   2.040,9999.000,9999.000,9999.000,9999.000,9999.000,9999.000,9999.000
202607271730,   1.511,   2.049,9999.000,9999.000,9999.000,9999.000,9999.000,9999.000,9999.000
202607271736,   1.521,   2.059,9999.000,9999.000,9999.000,9999.000,9999.000,9999.000,9999.000
202607271742,   1.531,   2.079,9999.000,9999.000,9999.000,9999.000,9999.000,9999.000,9999.000
202607271748,   1.539,   2.079,9999.000,9999.000,9999.000,9999.000,9999.000,9999.000,9999.000
202607271754,   1.547,   2.089,9999.000,9999.000,9999.000,9999.000,9999.000,9999.000,9999.000
202607271800,   1.554,   2.099,   0.500,   0.045,   2.099,   0.500,   2.099,   0.600,   2.199
202607271806,   1.560,   2.109,9999.000,9999.000,9999.000,9999.000,9999.000,9999.000,9999.000
202607271812,   1.565,   2.118,9999.000,9999.000,9999.000,9999.000,9999.000,9999.000,9999.000
202607271818,   1.569,   2.118,9999.000,9999.000,9999.000,9999.000,9999.000,9999.000,9999.000
202607271824,   1.572,   2.128,9999.000,9999.000,9999.000,9999.000,9999.000,9999.000,9999.000
202607271830,   1.574,   2.128,9999.000,9999.000,9999.000,9999.000,9999.000,9999.000,9999.000
202607271836,   1.575,   2.128,9999.000,9999.000,9999.000,9999.000,9999.000,9999.000,9999.000
202607271842,   1.575,   2.118,9999.000,9999.000,9999.000,9999.000,9999.000,9999.000,9999.000
202607271848,   1.573,   2.128,9999.000,9999.000,9999.000,9999.000,9999.000,9999.000,9999.000
202607271854,   1.571,   2.118,9999.000,9999.000,9999.000,9999.000,9999.000,9999.000,9999.000
202607271900,   1.568,   2.109,   0.600,  -0.059,   2.109,   0.500,   2.009,   0.600,   2.109
202607271906,   1.563,   2.089,9999.000,9999.000,9999.000,9999.000,9999.000,9999.000,9999.000
202607271912,   1.558,   2.089,9999.000,9999.000,9999.000,9999.000,9999.000,9999.000,9999.000
202607271918,   1.552,   2.049,9999.000,9999.000,9999.000,9999.000,9999.000,9999.000,9999.000
202607271924,   1.544,   2.030,9999.000,9999.000,9999.000,9999.000,9999.000,9999.000,9999.000
202607271930,   1.536,   2.010,9999.000,9999.000,9999.000,9999.000,9999.000,9999.000,9999.000
202607271936,   1.527,   2.000,9999.000,9999.000,9999.000,9999.000,9999.000,9999.000,9999.000
202607271942,   1.517,   1.990,9999.000,9999.000,9999.000,9999.000,9999.000,9999.000,9999.000
202607271948,   1.506,   1.958,9999.000,9999.000,9999.000,9999.000,9999.000,9999.000,9999.000
202607271954,   1.495,   1.918,9999.000,9999.000,9999.000,9999.000,9999.000,9999.000,9999.000
202607272000,   1.482,   1.908,   0.600,  -0.174,   1.908,   0.500,   1.808,   0.600,   1.908
202607272006,   1.469,   1.879,9999.000,9999.000,9999.000,9999.000,9999.000,9999.000,9999.000
202607272012,   1.456,   1.849,9999.000,9999.000,9999.000,9999.000,9999.000,9999.000,9999.000
202607272018,   1.441,   1.820,9999.000,9999.000,9999.000,9999.000,9999.000,9999.000,9999.000
202607272024,   1.427,   1.800,9999.000,9999.000,9999.000,9999.000,9999.000,9999.000,9999.000
202607272030,   1.411,   1.767,9999.000,9999.000,9999.000,9999.000,9999.000,9999.000,9999.000
202607272036,   1.396,   1.758,9999.000,9999.000,9999.000,9999.000,9999.000,9999.000,9999.000
202607272042,   1.380,   1.738,9999.000,9999.000,9999.000,9999.000,9999.000,9999.000,9999.000
202607272048,   1.363,   1.718,9999.000,9999.000,9999.000,9999.000,9999.000,9999.000,9999.000
202607272054,   1.347,   1.699,9999.000,9999.000,9999.000,9999.000,9999.000,9999.000,9999.000
202607272100,   1.330,   1.679,   0.600,  -0.251,   1.679,   0.500,   1.579,   0.600,   1.679
202607272106,   1.313,   1.659,9999.000,9999.000,9999.000,9999.000,9999.000,9999.000,9999.000
202607272112,   1.295,   1.639,9999.000,9999.000,9999.000,9999.000,9999.000,9999.000,9999.000
202607272118,   1.278,   1.620,9999.000,9999.000,9999.000,9999.000,9999.000,9999.000,9999.000
202607272124,   1.260,   1.600,9999.000,9999.000,9999.000,9999.000,9999.000,9999.000,9999.000
202607272130,   1.242,   1.590,9999.000,9999.000,9999.000,9999.000,9999.000,9999.000,9999.000
202607272136,   1.225,   1.557,9999.000,9999.000,9999.000,9999.000,9999.000,9999.000,9999.000
202607272142,   1.206,   1.538,9999.000,9999.000,9999.000,9999.000,9999.000,9999.000,9999.000
202607272148,   1.188,   1.508,9999.000,9999.000,9999.000,9999.000,9999.000,9999.000,9999.000
202607272154,   1.170,   1.489,9999.000,9999.000,9999.000,9999.000,9999.000,9999.000,9999.000
202607272200,   1.151,   1.479,   0.600,  -0.272,   1.479,   0.500,   1.379,   0.600,   1.479
202607272206,   1.133,   1.459,9999.000,9999.000,9999.000,9999.000,9999.000,9999.000,9999.000
202607272212,   1.114,   1.439,9999.000,9999.000,9999.000,9999.000,9999.000,9999.000,9999.000
202607272218,   1.095,   1.410,9999.000,9999.000,9999.000,9999.000,9999.000,9999.000,9999.000
202607272224,   1.076,   1.400,9999.000,9999.000,9999.000,9999.000,9999.000,9999.000,9999.000
202607272230,   1.056,   1.371,9999.000,9999.000,9999.000,9999.000,9999.000,9999.000,9999.000
202607272236,   1.036,   1.348,9999.000,9999.000,9999.000,9999.000,9999.000,9999.000,9999.000
202607272242,   1.016,   1.328,9999.000,9999.000,9999.000,9999.000,9999.000,9999.000,9999.000
202607272248,   0.996,   1.318,9999.000,9999.000,9999.000,9999.000,9999.000,9999.000,9999.000
202607272254,   0.975,   1.289,9999.000,9999.000,9999.000,9999.000,9999.000,9999.000,9999.000
202607272300,   0.954,   1.269,   0.600,  -0.285,   1.269,   0.600,   1.269,   0.600,   1.269
202607272306,   0.932,   1.249,9999.000,9999.000,9999.000,9999.000,9999.000,9999.000,9999.000
202607272312,   0.911,   1.229,9999.000,9999.000,9999.000,9999.000,9999.000,9999.000,9999.000
202607272318,   0.888,   1.210,9999.000,9999.000,9999.000,9999.000,9999.000,9999.000,9999.000
202607272324,   0.866,   1.190,9999.000,9999.000,9999.000,9999.000,9999.000,9999.000,9999.000
202607272330,   0.843,   1.180,9999.000,9999.000,9999.000,9999.000,9999.000,9999.000,9999.000
202607272336,   0.820,   1.161,9999.000,9999.000,9999.000,9999.000,9999.000,9999.000,9999.000
202607272342,   0.796,   1.128,9999.000,9999.000,9999.000,9999.000,9999.000,9999.000,9999.000
202607272348,   0.772,   1.118,9999.000,9999.000,9999.000,9999.000,9999.000,9999.000,9999.000
202607272354,   0.748,   1.098,9999.000,9999.000,9999.000,9999.000,9999.000,9999.000,9999.000
202607280000,   0.723,   1.079,   0.500,  -0.144,   1.079,   0.500,   1.079,   0.500,   1.079
202607280006,   0.699,   1.059,9999.000,9999.000,9999.000,9999.000,9999.000,9999.000,9999.000
202607280012,   0.674,   1.039,9999.000,9999.000,9999.000,9999.000,9999.000,9999.000,9999.000
202607280018,   0.649,   1.010,9999.000,9999.000,9999.000,9999.000,9999.000,9999.000,9999.000
202607280024,   0.624,   0.990,9999.000,9999.000,9999.000,9999.000,9999.000,9999.000,9999.000
202607280030,   0.599,   0.980,9999.000,9999.000,9999.000,9999.000,9999.000,9999.000,9999.000
202607280036,   0.574,   0.961,9999.000,9999.000,9999.000,9999.000,9999.000,9999.000,9999.000
202607280042,   0.549,   0.941,9999.000,9999.000,9999.000,9999.000,9999.000,9999.000,9999.000
202607280048,   0.524,   0.908,9999.000,9999.000,9999.000,9999.000,9999.000,9999.000,9999.000
202607280054,   0.500,   0.888,9999.000,9999.000,9999.000,9999.000,9999.000,9999.000,9999.000
202607280100,   0.475,   0.859,   0.500,  -0.116,   0.859,   0.500,   0.859,   0.500,   0.859
202607280106,   0.452,   0.839,9999.000,9999.000,9999.000,9999.000,9999.000,9999.000,9999.000
202607280112,   0.428,   0.819,9999.000,9999.000,9999.000,9999.000,9999.000,9999.000,9999.000
202607280118,   0.405,   0.790,9999.000,9999.000,9999.000,9999.000,9999.000,9999.000,9999.000
202607280124,   0.383,   0.770,9999.000,9999.000,9999.000,9999.000,9999.000,9999.000,9999.000
202607280130,   0.362,   0.760,9999.000,9999.000,9999.000,9999.000,9999.000,9999.000,9999.000
202607280136,   0.341,   0.731,9999.000,9999.000,9999.000,9999.000,9999.000,9999.000,9999.000
202607280142,   0.321,   0.718,9999.000,9999.000,9999.000,9999.000,9999.000,9999.000,9999.000
202607280148,   0.301,   0.698,9999.000,9999.000,9999.000,9999.000,9999.000,9999.000,9999.000
202607280154,   0.283,   0.678,9999.000,9999.000,9999.000,9999.000,9999.000,9999.000,9999.000
202607280200,   0.265,   0.669,   0.500,  -0.096,   0.669,   0.500,   0.669,   0.500,   0.669
202607280206,   0.249,   0.649,9999.000,9999.000,9999.000,9999.000,9999.000,9999.000,9999.000
202607280212,   0.233,   0.629,9999.000,9999.000,9999.000,9999.000,9999.000,9999.000,9999.000
202607280218,   0.219,   0.619,9999.000,9999.000,9999.000,9999.000,9999.000,9999.000,9999.000
202607280224,   0.205,   0.600,9999.000,9999.000,9999.000,9999.000,9999.000,9999.000,9999.000
202607280230,   0.193,   0.590,9999.000,9999.000,9999.000,9999.000,9999.000,9999.000,9999.000
202607280236,   0.182,   0.580,9999.000,9999.000,9999.000,9999.000,9999.000,9999.000,9999.000
202607280242,   0.171,   0.580,9999.000,9999.000,9999.000,9999.000,9999.000,9999.000,9999.000
202607280248,   0.163,   0.570,9999.000,9999.000,9999.000,9999.000,9999.000,9999.000,9999.000
202607280254,   0.155,   0.570,9999.000,9999.000,9999.000,9999.000,9999.000,9999.000,9999.000
202607280300,   0.148,   0.570,   0.500,  -0.078,   0.570,   0.500,   0.570,   0.500,   0.570
202607280306,   0.143,   0.570,9999.000,9999.000,9999.000,9999.000,9999.000,9999.000,9999.000
202607280312,   0.139,   0.570,9999.000,9999.000,9999.000,9999.000,9999.000,9999.000,9999.000
202607280318,   0.136,   0.580,9999.000,9999.000,9999.000,9999.000,9999.000,9999.000,9999.000
202607280324,   0.134,   0.580,9999.000,9999.000,9999.000,9999.000,9999.000,9999.000,9999.000
202607280330,   0.134,   0.590,9999.000,9999.000,9999.000,9999.000,9999.000,9999.000,9999.000
202607280336,   0.135,   0.600,9999.000,9999.000,9999.000,9999.000,9999.000,9999.000,9999.000
202607280342,   0.137,   0.610,9999.000,9999.000,9999.000,9999.000,9999.000,9999.000,9999.000
202607280348,   0.141,   0.610,9999.000,9999.000,9999.000,9999.000,9999.000,9999.000,9999.000
202607280354,   0.145,   0.619,9999.000,9999.000,9999.000,9999.000,9999.000,9999.000,9999.000
202607280400,   0.151,   0.639,   0.500,  -0.012,   0.639,   0.500,   0.639,   0.500,   0.639
202607280406,   0.158,   0.649,9999.000,9999.000,9999.000,9999.000,9999.000,9999.000,9999.000
202607280412,   0.167,   0.669,9999.000,9999.000,9999.000,9999.000,9999.000,9999.000,9999.000
202607280418,   0.176,   0.688,9999.000,9999.000,9999.000,9999.000,9999.000,9999.000,9999.000
202607280424,   0.187,   0.698,9999.000,9999.000,9999.000,9999.000,9999.000,9999.000,9999.000
202607280430,   0.199,   0.718,9999.000,9999.000,9999.000,9999.000,9999.000,9999.000,9999.000
202607280436,   0.212,   0.741,9999.000,9999.000,9999.000,9999.000,9999.000,9999.000,9999.000
202607280442,   0.226,   0.760,9999.000,9999.000,9999.000,9999.000,9999.000,9999.000,9999.000
202607280448,   0.241,   0.770,9999.000,9999.000,9999.000,9999.000,9999.000,9999.000,9999.000
202607280454,   0.258,   0.790,9999.000,9999.000,9999.000,9999.000,9999.000,9999.000,9999.000
202607280500,   0.275,   0.800,   0.500,   0.025,   0.800,   0.500,   0.800,   0.500,   0.800
202607280506,   0.293,   0.819,9999.000,9999.000,9999.000,9999.000,9999.000,9999.000,9999.000
202607280512,   0.312,   0.839,9999.000,9999.000,9999.000,9999.000,9999.000,9999.000,9999.000
202607280518,   0.333,   0.859,9999.000,9999.000,9999.000,9999.000,9999.000,9999.000,9999.000
202607280524,   0.353,   0.879,9999.000,9999.000,9999.000,9999.000,9999.000,9999.000,9999.000
202607280530,   0.375,   0.888,9999.000,9999.000,9999.000,9999.000,9999.000,9999.000,9999.000
202607280536,   0.397,   0.908,9999.000,9999.000,9999.000,9999.000,9999.000,9999.000,9999.000
202607280542,   0.420,   0.928,9999.000,9999.000,9999.000,9999.000,9999.000,9999.000,9999.000
202607280548,   0.443,   0.951,9999.000,9999.000,9999.000,9999.000,9999.000,9999.000,9999.000
202607280554,   0.467,   0.970,9999.000,9999.000,9999.000,9999.000,9999.000,9999.000,9999.000
202607280600,   0.491,   1.000,   0.400,   0.109,   1.000,   0.400,   1.000,   0.400,   1.000
202607280606,   0.515,   1.020,9999.000,9999.000,9999.000,9999.000,9999.000,9999.000,9999.000
202607280612,   0.540,   1.039,9999.000,9999.000,9999.000,9999.000,9999.000,9999.000,9999.000
202607280618,   0.564,   1.059,9999.000,9999.000,9999.000,9999.000,9999.000,9999.000,9999.000
202607280624,   0.589,   1.079,9999.000,9999.000,9999.000,9999.000,9999.000,9999.000,9999.000
202607280630,   0.613,   1.098,9999.000,9999.000,9999.000,9999.000,9999.000,9999.000,9999.000
202607280636,   0.637,   1.118,9999.000,9999.000,9999.000,9999.000,9999.000,9999.000,9999.000
202607280642,   0.661,   1.128,9999.000,9999.000,9999.000,9999.000,9999.000,9999.000,9999.000
202607280648,   0.684,   1.151,9999.000,9999.000,9999.000,9999.000,9999.000,9999.000,9999.000
202607280654,   0.707,   1.170,9999.000,9999.000,9999.000,9999.000,9999.000,9999.000,9999.000
202607280700,   0.729,   1.190,   0.400,   0.061,   1.190,   0.400,   1.190,   0.500,   1.290
202607280706,   0.750,   1.200,9999.000,9999.000,9999.000,9999.000,9999.000,9999.000,9999.000
202607280712,   0.771,   1.220,9999.000,9999.000,9999.000,9999.000,9999.000,9999.000,9999.000
202607280718,   0.791,   1.239,9999.000,9999.000,9999.000,9999.000,9999.000,9999.000,9999.000
202607280724,   0.810,   1.249,9999.000,9999.000,9999.000,9999.000,9999.000,9999.000,9999.000
202607280730,   0.828,   1.269,9999.000,9999.000,9999.000,9999.000,9999.000,9999.000,9999.000
202607280736,   0.844,   1.289,9999.000,9999.000,9999.000,9999.000,9999.000,9999.000,9999.000
202607280742,   0.860,   1.298,9999.000,9999.000,9999.000,9999.000,9999.000,9999.000,9999.000
202607280748,   0.875,   1.318,9999.000,9999.000,9999.000,9999.000,9999.000,9999.000,9999.000
202607280754,   0.889,   1.328,9999.000,9999.000,9999.000,9999.000,9999.000,9999.000,9999.000
202607280800,   0.901,   1.348,   0.400,   0.047,   1.348,   0.400,   1.348,   0.500,   1.448
202607280806,   0.913,   1.361,9999.000,9999.000,9999.000,9999.000,9999.000,9999.000,9999.000
202607280812,   0.923,   1.380,9999.000,9999.000,9999.000,9999.000,9999.000,9999.000,9999.000
202607280818,   0.932,   1.390,9999.000,9999.000,9999.000,9999.000,9999.000,9999.000,9999.000
202607280824,   0.940,   1.410,9999.000,9999.000,9999.000,9999.000,9999.000,9999.000,9999.000
202607280830,   0.947,   1.420,9999.000,9999.000,9999.000,9999.000,9999.000,9999.000,9999.000
202607280836,   0.952,   1.430,9999.000,9999.000,9999.000,9999.000,9999.000,9999.000,9999.000
202607280842,   0.957,   1.439,9999.000,9999.000,9999.000,9999.000,9999.000,9999.000,9999.000
202607280848,   0.960,   1.459,9999.000,9999.000,9999.000,9999.000,9999.000,9999.000,9999.000
202607280854,   0.963,   1.469,9999.000,9999.000,9999.000,9999.000,9999.000,9999.000,9999.000
202607280900,   0.965,   1.479,   0.400,   0.114,   1.479,   0.400,   1.479,   0.500,   1.579
202607280906,   0.965,   1.479,9999.000,9999.000,9999.000,9999.000,9999.000,9999.000,9999.000
202607280912,   0.965,   1.489,9999.000,9999.000,9999.000,9999.000,9999.000,9999.000,9999.000
202607280918,   0.964,   1.508,9999.000,9999.000,9999.000,9999.000,9999.000,9999.000,9999.000
202607280924,   0.962,   1.518,9999.000,9999.000,9999.000,9999.000,9999.000,9999.000,9999.000
202607280930,   0.959,   1.528,9999.000,9999.000,9999.000,9999.000,9999.000,9999.000,9999.000
202607280936,   0.956,   1.538,9999.000,9999.000,9999.000,9999.000,9999.000,9999.000,9999.000
202607280942,   0.952,   1.538,9999.000,9999.000,9999.000,9999.000,9999.000,9999.000,9999.000
202607280948,   0.948,   1.538,9999.000,9999.000,9999.000,9999.000,9999.000,9999.000,9999.000
202607280954,   0.942,   1.548,9999.000,9999.000,9999.000,9999.000,9999.000,9999.000,9999.000
202607281000,   0.937,   1.548,   0.500,   0.111,   1.548,   0.400,   1.448,   0.500,   1.548
202607281006,   0.931,   1.548,9999.000,9999.000,9999.000,9999.000,9999.000,9999.000,9999.000
202607281012,   0.924,   1.548,9999.000,9999.000,9999.000,9999.000,9999.000,9999.000,9999.000
202607281018,   0.917,   1.548,9999.000,9999.000,9999.000,9999.000,9999.000,9999.000,9999.000
202607281024,   0.910,   1.548,9999.000,9999.000,9999.000,9999.000,9999.000,9999.000,9999.000
202607281030,   0.903,   1.548,9999.000,9999.000,9999.000,9999.000,9999.000,9999.000,9999.000
202607281036,   0.895,   1.548,9999.000,9999.000,9999.000,9999.000,9999.000,9999.000,9999.000
202607281042,   0.887,   1.557,9999.000,9999.000,9999.000,9999.000,9999.000,9999.000,9999.000
202607281048,   0.879,   1.548,9999.000,9999.000,9999.000,9999.000,9999.000,9999.000,9999.000
202607281054,   0.870,   1.548,9999.000,9999.000,9999.000,9999.000,9999.000,9999.000,9999.000
202607281100,   0.862,   1.548,   0.500,   0.186,   1.548,   0.400,   1.448,   0.500,   1.548
202607281106,   0.853,   1.538,9999.000,9999.000,9999.000,9999.000,9999.000,9999.000,9999.000
202607281112,   0.844,   1.538,9999.000,9999.000,9999.000,9999.000,9999.000,9999.000,9999.000
202607281118,   0.835,   1.518,9999.000,9999.000,9999.000,9999.000,9999.000,9999.000,9999.000
202607281124,   0.827,   1.498,9999.000,9999.000,9999.000,9999.000,9999.000,9999.000,9999.000
202607281130,   0.818,   1.508,9999.000,9999.000,9999.000,9999.000,9999.000,9999.000,9999.000
202607281136,   0.809,   1.498,9999.000,9999.000,9999.000,9999.000,9999.000,9999.000,9999.000
202607281142,   0.801,   1.489,9999.000,9999.000,9999.000,9999.000,9999.000,9999.000,9999.000
202607281148,   0.792,   1.479,9999.000,9999.000,9999.000,9999.000,9999.000,9999.000,9999.000
202607281154,   0.784,   1.469,9999.000,9999.000,9999.000,9999.000,9999.000,9999.000,9999.000
202607281200,   0.776,   1.459,   0.500,   0.183,   1.459,   0.500,   1.459,   0.500,   1.459
202607281206,   0.769,   1.449,9999.000,9999.000,9999.000,9999.000,9999.000,9999.000,9999.000
202607281212,   0.762,   1.439,9999.000,9999.000,9999.000,9999.000,9999.000,9999.000,9999.000
202607281218,   0.755,   1.430,9999.000,9999.000,9999.000,9999.000,9999.000,9999.000,9999.000
202607281224,   0.749,   1.420,9999.000,9999.000,9999.000,9999.000,9999.000,9999.000,9999.000
202607281230,   0.743,   1.410,9999.000,9999.000,9999.000,9999.000,9999.000,9999.000,9999.000
202607281236,   0.738,   1.400,9999.000,9999.000,9999.000,9999.000,9999.000,9999.000,9999.000
202607281242,   0.733,   1.390,9999.000,9999.000,9999.000,9999.000,9999.000,9999.000,9999.000
202607281248,   0.730,   1.380,9999.000,9999.000,9999.000,9999.000,9999.000,9999.000,9999.000
202607281254,   0.727,   1.380,9999.000,9999.000,9999.000,9999.000,9999.000,9999.000,9999.000
202607281300,   0.725,   1.371,   0.500,   0.146,   1.371,   0.500,   1.371,   0.500,   1.371
202607281306,   0.723,   1.361,9999.000,9999.000,9999.000,9999.000,9999.000,9999.000,9999.000
202607281312,   0.723,   1.371,9999.000,9999.000,9999.000,9999.000,9999.000,9999.000,9999.000
202607281318,   0.723,   1.361,9999.000,9999.000,9999.000,9999.000,9999.000,9999.000,9999.000
202607281324,   0.725,   1.371,9999.000,9999.000,9999.000,9999.000,9999.000,9999.000,9999.000
202607281330,   0.728,   1.371,9999.000,9999.000,9999.000,9999.000,9999.000,9999.000,9999.000
202607281336,   0.731,   1.380,9999.000,9999.000,9999.000,9999.000,9999.000,9999.000,9999.000
202607281342,   0.736,   1.390,9999.000,9999.000,9999.000,9999.000,9999.000,9999.000,9999.000
202607281348,   0.742,   1.400,9999.000,9999.000,9999.000,9999.000,9999.000,9999.000,9999.000
202607281354,   0.749,   1.420,9999.000,9999.000,9999.000,9999.000,9999.000,9999.000,9999.000
202607281400,   0.757,   1.439,   0.500,   0.182,   1.439,   0.500,   1.439,   0.500,   1.439
202607281406,   0.767,   1.459,9999.000,9999.000,9999.000,9999.000,9999.000,9999.000,9999.000
202607281412,   0.777,   1.479,9999.000,9999.000,9999.000,9999.000,9999.000,9999.000,9999.000
202607281418,   0.789,   1.498,9999.000,9999.000,9999.000,9999.000,9999.000,9999.000,9999.000
202607281424,   0.801,   1.528,9999.000,9999.000,9999.000,9999.000,9999.000,9999.000,9999.000
202607281430,   0.815,   1.548,9999.000,9999.000,9999.000,9999.000,9999.000,9999.000,9999.000
202607281436,   0.830,   1.580,9999.000,9999.000,9999.000,9999.000,9999.000,9999.000,9999.000
202607281442,   0.845,   1.600,9999.000,9999.000,9999.000,9999.000,9999.000,9999.000,9999.000
202607281448,   0.862,   1.639,9999.000,9999.000,9999.000,9999.000,9999.000,9999.000,9999.000
202607281454,   0.879,   1.659,9999.000,9999.000,9999.000,9999.000,9999.000,9999.000,9999.000
202607281500,   0.898,   1.689,   0.500,   0.291,   1.689,   0.500,   1.689,   0.600,   1.789
202607281506,   0.917,   1.718,9999.000,9999.000,9999.000,9999.000,9999.000,9999.000,9999.000
202607281512,   0.936,   1.738,9999.000,9999.000,9999.000,9999.000,9999.000,9999.000,9999.000
202607281518,   0.957,   1.758,9999.000,9999.000,9999.000,9999.000,9999.000,9999.000,9999.000
202607281524,   0.978,   1.781,9999.000,9999.000,9999.000,9999.000,9999.000,9999.000,9999.000
202607281530,   0.999,   1.800,9999.000,9999.000,9999.000,9999.000,9999.000,9999.000,9999.000
202607281536,   1.021,   1.820,9999.000,9999.000,9999.000,9999.000,9999.000,9999.000,9999.000
202607281542,   1.043,   1.840,9999.000,9999.000,9999.000,9999.000,9999.000,9999.000,9999.000
202607281548,   1.066,   1.859,9999.000,9999.000,9999.000,9999.000,9999.000,9999.000,9999.000
202607281554,   1.088,   1.889,9999.000,9999.000,9999.000,9999.000,9999.000,9999.000,9999.000
202607281600,   1.111,   1.899,   0.500,   0.288,   1.899,   0.500,   1.899,   0.600,   1.999
202607281606,   1.134,   1.918,9999.000,9999.000,9999.000,9999.000,9999.000,9999.000,9999.000
202607281612,   1.157,   1.948,9999.000,9999.000,9999.000,9999.000,9999.000,9999.000,9999.000
202607281618,   1.180,   1.958,9999.000,9999.000,9999.000,9999.000,9999.000,9999.000,9999.000
202607281624,   1.203,   1.990,9999.000,9999.000,9999.000,9999.000,9999.000,9999.000,9999.000
202607281630,   1.226,   2.020,9999.000,9999.000,9999.000,9999.000,9999.000,9999.000,9999.000
202607281636,   1.248,   2.040,9999.000,9999.000,9999.000,9999.000,9999.000,9999.000,9999.000
202607281642,   1.270,   2.059,9999.000,9999.000,9999.000,9999.000,9999.000,9999.000,9999.000
202607281648,   1.292,   2.079,9999.000,9999.000,9999.000,9999.000,9999.000,9999.000,9999.000
202607281654,   1.314,   2.109,9999.000,9999.000,9999.000,9999.000,9999.000,9999.000,9999.000
202607281700,   1.335,   2.128,   0.600,   0.193,   2.128,   0.500,   2.028,   0.600,   2.128
202607281706,   1.356,   2.168,9999.000,9999.000,9999.000,9999.000,9999.000,9999.000,9999.000
202607281712,   1.376,   2.191,9999.000,9999.000,9999.000,9999.000,9999.000,9999.000,9999.000
202607281718,   1.395,   2.210,9999.000,9999.000,9999.000,9999.000,9999.000,9999.000,9999.000
202607281724,   1.414,   2.240,9999.000,9999.000,9999.000,9999.000,9999.000,9999.000,9999.000
202607281730,   1.433,   2.259,9999.000,9999.000,9999.000,9999.000,9999.000,9999.000,9999.000
202607281736,   1.450,   2.279,9999.000,9999.000,9999.000,9999.000,9999.000,9999.000,9999.000
202607281742,   1.468,   2.309,9999.000,9999.000,9999.000,9999.000,9999.000,9999.000,9999.000
202607281748,   1.484,   2.328,9999.000,9999.000,9999.000,9999.000,9999.000,9999.000,9999.000
202607281754,   1.499,   2.348,9999.000,9999.000,9999.000,9999.000,9999.000,9999.000,9999.000
202607281800,   1.514,   2.368,   0.700,   0.154,   2.368,   0.700,   2.368,   0.700,   2.368
202607281806,   1.528,   2.377,9999.000,9999.000,9999.000,9999.000,9999.000,9999.000,9999.000
202607281812,   1.541,   2.400,9999.000,9999.000,9999.000,9999.000,9999.000,9999.000,9999.000
202607281818,   1.553,   2.420,9999.000,9999.000,9999.000,9999.000,9999.000,9999.000,9999.000
202607281824,   1.564,   2.440,9999.000,9999.000,9999.000,9999.000,9999.000,9999.000,9999.000
202607281830,   1.574,   2.459,9999.000,9999.000,9999.000,9999.000,9999.000,9999.000,9999.000
202607281836,   1.584,   2.469,9999.000,9999.000,9999.000,9999.000,9999.000,9999.000,9999.000
202607281842,   1.592,   2.479,9999.000,9999.000,9999.000,9999.000,9999.000,9999.000,9999.000
202607281848,   1.599,   2.499,9999.000,9999.000,9999.000,9999.000,9999.000,9999.000,9999.000
202607281854,   1.605,   2.528,9999.000,9999.000,9999.000,9999.000,9999.000,9999.000,9999.000
202607281900,   1.610,   2.548,   0.700,   0.238,   2.548,   0.700,   2.548,   0.800,   2.648
202607281906,   1.614,   2.548,9999.000,9999.000,9999.000,9999.000,9999.000,9999.000,9999.000
202607281912,   1.616,   2.548,9999.000,9999.000,9999.000,9999.000,9999.000,9999.000,9999.000
202607281918,   1.618,   2.548,9999.000,9999.000,9999.000,9999.000,9999.000,9999.000,9999.000
202607281924,   1.618,   2.568,9999.000,9999.000,9999.000,9999.000,9999.000,9999.000,9999.000
202607281930,   1.617,   2.568,9999.000,9999.000,9999.000,9999.000,9999.000,9999.000,9999.000
202607281936,   1.615,   2.558,9999.000,9999.000,9999.000,9999.000,9999.000,9999.000,9999.000
202607281942,   1.612,   2.568,9999.000,9999.000,9999.000,9999.000,9999.000,9999.000,9999.000
202607281948,   1.607,   2.558,9999.000,9999.000,9999.000,9999.000,9999.000,9999.000,9999.000
202607281954,   1.602,   2.558,9999.000,9999.000,9999.000,9999.000,9999.000,9999.000,9999.000
202607282000,   1.595,   2.548,   0.700,   0.253,   2.548,   0.700,   2.548,   0.800,   2.648
202607282006,   1.588,   2.528,9999.000,9999.000,9999.000,9999.000,9999.000,9999.000,9999.000
202607282012,   1.579,   2.509,9999.000,9999.000,9999.000,9999.000,9999.000,9999.000,9999.000
202607282018,   1.569,   2.479,9999.000,9999.000,9999.000,9999.000,9999.000,9999.000,9999.000
202607282024,   1.559,   2.459,9999.000,9999.000,9999.000,9999.000,9999.000,9999.000,9999.000
202607282030,   1.547,   2.420,9999.000,9999.000,9999.000,9999.000,9999.000,9999.000,9999.000
202607282036,   1.534,   2.400,9999.000,9999.000,9999.000,9999.000,9999.000,9999.000,9999.000
202607282042,   1.521,   2.377,9999.000,9999.000,9999.000,9999.000,9999.000,9999.000,9999.000
202607282048,   1.507,   2.348,9999.000,9999.000,9999.000,9999.000,9999.000,9999.000,9999.000
202607282054,   1.492,   2.328,9999.000,9999.000,9999.000,9999.000,9999.000,9999.000,9999.000
202607282100,   1.476,   2.299,   0.700,   0.123,   2.299,   0.700,   2.299,   0.800,   2.399
202607282106,   1.460,   2.289,9999.000,9999.000,9999.000,9999.000,9999.000,9999.000,9999.000
202607282112,   1.444,   2.240,9999.000,9999.000,9999.000,9999.000,9999.000,9999.000,9999.000
202607282118,   1.426,   2.220,9999.000,9999.000,9999.000,9999.000,9999.000,9999.000,9999.000
202607282124,   1.409,   2.210,9999.000,9999.000,9999.000,9999.000,9999.000,9999.000,9999.000
202607282130,   1.391,   2.177,9999.000,9999.000,9999.000,9999.000,9999.000,9999.000,9999.000
202607282136,   1.373,   2.158,9999.000,9999.000,9999.000,9999.000,9999.000,9999.000,9999.000
202607282142,   1.354,   2.128,9999.000,9999.000,9999.000,9999.000,9999.000,9999.000,9999.000
202607282148,   1.335,   2.099,9999.000,9999.000,9999.000,9999.000,9999.000,9999.000,9999.000
202607282154,   1.316,   2.089,9999.000,9999.000,9999.000,9999.000,9999.000,9999.000,9999.000
202607282200,   1.297,   2.069,   0.800,  -0.028,   2.069,   0.700,   1.969,   0.800,   2.069
202607282206,   1.278,   2.049,9999.000,9999.000,9999.000,9999.000,9999.000,9999.000,9999.000
202607282212,   1.258,   2.030,9999.000,9999.000,9999.000,9999.000,9999.000,9999.000,9999.000
202607282218,   1.239,   2.010,9999.000,9999.000,9999.000,9999.000,9999.000,9999.000,9999.000
202607282224,   1.219,   1.981,9999.000,9999.000,9999.000,9999.000,9999.000,9999.000,9999.000
202607282230,   1.199,   1.958,9999.000,9999.000,9999.000,9999.000,9999.000,9999.000,9999.000
202607282236,   1.180,   1.938,9999.000,9999.000,9999.000,9999.000,9999.000,9999.000,9999.000
202607282242,   1.160,   1.908,9999.000,9999.000,9999.000,9999.000,9999.000,9999.000,9999.000
202607282248,   1.140,   1.889,9999.000,9999.000,9999.000,9999.000,9999.000,9999.000,9999.000
202607282254,   1.120,   1.859,9999.000,9999.000,9999.000,9999.000,9999.000,9999.000,9999.000
202607282300,   1.100,   1.840,   0.800,  -0.060,   1.840,   0.700,   1.740,   0.800,   1.840
202607282306,   1.079,   1.820,9999.000,9999.000,9999.000,9999.000,9999.000,9999.000,9999.000
202607282312,   1.059,   1.800,9999.000,9999.000,9999.000,9999.000,9999.000,9999.000,9999.000
202607282318,   1.038,   1.767,9999.000,9999.000,9999.000,9999.000,9999.000,9999.000,9999.000
202607282324,   1.018,   1.738,9999.000,9999.000,9999.000,9999.000,9999.000,9999.000,9999.000
202607282330,   0.997,   1.718,9999.000,9999.000,9999.000,9999.000,9999.000,9999.000,9999.000
202607282336,   0.976,   1.708,9999.000,9999.000,9999.000,9999.000,9999.000,9999.000,9999.000
202607282342,   0.954,   1.679,9999.000,9999.000,9999.000,9999.000,9999.000,9999.000,9999.000
202607282348,   0.933,   1.649,9999.000,9999.000,9999.000,9999.000,9999.000,9999.000,9999.000
202607282354,   0.911,   1.620,9999.000,9999.000,9999.000,9999.000,9999.000,9999.000,9999.000
202607290000,   0.889,   1.600,   0.900,  -0.189,   1.600,   0.800,   1.500,   0.900,   1.600
202607290006,   0.867,   1.590,9999.000,9999.000,9999.000,9999.000,9999.000,9999.000,9999.000
202607290012,   0.844,   1.557,9999.000,9999.000,9999.000,9999.000,9999.000,9999.000,9999.000
202607290018,   0.821,   1.538,9999.000,9999.000,9999.000,9999.000,9999.000,9999.000,9999.000
202607290024,   0.798,   1.518,9999.000,9999.000,9999.000,9999.000,9999.000,9999.000,9999.000
202607290030,   0.775,   1.498,9999.000,9999.000,9999.000,9999.000,9999.000,9999.000,9999.000
202607290036,   0.751,   1.479,9999.000,9999.000,9999.000,9999.000,9999.000,9999.000,9999.000
202607290042,   0.727,   1.449,9999.000,9999.000,9999.000,9999.000,9999.000,9999.000,9999.000
202607290048,   0.704,   1.420,9999.000,9999.000,9999.000,9999.000,9999.000,9999.000,9999.000
202607290054,   0.680,   1.410,9999.000,9999.000,9999.000,9999.000,9999.000,9999.000,9999.000
202607290100,   0.656,   1.390,   0.900,  -0.166,   1.390,   0.800,   1.290,   0.900,   1.390
202607290106,   0.632,   1.371,9999.000,9999.000,9999.000,9999.000,9999.000,9999.000,9999.000
202607290112,   0.608,   1.348,9999.000,9999.000,9999.000,9999.000,9999.000,9999.000,9999.000
202607290118,   0.584,   1.318,9999.000,9999.000,9999.000,9999.000,9999.000,9999.000,9999.000
202607290124,   0.560,   1.298,9999.000,9999.000,9999.000,9999.000,9999.000,9999.000,9999.000
202607290130,   0.537,   1.279,9999.000,9999.000,9999.000,9999.000,9999.000,9999.000,9999.000
202607290136,   0.514,   1.249,9999.000,9999.000,9999.000,9999.000,9999.000,9999.000,9999.000
202607290142,   0.491,   1.239,9999.000,9999.000,9999.000,9999.000,9999.000,9999.000,9999.000
202607290148,   0.469,   1.220,9999.000,9999.000,9999.000,9999.000,9999.000,9999.000,9999.000
202607290154,   0.447,   1.190,9999.000,9999.000,9999.000,9999.000,9999.000,9999.000,9999.000
202607290200,   0.426,   1.180,   0.900,  -0.146,   1.180,   0.800,   1.080,   0.900,   1.180
202607290206,   0.406,   1.161,9999.000,9999.000,9999.000,9999.000,9999.000,9999.000,9999.000
202607290212,   0.386,   1.128,9999.000,9999.000,9999.000,9999.000,9999.000,9999.000,9999.000
202607290218,   0.367,   1.108,9999.000,9999.000,9999.000,9999.000,9999.000,9999.000,9999.000
202607290224,   0.349,   1.098,9999.000,9999.000,9999.000,9999.000,9999.000,9999.000,9999.000
202607290230,   0.331,   1.069,9999.000,9999.000,9999.000,9999.000,9999.000,9999.000,9999.000
202607290236,   0.315,   1.049,9999.000,9999.000,9999.000,9999.000,9999.000,9999.000,9999.000
202607290242,   0.300,   1.039,9999.000,9999.000,9999.000,9999.000,9999.000,9999.000,9999.000
202607290248,   0.285,   1.020,9999.000,9999.000,9999.000,9999.000,9999.000,9999.000,9999.000
202607290254,   0.272,   0.990,9999.000,9999.000,9999.000,9999.000,9999.000,9999.000,9999.000
202607290300,   0.260,   0.980,   0.900,  -0.180,   0.980,   0.900,   0.980,   0.900,   0.980
202607290306,   0.249,   0.951,9999.000,9999.000,9999.000,9999.000,9999.000,9999.000,9999.000
202607290312,   0.239,   0.941,9999.000,9999.000,9999.000,9999.000,9999.000,9999.000,9999.000
202607290318,   0.230,   0.928,9999.000,9999.000,9999.000,9999.000,9999.000,9999.000,9999.000
202607290324,   0.223,   0.908,9999.000,9999.000,9999.000,9999.000,9999.000,9999.000,9999.000
202607290330,   0.216,   0.898,9999.000,9999.000,9999.000,9999.000,9999.000,9999.000,9999.000
202607290336,   0.211,   0.888,9999.000,9999.000,9999.000,9999.000,9999.000,9999.000,9999.000
202607290342,   0.207,   0.879,9999.000,9999.000,9999.000,9999.000,9999.000,9999.000,9999.000
202607290348,   0.205,   0.879,9999.000,9999.000,9999.000,9999.000,9999.000,9999.000,9999.000
202607290354,   0.203,   0.869,9999.000,9999.000,9999.000,9999.000,9999.000,9999.000,9999.000
202607290400,   0.203,   0.869,   0.900,  -0.234,   0.869,   0.900,   0.869,   0.900,   0.869
202607290406,   0.204,   0.869,9999.000,9999.000,9999.000,9999.000,9999.000,9999.000,9999.000
202607290412,   0.206,   0.869,9999.000,9999.000,9999.000,9999.000,9999.000,9999.000,9999.000
202607290418,   0.210,   0.869,9999.000,9999.000,9999.000,9999.000,9999.000,9999.000,9999.000
202607290424,   0.214,   0.869,9999.000,9999.000,9999.000,9999.000,9999.000,9999.000,9999.000
202607290430,   0.220,   0.869,9999.000,9999.000,9999.000,9999.000,9999.000,9999.000,9999.000
202607290436,   0.227,   0.879,9999.000,9999.000,9999.000,9999.000,9999.000,9999.000,9999.000
202607290442,   0.235,   0.888,9999.000,9999.000,9999.000,9999.000,9999.000,9999.000,9999.000
202607290448,   0.244,   0.898,9999.000,9999.000,9999.000,9999.000,9999.000,9999.000,9999.000
202607290454,   0.254,   0.908,9999.000,9999.000,9999.000,9999.000,9999.000,9999.000,9999.000
202607290500,   0.265,   0.918,   0.900,  -0.247,   0.918,   0.900,   0.918,   0.900,   0.918
202607290506,   0.278,   0.928,9999.000,9999.000,9999.000,9999.000,9999.000,9999.000,9999.000
202607290512,   0.291,   0.951,9999.000,9999.000,9999.000,9999.000,9999.000,9999.000,9999.000
202607290518,   0.306,   0.970,9999.000,9999.000,9999.000,9999.000,9999.000,9999.000,9999.000
202607290524,   0.321,   0.990,9999.000,9999.000,9999.000,9999.000,9999.000,9999.000,9999.000
202607290530,   0.337,   1.010,9999.000,9999.000,9999.000,9999.000,9999.000,9999.000,9999.000
202607290536,   0.354,   1.029,9999.000,9999.000,9999.000,9999.000,9999.000,9999.000,9999.000
202607290542,   0.372,   1.049,9999.000,9999.000,9999.000,9999.000,9999.000,9999.000,9999.000
202607290548,   0.391,   1.079,9999.000,9999.000,9999.000,9999.000,9999.000,9999.000,9999.000
202607290554,   0.410,   1.098,9999.000,9999.000,9999.000,9999.000,9999.000,9999.000,9999.000
202607290600,   0.430,   1.118,   0.800,  -0.112,   1.118,   0.800,   1.118,   0.900,   1.218
202607290606,   0.451,   1.138,9999.000,9999.000,9999.000,9999.000,9999.000,9999.000,9999.000
202607290612,   0.472,   1.161,9999.000,9999.000,9999.000,9999.000,9999.000,9999.000,9999.000
202607290618,   0.494,   1.180,9999.000,9999.000,9999.000,9999.000,9999.000,9999.000,9999.000
202607290624,   0.516,   1.200,9999.000,9999.000,9999.000,9999.000,9999.000,9999.000,9999.000
202607290630,   0.539,   1.220,9999.000,9999.000,9999.000,9999.000,9999.000,9999.000,9999.000
202607290636,   0.561,   1.239,9999.000,9999.000,9999.000,9999.000,9999.000,9999.000,9999.000
202607290642,   0.584,   1.259,9999.000,9999.000,9999.000,9999.000,9999.000,9999.000,9999.000
202607290648,   0.607,   1.289,9999.000,9999.000,9999.000,9999.000,9999.000,9999.000,9999.000
202607290654,   0.631,   1.298,9999.000,9999.000,9999.000,9999.000,9999.000,9999.000,9999.000
202607290700,   0.654,   1.318,   0.800,  -0.136,   1.318,   0.800,   1.318,   0.900,   1.418
202607290706,   0.676,   1.348,9999.000,9999.000,9999.000,9999.000,9999.000,9999.000,9999.000
202607290712,   0.699,   1.371,9999.000,9999.000,9999.000,9999.000,9999.000,9999.000,9999.000
202607290718,   0.721,   1.390,9999.000,9999.000,9999.000,9999.000,9999.000,9999.000,9999.000
202607290724,   0.743,   1.410,9999.000,9999.000,9999.000,9999.000,9999.000,9999.000,9999.000
202607290730,   0.764,   1.430,9999.000,9999.000,9999.000,9999.000,9999.000,9999.000,9999.000
202607290736,   0.785,   1.449,9999.000,9999.000,9999.000,9999.000,9999.000,9999.000,9999.000
202607290742,   0.805,   1.459,9999.000,9999.000,9999.000,9999.000,9999.000,9999.000,9999.000
202607290748,   0.824,   1.479,9999.000,9999.000,9999.000,9999.000,9999.000,9999.000,9999.000
202607290754,   0.842,   1.498,9999.000,9999.000,9999.000,9999.000,9999.000,9999.000,9999.000
202607290800,   0.860,   1.518,   0.800,  -0.142,   1.518,   0.800,   1.518,   0.900,   1.618
202607290806,   0.876,   1.538,9999.000,9999.000,9999.000,9999.000,9999.000,9999.000,9999.000
202607290812,   0.892,   1.557,9999.000,9999.000,9999.000,9999.000,9999.000,9999.000,9999.000
202607290818,   0.907,   1.580,9999.000,9999.000,9999.000,9999.000,9999.000,9999.000,9999.000
202607290824,   0.920,   1.590,9999.000,9999.000,9999.000,9999.000,9999.000,9999.000,9999.000
202607290830,   0.932,   1.610,9999.000,9999.000,9999.000,9999.000,9999.000,9999.000,9999.000
202607290836,   0.943,   1.620,9999.000,9999.000,9999.000,9999.000,9999.000,9999.000,9999.000
202607290842,   0.953,   1.639,9999.000,9999.000,9999.000,9999.000,9999.000,9999.000,9999.000
202607290848,   0.962,   1.639,9999.000,9999.000,9999.000,9999.000,9999.000,9999.000,9999.000
202607290854,   0.970,   1.659,9999.000,9999.000,9999.000,9999.000,9999.000,9999.000,9999.000
202607290900,   0.976,   1.659,   0.800,  -0.117,   1.659,   0.800,   1.659,   0.900,   1.759
202607290906,   0.982,   1.669,9999.000,9999.000,9999.000,9999.000,9999.000,9999.000,9999.000
202607290912,   0.986,   1.679,9999.000,9999.000,9999.000,9999.000,9999.000,9999.000,9999.000
202607290918,   0.989,   1.689,9999.000,9999.000,9999.000,9999.000,9999.000,9999.000,9999.000
202607290924,   0.991,   1.689,9999.000,9999.000,9999.000,9999.000,9999.000,9999.000,9999.000
202607290930,   0.992,   1.689,9999.000,9999.000,9999.000,9999.000,9999.000,9999.000,9999.000
202607290936,   0.992,   1.699,9999.000,9999.000,9999.000,9999.000,9999.000,9999.000,9999.000
202607290942,   0.991,   1.699,9999.000,9999.000,9999.000,9999.000,9999.000,9999.000,9999.000
202607290948,   0.989,   1.699,9999.000,9999.000,9999.000,9999.000,9999.000,9999.000,9999.000
202607290954,   0.986,   1.699,9999.000,9999.000,9999.000,9999.000,9999.000,9999.000,9999.000
202607291000,   0.983,   1.699,   0.800,  -0.084,   1.699,   0.800,   1.699,   0.900,   1.799
202607291006,   0.978,   1.699,9999.000,9999.000,9999.000,9999.000,9999.000,9999.000,9999.000
202607291012,   0.973,   1.699,9999.000,9999.000,9999.000,9999.000,9999.000,9999.000,9999.000
202607291018,   0.968,   1.689,9999.000,9999.000,9999.000,9999.000,9999.000,9999.000,9999.000
202607291024,   0.961,   1.689,9999.000,9999.000,9999.000,9999.000,9999.000,9999.000,9999.000
202607291030,   0.954,   1.689,9999.000,9999.000,9999.000,9999.000,9999.000,9999.000,9999.000
202607291036,   0.947,   1.679,9999.000,9999.000,9999.000,9999.000,9999.000,9999.000,9999.000
202607291042,   0.939,   1.679,9999.000,9999.000,9999.000,9999.000,9999.000,9999.000,9999.000
202607291048,   0.931,   1.659,9999.000,9999.000,9999.000,9999.000,9999.000,9999.000,9999.000
202607291054,   0.922,   1.649,9999.000,9999.000,9999.000,9999.000,9999.000,9999.000,9999.000
202607291100,   0.913,   1.639,   0.800,  -0.074,   1.639,   0.800,   1.639,   0.900,   1.739
202607291106,   0.904,   1.630,9999.000,9999.000,9999.000,9999.000,9999.000,9999.000,9999.000
202607291112,   0.895,   1.620,9999.000,9999.000,9999.000,9999.000,9999.000,9999.000,9999.000
202607291118,   0.885,   1.610,9999.000,9999.000,9999.000,9999.000,9999.000,9999.000,9999.000
202607291124,   0.875,   1.590,9999.000,9999.000,9999.000,9999.000,9999.000,9999.000,9999.000
202607291130,   0.865,   1.580,9999.000,9999.000,9999.000,9999.000,9999.000,9999.000,9999.000
202607291136,   0.855,   1.571,9999.000,9999.000,9999.000,9999.000,9999.000,9999.000,9999.000
202607291142,   0.845,   1.548,9999.000,9999.000,9999.000,9999.000,9999.000,9999.000,9999.000
202607291148,   0.835,   1.538,9999.000,9999.000,9999.000,9999.000,9999.000,9999.000,9999.000
202607291154,   0.825,   1.528,9999.000,9999.000,9999.000,9999.000,9999.000,9999.000,9999.000
202607291200,   0.815,   1.508,   0.700,  -0.007,   1.508,   0.700,   1.508,   0.800,   1.608
202607291206,   0.805,   1.498,9999.000,9999.000,9999.000,9999.000,9999.000,9999.000,9999.000
202607291212,   0.794,   1.489,9999.000,9999.000,9999.000,9999.000,9999.000,9999.000,9999.000
202607291218,   0.785,   1.479,9999.000,9999.000,9999.000,9999.000,9999.000,9999.000,9999.000
202607291224,   0.775,   1.469,9999.000,9999.000,9999.000,9999.000,9999.000,9999.000,9999.000
202607291230,   0.765,   1.459,9999.000,9999.000,9999.000,9999.000,9999.000,9999.000,9999.000
202607291236,   0.756,   1.449,9999.000,9999.000,9999.000,9999.000,9999.000,9999.000,9999.000
202607291242,   0.747,   1.449,9999.000,9999.000,9999.000,9999.000,9999.000,9999.000,9999.000
202607291248,   0.738,   1.439,9999.000,9999.000,9999.000,9999.000,9999.000,9999.000,9999.000
202607291254,   0.730,   1.430,9999.000,9999.000,9999.000,9999.000,9999.000,9999.000,9999.000
202607291300,   0.722,   1.430,   0.700,   0.008,   1.430,   0.700,   1.430,   0.800,   1.530
202607291306,   0.715,   1.420,9999.000,9999.000,9999.000,9999.000,9999.000,9999.000,9999.000
202607291312,   0.708,   1.420,9999.000,9999.000,9999.000,9999.000,9999.000,9999.000,9999.000
202607291318,   0.702,   1.420,9999.000,9999.000,9999.000,9999.000,9999.000,9999.000,9999.000
202607291324,   0.696,   1.410,9999.000,9999.000,9999.000,9999.000,9999.000,9999.000,9999.000
202607291330,   0.691,   1.410,9999.000,9999.000,9999.000,9999.000,9999.000,9999.000,9999.000
202607291336,   0.687,   1.400,9999.000,9999.000,9999.000,9999.000,9999.000,9999.000,9999.000
202607291342,   0.684,   1.400,9999.000,9999.000,9999.000,9999.000,9999.000,9999.000,9999.000
202607291348,   0.682,   1.400,9999.000,9999.000,9999.000,9999.000,9999.000,9999.000,9999.000
202607291354,   0.681,   1.410,9999.000,9999.000,9999.000,9999.000,9999.000,9999.000,9999.000
202607291400,   0.680,   1.430,   0.700,   0.050,   1.430,   0.700,   1.430,   0.800,   1.530
202607291406,   0.681,   1.430,9999.000,9999.000,9999.000,9999.000,9999.000,9999.000,9999.000
202607291412,   0.683,   1.449,9999.000,9999.000,9999.000,9999.000,9999.000,9999.000,9999.000
202607291418,   0.686,   1.459,9999.000,9999.000,9999.000,9999.000,9999.000,9999.000,9999.000
202607291424,   0.690,   1.479,9999.000,9999.000,9999.000,9999.000,9999.000,9999.000,9999.000
202607291430,   0.695,   1.508,9999.000,9999.000,9999.000,9999.000,9999.000,9999.000,9999.000
202607291436,   0.702,   1.557,9999.000,9999.000,9999.000,9999.000,9999.000,9999.000,9999.000
202607291442,   0.709,   1.580,9999.000,9999.000,9999.000,9999.000,9999.000,9999.000,9999.000
202607291448,   0.718,   1.580,9999.000,9999.000,9999.000,9999.000,9999.000,9999.000,9999.000
202607291454,   0.728,   1.557,9999.000,9999.000,9999.000,9999.000,9999.000,9999.000,9999.000
202607291500,   0.740,   1.557,   0.800,   0.017,   1.557,   0.700,   1.457,   0.800,   1.557
202607291506,   0.752,   1.600,9999.000,9999.000,9999.000,9999.000,9999.000,9999.000,9999.000
202607291512,   0.766,   1.649,9999.000,9999.000,9999.000,9999.000,9999.000,9999.000,9999.000
202607291518,   0.781,   1.708,9999.000,9999.000,9999.000,9999.000,9999.000,9999.000,9999.000
202607291524,   0.797,   1.758,9999.000,9999.000,9999.000,9999.000,9999.000,9999.000,9999.000
202607291530,   0.814,   1.781,9999.000,9999.000,9999.000,9999.000,9999.000,9999.000,9999.000
202607291536,   0.832,   1.800,9999.000,9999.000,9999.000,9999.000,9999.000,9999.000,9999.000
202607291542,   0.852,   1.820,9999.000,9999.000,9999.000,9999.000,9999.000,9999.000,9999.000
202607291548,   0.872,   1.830,9999.000,9999.000,9999.000,9999.000,9999.000,9999.000,9999.000
202607291554,   0.893,   1.849,9999.000,9999.000,9999.000,9999.000,9999.000,9999.000,9999.000
202607291600,   0.914,   1.879,   0.800,   0.165,   1.879,   0.700,   1.779,   0.800,   1.879
202607291606,   0.937,   1.889,9999.000,9999.000,9999.000,9999.000,9999.000,9999.000,9999.000
202607291612,   0.960,   1.908,9999.000,9999.000,9999.000,9999.000,9999.000,9999.000,9999.000
202607291618,   0.983,   1.948,9999.000,9999.000,9999.000,9999.000,9999.000,9999.000,9999.000
202607291624,   1.008,   1.967,9999.000,9999.000,9999.000,9999.000,9999.000,9999.000,9999.000
202607291630,   1.032,   1.990,9999.000,9999.000,9999.000,9999.000,9999.000,9999.000,9999.000
202607291636,   1.057,   2.010,9999.000,9999.000,9999.000,9999.000,9999.000,9999.000,9999.000
202607291642,   1.082,   2.040,9999.000,9999.000,9999.000,9999.000,9999.000,9999.000,9999.000
202607291648,   1.107,   2.079,9999.000,9999.000,9999.000,9999.000,9999.000,9999.000,9999.000
202607291654,   1.133,   2.099,9999.000,9999.000,9999.000,9999.000,9999.000,9999.000,9999.000
202607291700,   1.158,   2.128,   0.800,   0.170,   2.128,   0.800,   2.128,   0.800,   2.128
202607291706,   1.183,   2.138,9999.000,9999.000,9999.000,9999.000,9999.000,9999.000,9999.000
202607291712,   1.209,   2.158,9999.000,9999.000,9999.000,9999.000,9999.000,9999.000,9999.000
202607291718,   1.234,   2.168,9999.000,9999.000,9999.000,9999.000,9999.000,9999.000,9999.000
202607291724,   1.259,   2.191,9999.000,9999.000,9999.000,9999.000,9999.000,9999.000,9999.000
202607291730,   1.283,   2.210,9999.000,9999.000,9999.000,9999.000,9999.000,9999.000,9999.000
202607291736,   1.307,   2.230,9999.000,9999.000,9999.000,9999.000,9999.000,9999.000,9999.000
202607291742,   1.331,   2.250,9999.000,9999.000,9999.000,9999.000,9999.000,9999.000,9999.000
202607291748,   1.354,   2.289,9999.000,9999.000,9999.000,9999.000,9999.000,9999.000,9999.000
202607291754,   1.377,   2.309,9999.000,9999.000,9999.000,9999.000,9999.000,9999.000,9999.000
202607291800,   1.399,   2.338,   0.800,   0.139,   2.338,   0.800,   2.338,   0.800,   2.338
202607291806,   1.420,   2.348,9999.000,9999.000,9999.000,9999.000,9999.000,9999.000,9999.000
202607291812,   1.441,   2.377,9999.000,9999.000,9999.000,9999.000,9999.000,9999.000,9999.000
202607291818,   1.461,   2.400,9999.000,9999.000,9999.000,9999.000,9999.000,9999.000,9999.000
202607291824,   1.480,   2.420,9999.000,9999.000,9999.000,9999.000,9999.000,9999.000,9999.000
202607291830,   1.498,   2.430,9999.000,9999.000,9999.000,9999.000,9999.000,9999.000,9999.000
202607291836,   1.516,   2.459,9999.000,9999.000,9999.000,9999.000,9999.000,9999.000,9999.000
202607291842,   1.532,   2.459,9999.000,9999.000,9999.000,9999.000,9999.000,9999.000,9999.000
202607291848,   1.548,   2.489,9999.000,9999.000,9999.000,9999.000,9999.000,9999.000,9999.000
202607291854,   1.563,   2.509,9999.000,9999.000,9999.000,9999.000,9999.000,9999.000,9999.000
202607291900,   1.577,   2.519,   0.800,   0.142,   2.519,   0.800,   2.519,   0.800,   2.519
202607291906,   1.589,   2.528,9999.000,9999.000,9999.000,9999.000,9999.000,9999.000,9999.000
202607291912,   1.601,   2.568,9999.000,9999.000,9999.000,9999.000,9999.000,9999.000,9999.000
202607291918,   1.611,   2.587,9999.000,9999.000,9999.000,9999.000,9999.000,9999.000,9999.000
202607291924,   1.620,   2.597,9999.000,9999.000,9999.000,9999.000,9999.000,9999.000,9999.000
202607291930,   1.629,   2.597,9999.000,9999.000,9999.000,9999.000,9999.000,9999.000,9999.000
202607291936,   1.635,   2.597,9999.000,9999.000,9999.000,9999.000,9999.000,9999.000,9999.000
202607291942,   1.641,   2.597,9999.000,9999.000,9999.000,9999.000,9999.000,9999.000,9999.000
202607291948,   1.646,   2.620,9999.000,9999.000,9999.000,9999.000,9999.000,9999.000,9999.000
202607291954,   1.649,   2.620,9999.000,9999.000,9999.000,9999.000,9999.000,9999.000,9999.000
202607292000,   1.651,   2.630,   0.800,   0.179,   2.630,   0.800,   2.630,   0.900,   2.730
202607292006,   1.651,   2.630,9999.000,9999.000,9999.000,9999.000,9999.000,9999.000,9999.000
202607292012,   1.651,   2.620,9999.000,9999.000,9999.000,9999.000,9999.000,9999.000,9999.000
202607292018,   1.649,   2.620,9999.000,9999.000,9999.000,9999.000,9999.000,9999.000,9999.000
202607292024,   1.646,   2.620,9999.000,9999.000,9999.000,9999.000,9999.000,9999.000,9999.000
202607292030,   1.641,   2.620,9999.000,9999.000,9999.000,9999.000,9999.000,9999.000,9999.000
202607292036,   1.635,   2.597,9999.000,9999.000,9999.000,9999.000,9999.000,9999.000,9999.000
202607292042,   1.628,   2.597,9999.000,9999.000,9999.000,9999.000,9999.000,9999.000,9999.000
202607292048,   1.620,   2.578,9999.000,9999.000,9999.000,9999.000,9999.000,9999.000,9999.000
202607292054,   1.611,   2.558,9999.000,9999.000,9999.000,9999.000,9999.000,9999.000,9999.000
202607292100,   1.601,   2.528,   0.800,   0.127,   2.528,   0.800,   2.528,   0.900,   2.628
202607292106,   1.589,   2.499,9999.000,9999.000,9999.000,9999.000,9999.000,9999.000,9999.000
202607292112,   1.576,   2.489,9999.000,9999.000,9999.000,9999.000,9999.000,9999.000,9999.000
202607292118,   1.563,   2.469,9999.000,9999.000,9999.000,9999.000,9999.000,9999.000,9999.000
202607292124,   1.548,   2.450,9999.000,9999.000,9999.000,9999.000,9999.000,9999.000,9999.000
202607292130,   1.533,   2.430,9999.000,9999.000,9999.000,9999.000,9999.000,9999.000,9999.000
202607292136,   1.517,   2.400,9999.000,9999.000,9999.000,9999.000,9999.000,9999.000,9999.000
202607292142,   1.500,   2.368,9999.000,9999.000,9999.000,9999.000,9999.000,9999.000,9999.000
202607292148,   1.482,   2.348,9999.000,9999.000,9999.000,9999.000,9999.000,9999.000,9999.000
202607292154,   1.464,   2.328,9999.000,9999.000,9999.000,9999.000,9999.000,9999.000,9999.000
202607292200,   1.445,   2.309,   0.800,   0.064,   2.309,   0.800,   2.309,   0.900,   2.409
202607292206,   1.425,   2.279,9999.000,9999.000,9999.000,9999.000,9999.000,9999.000,9999.000
202607292212,   1.405,   2.259,9999.000,9999.000,9999.000,9999.000,9999.000,9999.000,9999.000
202607292218,   1.385,   2.240,9999.000,9999.000,9999.000,9999.000,9999.000,9999.000,9999.000
202607292224,   1.365,   2.220,9999.000,9999.000,9999.000,9999.000,9999.000,9999.000,9999.000
202607292230,   1.344,   2.200,9999.000,9999.000,9999.000,9999.000,9999.000,9999.000,9999.000
202607292236,   1.323,   2.191,9999.000,9999.000,9999.000,9999.000,9999.000,9999.000,9999.000
202607292242,   1.302,   2.168,9999.000,9999.000,9999.000,9999.000,9999.000,9999.000,9999.000
202607292248,   1.280,   2.148,9999.000,9999.000,9999.000,9999.000,9999.000,9999.000,9999.000
202607292254,   1.259,   2.128,9999.000,9999.000,9999.000,9999.000,9999.000,9999.000,9999.000
202607292300,   1.237,   2.099,   0.800,   0.062,   2.099,   0.800,   2.099,   0.900,   2.199
202607292306,   1.216,   2.059,9999.000,9999.000,9999.000,9999.000,9999.000,9999.000,9999.000
202607292312,   1.194,   2.040,9999.000,9999.000,9999.000,9999.000,9999.000,9999.000,9999.000
202607292318,   1.173,   2.020,9999.000,9999.000,9999.000,9999.000,9999.000,9999.000,9999.000
202607292324,   1.151,   2.000,9999.000,9999.000,9999.000,9999.000,9999.000,9999.000,9999.000
202607292330,   1.129,   1.967,9999.000,9999.000,9999.000,9999.000,9999.000,9999.000,9999.000
202607292336,   1.108,   1.938,9999.000,9999.000,9999.000,9999.000,9999.000,9999.000,9999.000
202607292342,   1.086,   1.918,9999.000,9999.000,9999.000,9999.000,9999.000,9999.000,9999.000
202607292348,   1.065,   1.908,9999.000,9999.000,9999.000,9999.000,9999.000,9999.000,9999.000
202607292354,   1.043,   1.879,9999.000,9999.000,9999.000,9999.000,9999.000,9999.000,9999.000
202607300000,   1.022,   1.849,   0.900,  -0.073,   1.849,   0.900,   1.849,   1.000,   1.949
202607300006,   1.000,   1.830,9999.000,9999.000,9999.000,9999.000,9999.000,9999.000,9999.000
202607300012,   0.978,   1.800,9999.000,9999.000,9999.000,9999.000,9999.000,9999.000,9999.000
202607300018,   0.957,   1.781,9999.000,9999.000,9999.000,9999.000,9999.000,9999.000,9999.000
202607300024,   0.935,   1.748,9999.000,9999.000,9999.000,9999.000,9999.000,9999.000,9999.000
202607300030,   0.913,   1.728,9999.000,9999.000,9999.000,9999.000,9999.000,9999.000,9999.000
202607300036,   0.891,   1.708,9999.000,9999.000,9999.000,9999.000,9999.000,9999.000,9999.000
202607300042,   0.869,   1.679,9999.000,9999.000,9999.000,9999.000,9999.000,9999.000,9999.000
202607300048,   0.847,   1.659,9999.000,9999.000,9999.000,9999.000,9999.000,9999.000,9999.000
202607300054,   0.824,   1.639,9999.000,9999.000,9999.000,9999.000,9999.000,9999.000,9999.000
202607300100,   0.802,   1.620,   0.900,  -0.082,   1.620,   0.900,   1.620,   1.000,   1.720
202607300106,   0.779,   1.590,9999.000,9999.000,9999.000,9999.000,9999.000,9999.000,9999.000
202607300112,   0.757,   1.571,9999.000,9999.000,9999.000,9999.000,9999.000,9999.000,9999.000
202607300118,   0.734,   1.548,9999.000,9999.000,9999.000,9999.000,9999.000,9999.000,9999.000
202607300124,   0.711,   1.528,9999.000,9999.000,9999.000,9999.000,9999.000,9999.000,9999.000
202607300130,   0.689,   1.508,9999.000,9999.000,9999.000,9999.000,9999.000,9999.000,9999.000
202607300136,   0.666,   1.489,9999.000,9999.000,9999.000,9999.000,9999.000,9999.000,9999.000
202607300142,   0.643,   1.459,9999.000,9999.000,9999.000,9999.000,9999.000,9999.000,9999.000
202607300148,   0.621,   1.439,9999.000,9999.000,9999.000,9999.000,9999.000,9999.000,9999.000
202607300154,   0.599,   1.410,9999.000,9999.000,9999.000,9999.000,9999.000,9999.000,9999.000
202607300200,   0.577,   1.390,   0.900,  -0.087,   1.390,   0.900,   1.390,   1.000,   1.490
202607300206,   0.555,   1.361,9999.000,9999.000,9999.000,9999.000,9999.000,9999.000,9999.000
202607300212,   0.534,   1.338,9999.000,9999.000,9999.000,9999.000,9999.000,9999.000,9999.000
202607300218,   0.513,   1.328,9999.000,9999.000,9999.000,9999.000,9999.000,9999.000,9999.000
202607300224,   0.492,   1.298,9999.000,9999.000,9999.000,9999.000,9999.000,9999.000,9999.000
202607300230,   0.472,   1.279,9999.000,9999.000,9999.000,9999.000,9999.000,9999.000,9999.000
202607300236,   0.453,   1.259,9999.000,9999.000,9999.000,9999.000,9999.000,9999.000,9999.000
202607300242,   0.434,   1.239,9999.000,9999.000,9999.000,9999.000,9999.000,9999.000,9999.000
202607300248,   0.416,   1.220,9999.000,9999.000,9999.000,9999.000,9999.000,9999.000,9999.000
202607300254,   0.399,   1.190,9999.000,9999.000,9999.000,9999.000,9999.000,9999.000,9999.000
202607300300,   0.383,   1.170,   0.900,  -0.113,   1.170,   0.900,   1.170,   1.000,   1.270
202607300306,   0.368,   1.151,9999.000,9999.000,9999.000,9999.000,9999.000,9999.000,9999.000
202607300312,   0.353,   1.138,9999.000,9999.000,9999.000,9999.000,9999.000,9999.000,9999.000
202607300318,   0.340,   1.108,9999.000,9999.000,9999.000,9999.000,9999.000,9999.000,9999.000
202607300324,   0.328,   1.098,9999.000,9999.000,9999.000,9999.000,9999.000,9999.000,9999.000
202607300330,   0.317,   1.079,9999.000,9999.000,9999.000,9999.000,9999.000,9999.000,9999.000
202607300336,   0.306,   1.059,9999.000,9999.000,9999.000,9999.000,9999.000,9999.000,9999.000
202607300342,   0.298,   1.039,9999.000,9999.000,9999.000,9999.000,9999.000,9999.000,9999.000
202607300348,   0.290,   1.039,9999.000,9999.000,9999.000,9999.000,9999.000,9999.000,9999.000
202607300354,   0.283,   1.020,9999.000,9999.000,9999.000,9999.000,9999.000,9999.000,9999.000
202607300400,   0.278,   1.010,   0.900,  -0.168,   1.010,   0.900,   1.010,   1.000,   1.110
202607300406,   0.274,   1.000,9999.000,9999.000,9999.000,9999.000,9999.000,9999.000,9999.000
202607300412,   0.271,   0.990,9999.000,9999.000,9999.000,9999.000,9999.000,9999.000,9999.000
202607300418,   0.270,   0.980,9999.000,9999.000,9999.000,9999.000,9999.000,9999.000,9999.000
202607300424,   0.269,   0.970,9999.000,9999.000,9999.000,9999.000,9999.000,9999.000,9999.000
202607300430,   0.270,   0.961,9999.000,9999.000,9999.000,9999.000,9999.000,9999.000,9999.000
202607300436,   0.272,   0.961,9999.000,9999.000,9999.000,9999.000,9999.000,9999.000,9999.000
202607300442,   0.275,   0.961,9999.000,9999.000,9999.000,9999.000,9999.000,9999.000,9999.000
202607300448,   0.280,   0.961,9999.000,9999.000,9999.000,9999.000,9999.000,9999.000,9999.000
202607300454,   0.285,   0.970,9999.000,9999.000,9999.000,9999.000,9999.000,9999.000,9999.000
202607300500,   0.292,   0.970,   0.900,  -0.222,   0.970,   0.900,   0.970,   1.000,   1.070
202607300506,   0.300,   0.970,9999.000,9999.000,9999.000,9999.000,9999.000,9999.000,9999.000
202607300512,   0.308,   0.980,9999.000,9999.000,9999.000,9999.000,9999.000,9999.000,9999.000
202607300518,   0.318,   1.000,9999.000,9999.000,9999.000,9999.000,9999.000,9999.000,9999.000
202607300524,   0.329,   1.010,9999.000,9999.000,9999.000,9999.000,9999.000,9999.000,9999.000
202607300530,   0.341,   1.029,9999.000,9999.000,9999.000,9999.000,9999.000,9999.000,9999.000
202607300536,   0.353,   1.049,9999.000,9999.000,9999.000,9999.000,9999.000,9999.000,9999.000
202607300542,   0.367,   1.069,9999.000,9999.000,9999.000,9999.000,9999.000,9999.000,9999.000
202607300548,   0.381,   1.088,9999.000,9999.000,9999.000,9999.000,9999.000,9999.000,9999.000
202607300554,   0.396,   1.108,9999.000,9999.000,9999.000,9999.000,9999.000,9999.000,9999.000
202607300600,   0.412,   1.118,   0.900,  -0.194,   1.118,   0.900,   1.118,   0.900,   1.118
202607300606,   0.429,   1.151,9999.000,9999.000,9999.000,9999.000,9999.000,9999.000,9999.000
202607300612,   0.446,   1.170,9999.000,9999.000,9999.000,9999.000,9999.000,9999.000,9999.000
202607300618,   0.464,   1.180,9999.000,9999.000,9999.000,9999.000,9999.000,9999.000,9999.000
202607300624,   0.482,   1.210,9999.000,9999.000,9999.000,9999.000,9999.000,9999.000,9999.000
202607300630,   0.501,   1.229,9999.000,9999.000,9999.000,9999.000,9999.000,9999.000,9999.000
202607300636,   0.521,   1.249,9999.000,9999.000,9999.000,9999.000,9999.000,9999.000,9999.000
202607300642,   0.541,   1.269,9999.000,9999.000,9999.000,9999.000,9999.000,9999.000,9999.000
202607300648,   0.561,   1.289,9999.000,9999.000,9999.000,9999.000,9999.000,9999.000,9999.000
202607300654,   0.582,   1.298,9999.000,9999.000,9999.000,9999.000,9999.000,9999.000,9999.000
202607300700,   0.603,   1.318,   0.900,  -0.185,   1.318,   0.900,   1.318,   0.900,   1.318
202607300706,   0.624,   1.338,9999.000,9999.000,9999.000,9999.000,9999.000,9999.000,9999.000
202607300712,   0.645,   1.348,9999.000,9999.000,9999.000,9999.000,9999.000,9999.000,9999.000
202607300718,   0.666,   1.380,9999.000,9999.000,9999.000,9999.000,9999.000,9999.000,9999.000
202607300724,   0.687,   1.390,9999.000,9999.000,9999.000,9999.000,9999.000,9999.000,9999.000
202607300730,   0.708,   1.400,9999.000,9999.000,9999.000,9999.000,9999.000,9999.000,9999.000
202607300736,   0.729,   1.420,9999.000,9999.000,9999.000,9999.000,9999.000,9999.000,9999.000
202607300742,   0.750,   1.430,9999.000,9999.000,9999.000,9999.000,9999.000,9999.000,9999.000
202607300748,   0.770,   1.449,9999.000,9999.000,9999.000,9999.000,9999.000,9999.000,9999.000
202607300754,   0.790,   1.469,9999.000,9999.000,9999.000,9999.000,9999.000,9999.000,9999.000
202607300800,   0.810,   1.489,   0.900,  -0.221,   1.489,   0.900,   1.489,   0.900,   1.489
202607300806,   0.829,   1.508,9999.000,9999.000,9999.000,9999.000,9999.000,9999.000,9999.000
202607300812,   0.847,   1.518,9999.000,9999.000,9999.000,9999.000,9999.000,9999.000,9999.000
202607300818,   0.865,   1.538,9999.000,9999.000,9999.000,9999.000,9999.000,9999.000,9999.000
202607300824,   0.882,   1.548,9999.000,9999.000,9999.000,9999.000,9999.000,9999.000,9999.000
202607300830,   0.898,   1.571,9999.000,9999.000,9999.000,9999.000,9999.000,9999.000,9999.000
202607300836,   0.913,   1.580,9999.000,9999.000,9999.000,9999.000,9999.000,9999.000,9999.000
202607300842,   0.927,   1.600,9999.000,9999.000,9999.000,9999.000,9999.000,9999.000,9999.000
202607300848,   0.940,   1.610,9999.000,9999.000,9999.000,9999.000,9999.000,9999.000,9999.000
202607300854,   0.952,   1.620,9999.000,9999.000,9999.000,9999.000,9999.000,9999.000,9999.000
202607300900,   0.963,   1.639,   0.900,  -0.224,   1.639,   0.800,   1.539,   0.900,   1.639
202607300906,   0.973,   1.639,9999.000,9999.000,9999.000,9999.000,9999.000,9999.000,9999.000
202607300912,   0.982,   1.659,9999.000,9999.000,9999.000,9999.000,9999.000,9999.000,9999.000
202607300918,   0.990,   1.669,9999.000,9999.000,9999.000,9999.000,9999.000,9999.000,9999.000
202607300924,   0.996,   1.679,9999.000,9999.000,9999.000,9999.000,9999.000,9999.000,9999.000
202607300930,   1.002,   1.679,9999.000,9999.000,9999.000,9999.000,9999.000,9999.000,9999.000
202607300936,   1.006,   1.679,9999.000,9999.000,9999.000,9999.000,9999.000,9999.000,9999.000
202607300942,   1.009,   1.679,9999.000,9999.000,9999.000,9999.000,9999.000,9999.000,9999.000
202607300948,   1.011,   1.679,9999.000,9999.000,9999.000,9999.000,9999.000,9999.000,9999.000
202607300954,   1.012,   1.679,9999.000,9999.000,9999.000,9999.000,9999.000,9999.000,9999.000
202607301000,   1.011,   1.669,   0.900,  -0.242,   1.669,   0.800,   1.569,   0.900,   1.669
202607301006,   1.010,   1.659,9999.000,9999.000,9999.000,9999.000,9999.000,9999.000,9999.000
202607301012,   1.008,   1.649,9999.000,9999.000,9999.000,9999.000,9999.000,9999.000,9999.000
202607301018,   1.004,   1.639,9999.000,9999.000,9999.000,9999.000,9999.000,9999.000,9999.000
202607301024,   1.000,   1.630,9999.000,9999.000,9999.000,9999.000,9999.000,9999.000,9999.000
202607301030,   0.995,   1.620,9999.000,9999.000,9999.000,9999.000,9999.000,9999.000,9999.000
202607301036,   0.989,   1.610,9999.000,9999.000,9999.000,9999.000,9999.000,9999.000,9999.000
202607301042,   0.982,   1.590,9999.000,9999.000,9999.000,9999.000,9999.000,9999.000,9999.000
202607301048,   0.975,   1.580,9999.000,9999.000,9999.000,9999.000,9999.000,9999.000,9999.000
202607301054,   0.967,   1.557,9999.000,9999.000,9999.000,9999.000,9999.000,9999.000,9999.000
202607301100,   0.959,   1.538,   0.900,  -0.321,   1.538,   0.800,   1.438,   0.900,   1.538
202607301106,   0.949,   1.528,9999.000,9999.000,9999.000,9999.000,9999.000,9999.000,9999.000
202607301112,   0.940,   1.508,9999.000,9999.000,9999.000,9999.000,9999.000,9999.000,9999.000
202607301118,   0.930,   1.498,9999.000,9999.000,9999.000,9999.000,9999.000,9999.000,9999.000
202607301124,   0.920,   1.479,9999.000,9999.000,9999.000,9999.000,9999.000,9999.000,9999.000
202607301130,   0.909,   1.459,9999.000,9999.000,9999.000,9999.000,9999.000,9999.000,9999.000
202607301136,   0.898,   1.449,9999.000,9999.000,9999.000,9999.000,9999.000,9999.000,9999.000
202607301142,   0.887,   1.430,9999.000,9999.000,9999.000,9999.000,9999.000,9999.000,9999.000
202607301148,   0.876,   1.410,9999.000,9999.000,9999.000,9999.000,9999.000,9999.000,9999.000
202607301154,   0.864,   1.400,9999.000,9999.000,9999.000,9999.000,9999.000,9999.000,9999.000
202607301200,   0.853,   1.390,   0.700,  -0.163,   1.390,   0.700,   1.390,   0.800,   1.490
202607301206,   0.841,   1.371,9999.000,9999.000,9999.000,9999.000,9999.000,9999.000,9999.000
202607301212,   0.830,   1.361,9999.000,9999.000,9999.000,9999.000,9999.000,9999.000,9999.000
202607301218,   0.818,   1.338,9999.000,9999.000,9999.000,9999.000,9999.000,9999.000,9999.000
202607301224,   0.806,   1.318,9999.000,9999.000,9999.000,9999.000,9999.000,9999.000,9999.000
202607301230,   0.795,   1.308,9999.000,9999.000,9999.000,9999.000,9999.000,9999.000,9999.000
202607301236,   0.783,   1.298,9999.000,9999.000,9999.000,9999.000,9999.000,9999.000,9999.000
202607301242,   0.772,   1.289,9999.000,9999.000,9999.000,9999.000,9999.000,9999.000,9999.000
202607301248,   0.761,   1.269,9999.000,9999.000,9999.000,9999.000,9999.000,9999.000,9999.000
202607301254,   0.750,   1.279,9999.000,9999.000,9999.000,9999.000,9999.000,9999.000,9999.000
202607301300,   0.739,   1.279,   0.700,  -0.160,   1.279,   0.700,   1.279,   0.700,   1.279
202607301306,   0.728,   1.269,9999.000,9999.000,9999.000,9999.000,9999.000,9999.000,9999.000
202607301312,   0.718,   1.269,9999.000,9999.000,9999.000,9999.000,9999.000,9999.000,9999.000
202607301318,   0.708,   1.249,9999.000,9999.000,9999.000,9999.000,9999.000,9999.000,9999.000
202607301324,   0.698,   1.249,9999.000,9999.000,9999.000,9999.000,9999.000,9999.000,9999.000
202607301330,   0.689,   1.220,9999.000,9999.000,9999.000,9999.000,9999.000,9999.000,9999.000
202607301336,   0.680,   1.229,9999.000,9999.000,9999.000,9999.000,9999.000,9999.000,9999.000
202607301342,   0.672,   1.229,9999.000,9999.000,9999.000,9999.000,9999.000,9999.000,9999.000
202607301348,   0.664,   1.249,9999.000,9999.000,9999.000,9999.000,9999.000,9999.000,9999.000
202607301354,   0.657,   1.190,9999.000,9999.000,9999.000,9999.000,9999.000,9999.000,9999.000
202607301400,   0.650,   1.190,   0.700,  -0.160,   1.190,   0.700,   1.190,   0.700,   1.190
202607301406,   0.644,   1.229,9999.000,9999.000,9999.000,9999.000,9999.000,9999.000,9999.000
202607301412,   0.639,   1.210,9999.000,9999.000,9999.000,9999.000,9999.000,9999.000,9999.000
202607301418,   0.634,   1.210,9999.000,9999.000,9999.000,9999.000,9999.000,9999.000,9999.000
202607301424,   0.631,   1.239,9999.000,9999.000,9999.000,9999.000,9999.000,9999.000,9999.000
202607301430,   0.628,   1.229,9999.000,9999.000,9999.000,9999.000,9999.000,9999.000,9999.000
202607301436,   0.626,   1.229,9999.000,9999.000,9999.000,9999.000,9999.000,9999.000,9999.000
202607301442,   0.626,   1.239,9999.000,9999.000,9999.000,9999.000,9999.000,9999.000,9999.000
202607301448,   0.626,   1.239,9999.000,9999.000,9999.000,9999.000,9999.000,9999.000,9999.000
202607301454,   0.628,   1.239,9999.000,9999.000,9999.000,9999.000,9999.000,9999.000,9999.000
202607301500,   0.630,   1.259,   0.700,  -0.071,   1.259,   0.700,   1.259,   0.700,   1.259
202607301506,   0.634,   1.298,9999.000,9999.000,9999.000,9999.000,9999.000,9999.000,9999.000
202607301512,   0.639,   1.289,9999.000,9999.000,9999.000,9999.000,9999.000,9999.000,9999.000
202607301518,   0.646,   1.308,9999.000,9999.000,9999.000,9999.000,9999.000,9999.000,9999.000
202607301524,   0.653,   1.328,9999.000,9999.000,9999.000,9999.000,9999.000,9999.000,9999.000
202607301530,   0.662,   1.348,9999.000,9999.000,9999.000,9999.000,9999.000,9999.000,9999.000
202607301536,   0.672,   1.361,9999.000,9999.000,9999.000,9999.000,9999.000,9999.000,9999.000
202607301542,   0.684,   1.390,9999.000,9999.000,9999.000,9999.000,9999.000,9999.000,9999.000
202607301548,   0.697,   1.410,9999.000,9999.000,9999.000,9999.000,9999.000,9999.000,9999.000
202607301554,   0.711,   1.439,9999.000,9999.000,9999.000,9999.000,9999.000,9999.000,9999.000
202607301600,   0.726,   1.459,   0.700,   0.033,   1.459,   0.700,   1.459,   0.700,   1.459
202607301606,   0.743,   1.489,9999.000,9999.000,9999.000,9999.000,9999.000,9999.000,9999.000
202607301612,   0.761,   1.508,9999.000,9999.000,9999.000,9999.000,9999.000,9999.000,9999.000
202607301618,   0.780,   1.518,9999.000,9999.000,9999.000,9999.000,9999.000,9999.000,9999.000
202607301624,   0.800,   1.538,9999.000,9999.000,9999.000,9999.000,9999.000,9999.000,9999.000
202607301630,   0.821,   1.548,9999.000,9999.000,9999.000,9999.000,9999.000,9999.000,9999.000
202607301636,   0.843,   1.571,9999.000,9999.000,9999.000,9999.000,9999.000,9999.000,9999.000
202607301642,   0.866,   1.600,9999.000,9999.000,9999.000,9999.000,9999.000,9999.000,9999.000
202607301648,   0.889,   1.610,9999.000,9999.000,9999.000,9999.000,9999.000,9999.000,9999.000
202607301654,   0.914,   1.639,9999.000,9999.000,9999.000,9999.000,9999.000,9999.000,9999.000
202607301700,   0.939,   1.659,   0.700,   0.020,   1.659,   0.700,   1.659,   0.700,   1.659
202607301706,   0.965,   1.689,9999.000,9999.000,9999.000,9999.000,9999.000,9999.000,9999.000
202607301712,   0.991,   1.708,9999.000,9999.000,9999.000,9999.000,9999.000,9999.000,9999.000
202607301718,   1.018,   1.728,9999.000,9999.000,9999.000,9999.000,9999.000,9999.000,9999.000
202607301724,   1.045,   1.748,9999.000,9999.000,9999.000,9999.000,9999.000,9999.000,9999.000
202607301730,   1.072,   1.767,9999.000,9999.000,9999.000,9999.000,9999.000,9999.000,9999.000
202607301736,   1.099,   1.781,9999.000,9999.000,9999.000,9999.000,9999.000,9999.000,9999.000
202607301742,   1.127,   1.800,9999.000,9999.000,9999.000,9999.000,9999.000,9999.000,9999.000
202607301748,   1.154,   1.830,9999.000,9999.000,9999.000,9999.000,9999.000,9999.000,9999.000
202607301754,   1.181,   1.849,9999.000,9999.000,9999.000,9999.000,9999.000,9999.000,9999.000
202607301800,   1.209,   1.879,   0.600,   0.070,   1.879,   0.600,   1.879,   0.600,   1.879
202607301806,   1.236,   1.908,9999.000,9999.000,9999.000,9999.000,9999.000,9999.000,9999.000
202607301812,   1.262,   1.928,9999.000,9999.000,9999.000,9999.000,9999.000,9999.000,9999.000
202607301818,   1.289,   1.958,9999.000,9999.000,9999.000,9999.000,9999.000,9999.000,9999.000
202607301824,   1.314,   1.981,9999.000,9999.000,9999.000,9999.000,9999.000,9999.000,9999.000
202607301830,   1.340,   2.000,9999.000,9999.000,9999.000,9999.000,9999.000,9999.000,9999.000
202607301836,   1.364,   2.020,9999.000,9999.000,9999.000,9999.000,9999.000,9999.000,9999.000
202607301842,   1.388,   2.030,9999.000,9999.000,9999.000,9999.000,9999.000,9999.000,9999.000
202607301848,   1.412,   2.049,9999.000,9999.000,9999.000,9999.000,9999.000,9999.000,9999.000
202607301854,   1.434,   2.069,9999.000,9999.000,9999.000,9999.000,9999.000,9999.000,9999.000
202607301900,   1.456,   2.089,   0.600,   0.033,   2.089,   0.600,   2.089,   0.600,   2.089
202607301906,   1.477,   2.099,9999.000,9999.000,9999.000,9999.000,9999.000,9999.000,9999.000
202607301912,   1.497,   2.118,9999.000,9999.000,9999.000,9999.000,9999.000,9999.000,9999.000
202607301918,   1.516,   2.128,9999.000,9999.000,9999.000,9999.000,9999.000,9999.000,9999.000
202607301924,   1.534,   2.148,9999.000,9999.000,9999.000,9999.000,9999.000,9999.000,9999.000
202607301930,   1.551,   2.168,9999.000,9999.000,9999.000,9999.000,9999.000,9999.000,9999.000
202607301936,   1.567,   2.168,9999.000,9999.000,9999.000,9999.000,9999.000,9999.000,9999.000
202607301942,   1.582,   2.191,9999.000,9999.000,9999.000,9999.000,9999.000,9999.000,9999.000
202607301948,   1.596,   2.200,9999.000,9999.000,9999.000,9999.000,9999.000,9999.000,9999.000
202607301954,   1.608,   2.210,9999.000,9999.000,9999.000,9999.000,9999.000,9999.000,9999.000
202607302000,   1.620,   2.230,   0.600,   0.010,   2.230,   0.600,   2.230,   0.600,   2.230
202607302006,   1.630,   2.230,9999.000,9999.000,9999.000,9999.000,9999.000,9999.000,9999.000
202607302012,   1.639,   2.240,9999.000,9999.000,9999.000,9999.000,9999.000,9999.000,9999.000
202607302018,   1.646,   2.250,9999.000,9999.000,9999.000,9999.000,9999.000,9999.000,9999.000
202607302024,   1.653,   2.259,9999.000,9999.000,9999.000,9999.000,9999.000,9999.000,9999.000
202607302030,   1.658,   2.250,9999.000,9999.000,9999.000,9999.000,9999.000,9999.000,9999.000
202607302036,   1.661,   2.250,9999.000,9999.000,9999.000,9999.000,9999.000,9999.000,9999.000
202607302042,   1.663,   2.250,9999.000,9999.000,9999.000,9999.000,9999.000,9999.000,9999.000
202607302048,   1.664,   2.250,9999.000,9999.000,9999.000,9999.000,9999.000,9999.000,9999.000
202607302054,   1.664,   2.240,9999.000,9999.000,9999.000,9999.000,9999.000,9999.000,9999.000
202607302100,   1.662,   2.230,   0.600,  -0.032,   2.230,   0.500,   2.130,   0.600,   2.230
202607302106,   1.658,   2.210,9999.000,9999.000,9999.000,9999.000,9999.000,9999.000,9999.000
202607302112,   1.654,   2.191,9999.000,9999.000,9999.000,9999.000,9999.000,9999.000,9999.000
202607302118,   1.648,   2.177,9999.000,9999.000,9999.000,9999.000,9999.000,9999.000,9999.000
202607302124,   1.641,   2.158,9999.000,9999.000,9999.000,9999.000,9999.000,9999.000,9999.000
202607302130,   1.632,   2.128,9999.000,9999.000,9999.000,9999.000,9999.000,9999.000,9999.000
202607302136,   1.622,   2.118,9999.000,9999.000,9999.000,9999.000,9999.000,9999.000,9999.000
202607302142,   1.611,   2.079,9999.000,9999.000,9999.000,9999.000,9999.000,9999.000,9999.000
202607302148,   1.599,   2.069,9999.000,9999.000,9999.000,9999.000,9999.000,9999.000,9999.000
202607302154,   1.585,   2.049,9999.000,9999.000,9999.000,9999.000,9999.000,9999.000,9999.000
202607302200,   1.571,   2.010,   0.600,  -0.161,   2.010,   0.500,   1.910,   0.600,   2.010
202607302206,   1.555,   1.990,9999.000,9999.000,9999.000,9999.000,9999.000,9999.000,9999.000
202607302212,   1.538,   1.967,9999.000,9999.000,9999.000,9999.000,9999.000,9999.000,9999.000
202607302218,   1.521,   1.948,9999.000,9999.000,9999.000,9999.000,9999.000,9999.000,9999.000
202607302224,   1.503,   1.928,9999.000,9999.000,9999.000,9999.000,9999.000,9999.000,9999.000
202607302230,   1.483,   1.908,9999.000,9999.000,9999.000,9999.000,9999.000,9999.000,9999.000
202607302236,   1.464,   1.879,9999.000,9999.000,9999.000,9999.000,9999.000,9999.000,9999.000
202607302242,   1.443,   1.859,9999.000,9999.000,9999.000,9999.000,9999.000,9999.000,9999.000
202607302248,   1.422,   1.840,9999.000,9999.000,9999.000,9999.000,9999.000,9999.000,9999.000
202607302254,   1.400,   1.830,9999.000,9999.000,9999.000,9999.000,9999.000,9999.000,9999.000
202607302300,   1.378,   1.800,   0.600,  -0.178,   1.800,   0.500,   1.700,   0.600,   1.800
202607302306,   1.356,   1.790,9999.000,9999.000,9999.000,9999.000,9999.000,9999.000,9999.000
202607302312,   1.333,   1.758,9999.000,9999.000,9999.000,9999.000,9999.000,9999.000,9999.000
202607302318,   1.310,   1.748,9999.000,9999.000,9999.000,9999.000,9999.000,9999.000,9999.000
202607302324,   1.287,   1.718,9999.000,9999.000,9999.000,9999.000,9999.000,9999.000,9999.000
202607302330,   1.264,   1.708,9999.000,9999.000,9999.000,9999.000,9999.000,9999.000,9999.000
202607302336,   1.240,   1.689,9999.000,9999.000,9999.000,9999.000,9999.000,9999.000,9999.000
202607302342,   1.217,   1.669,9999.000,9999.000,9999.000,9999.000,9999.000,9999.000,9999.000
202607302348,   1.193,   1.639,9999.000,9999.000,9999.000,9999.000,9999.000,9999.000,9999.000
202607302354,   1.170,   1.620,9999.000,9999.000,9999.000,9999.000,9999.000,9999.000,9999.000
202607310000,   1.146,   1.620,   0.600,  -0.126,   1.620,   0.500,   1.520,   0.600,   1.620
202607310006,   1.123,9999.000,9999.000,9999.000,9999.000,9999.000,9999.000,9999.000,9999.000
202607310012,   1.100,9999.000,9999.000,9999.000,9999.000,9999.000,9999.000,9999.000,9999.000
202607310018,   1.076,9999.000,9999.000,9999.000,9999.000,9999.000,9999.000,9999.000,9999.000
202607310024,   1.053,9999.000,9999.000,9999.000,9999.000,9999.000,9999.000,9999.000,9999.000
202607310030,   1.030,9999.000,9999.000,9999.000,9999.000,9999.000,9999.000,9999.000,9999.000
202607310036,   1.008,9999.000,9999.000,9999.000,9999.000,9999.000,9999.000,9999.000,9999.000
202607310042,   0.985,9999.000,9999.000,9999.000,9999.000,9999.000,9999.000,9999.000,9999.000
202607310048,   0.962,9999.000,9999.000,9999.000,9999.000,9999.000,9999.000,9999.000,9999.000
202607310054,   0.940,9999.000,9999.000,9999.000,9999.000,9999.000,9999.000,9999.000,9999.000
202607310100,   0.917,9999.000,   0.600,  -0.118,   1.399,   0.500,   1.299,   0.600,   1.399
202607310106,   0.895,9999.000,9999.000,9999.000,9999.000,9999.000,9999.000,9999.000,9999.000
202607310112,   0.873,9999.000,9999.000,9999.000,9999.000,9999.000,9999.000,9999.000,9999.000
202607310118,   0.850,9999.000,9999.000,9999.000,9999.000,9999.000,9999.000,9999.000,9999.000
202607310124,   0.828,9999.000,9999.000,9999.000,9999.000,9999.000,9999.000,9999.000,9999.000
202607310130,   0.806,9999.000,9999.000,9999.000,9999.000,9999.000,9999.000,9999.000,9999.000
202607310136,   0.784,9999.000,9999.000,9999.000,9999.000,9999.000,9999.000,9999.000,9999.000
202607310142,   0.762,9999.000,9999.000,9999.000,9999.000,9999.000,9999.000,9999.000,9999.000
202607310148,   0.740,9999.000,9999.000,9999.000,9999.000,9999.000,9999.000,9999.000,9999.000
202607310154,   0.719,9999.000,9999.000,9999.000,9999.000,9999.000,9999.000,9999.000,9999.000
202607310200,   0.697,9999.000,   0.600,  -0.109,   1.188,   0.500,   1.088,   0.600,   1.188
202607310206,   0.676,9999.000,9999.000,9999.000,9999.000,9999.000,9999.000,9999.000,9999.000
202607310212,   0.654,9999.000,9999.000,9999.000,9999.000,9999.000,9999.000,9999.000,9999.000
202607310218,   0.633,9999.000,9999.000,9999.000,9999.000,9999.000,9999.000,9999.000,9999.000
202607310224,   0.612,9999.000,9999.000,9999.000,9999.000,9999.000,9999.000,9999.000,9999.000
202607310230,   0.592,9999.000,9999.000,9999.000,9999.000,9999.000,9999.000,9999.000,9999.000
202607310236,   0.571,9999.000,9999.000,9999.000,9999.000,9999.000,9999.000,9999.000,9999.000
202607310242,   0.551,9999.000,9999.000,9999.000,9999.000,9999.000,9999.000,9999.000,9999.000
202607310248,   0.532,9999.000,9999.000,9999.000,9999.000,9999.000,9999.000,9999.000,9999.000
202607310254,   0.513,9999.000,9999.000,9999.000,9999.000,9999.000,9999.000,9999.000,9999.000
202607310300,   0.495,9999.000,   0.600,  -0.101,   0.994,   0.500,   0.894,   0.600,   0.994
202607310306,   0.477,9999.000,9999.000,9999.000,9999.000,9999.000,9999.000,9999.000,9999.000
202607310312,   0.460,9999.000,9999.000,9999.000,9999.000,9999.000,9999.000,9999.000,9999.000
202607310318,   0.443,9999.000,9999.000,9999.000,9999.000,9999.000,9999.000,9999.000,9999.000
202607310324,   0.428,9999.000,9999.000,9999.000,9999.000,9999.000,9999.000,9999.000,9999.000
202607310330,   0.413,9999.000,9999.000,9999.000,9999.000,9999.000,9999.000,9999.000,9999.000
202607310336,   0.399,9999.000,9999.000,9999.000,9999.000,9999.000,9999.000,9999.000,9999.000
202607310342,   0.387,9999.000,9999.000,9999.000,9999.000,9999.000,9999.000,9999.000,9999.000
202607310348,   0.375,9999.000,9999.000,9999.000,9999.000,9999.000,9999.000,9999.000,9999.000
202607310354,   0.364,9999.000,9999.000,9999.000,9999.000,9999.000,9999.000,9999.000,9999.000
202607310400,   0.354,9999.000,   0.600,  -0.092,   0.862,   0.500,   0.762,   0.600,   0.862
202607310406,   0.346,9999.000,9999.000,9999.000,9999.000,9999.000,9999.000,9999.000,9999.000
202607310412,   0.339,9999.000,9999.000,9999.000,9999.000,9999.000,9999.000,9999.000,9999.000
202607310418,   0.333,9999.000,9999.000,9999.000,9999.000,9999.000,9999.000,9999.000,9999.000
202607310424,   0.328,9999.000,9999.000,9999.000,9999.000,9999.000,9999.000,9999.000,9999.000
202607310430,   0.324,9999.000,9999.000,9999.000,9999.000,9999.000,9999.000,9999.000,9999.000
202607310436,   0.322,9999.000,9999.000,9999.000,9999.000,9999.000,9999.000,9999.000,9999.000
202607310442,   0.321,9999.000,9999.000,9999.000,9999.000,9999.000,9999.000,9999.000,9999.000
202607310448,   0.321,9999.000,9999.000,9999.000,9999.000,9999.000,9999.000,9999.000,9999.000
202607310454,   0.322,9999.000,9999.000,9999.000,9999.000,9999.000,9999.000,9999.000,9999.000
202607310500,   0.325,9999.000,   0.600,  -0.084,   0.841,   0.500,   0.741,   0.600,   0.841
202607310506,   0.329,9999.000,9999.000,9999.000,9999.000,9999.000,9999.000,9999.000,9999.000
202607310512,   0.334,9999.000,9999.000,9999.000,9999.000,9999.000,9999.000,9999.000,9999.000
202607310518,   0.340,9999.000,9999.000,9999.000,9999.000,9999.000,9999.000,9999.000,9999.000
202607310524,   0.347,9999.000,9999.000,9999.000,9999.000,9999.000,9999.000,9999.000,9999.000
202607310530,   0.355,9999.000,9999.000,9999.000,9999.000,9999.000,9999.000,9999.000,9999.000
202607310536,   0.365,9999.000,9999.000,9999.000,9999.000,9999.000,9999.000,9999.000,9999.000
202607310542,   0.375,9999.000,9999.000,9999.000,9999.000,9999.000,9999.000,9999.000,9999.000
202607310548,   0.386,9999.000,9999.000,9999.000,9999.000,9999.000,9999.000,9999.000,9999.000
202607310554,   0.399,9999.000,9999.000,9999.000,9999.000,9999.000,9999.000,9999.000,9999.000
202607310600,   0.412,9999.000,   0.600,  -0.076,   0.936,   0.500,   0.836,   0.600,   0.936
202607310606,   0.426,9999.000,9999.000,9999.000,9999.000,9999.000,9999.000,9999.000,9999.000
202607310612,   0.440,9999.000,9999.000,9999.000,9999.000,9999.000,9999.000,9999.000,9999.000
202607310618,   0.456,9999.000,9999.000,9999.000,9999.000,9999.000,9999.000,9999.000,9999.000
202607310624,   0.472,9999.000,9999.000,9999.000,9999.000,9999.000,9999.000,9999.000,9999.000
202607310630,   0.488,9999.000,9999.000,9999.000,9999.000,9999.000,9999.000,9999.000,9999.000
202607310636,   0.505,9999.000,9999.000,9999.000,9999.000,9999.000,9999.000,9999.000,9999.000
202607310642,   0.523,9999.000,9999.000,9999.000,9999.000,9999.000,9999.000,9999.000,9999.000
202607310648,   0.541,9999.000,9999.000,9999.000,9999.000,9999.000,9999.000,9999.000,9999.000
202607310654,   0.560,9999.000,9999.000,9999.000,9999.000,9999.000,9999.000,9999.000,9999.000
202607310700,   0.579,9999.000,   0.600,  -0.067,   1.112,   0.500,   1.012,   0.600,   1.112
202607310706,   0.598,9999.000,9999.000,9999.000,9999.000,9999.000,9999.000,9999.000,9999.000
202607310712,   0.617,9999.000,9999.000,9999.000,9999.000,9999.000,9999.000,9999.000,9999.000
202607310718,   0.637,9999.000,9999.000,9999.000,9999.000,9999.000,9999.000,9999.000,9999.000
202607310724,   0.657,9999.000,9999.000,9999.000,9999.000,9999.000,9999.000,9999.000,9999.000
202607310730,   0.677,9999.000,9999.000,9999.000,9999.000,9999.000,9999.000,9999.000,9999.000
202607310736,   0.697,9999.000,9999.000,9999.000,9999.000,9999.000,9999.000,9999.000,9999.000
202607310742,   0.716,9999.000,9999.000,9999.000,9999.000,9999.000,9999.000,9999.000,9999.000
202607310748,   0.736,9999.000,9999.000,9999.000,9999.000,9999.000,9999.000,9999.000,9999.000
202607310754,   0.756,9999.000,9999.000,9999.000,9999.000,9999.000,9999.000,9999.000,9999.000
202607310800,   0.775,9999.000,   0.500,  -0.059,   1.216,   0.500,   1.216,   0.600,   1.316
202607310806,   0.794,9999.000,9999.000,9999.000,9999.000,9999.000,9999.000,9999.000,9999.000
202607310812,   0.813,9999.000,9999.000,9999.000,9999.000,9999.000,9999.000,9999.000,9999.000
202607310818,   0.832,9999.000,9999.000,9999.000,9999.000,9999.000,9999.000,9999.000,9999.000
202607310824,   0.850,9999.000,9999.000,9999.000,9999.000,9999.000,9999.000,9999.000,9999.000
202607310830,   0.867,9999.000,9999.000,9999.000,9999.000,9999.000,9999.000,9999.000,9999.000
202607310836,   0.884,9999.000,9999.000,9999.000,9999.000,9999.000,9999.000,9999.000,9999.000
202607310842,   0.901,9999.000,9999.000,9999.000,9999.000,9999.000,9999.000,9999.000,9999.000
202607310848,   0.916,9999.000,9999.000,9999.000,9999.000,9999.000,9999.000,9999.000,9999.000
202607310854,   0.931,9999.000,9999.000,9999.000,9999.000,9999.000,9999.000,9999.000,9999.000
202607310900,   0.945,9999.000,   0.500,  -0.050,   1.395,   0.500,   1.395,   0.600,   1.495
202607310906,   0.959,9999.000,9999.000,9999.000,9999.000,9999.000,9999.000,9999.000,9999.000
202607310912,   0.971,9999.000,9999.000,9999.000,9999.000,9999.000,9999.000,9999.000,9999.000
202607310918,   0.982,9999.000,9999.000,9999.000,9999.000,9999.000,9999.000,9999.000,9999.000
202607310924,   0.993,9999.000,9999.000,9999.000,9999.000,9999.000,9999.000,9999.000,9999.000
202607310930,   1.002,9999.000,9999.000,9999.000,9999.000,9999.000,9999.000,9999.000,9999.000
202607310936,   1.010,9999.000,9999.000,9999.000,9999.000,9999.000,9999.000,9999.000,9999.000
202607310942,   1.017,9999.000,9999.000,9999.000,9999.000,9999.000,9999.000,9999.000,9999.000
202607310948,   1.023,9999.000,9999.000,9999.000,9999.000,9999.000,9999.000,9999.000,9999.000
202607310954,   1.028,9999.000,9999.000,9999.000,9999.000,9999.000,9999.000,9999.000,9999.000
202607311000,   1.032,9999.000,   0.500,  -0.042,   1.490,   0.500,   1.490,   0.600,   1.590
202607311006,   1.034,9999.000,9999.000,9999.000,9999.000,9999.000,9999.000,9999.000,9999.000
202607311012,   1.036,9999.000,9999.000,9999.000,9999.000,9999.000,9999.000,9999.000,9999.000
202607311018,   1.036,9999.000,9999.000,9999.000,9999.000,9999.000,9999.000,9999.000,9999.000
202607311024,   1.035,9999.000,9999.000,9999.000,9999.000,9999.000,9999.000,9999.000,9999.000
202607311030,   1.033,9999.000,9999.000,9999.000,9999.000,9999.000,9999.000,9999.000,9999.000
202607311036,   1.030,9999.000,9999.000,9999.000,9999.000,9999.000,9999.000,9999.000,9999.000
202607311042,   1.026,9999.000,9999.000,9999.000,9999.000,9999.000,9999.000,9999.000,9999.000
202607311048,   1.021,9999.000,9999.000,9999.000,9999.000,9999.000,9999.000,9999.000,9999.000
202607311054,   1.015,9999.000,9999.000,9999.000,9999.000,9999.000,9999.000,9999.000,9999.000
202607311100,   1.009,9999.000,   0.500,  -0.034,   1.475,   0.500,   1.475,   0.600,   1.575
202607311106,   1.001,9999.000,9999.000,9999.000,9999.000,9999.000,9999.000,9999.000,9999.000
202607311112,   0.992,9999.000,9999.000,9999.000,9999.000,9999.000,9999.000,9999.000,9999.000
202607311118,   0.983,9999.000,9999.000,9999.000,9999.000,9999.000,9999.000,9999.000,9999.000
202607311124,   0.973,9999.000,9999.000,9999.000,9999.000,9999.000,9999.000,9999.000,9999.000
202607311130,   0.963,9999.000,9999.000,9999.000,9999.000,9999.000,9999.000,9999.000,9999.000
202607311136,   0.952,9999.000,9999.000,9999.000,9999.000,9999.000,9999.000,9999.000,9999.000
202607311142,   0.940,9999.000,9999.000,9999.000,9999.000,9999.000,9999.000,9999.000,9999.000
202607311148,   0.928,9999.000,9999.000,9999.000,9999.000,9999.000,9999.000,9999.000,9999.000
202607311154,   0.916,9999.000,9999.000,9999.000,9999.000,9999.000,9999.000,9999.000,9999.000
202607311200,   0.903,9999.000,   0.500,  -0.025,   1.378,   0.500,   1.378,   0.600,   1.478
202607311206,   0.890,9999.000,9999.000,9999.000,9999.000,9999.000,9999.000,9999.000,9999.000
202607311212,   0.877,9999.000,9999.000,9999.000,9999.000,9999.000,9999.000,9999.000,9999.000
202607311218,   0.864,9999.000,9999.000,9999.000,9999.000,9999.000,9999.000,9999.000,9999.000
202607311224,   0.851,9999.000,9999.000,9999.000,9999.000,9999.000,9999.000,9999.000,9999.000
202607311230,   0.838,9999.000,9999.000,9999.000,9999.000,9999.000,9999.000,9999.000,9999.000
202607311236,   0.824,9999.000,9999.000,9999.000,9999.000,9999.000,9999.000,9999.000,9999.000
202607311242,   0.811,9999.000,9999.000,9999.000,9999.000,9999.000,9999.000,9999.000,9999.000
202607311248,   0.798,9999.000,9999.000,9999.000,9999.000,9999.000,9999.000,9999.000,9999.000
202607311254,   0.785,9999.000,9999.000,9999.000,9999.000,9999.000,9999.000,9999.000,9999.000
202607311300,   0.772,9999.000,   0.500,  -0.025,   1.247,   0.500,   1.247,   0.600,   1.347
202607311306,   0.759,9999.000,9999.000,9999.000,9999.000,9999.000,9999.000,9999.000,9999.000
202607311312,   0.746,9999.000,9999.000,9999.000,9999.000,9999.000,9999.000,9999.000,9999.000
202607311318,   0.734,9999.000,9999.000,9999.000,9999.000,9999.000,9999.000,9999.000,9999.000
202607311324,   0.722,9999.000,9999.000,9999.000,9999.000,9999.000,9999.000,9999.000,9999.000
202607311330,   0.710,9999.000,9999.000,9999.000,9999.000,9999.000,9999.000,9999.000,9999.000
202607311336,   0.698,9999.000,9999.000,9999.000,9999.000,9999.000,9999.000,9999.000,9999.000
202607311342,   0.686,9999.000,9999.000,9999.000,9999.000,9999.000,9999.000,9999.000,9999.000
202607311348,   0.675,9999.000,9999.000,9999.000,9999.000,9999.000,9999.000,9999.000,9999.000
202607311354,   0.665,9999.000,9999.000,9999.000,9999.000,9999.000,9999.000,9999.000,9999.000
202607311400,   0.654,9999.000,   0.500,  -0.025,   1.129,   0.500,   1.129,   0.500,   1.129
202607311406,   0.644,9999.000,9999.000,9999.000,9999.000,9999.000,9999.000,9999.000,9999.000
202607311412,   0.635,9999.000,9999.000,9999.000,9999.000,9999.000,9999.000,9999.000,9999.000
202607311418,   0.626,9999.000,9999.000,9999.000,9999.000,9999.000,9999.000,9999.000,9999.000
202607311424,   0.617,9999.000,9999.000,9999.000,9999.000,9999.000,9999.000,9999.000,9999.000
202607311430,   0.609,9999.000,9999.000,9999.000,9999.000,9999.000,9999.000,9999.000,9999.000
202607311436,   0.602,9999.000,9999.000,9999.000,9999.000,9999.000,9999.000,9999.000,9999.000
202607311442,   0.595,9999.000,9999.000,9999.000,9999.000,9999.000,9999.000,9999.000,9999.000
202607311448,   0.589,9999.000,9999.000,9999.000,9999.000,9999.000,9999.000,9999.000,9999.000
202607311454,   0.584,9999.000,9999.000,9999.000,9999.000,9999.000,9999.000,9999.000,9999.000
202607311500,   0.579,9999.000,   0.500,  -0.025,   1.054,   0.500,   1.054,   0.500,   1.054
202607311506,   0.576,9999.000,9999.000,9999.000,9999.000,9999.000,9999.000,9999.000,9999.000
202607311512,   0.573,9999.000,9999.000,9999.000,9999.000,9999.000,9999.000,9999.000,9999.000
202607311518,   0.571,9999.000,9999.000,9999.000,9999.000,9999.000,9999.000,9999.000,9999.000
202607311524,   0.571,9999.000,9999.000,9999.000,9999.000,9999.000,9999.000,9999.000,9999.000
202607311530,   0.571,9999.000,9999.000,9999.000,9999.000,9999.000,9999.000,9999.000,9999.000
202607311536,   0.572,9999.000,9999.000,9999.000,9999.000,9999.000,9999.000,9999.000,9999.000
202607311542,   0.575,9999.000,9999.000,9999.000,9999.000,9999.000,9999.000,9999.000,9999.000
202607311548,   0.579,9999.000,9999.000,9999.000,9999.000,9999.000,9999.000,9999.000,9999.000
202607311554,   0.584,9999.000,9999.000,9999.000,9999.000,9999.000,9999.000,9999.000,9999.000
202607311600,   0.590,9999.000,   0.500,  -0.025,   1.065,   0.500,   1.065,   0.500,   1.065
202607311606,   0.598,9999.000,9999.000,9999.000,9999.000,9999.000,9999.000,9999.000,9999.000
202607311612,   0.606,9999.000,9999.000,9999.000,9999.000,9999.000,9999.000,9999.000,9999.000
202607311618,   0.617,9999.000,9999.000,9999.000,9999.000,9999.000,9999.000,9999.000,9999.000
202607311624,   0.628,9999.000,9999.000,9999.000,9999.000,9999.000,9999.000,9999.000,9999.000
202607311630,   0.641,9999.000,9999.000,9999.000,9999.000,9999.000,9999.000,9999.000,9999.000
202607311636,   0.655,9999.000,9999.000,9999.000,9999.000,9999.000,9999.000,9999.000,9999.000
202607311642,   0.671,9999.000,9999.000,9999.000,9999.000,9999.000,9999.000,9999.000,9999.000
202607311648,   0.687,9999.000,9999.000,9999.000,9999.000,9999.000,9999.000,9999.000,9999.000
202607311654,   0.705,9999.000,9999.000,9999.000,9999.000,9999.000,9999.000,9999.000,9999.000
202607311700,   0.724,9999.000,   0.500,  -0.025,   1.199,   0.500,   1.199,   0.500,   1.199
202607311706,   0.745,9999.000,9999.000,9999.000,9999.000,9999.000,9999.000,9999.000,9999.000
202607311712,   0.766,9999.000,9999.000,9999.000,9999.000,9999.000,9999.000,9999.000,9999.000
202607311718,   0.788,9999.000,9999.000,9999.000,9999.000,9999.000,9999.000,9999.000,9999.000
202607311724,   0.812,9999.000,9999.000,9999.000,9999.000,9999.000,9999.000,9999.000,9999.000
202607311730,   0.836,9999.000,9999.000,9999.000,9999.000,9999.000,9999.000,9999.000,9999.000
202607311736,   0.861,9999.000,9999.000,9999.000,9999.000,9999.000,9999.000,9999.000,9999.000
202607311742,   0.887,9999.000,9999.000,9999.000,9999.000,9999.000,9999.000,9999.000,9999.000
202607311748,   0.914,9999.000,9999.000,9999.000,9999.000,9999.000,9999.000,9999.000,9999.000
202607311754,   0.941,9999.000,9999.000,9999.000,9999.000,9999.000,9999.000,9999.000,9999.000
202607311800,   0.968,9999.000,   0.500,  -0.025,   1.443,   0.400,   1.343,   0.500,   1.443
202607311806,   0.996,9999.000,9999.000,9999.000,9999.000,9999.000,9999.000,9999.000,9999.000
202607311812,   1.024,9999.000,9999.000,9999.000,9999.000,9999.000,9999.000,9999.000,9999.000
202607311818,   1.053,9999.000,9999.000,9999.000,9999.000,9999.000,9999.000,9999.000,9999.000
202607311824,   1.081,9999.000,9999.000,9999.000,9999.000,9999.000,9999.000,9999.000,9999.000
202607311830,   1.110,9999.000,9999.000,9999.000,9999.000,9999.000,9999.000,9999.000,9999.000
202607311836,   1.138,9999.000,9999.000,9999.000,9999.000,9999.000,9999.000,9999.000,9999.000
202607311842,   1.167,9999.000,9999.000,9999.000,9999.000,9999.000,9999.000,9999.000,9999.000
202607311848,   1.195,9999.000,9999.000,9999.000,9999.000,9999.000,9999.000,9999.000,9999.000
202607311854,   1.223,9999.000,9999.000,9999.000,9999.000,9999.000,9999.000,9999.000,9999.000
202607311900,   1.250,9999.000,   0.500,  -0.025,   1.725,   0.400,   1.625,   0.600,   1.825
202607311906,   1.277,9999.000,9999.000,9999.000,9999.000,9999.000,9999.000,9999.000,9999.000
202607311912,   1.303,9999.000,9999.000,9999.000,9999.000,9999.000,9999.000,9999.000,9999.000
202607311918,   1.329,9999.000,9999.000,9999.000,9999.000,9999.000,9999.000,9999.000,9999.000
202607311924,   1.354,9999.000,9999.000,9999.000,9999.000,9999.000,9999.000,9999.000,9999.000
202607311930,   1.378,9999.000,9999.000,9999.000,9999.000,9999.000,9999.000,9999.000,9999.000
202607311936,   1.402,9999.000,9999.000,9999.000,9999.000,9999.000,9999.000,9999.000,9999.000
202607311942,   1.425,9999.000,9999.000,9999.000,9999.000,9999.000,9999.000,9999.000,9999.000
202607311948,   1.446,9999.000,9999.000,9999.000,9999.000,9999.000,9999.000,9999.000,9999.000
202607311954,   1.467,9999.000,9999.000,9999.000,9999.000,9999.000,9999.000,9999.000,9999.000
202607312000,   1.487,9999.000,   0.500,  -0.025,   1.962,   0.400,   1.862,   0.500,   1.962
202607312006,   1.506,9999.000,9999.000,9999.000,9999.000,9999.000,9999.000,9999.000,9999.000
202607312012,   1.524,9999.000,9999.000,9999.000,9999.000,9999.000,9999.000,9999.000,9999.000
202607312018,   1.540,9999.000,9999.000,9999.000,9999.000,9999.000,9999.000,9999.000,9999.000
202607312024,   1.556,9999.000,9999.000,9999.000,9999.000,9999.000,9999.000,9999.000,9999.000
202607312030,   1.570,9999.000,9999.000,9999.000,9999.000,9999.000,9999.000,9999.000,9999.000
202607312036,   1.583,9999.000,9999.000,9999.000,9999.000,9999.000,9999.000,9999.000,9999.000
202607312042,   1.595,9999.000,9999.000,9999.000,9999.000,9999.000,9999.000,9999.000,9999.000
202607312048,   1.606,9999.000,9999.000,9999.000,9999.000,9999.000,9999.000,9999.000,9999.000
202607312054,   1.615,9999.000,9999.000,9999.000,9999.000,9999.000,9999.000,9999.000,9999.000
202607312100,   1.623,9999.000,   0.500,  -0.025,   2.098,   0.400,   1.998,   0.500,   2.098
202607312106,   1.629,9999.000,9999.000,9999.000,9999.000,9999.000,9999.000,9999.000,9999.000
202607312112,   1.635,9999.000,9999.000,9999.000,9999.000,9999.000,9999.000,9999.000,9999.000
202607312118,   1.638,9999.000,9999.000,9999.000,9999.000,9999.000,9999.000,9999.000,9999.000
202607312124,   1.641,9999.000,9999.000,9999.000,9999.000,9999.000,9999.000,9999.000,9999.000
202607312130,   1.642,9999.000,9999.000,9999.000,9999.000,9999.000,9999.000,9999.000,9999.000
202607312136,   1.641,9999.000,9999.000,9999.000,9999.000,9999.000,9999.000,9999.000,9999.000
202607312142,   1.639,9999.000,9999.000,9999.000,9999.000,9999.000,9999.000,9999.000,9999.000
202607312148,   1.636,9999.000,9999.000,9999.000,9999.000,9999.000,9999.000,9999.000,9999.000
202607312154,   1.632,9999.000,9999.000,9999.000,9999.000,9999.000,9999.000,9999.000,9999.000
202607312200,   1.625,9999.000,   0.500,  -0.025,   2.100,   0.400,   2.000,   0.500,   2.100
202607312206,   1.618,9999.000,9999.000,9999.000,9999.000,9999.000,9999.000,9999.000,9999.000
202607312212,   1.609,9999.000,9999.000,9999.000,9999.000,9999.000,9999.000,9999.000,9999.000
202607312218,   1.599,9999.000,9999.000,9999.000,9999.000,9999.000,9999.000,9999.000,9999.000
202607312224,   1.588,9999.000,9999.000,9999.000,9999.000,9999.000,9999.000,9999.000,9999.000
202607312230,   1.575,9999.000,9999.000,9999.000,9999.000,9999.000,9999.000,9999.000,9999.000
202607312236,   1.561,9999.000,9999.000,9999.000,9999.000,9999.000,9999.000,9999.000,9999.000
202607312242,   1.546,9999.000,9999.000,9999.000,9999.000,9999.000,9999.000,9999.000,9999.000
202607312248,   1.530,9999.000,9999.000,9999.000,9999.000,9999.000,9999.000,9999.000,9999.000
202607312254,   1.513,9999.000,9999.000,9999.000,9999.000,9999.000,9999.000,9999.000,9999.000
202607312300,   1.495,9999.000,   0.500,  -0.025,   1.970,   0.400,   1.870,   0.500,   1.970
202607312306,   1.475,9999.000,9999.000,9999.000,9999.000,9999.000,9999.000,9999.000,9999.000
202607312312,   1.455,9999.000,9999.000,9999.000,9999.000,9999.000,9999.000,9999.000,9999.000
202607312318,   1.435,9999.000,9999.000,9999.000,9999.000,9999.000,9999.000,9999.000,9999.000
202607312324,   1.413,9999.000,9999.000,9999.000,9999.000,9999.000,9999.000,9999.000,9999.000
202607312330,   1.391,9999.000,9999.000,9999.000,9999.000,9999.000,9999.000,9999.000,9999.000
202607312336,   1.368,9999.000,9999.000,9999.000,9999.000,9999.000,9999.000,9999.000,9999.000
202607312342,   1.345,9999.000,9999.000,9999.000,9999.000,9999.000,9999.000,9999.000,9999.000
202607312348,   1.321,9999.000,9999.000,9999.000,9999.000,9999.000,9999.000,9999.000,9999.000
202607312354,   1.297,9999.000,9999.000,9999.000,9999.000,9999.000,9999.000,9999.000,9999.000
202608010000,   1.273,9999.000,   0.500,  -0.025,   1.748,   0.400,   1.648,   0.500,   1.748
202608010006,   1.248,9999.000,9999.000,9999.000,9999.000,9999.000,9999.000,9999.000,9999.000
202608010012,   1.223,9999.000,9999.000,9999.000,9999.000,9999.000,9999.000,9999.000,9999.000
202608010018,   1.199,9999.000,9999.000,9999.000,9999.000,9999.000,9999.000,9999.000,9999.000
202608010024,   1.174,9999.000,9999.000,9999.000,9999.000,9999.000,9999.000,9999.000,9999.000
202608010030,   1.149,9999.000,9999.000,9999.000,9999.000,9999.000,9999.000,9999.000,9999.000
202608010036,   1.124,9999.000,9999.000,9999.000,9999.000,9999.000,9999.000,9999.000,9999.000
202608010042,   1.099,9999.000,9999.000,9999.000,9999.000,9999.000,9999.000,9999.000,9999.000
202608010048,   1.075,9999.000,9999.000,9999.000,9999.000,9999.000,9999.000,9999.000,9999.000
202608010054,   1.050,9999.000,9999.000,9999.000,9999.000,9999.000,9999.000,9999.000,9999.000
202608010100,   1.026,9999.000,   0.500,  -0.025,   1.501,   0.400,   1.401,   0.500,   1.501
202608010106,   1.001,9999.000,9999.000,9999.000,9999.000,9999.000,9999.000,9999.000,9999.000
202608010112,   0.978,9999.000,9999.000,9999.000,9999.000,9999.000,9999.000,9999.000,9999.000
202608010118,   0.954,9999.000,9999.000,9999.000,9999.000,9999.000,9999.000,9999.000,9999.000
202608010124,   0.930,9999.000,9999.000,9999.000,9999.000,9999.000,9999.000,9999.000,9999.000
202608010130,   0.907,9999.000,9999.000,9999.000,9999.000,9999.000,9999.000,9999.000,9999.000
202608010136,   0.884,9999.000,9999.000,9999.000,9999.000,9999.000,9999.000,9999.000,9999.000
202608010142,   0.861,9999.000,9999.000,9999.000,9999.000,9999.000,9999.000,9999.000,9999.000
202608010148,   0.839,9999.000,9999.000,9999.000,9999.000,9999.000,9999.000,9999.000,9999.000
202608010154,   0.816,9999.000,9999.000,9999.000,9999.000,9999.000,9999.000,9999.000,9999.000
202608010200,   0.794,9999.000,   0.500,  -0.025,   1.269,   0.400,   1.169,   0.500,   1.269
202608010206,   0.772,9999.000,9999.000,9999.000,9999.000,9999.000,9999.000,9999.000,9999.000
202608010212,   0.751,9999.000,9999.000,9999.000,9999.000,9999.000,9999.000,9999.000,9999.000
202608010218,   0.729,9999.000,9999.000,9999.000,9999.000,9999.000,9999.000,9999.000,9999.000
202608010224,   0.708,9999.000,9999.000,9999.000,9999.000,9999.000,9999.000,9999.000,9999.000
202608010230,   0.688,9999.000,9999.000,9999.000,9999.000,9999.000,9999.000,9999.000,9999.000
202608010236,   0.667,9999.000,9999.000,9999.000,9999.000,9999.000,9999.000,9999.000,9999.000
202608010242,   0.647,9999.000,9999.000,9999.000,9999.000,9999.000,9999.000,9999.000,9999.000
202608010248,   0.627,9999.000,9999.000,9999.000,9999.000,9999.000,9999.000,9999.000,9999.000
202608010254,   0.607,9999.000,9999.000,9999.000,9999.000,9999.000,9999.000,9999.000,9999.000
202608010300,   0.588,9999.000,   0.500,  -0.025,   1.063,   0.400,   0.963,   0.500,   1.063
202608010306,   0.569,9999.000,9999.000,9999.000,9999.000,9999.000,9999.000,9999.000,9999.000
202608010312,   0.551,9999.000,9999.000,9999.000,9999.000,9999.000,9999.000,9999.000,9999.000
202608010318,   0.533,9999.000,9999.000,9999.000,9999.000,9999.000,9999.000,9999.000,9999.000
202608010324,   0.516,9999.000,9999.000,9999.000,9999.000,9999.000,9999.000,9999.000,9999.000
202608010330,   0.499,9999.000,9999.000,9999.000,9999.000,9999.000,9999.000,9999.000,9999.000
202608010336,   0.483,9999.000,9999.000,9999.000,9999.000,9999.000,9999.000,9999.000,9999.000
202608010342,   0.468,9999.000,9999.000,9999.000,9999.000,9999.000,9999.000,9999.000,9999.000
202608010348,   0.453,9999.000,9999.000,9999.000,9999.000,9999.000,9999.000,9999.000,9999.000
202608010354,   0.439,9999.000,9999.000,9999.000,9999.000,9999.000,9999.000,9999.000,9999.000
202608010400,   0.426,9999.000,   0.500,  -0.025,   0.901,   0.400,   0.801,   0.500,   0.901
202608010406,   0.414,9999.000,9999.000,9999.000,9999.000,9999.000,9999.000,9999.000,9999.000
202608010412,   0.403,9999.000,9999.000,9999.000,9999.000,9999.000,9999.000,9999.000,9999.000
202608010418,   0.393,9999.000,9999.000,9999.000,9999.000,9999.000,9999.000,9999.000,9999.000
202608010424,   0.384,9999.000,9999.000,9999.000,9999.000,9999.000,9999.000,9999.000,9999.000
202608010430,   0.376,9999.000,9999.000,9999.000,9999.000,9999.000,9999.000,9999.000,9999.000
202608010436,   0.369,9999.000,9999.000,9999.000,9999.000,9999.000,9999.000,9999.000,9999.000
202608010442,   0.364,9999.000,9999.000,9999.000,9999.000,9999.000,9999.000,9999.000,9999.000
202608010448,   0.360,9999.000,9999.000,9999.000,9999.000,9999.000,9999.000,9999.000,9999.000
202608010454,   0.357,9999.000,9999.000,9999.000,9999.000,9999.000,9999.000,9999.000,9999.000
202608010500,   0.355,9999.000,   0.500,  -0.025,   0.830,   0.400,   0.730,   0.500,   0.830
202608010506,   0.355,9999.000,9999.000,9999.000,9999.000,9999.000,9999.000,9999.000,9999.000
202608010512,   0.355,9999.000,9999.000,9999.000,9999.000,9999.000,9999.000,9999.000,9999.000
202608010518,   0.357,9999.000,9999.000,9999.000,9999.000,9999.000,9999.000,9999.000,9999.000
202608010524,   0.361,9999.000,9999.000,9999.000,9999.000,9999.000,9999.000,9999.000,9999.000
202608010530,   0.366,9999.000,9999.000,9999.000,9999.000,9999.000,9999.000,9999.000,9999.000
202608010536,   0.371,9999.000,9999.000,9999.000,9999.000,9999.000,9999.000,9999.000,9999.000
202608010542,   0.379,9999.000,9999.000,9999.000,9999.000,9999.000,9999.000,9999.000,9999.000
202608010548,   0.387,9999.000,9999.000,9999.000,9999.000,9999.000,9999.000,9999.000,9999.000
202608010554,   0.396,9999.000,9999.000,9999.000,9999.000,9999.000,9999.000,9999.000,9999.000
202608010600,   0.407,9999.000,   0.500,  -0.025,   0.882,   0.400,   0.782,   0.500,   0.882
202608010606,   0.418,9999.000,9999.000,9999.000,9999.000,9999.000,9999.000,9999.000,9999.000
202608010612,   0.431,9999.000,9999.000,9999.000,9999.000,9999.000,9999.000,9999.000,9999.000
202608010618,   0.444,9999.000,9999.000,9999.000,9999.000,9999.000,9999.000,9999.000,9999.000
202608010624,   0.459,9999.000,9999.000,9999.000,9999.000,9999.000,9999.000,9999.000,9999.000
202608010630,   0.474,9999.000,9999.000,9999.000,9999.000,9999.000,9999.000,9999.000,9999.000
202608010636,   0.490,9999.000,9999.000,9999.000,9999.000,9999.000,9999.000,9999.000,9999.000
202608010642,   0.506,9999.000,9999.000,9999.000,9999.000,9999.000,9999.000,9999.000,9999.000
202608010648,   0.524,9999.000,9999.000,9999.000,9999.000,9999.000,9999.000,9999.000,9999.000
202608010654,   0.542,9999.000,9999.000,9999.000,9999.000,9999.000,9999.000,9999.000,9999.000
202608010700,   0.560,9999.000,   0.500,  -0.025,   1.035,   0.400,   0.935,   0.500,   1.035
202608010706,   0.579,9999.000,9999.000,9999.000,9999.000,9999.000,9999.000,9999.000,9999.000
202608010712,   0.598,9999.000,9999.000,9999.000,9999.000,9999.000,9999.000,9999.000,9999.000
202608010718,   0.617,9999.000,9999.000,9999.000,9999.000,9999.000,9999.000,9999.000,9999.000
202608010724,   0.637,9999.000,9999.000,9999.000,9999.000,9999.000,9999.000,9999.000,9999.000
202608010730,   0.657,9999.000,9999.000,9999.000,9999.000,9999.000,9999.000,9999.000,9999.000
202608010736,   0.677,9999.000,9999.000,9999.000,9999.000,9999.000,9999.000,9999.000,9999.000
202608010742,   0.697,9999.000,9999.000,9999.000,9999.000,9999.000,9999.000,9999.000,9999.000
202608010748,   0.717,9999.000,9999.000,9999.000,9999.000,9999.000,9999.000,9999.000,9999.000
202608010754,   0.737,9999.000,9999.000,9999.000,9999.000,9999.000,9999.000,9999.000,9999.000
202608010800,   0.757,9999.000,   0.500,  -0.025,   1.232,   0.400,   1.132,   0.500,   1.232
202608010806,   0.776,9999.000,9999.000,9999.000,9999.000,9999.000,9999.000,9999.000,9999.000
202608010812,   0.796,9999.000,9999.000,9999.000,9999.000,9999.000,9999.000,9999.000,9999.000
202608010818,   0.815,9999.000,9999.000,9999.000,9999.000,9999.000,9999.000,9999.000,9999.000
202608010824,   0.834,9999.000,9999.000,9999.000,9999.000,9999.000,9999.000,9999.000,9999.000
202608010830,   0.853,9999.000,9999.000,9999.000,9999.000,9999.000,9999.000,9999.000,9999.000
202608010836,   0.871,9999.000,9999.000,9999.000,9999.000,9999.000,9999.000,9999.000,9999.000
202608010842,   0.889,9999.000,9999.000,9999.000,9999.000,9999.000,9999.000,9999.000,9999.000
202608010848,   0.906,9999.000,9999.000,9999.000,9999.000,9999.000,9999.000,9999.000,9999.000
202608010854,   0.922,9999.000,9999.000,9999.000,9999.000,9999.000,9999.000,9999.000,9999.000
202608010900,   0.939,9999.000,   0.500,  -0.025,   1.414,   0.400,   1.314,   0.500,   1.414
202608010906,   0.954,9999.000,9999.000,9999.000,9999.000,9999.000,9999.000,9999.000,9999.000
202608010912,   0.969,9999.000,9999.000,9999.000,9999.000,9999.000,9999.000,9999.000,9999.000
202608010918,   0.983,9999.000,9999.000,9999.000,9999.000,9999.000,9999.000,9999.000,9999.000
202608010924,   0.996,9999.000,9999.000,9999.000,9999.000,9999.000,9999.000,9999.000,9999.000
202608010930,   1.008,9999.000,9999.000,9999.000,9999.000,9999.000,9999.000,9999.000,9999.000
202608010936,   1.020,9999.000,9999.000,9999.000,9999.000,9999.000,9999.000,9999.000,9999.000
202608010942,   1.030,9999.000,9999.000,9999.000,9999.000,9999.000,9999.000,9999.000,9999.000
202608010948,   1.040,9999.000,9999.000,9999.000,9999.000,9999.000,9999.000,9999.000,9999.000
202608010954,   1.048,9999.000,9999.000,9999.000,9999.000,9999.000,9999.000,9999.000,9999.000
202608011000,   1.056,9999.000,   0.500,  -0.025,   1.531,   0.400,   1.431,   0.500,   1.531
202608011006,   1.062,9999.000,9999.000,9999.000,9999.000,9999.000,9999.000,9999.000,9999.000
202608011012,   1.068,9999.000,9999.000,9999.000,9999.000,9999.000,9999.000,9999.000,9999.000
202608011018,   1.072,9999.000,9999.000,9999.000,9999.000,9999.000,9999.000,9999.000,9999.000
202608011024,   1.075,9999.000,9999.000,9999.000,9999.000,9999.000,9999.000,9999.000,9999.000
202608011030,   1.077,9999.000,9999.000,9999.000,9999.000,9999.000,9999.000,9999.000,9999.000
202608011036,   1.078,9999.000,9999.000,9999.000,9999.000,9999.000,9999.000,9999.000,9999.000
202608011042,   1.078,9999.000,9999.000,9999.000,9999.000,9999.000,9999.000,9999.000,9999.000
202608011048,   1.077,9999.000,9999.000,9999.000,9999.000,9999.000,9999.000,9999.000,9999.000
202608011054,   1.074,9999.000,9999.000,9999.000,9999.000,9999.000,9999.000,9999.000,9999.000
202608011100,   1.071,9999.000,   0.400,  -0.025,   1.446,   0.400,   1.446,   0.500,   1.546
202608011106,   1.066,9999.000,9999.000,9999.000,9999.000,9999.000,9999.000,9999.000,9999.000
202608011112,   1.060,9999.000,9999.000,9999.000,9999.000,9999.000,9999.000,9999.000,9999.000
202608011118,   1.053,9999.000,9999.000,9999.000,9999.000,9999.000,9999.000,9999.000,9999.000
202608011124,   1.046,9999.000,9999.000,9999.000,9999.000,9999.000,9999.000,9999.000,9999.000
202608011130,   1.037,9999.000,9999.000,9999.000,9999.000,9999.000,9999.000,9999.000,9999.000
202608011136,   1.028,9999.000,9999.000,9999.000,9999.000,9999.000,9999.000,9999.000,9999.000
202608011142,   1.017,9999.000,9999.000,9999.000,9999.000,9999.000,9999.000,9999.000,9999.000
202608011148,   1.006,9999.000,9999.000,9999.000,9999.000,9999.000,9999.000,9999.000,9999.000
202608011154,   0.994,9999.000,9999.000,9999.000,9999.000,9999.000,9999.000,9999.000,9999.000
202608011200,   0.982,9999.000,   0.400,  -0.025,   1.357,   0.400,   1.357,   0.500,   1.457
202608011206,   0.969,9999.000,9999.000,9999.000,9999.000,9999.000,9999.000,9999.000,9999.000
202608011212,   0.955,9999.000,9999.000,9999.000,9999.000,9999.000,9999.000,9999.000,9999.000
202608011218,   0.941,9999.000,9999.000,9999.000,9999.000,9999.000,9999.000,9999.000,9999.000
202608011224,   0.927,9999.000,9999.000,9999.000,9999.000,9999.000,9999.000,9999.000,9999.000
202608011230,   0.912,9999.000,9999.000,9999.000,9999.000,9999.000,9999.000,9999.000,9999.000
202608011236,   0.897,9999.000,9999.000,9999.000,9999.000,9999.000,9999.000,9999.000,9999.000
202608011242,   0.882,9999.000,9999.000,9999.000,9999.000,9999.000,9999.000,9999.000,9999.000
202608011248,   0.867,9999.000,9999.000,9999.000,9999.000,9999.000,9999.000,9999.000,9999.000
202608011254,   0.852,9999.000,9999.000,9999.000,9999.000,9999.000,9999.000,9999.000,9999.000
202608011300,   0.837,9999.000,   0.400,  -0.025,   1.212,   0.400,   1.212,   0.500,   1.312
202608011306,   0.821,9999.000,9999.000,9999.000,9999.000,9999.000,9999.000,9999.000,9999.000
202608011312,   0.806,9999.000,9999.000,9999.000,9999.000,9999.000,9999.000,9999.000,9999.000
202608011318,   0.791,9999.000,9999.000,9999.000,9999.000,9999.000,9999.000,9999.000,9999.000
202608011324,   0.776,9999.000,9999.000,9999.000,9999.000,9999.000,9999.000,9999.000,9999.000
202608011330,   0.761,9999.000,9999.000,9999.000,9999.000,9999.000,9999.000,9999.000,9999.000
202608011336,   0.747,9999.000,9999.000,9999.000,9999.000,9999.000,9999.000,9999.000,9999.000
202608011342,   0.732,9999.000,9999.000,9999.000,9999.000,9999.000,9999.000,9999.000,9999.000
202608011348,   0.719,9999.000,9999.000,9999.000,9999.000,9999.000,9999.000,9999.000,9999.000
202608011354,   0.705,9999.000,9999.000,9999.000,9999.000,9999.000,9999.000,9999.000,9999.000
202608011400,   0.692,9999.000,   0.400,  -0.025,   1.067,   0.400,   1.067,   0.500,   1.167
202608011406,   0.679,9999.000,9999.000,9999.000,9999.000,9999.000,9999.000,9999.000,9999.000
202608011412,   0.666,9999.000,9999.000,9999.000,9999.000,9999.000,9999.000,9999.000,9999.000
202608011418,   0.654,9999.000,9999.000,9999.000,9999.000,9999.000,9999.000,9999.000,9999.000
202608011424,   0.642,9999.000,9999.000,9999.000,9999.000,9999.000,9999.000,9999.000,9999.000
202608011430,   0.630,9999.000,9999.000,9999.000,9999.000,9999.000,9999.000,9999.000,9999.000
202608011436,   0.619,9999.000,9999.000,9999.000,9999.000,9999.000,9999.000,9999.000,9999.000
202608011442,   0.609,9999.000,9999.000,9999.000,9999.000,9999.000,9999.000,9999.000,9999.000
202608011448,   0.599,9999.000,9999.000,9999.000,9999.000,9999.000,9999.000,9999.000,9999.000
202608011454,   0.589,9999.000,9999.000,9999.000,9999.000,9999.000,9999.000,9999.000,9999.000
202608011500,   0.580,9999.000,   0.400,  -0.025,   0.955,   0.400,   0.955,   0.500,   1.055
202608011506,   0.571,9999.000,9999.000,9999.000,9999.000,9999.000,9999.000,9999.000,9999.000
202608011512,   0.563,9999.000,9999.000,9999.000,9999.000,9999.000,9999.000,9999.000,9999.000
202608011518,   0.556,9999.000,9999.000,9999.000,9999.000,9999.000,9999.000,9999.000,9999.000
202608011524,   0.549,9999.000,9999.000,9999.000,9999.000,9999.000,9999.000,9999.000,9999.000
202608011530,   0.543,9999.000,9999.000,9999.000,9999.000,9999.000,9999.000,9999.000,9999.000
202608011536,   0.538,9999.000,9999.000,9999.000,9999.000,9999.000,9999.000,9999.000,9999.000
202608011542,   0.534,9999.000,9999.000,9999.000,9999.000,9999.000,9999.000,9999.000,9999.000
202608011548,   0.530,9999.000,9999.000,9999.000,9999.000,9999.000,9999.000,9999.000,9999.000
202608011554,   0.527,9999.000,9999.000,9999.000,9999.000,9999.000,9999.000,9999.000,9999.000
202608011600,   0.525,9999.000,   0.400,  -0.025,   0.900,   0.400,   0.900,   0.500,   1.000
202608011606,   0.524,9999.000,9999.000,9999.000,9999.000,9999.000,9999.000,9999.000,9999.000
202608011612,   0.524,9999.000,9999.000,9999.000,9999.000,9999.000,9999.000,9999.000,9999.000
202608011618,   0.525,9999.000,9999.000,9999.000,9999.000,9999.000,9999.000,9999.000,9999.000
202608011624,   0.528,9999.000,9999.000,9999.000,9999.000,9999.000,9999.000,9999.000,9999.000
202608011630,   0.531,9999.000,9999.000,9999.000,9999.000,9999.000,9999.000,9999.000,9999.000
202608011636,   0.536,9999.000,9999.000,9999.000,9999.000,9999.000,9999.000,9999.000,9999.000
202608011642,   0.541,9999.000,9999.000,9999.000,9999.000,9999.000,9999.000,9999.000,9999.000
202608011648,   0.548,9999.000,9999.000,9999.000,9999.000,9999.000,9999.000,9999.000,9999.000
202608011654,   0.557,9999.000,9999.000,9999.000,9999.000,9999.000,9999.000,9999.000,9999.000
202608011700,   0.566,9999.000,   0.400,  -0.025,   0.941,   0.400,   0.941,   0.500,   1.041
202608011706,   0.577,9999.000,9999.000,9999.000,9999.000,9999.000,9999.000,9999.000,9999.000
202608011712,   0.589,9999.000,9999.000,9999.000,9999.000,9999.000,9999.000,9999.000,9999.000
202608011718,   0.602,9999.000,9999.000,9999.000,9999.000,9999.000,9999.000,9999.000,9999.000
202608011724,   0.617,9999.000,9999.000,9999.000,9999.000,9999.000,9999.000,9999.000,9999.000
202608011730,   0.633,9999.000,9999.000,9999.000,9999.000,9999.000,9999.000,9999.000,9999.000
202608011736,   0.650,9999.000,9999.000,9999.000,9999.000,9999.000,9999.000,9999.000,9999.000
202608011742,   0.668,9999.000,9999.000,9999.000,9999.000,9999.000,9999.000,9999.000,9999.000
202608011748,   0.687,9999.000,9999.000,9999.000,9999.000,9999.000,9999.000,9999.000,9999.000
202608011754,   0.708,9999.000,9999.000,9999.000,9999.000,9999.000,9999.000,9999.000,9999.000
202608011800,   0.730,9999.000,   0.400,  -0.025,   1.105,   0.400,   1.105,   0.500,   1.205
202608011806,   0.752,9999.000,9999.000,9999.000,9999.000,9999.000,9999.000,9999.000,9999.000
202608011812,   0.776,9999.000,9999.000,9999.000,9999.000,9999.000,9999.000,9999.000,9999.000
202608011818,   0.800,9999.000,9999.000,9999.000,9999.000,9999.000,9999.000,9999.000,9999.000
202608011824,   0.825,9999.000,9999.000,9999.000,9999.000,9999.000,9999.000,9999.000,9999.000
202608011830,   0.851,9999.000,9999.000,9999.000,9999.000,9999.000,9999.000,9999.000,9999.000
202608011836,   0.877,9999.000,9999.000,9999.000,9999.000,9999.000,9999.000,9999.000,9999.000
202608011842,   0.904,9999.000,9999.000,9999.000,9999.000,9999.000,9999.000,9999.000,9999.000
202608011848,   0.931,9999.000,9999.000,9999.000,9999.000,9999.000,9999.000,9999.000,9999.000
202608011854,   0.959,9999.000,9999.000,9999.000,9999.000,9999.000,9999.000,9999.000,9999.000
202608011900,   0.987,9999.000,   0.500,  -0.025,   1.462,   0.400,   1.362,   0.500,   1.462
202608011906,   1.015,9999.000,9999.000,9999.000,9999.000,9999.000,9999.000,9999.000,9999.000
202608011912,   1.043,9999.000,9999.000,9999.000,9999.000,9999.000,9999.000,9999.000,9999.000
202608011918,   1.071,9999.000,9999.000,9999.000,9999.000,9999.000,9999.000,9999.000,9999.000
202608011924,   1.099,9999.000,9999.000,9999.000,9999.000,9999.000,9999.000,9999.000,9999.000
202608011930,   1.126,9999.000,9999.000,9999.000,9999.000,9999.000,9999.000,9999.000,9999.000
202608011936,   1.154,9999.000,9999.000,9999.000,9999.000,9999.000,9999.000,9999.000,9999.000
202608011942,   1.181,9999.000,9999.000,9999.000,9999.000,9999.000,9999.000,9999.000,9999.000
202608011948,   1.207,9999.000,9999.000,9999.000,9999.000,9999.000,9999.000,9999.000,9999.000
202608011954,   1.233,9999.000,9999.000,9999.000,9999.000,9999.000,9999.000,9999.000,9999.000
202608012000,   1.259,9999.000,   0.500,  -0.025,   1.734,   0.400,   1.634,   0.500,   1.734
202608012006,   1.284,9999.000,9999.000,9999.000,9999.000,9999.000,9999.000,9999.000,9999.000
202608012012,   1.308,9999.000,9999.000,9999.000,9999.000,9999.000,9999.000,9999.000,9999.000
202608012018,   1.331,9999.000,9999.000,9999.000,9999.000,9999.000,9999.000,9999.000,9999.000
202608012024,   1.353,9999.000,9999.000,9999.000,9999.000,9999.000,9999.000,9999.000,9999.000
202608012030,   1.375,9999.000,9999.000,9999.000,9999.000,9999.000,9999.000,9999.000,9999.000
202608012036,   1.395,9999.000,9999.000,9999.000,9999.000,9999.000,9999.000,9999.000,9999.000
202608012042,   1.415,9999.000,9999.000,9999.000,9999.000,9999.000,9999.000,9999.000,9999.000
202608012048,   1.434,9999.000,9999.000,9999.000,9999.000,9999.000,9999.000,9999.000,9999.000
202608012054,   1.451,9999.000,9999.000,9999.000,9999.000,9999.000,9999.000,9999.000,9999.000
202608012100,   1.468,9999.000,   0.500,  -0.025,   1.943,   0.400,   1.843,   0.500,   1.943
202608012106,   1.483,9999.000,9999.000,9999.000,9999.000,9999.000,9999.000,9999.000,9999.000
202608012112,   1.497,9999.000,9999.000,9999.000,9999.000,9999.000,9999.000,9999.000,9999.000
202608012118,   1.510,9999.000,9999.000,9999.000,9999.000,9999.000,9999.000,9999.000,9999.000
202608012124,   1.522,9999.000,9999.000,9999.000,9999.000,9999.000,9999.000,9999.000,9999.000
202608012130,   1.533,9999.000,9999.000,9999.000,9999.000,9999.000,9999.000,9999.000,9999.000
202608012136,   1.542,9999.000,9999.000,9999.000,9999.000,9999.000,9999.000,9999.000,9999.000
202608012142,   1.550,9999.000,9999.000,9999.000,9999.000,9999.000,9999.000,9999.000,9999.000
202608012148,   1.556,9999.000,9999.000,9999.000,9999.000,9999.000,9999.000,9999.000,9999.000
202608012154,   1.562,9999.000,9999.000,9999.000,9999.000,9999.000,9999.000,9999.000,9999.000
202608012200,   1.566,9999.000,   0.500,  -0.025,   2.041,   0.400,   1.941,   0.500,   2.041
202608012206,   1.568,9999.000,9999.000,9999.000,9999.000,9999.000,9999.000,9999.000,9999.000
202608012212,   1.570,9999.000,9999.000,9999.000,9999.000,9999.000,9999.000,9999.000,9999.000
202608012218,   1.570,9999.000,9999.000,9999.000,9999.000,9999.000,9999.000,9999.000,9999.000
202608012224,   1.568,9999.000,9999.000,9999.000,9999.000,9999.000,9999.000,9999.000,9999.000
202608012230,   1.565,9999.000,9999.000,9999.000,9999.000,9999.000,9999.000,9999.000,9999.000
202608012236,   1.561,9999.000,9999.000,9999.000,9999.000,9999.000,9999.000,9999.000,9999.000
202608012242,   1.555,9999.000,9999.000,9999.000,9999.000,9999.000,9999.000,9999.000,9999.000
202608012248,   1.548,9999.000,9999.000,9999.000,9999.000,9999.000,9999.000,9999.000,9999.000
202608012254,   1.540,9999.000,9999.000,9999.000,9999.000,9999.000,9999.000,9999.000,9999.000
202608012300,   1.530,9999.000,   0.500,  -0.025,   2.005,   0.400,   1.905,   0.500,   2.005
202608012306,   1.520,9999.000,9999.000,9999.000,9999.000,9999.000,9999.000,9999.000,9999.000
202608012312,   1.507,9999.000,9999.000,9999.000,9999.000,9999.000,9999.000,9999.000,9999.000
202608012318,   1.494,9999.000,9999.000,9999.000,9999.000,9999.000,9999.000,9999.000,9999.000
202608012324,   1.480,9999.000,9999.000,9999.000,9999.000,9999.000,9999.000,9999.000,9999.000
202608012330,   1.464,9999.000,9999.000,9999.000,9999.000,9999.000,9999.000,9999.000,9999.000
202608012336,   1.447,9999.000,9999.000,9999.000,9999.000,9999.000,9999.000,9999.000,9999.000
202608012342,   1.429,9999.000,9999.000,9999.000,9999.000,9999.000,9999.000,9999.000,9999.000
202608012348,   1.411,9999.000,9999.000,9999.000,9999.000,9999.000,9999.000,9999.000,9999.000
202608012354,   1.391,9999.000,9999.000,9999.000,9999.000,9999.000,9999.000,9999.000,9999.000
202608020000,   1.370,9999.000,   0.500,  -0.025,   1.845,   0.400,   1.745,   0.500,   1.845
202608020006,   1.349,9999.000,9999.000,9999.000,9999.000,9999.000,9999.000,9999.000,9999.000
202608020012,   1.327,9999.000,9999.000,9999.000,9999.000,9999.000,9999.000,9999.000,9999.000
202608020018,   1.304,9999.000,9999.000,9999.000,9999.000,9999.000,9999.000,9999.000,9999.000
202608020024,   1.281,9999.000,9999.000,9999.000,9999.000,9999.000,9999.000,9999.000,9999.000
202608020030,   1.258,9999.000,9999.000,9999.000,9999.000,9999.000,9999.000,9999.000,9999.000
202608020036,   1.234,9999.000,9999.000,9999.000,9999.000,9999.000,9999.000,9999.000,9999.000
202608020042,   1.209,9999.000,9999.000,9999.000,9999.000,9999.000,9999.000,9999.000,9999.000
202608020048,   1.185,9999.000,9999.000,9999.000,9999.000,9999.000,9999.000,9999.000,9999.000
202608020054,   1.160,9999.000,9999.000,9999.000,9999.000,9999.000,9999.000,9999.000,9999.000
202608020100,   1.135,9999.000,   0.500,  -0.025,   1.610,   0.400,   1.510,   0.500,   1.610
202608020106,   1.110,9999.000,9999.000,9999.000,9999.000,9999.000,9999.000,9999.000,9999.000
202608020112,   1.084,9999.000,9999.000,9999.000,9999.000,9999.000,9999.000,9999.000,9999.000
202608020118,   1.059,9999.000,9999.000,9999.000,9999.000,9999.000,9999.000,9999.000,9999.000
202608020124,   1.034,9999.000,9999.000,9999.000,9999.000,9999.000,9999.000,9999.000,9999.000
202608020130,   1.010,9999.000,9999.000,9999.000,9999.000,9999.000,9999.000,9999.000,9999.000
202608020136,   0.985,9999.000,9999.000,9999.000,9999.000,9999.000,9999.000,9999.000,9999.000
202608020142,   0.960,9999.000,9999.000,9999.000,9999.000,9999.000,9999.000,9999.000,9999.000
202608020148,   0.936,9999.000,9999.000,9999.000,9999.000,9999.000,9999.000,9999.000,9999.000
202608020154,   0.912,9999.000,9999.000,9999.000,9999.000,9999.000,9999.000,9999.000,9999.000
202608020200,   0.889,9999.000,   0.500,  -0.025,   1.364,   0.400,   1.264,   0.500,   1.364
202608020206,   0.865,9999.000,9999.000,9999.000,9999.000,9999.000,9999.000,9999.000,9999.000
202608020212,   0.842,9999.000,9999.000,9999.000,9999.000,9999.000,9999.000,9999.000,9999.000
202608020218,   0.820,9999.000,9999.000,9999.000,9999.000,9999.000,9999.000,9999.000,9999.000
202608020224,   0.797,9999.000,9999.000,9999.000,9999.000,9999.000,9999.000,9999.000,9999.000
202608020230,   0.776,9999.000,9999.000,9999.000,9999.000,9999.000,9999.000,9999.000,9999.000
202608020236,   0.754,9999.000,9999.000,9999.000,9999.000,9999.000,9999.000,9999.000,9999.000
202608020242,   0.733,9999.000,9999.000,9999.000,9999.000,9999.000,9999.000,9999.000,9999.000
202608020248,   0.712,9999.000,9999.000,9999.000,9999.000,9999.000,9999.000,9999.000,9999.000
202608020254,   0.692,9999.000,9999.000,9999.000,9999.000,9999.000,9999.000,9999.000,9999.000
202608020300,   0.672,9999.000,   0.500,  -0.025,   1.147,   0.400,   1.047,   0.500,   1.147
202608020306,   0.652,9999.000,9999.000,9999.000,9999.000,9999.000,9999.000,9999.000,9999.000
202608020312,   0.633,9999.000,9999.000,9999.000,9999.000,9999.000,9999.000,9999.000,9999.000
202608020318,   0.614,9999.000,9999.000,9999.000,9999.000,9999.000,9999.000,9999.000,9999.000
202608020324,   0.596,9999.000,9999.000,9999.000,9999.000,9999.000,9999.000,9999.000,9999.000
202608020330,   0.578,9999.000,9999.000,9999.000,9999.000,9999.000,9999.000,9999.000,9999.000
202608020336,   0.561,9999.000,9999.000,9999.000,9999.000,9999.000,9999.000,9999.000,9999.000
202608020342,   0.544,9999.000,9999.000,9999.000,9999.000,9999.000,9999.000,9999.000,9999.000
202608020348,   0.528,9999.000,9999.000,9999.000,9999.000,9999.000,9999.000,9999.000,9999.000
202608020354,   0.512,9999.000,9999.000,9999.000,9999.000,9999.000,9999.000,9999.000,9999.000
202608020400,   0.497,9999.000,   0.500,  -0.025,   0.972,   0.400,   0.872,   0.500,   0.972
202608020406,   0.483,9999.000,9999.000,9999.000,9999.000,9999.000,9999.000,9999.000,9999.000
202608020412,   0.469,9999.000,9999.000,9999.000,9999.000,9999.000,9999.000,9999.000,9999.000
202608020418,   0.456,9999.000,9999.000,9999.000,9999.000,9999.000,9999.000,9999.000,9999.000
202608020424,   0.444,9999.000,9999.000,9999.000,9999.000,9999.000,9999.000,9999.000,9999.000
202608020430,   0.433,9999.000,9999.000,9999.000,9999.000,9999.000,9999.000,9999.000,9999.000
202608020436,   0.423,9999.000,9999.000,9999.000,9999.000,9999.000,9999.000,9999.000,9999.000
202608020442,   0.414,9999.000,9999.000,9999.000,9999.000,9999.000,9999.000,9999.000,9999.000
202608020448,   0.405,9999.000,9999.000,9999.000,9999.000,9999.000,9999.000,9999.000,9999.000
202608020454,   0.398,9999.000,9999.000,9999.000,9999.000,9999.000,9999.000,9999.000,9999.000
202608020500,   0.392,9999.000,   0.500,  -0.025,   0.867,   0.400,   0.767,   0.500,   0.867
202608020506,   0.387,9999.000,9999.000,9999.000,9999.000,9999.000,9999.000,9999.000,9999.000
202608020512,   0.384,9999.000,9999.000,9999.000,9999.000,9999.000,9999.000,9999.000,9999.000
202608020518,   0.381,9999.000,9999.000,9999.000,9999.000,9999.000,9999.000,9999.000,9999.000
202608020524,   0.380,9999.000,9999.000,9999.000,9999.000,9999.000,9999.000,9999.000,9999.000
202608020530,   0.380,9999.000,9999.000,9999.000,9999.000,9999.000,9999.000,9999.000,9999.000
202608020536,   0.381,9999.000,9999.000,9999.000,9999.000,9999.000,9999.000,9999.000,9999.000
202608020542,   0.384,9999.000,9999.000,9999.000,9999.000,9999.000,9999.000,9999.000,9999.000
202608020548,   0.388,9999.000,9999.000,9999.000,9999.000,9999.000,9999.000,9999.000,9999.000
202608020554,   0.393,9999.000,9999.000,9999.000,9999.000,9999.000,9999.000,9999.000,9999.000
202608020600,   0.399,9999.000,   0.500,  -0.025,   0.874,   0.400,   0.774,   0.500,   0.874
202608020606,   0.407,9999.000,9999.000,9999.000,9999.000,9999.000,9999.000,9999.000,9999.000
202608020612,   0.416,9999.000,9999.000,9999.000,9999.000,9999.000,9999.000,9999.000,9999.000
202608020618,   0.427,9999.000,9999.000,9999.000,9999.000,9999.000,9999.000,9999.000,9999.000
202608020624,   0.438,9999.000,9999.000,9999.000,9999.000,9999.000,9999.000,9999.000,9999.000
202608020630,   0.451,9999.000,9999.000,9999.000,9999.000,9999.000,9999.000,9999.000,9999.000
202608020636,   0.464,9999.000,9999.000,9999.000,9999.000,9999.000,9999.000,9999.000,9999.000
202608020642,   0.479,9999.000,9999.000,9999.000,9999.000,9999.000,9999.000,9999.000,9999.000
202608020648,   0.495,9999.000,9999.000,9999.000,9999.000,9999.000,9999.000,9999.000,9999.000
202608020654,   0.511,9999.000,9999.000,9999.000,9999.000,9999.000,9999.000,9999.000,9999.000
202608020700,   0.529,9999.000,   0.500,  -0.025,   1.004,   0.400,   0.904,   0.500,   1.004
202608020706,   0.547,9999.000,9999.000,9999.000,9999.000,9999.000,9999.000,9999.000,9999.000
202608020712,   0.566,9999.000,9999.000,9999.000,9999.000,9999.000,9999.000,9999.000,9999.000
202608020718,   0.585,9999.000,9999.000,9999.000,9999.000,9999.000,9999.000,9999.000,9999.000
202608020724,   0.606,9999.000,9999.000,9999.000,9999.000,9999.000,9999.000,9999.000,9999.000
202608020730,   0.626,9999.000,9999.000,9999.000,9999.000,9999.000,9999.000,9999.000,9999.000
202608020736,   0.647,9999.000,9999.000,9999.000,9999.000,9999.000,9999.000,9999.000,9999.000
202608020742,   0.668,9999.000,9999.000,9999.000,9999.000,9999.000,9999.000,9999.000,9999.000
202608020748,   0.689,9999.000,9999.000,9999.000,9999.000,9999.000,9999.000,9999.000,9999.000
202608020754,   0.711,9999.000,9999.000,9999.000,9999.000,9999.000,9999.000,9999.000,9999.000
202608020800,   0.733,9999.000,   0.500,  -0.025,   1.208,   0.400,   1.108,   0.500,   1.208
202608020806,   0.754,9999.000,9999.000,9999.000,9999.000,9999.000,9999.000,9999.000,9999.000
202608020812,   0.776,9999.000,9999.000,9999.000,9999.000,9999.000,9999.000,9999.000,9999.000
202608020818,   0.797,9999.000,9999.000,9999.000,9999.000,9999.000,9999.000,9999.000,9999.000
202608020824,   0.818,9999.000,9999.000,9999.000,9999.000,9999.000,9999.000,9999.000,9999.000
202608020830,   0.839,9999.000,9999.000,9999.000,9999.000,9999.000,9999.000,9999.000,9999.000
202608020836,   0.860,9999.000,9999.000,9999.000,9999.000,9999.000,9999.000,9999.000,9999.000
202608020842,   0.880,9999.000,9999.000,9999.000,9999.000,9999.000,9999.000,9999.000,9999.000
202608020848,   0.900,9999.000,9999.000,9999.000,9999.000,9999.000,9999.000,9999.000,9999.000
202608020854,   0.919,9999.000,9999.000,9999.000,9999.000,9999.000,9999.000,9999.000,9999.000
202608020900,   0.938,9999.000,   0.500,  -0.025,   1.413,   0.400,   1.313,   0.500,   1.413
202608020906,   0.956,9999.000,9999.000,9999.000,9999.000,9999.000,9999.000,9999.000,9999.000
202608020912,   0.974,9999.000,9999.000,9999.000,9999.000,9999.000,9999.000,9999.000,9999.000
202608020918,   0.991,9999.000,9999.000,9999.000,9999.000,9999.000,9999.000,9999.000,9999.000
202608020924,   1.007,9999.000,9999.000,9999.000,9999.000,9999.000,9999.000,9999.000,9999.000
202608020930,   1.022,9999.000,9999.000,9999.000,9999.000,9999.000,9999.000,9999.000,9999.000
202608020936,   1.037,9999.000,9999.000,9999.000,9999.000,9999.000,9999.000,9999.000,9999.000
202608020942,   1.051,9999.000,9999.000,9999.000,9999.000,9999.000,9999.000,9999.000,9999.000
202608020948,   1.064,9999.000,9999.000,9999.000,9999.000,9999.000,9999.000,9999.000,9999.000
202608020954,   1.076,9999.000,9999.000,9999.000,9999.000,9999.000,9999.000,9999.000,9999.000
202608021000,   1.088,9999.000,   0.500,  -0.025,   1.563,   0.400,   1.463,   0.500,   1.563
202608021006,   1.098,9999.000,9999.000,9999.000,9999.000,9999.000,9999.000,9999.000,9999.000
202608021012,   1.107,9999.000,9999.000,9999.000,9999.000,9999.000,9999.000,9999.000,9999.000
202608021018,   1.116,9999.000,9999.000,9999.000,9999.000,9999.000,9999.000,9999.000,9999.000
202608021024,   1.123,9999.000,9999.000,9999.000,9999.000,9999.000,9999.000,9999.000,9999.000
202608021030,   1.129,9999.000,9999.000,9999.000,9999.000,9999.000,9999.000,9999.000,9999.000
202608021036,   1.135,9999.000,9999.000,9999.000,9999.000,9999.000,9999.000,9999.000,9999.000
202608021042,   1.139,9999.000,9999.000,9999.000,9999.000,9999.000,9999.000,9999.000,9999.000
202608021048,   1.142,9999.000,9999.000,9999.000,9999.000,9999.000,9999.000,9999.000,9999.000
202608021054,   1.144,9999.000,9999.000,9999.000,9999.000,9999.000,9999.000,9999.000,9999.000
202608021100,   1.145,9999.000,   0.500,  -0.025,   1.620,   0.400,   1.520,   0.500,   1.620
202608021106,   1.144,9999.000,9999.000,9999.000,9999.000,9999.000,9999.000,9999.000,9999.000
202608021112,   1.143,9999.000,9999.000,9999.000,9999.000,9999.000,9999.000,9999.000,9999.000
202608021118,   1.140,9999.000,9999.000,9999.000,9999.000,9999.000,9999.000,9999.000,9999.000
202608021124,   1.137,9999.000,9999.000,9999.000,9999.000,9999.000,9999.000,9999.000,9999.000
202608021130,   1.132,9999.000,9999.000,9999.000,9999.000,9999.000,9999.000,9999.000,9999.000
202608021136,   1.126,9999.000,9999.000,9999.000,9999.000,9999.000,9999.000,9999.000,9999.000
202608021142,   1.119,9999.000,9999.000,9999.000,9999.000,9999.000,9999.000,9999.000,9999.000
202608021148,   1.111,9999.000,9999.000,9999.000,9999.000,9999.000,9999.000,9999.000,9999.000
202608021154,   1.102,9999.000,9999.000,9999.000,9999.000,9999.000,9999.000,9999.000,9999.000
202608021200,   1.092,9999.000,   0.500,  -0.025,   1.567,   0.400,   1.467,   0.500,   1.567
202608021206,   1.081,9999.000,9999.000,9999.000,9999.000,9999.000,9999.000,9999.000,9999.000
202608021212,   1.069,9999.000,9999.000,9999.000,9999.000,9999.000,9999.000,9999.000,9999.000
202608021218,   1.056,9999.000,9999.000,9999.000,9999.000,9999.000,9999.000,9999.000,9999.000
202608021224,   1.043,9999.000,9999.000,9999.000,9999.000,9999.000,9999.000,9999.000,9999.000
202608021230,   1.029,9999.000,9999.000,9999.000,9999.000,9999.000,9999.000,9999.000,9999.000
202608021236,   1.014,9999.000,9999.000,9999.000,9999.000,9999.000,9999.000,9999.000,9999.000
202608021242,   0.999,9999.000,9999.000,9999.000,9999.000,9999.000,9999.000,9999.000,9999.000
202608021248,   0.983,9999.000,9999.000,9999.000,9999.000,9999.000,9999.000,9999.000,9999.000
202608021254,   0.967,9999.000,9999.000,9999.000,9999.000,9999.000,9999.000,9999.000,9999.000
202608021300,   0.951,9999.000,   0.500,  -0.025,   1.426,   0.400,   1.326,   0.500,   1.426
202608021306,   0.934,9999.000,9999.000,9999.000,9999.000,9999.000,9999.000,9999.000,9999.000
202608021312,   0.917,9999.000,9999.000,9999.000,9999.000,9999.000,9999.000,9999.000,9999.000
202608021318,   0.900,9999.000,9999.000,9999.000,9999.000,9999.000,9999.000,9999.000,9999.000
202608021324,   0.882,9999.000,9999.000,9999.000,9999.000,9999.000,9999.000,9999.000,9999.000
202608021330,   0.865,9999.000,9999.000,9999.000,9999.000,9999.000,9999.000,9999.000,9999.000
202608021336,   0.847,9999.000,9999.000,9999.000,9999.000,9999.000,9999.000,9999.000,9999.000
202608021342,   0.830,9999.000,9999.000,9999.000,9999.000,9999.000,9999.000,9999.000,9999.000
202608021348,   0.813,9999.000,9999.000,9999.000,9999.000,9999.000,9999.000,9999.000,9999.000
202608021354,   0.796,9999.000,9999.000,9999.000,9999.000,9999.000,9999.000,9999.000,9999.000
202608021400,   0.779,9999.000,   0.500,  -0.025,   1.254,   0.400,   1.154,   0.500,   1.254
202608021406,   0.763,9999.000,9999.000,9999.000,9999.000,9999.000,9999.000,9999.000,9999.000
202608021412,   0.747,9999.000,9999.000,9999.000,9999.000,9999.000,9999.000,9999.000,9999.000
202608021418,   0.731,9999.000,9999.000,9999.000,9999.000,9999.000,9999.000,9999.000,9999.000
202608021424,   0.716,9999.000,9999.000,9999.000,9999.000,9999.000,9999.000,9999.000,9999.000
202608021430,   0.701,9999.000,9999.000,9999.000,9999.000,9999.000,9999.000,9999.000,9999.000
202608021436,   0.686,9999.000,9999.000,9999.000,9999.000,9999.000,9999.000,9999.000,9999.000
202608021442,   0.672,9999.000,9999.000,9999.000,9999.000,9999.000,9999.000,9999.000,9999.000
202608021448,   0.658,9999.000,9999.000,9999.000,9999.000,9999.000,9999.000,9999.000,9999.000
202608021454,   0.645,9999.000,9999.000,9999.000,9999.000,9999.000,9999.000,9999.000,9999.000
202608021500,   0.632,9999.000,   0.500,  -0.025,   1.107,   0.400,   1.007,   0.500,   1.107
202608021506,   0.619,9999.000,9999.000,9999.000,9999.000,9999.000,9999.000,9999.000,9999.000
202608021512,   0.607,9999.000,9999.000,9999.000,9999.000,9999.000,9999.000,9999.000,9999.000
202608021518,   0.596,9999.000,9999.000,9999.000,9999.000,9999.000,9999.000,9999.000,9999.000
202608021524,   0.585,9999.000,9999.000,9999.000,9999.000,9999.000,9999.000,9999.000,9999.000
202608021530,   0.575,9999.000,9999.000,9999.000,9999.000,9999.000,9999.000,9999.000,9999.000
202608021536,   0.565,9999.000,9999.000,9999.000,9999.000,9999.000,9999.000,9999.000,9999.000
202608021542,   0.555,9999.000,9999.000,9999.000,9999.000,9999.000,9999.000,9999.000,9999.000
202608021548,   0.546,9999.000,9999.000,9999.000,9999.000,9999.000,9999.000,9999.000,9999.000
202608021554,   0.538,9999.000,9999.000,9999.000,9999.000,9999.000,9999.000,9999.000,9999.000
202608021600,   0.531,9999.000,   0.500,  -0.025,   1.006,   0.400,   0.906,   0.600,   1.106
202608021606,   0.524,9999.000,9999.000,9999.000,9999.000,9999.000,9999.000,9999.000,9999.000
202608021612,   0.517,9999.000,9999.000,9999.000,9999.000,9999.000,9999.000,9999.000,9999.000
202608021618,   0.512,9999.000,9999.000,9999.000,9999.000,9999.000,9999.000,9999.000,9999.000
202608021624,   0.507,9999.000,9999.000,9999.000,9999.000,9999.000,9999.000,9999.000,9999.000
202608021630,   0.502,9999.000,9999.000,9999.000,9999.000,9999.000,9999.000,9999.000,9999.000
202608021636,   0.499,9999.000,9999.000,9999.000,9999.000,9999.000,9999.000,9999.000,9999.000
202608021642,   0.496,9999.000,9999.000,9999.000,9999.000,9999.000,9999.000,9999.000,9999.000
202608021648,   0.495,9999.000,9999.000,9999.000,9999.000,9999.000,9999.000,9999.000,9999.000
202608021654,   0.494,9999.000,9999.000,9999.000,9999.000,9999.000,9999.000,9999.000,9999.000
202608021700,   0.494,9999.000,   0.500,  -0.025,   0.969,   0.400,   0.869,   0.600,   1.069
202608021706,   0.495,9999.000,9999.000,9999.000,9999.000,9999.000,9999.000,9999.000,9999.000
202608021712,   0.497,9999.000,9999.000,9999.000,9999.000,9999.000,9999.000,9999.000,9999.000
202608021718,   0.500,9999.000,9999.000,9999.000,9999.000,9999.000,9999.000,9999.000,9999.000
202608021724,   0.504,9999.000,9999.000,9999.000,9999.000,9999.000,9999.000,9999.000,9999.000
202608021730,   0.510,9999.000,9999.000,9999.000,9999.000,9999.000,9999.000,9999.000,9999.000
202608021736,   0.516,9999.000,9999.000,9999.000,9999.000,9999.000,9999.000,9999.000,9999.000
202608021742,   0.524,9999.000,9999.000,9999.000,9999.000,9999.000,9999.000,9999.000,9999.000
202608021748,   0.533,9999.000,9999.000,9999.000,9999.000,9999.000,9999.000,9999.000,9999.000
202608021754,   0.543,9999.000,9999.000,9999.000,9999.000,9999.000,9999.000,9999.000,9999.000
202608021800,   0.554,9999.000,   0.500,  -0.025,   1.029,   0.400,   0.929,   0.600,   1.129
202608021806,   0.566,9999.000,9999.000,9999.000,9999.000,9999.000,9999.000,9999.000,9999.000
202608021812,   0.580,9999.000,9999.000,9999.000,9999.000,9999.000,9999.000,9999.000,9999.000
202608021818,   0.595,9999.000,9999.000,9999.000,9999.000,9999.000,9999.000,9999.000,9999.000
202608021824,   0.611,9999.000,9999.000,9999.000,9999.000,9999.000,9999.000,9999.000,9999.000
202608021830,   0.628,9999.000,9999.000,9999.000,9999.000,9999.000,9999.000,9999.000,9999.000
202608021836,   0.646,9999.000,9999.000,9999.000,9999.000,9999.000,9999.000,9999.000,9999.000
202608021842,   0.665,9999.000,9999.000,9999.000,9999.000,9999.000,9999.000,9999.000,9999.000
202608021848,   0.684,9999.000,9999.000,9999.000,9999.000,9999.000,9999.000,9999.000,9999.000
202608021854,   0.705,9999.000,9999.000,9999.000,9999.000,9999.000,9999.000,9999.000,9999.000
202608021900,   0.727,9999.000,   0.500,  -0.025,   1.202,   0.400,   1.102,   0.600,   1.302
202608021906,   0.749,9999.000,9999.000,9999.000,9999.000,9999.000,9999.000,9999.000,9999.000
202608021912,   0.773,9999.000,9999.000,9999.000,9999.000,9999.000,9999.000,9999.000,9999.000
202608021918,   0.796,9999.000,9999.000,9999.000,9999.000,9999.000,9999.000,9999.000,9999.000
202608021924,   0.820,9999.000,9999.000,9999.000,9999.000,9999.000,9999.000,9999.000,9999.000
202608021930,   0.845,9999.000,9999.000,9999.000,9999.000,9999.000,9999.000,9999.000,9999.000
202608021936,   0.870,9999.000,9999.000,9999.000,9999.000,9999.000,9999.000,9999.000,9999.000
202608021942,   0.896,9999.000,9999.000,9999.000,9999.000,9999.000,9999.000,9999.000,9999.000
202608021948,   0.921,9999.000,9999.000,9999.000,9999.000,9999.000,9999.000,9999.000,9999.000
202608021954,   0.947,9999.000,9999.000,9999.000,9999.000,9999.000,9999.000,9999.000,9999.000
202608022000,   0.972,9999.000,   0.500,  -0.025,   1.447,   0.400,   1.347,   0.600,   1.547
202608022006,   0.998,9999.000,9999.000,9999.000,9999.000,9999.000,9999.000,9999.000,9999.000
202608022012,   1.023,9999.000,9999.000,9999.000,9999.000,9999.000,9999.000,9999.000,9999.000
202608022018,   1.048,9999.000,9999.000,9999.000,9999.000,9999.000,9999.000,9999.000,9999.000
202608022024,   1.073,9999.000,9999.000,9999.000,9999.000,9999.000,9999.000,9999.000,9999.000
202608022030,   1.097,9999.000,9999.000,9999.000,9999.000,9999.000,9999.000,9999.000,9999.000
202608022036,   1.121,9999.000,9999.000,9999.000,9999.000,9999.000,9999.000,9999.000,9999.000
202608022042,   1.145,9999.000,9999.000,9999.000,9999.000,9999.000,9999.000,9999.000,9999.000
202608022048,   1.168,9999.000,9999.000,9999.000,9999.000,9999.000,9999.000,9999.000,9999.000
202608022054,   1.190,9999.000,9999.000,9999.000,9999.000,9999.000,9999.000,9999.000,9999.000
202608022100,   1.212,9999.000,   0.500,  -0.025,   1.687,   0.400,   1.587,   0.600,   1.787
202608022106,   1.232,9999.000,9999.000,9999.000,9999.000,9999.000,9999.000,9999.000,9999.000
202608022112,   1.252,9999.000,9999.000,9999.000,9999.000,9999.000,9999.000,9999.000,9999.000
202608022118,   1.272,9999.000,9999.000,9999.000,9999.000,9999.000,9999.000,9999.000,9999.000
202608022124,   1.290,9999.000,9999.000,9999.000,9999.000,9999.000,9999.000,9999.000,9999.000
202608022130,   1.307,9999.000,9999.000,9999.000,9999.000,9999.000,9999.000,9999.000,9999.000
202608022136,   1.324,9999.000,9999.000,9999.000,9999.000,9999.000,9999.000,9999.000,9999.000
202608022142,   1.339,9999.000,9999.000,9999.000,9999.000,9999.000,9999.000,9999.000,9999.000
202608022148,   1.354,9999.000,9999.000,9999.000,9999.000,9999.000,9999.000,9999.000,9999.000
202608022154,   1.367,9999.000,9999.000,9999.000,9999.000,9999.000,9999.000,9999.000,9999.000
202608022200,   1.379,9999.000,   0.500,  -0.025,   1.854,   0.400,   1.754,   0.600,   1.954
202608022206,   1.391,9999.000,9999.000,9999.000,9999.000,9999.000,9999.000,9999.000,9999.000
202608022212,   1.401,9999.000,9999.000,9999.000,9999.000,9999.000,9999.000,9999.000,9999.000
202608022218,   1.410,9999.000,9999.000,9999.000,9999.000,9999.000,9999.000,9999.000,9999.000
202608022224,   1.418,9999.000,9999.000,9999.000,9999.000,9999.000,9999.000,9999.000,9999.000
202608022230,   1.425,9999.000,9999.000,9999.000,9999.000,9999.000,9999.000,9999.000,9999.000
202608022236,   1.430,9999.000,9999.000,9999.000,9999.000,9999.000,9999.000,9999.000,9999.000
202608022242,   1.435,9999.000,9999.000,9999.000,9999.000,9999.000,9999.000,9999.000,9999.000
202608022248,   1.438,9999.000,9999.000,9999.000,9999.000,9999.000,9999.000,9999.000,9999.000
202608022254,   1.440,9999.000,9999.000,9999.000,9999.000,9999.000,9999.000,9999.000,9999.000
202608022300,   1.440,9999.000,   0.500,  -0.025,   1.915,   0.400,   1.815,   0.600,   2.015
202608022306,   1.440,9999.000,9999.000,9999.000,9999.000,9999.000,9999.000,9999.000,9999.000
202608022312,   1.438,9999.000,9999.000,9999.000,9999.000,9999.000,9999.000,9999.000,9999.000
202608022318,   1.435,9999.000,9999.000,9999.000,9999.000,9999.000,9999.000,9999.000,9999.000
202608022324,   1.431,9999.000,9999.000,9999.000,9999.000,9999.000,9999.000,9999.000,9999.000
202608022330,   1.425,9999.000,9999.000,9999.000,9999.000,9999.000,9999.000,9999.000,9999.000
202608022336,   1.419,9999.000,9999.000,9999.000,9999.000,9999.000,9999.000,9999.000,9999.000
202608022342,   1.411,9999.000,9999.000,9999.000,9999.000,9999.000,9999.000,9999.000,9999.000
202608022348,   1.401,9999.000,9999.000,9999.000,9999.000,9999.000,9999.000,9999.000,9999.000
202608022354,   1.391,9999.000,9999.000,9999.000,9999.000,9999.000,9999.000,9999.000,9999.000
202608030000,   1.380,9999.000,   0.500,  -0.025,   1.855,   0.400,   1.755,   0.600,   1.955
202608030006,   1.367,9999.000,9999.000,9999.000,9999.000,9999.000,9999.000,9999.000,9999.000
202608030012,   1.353,9999.000,9999.000,9999.000,9999.000,9999.000,9999.000,9999.000,9999.000
202608030018,   1.339,9999.000,9999.000,9999.000,9999.000,9999.000,9999.000,9999.000,9999.000
202608030024,   1.323,9999.000,9999.000,9999.000,9999.000,9999.000,9999.000,9999.000,9999.000
202608030030,   1.306,9999.000,9999.000,9999.000,9999.000,9999.000,9999.000,9999.000,9999.000
202608030036,   1.289,9999.000,9999.000,9999.000,9999.000,9999.000,9999.000,9999.000,9999.000
202608030042,   1.270,9999.000,9999.000,9999.000,9999.000,9999.000,9999.000,9999.000,9999.000
202608030048,   1.251,9999.000,9999.000,9999.000,9999.000,9999.000,9999.000,9999.000,9999.000
202608030054,   1.231,9999.000,9999.000,9999.000,9999.000,9999.000,9999.000,9999.000,9999.000
202608030100,   1.210,9999.000,   0.500,  -0.025,   1.685,   0.400,   1.585,   0.600,   1.785
202608030106,   1.189,9999.000,9999.000,9999.000,9999.000,9999.000,9999.000,9999.000,9999.000
202608030112,   1.167,9999.000,9999.000,9999.000,9999.000,9999.000,9999.000,9999.000,9999.000
202608030118,   1.145,9999.000,9999.000,9999.000,9999.000,9999.000,9999.000,9999.000,9999.000
202608030124,   1.123,9999.000,9999.000,9999.000,9999.000,9999.000,9999.000,9999.000,9999.000
202608030130,   1.100,9999.000,9999.000,9999.000,9999.000,9999.000,9999.000,9999.000,9999.000
202608030136,   1.077,9999.000,9999.000,9999.000,9999.000,9999.000,9999.000,9999.000,9999.000
202608030142,   1.053,9999.000,9999.000,9999.000,9999.000,9999.000,9999.000,9999.000,9999.000
202608030148,   1.030,9999.000,9999.000,9999.000,9999.000,9999.000,9999.000,9999.000,9999.000
202608030154,   1.006,9999.000,9999.000,9999.000,9999.000,9999.000,9999.000,9999.000,9999.000
202608030200,   0.983,9999.000,   0.500,  -0.025,   1.458,   0.400,   1.358,   0.600,   1.558
202608030206,   0.959,9999.000,9999.000,9999.000,9999.000,9999.000,9999.000,9999.000,9999.000
202608030212,   0.936,9999.000,9999.000,9999.000,9999.000,9999.000,9999.000,9999.000,9999.000
202608030218,   0.913,9999.000,9999.000,9999.000,9999.000,9999.000,9999.000,9999.000,9999.000
202608030224,   0.890,9999.000,9999.000,9999.000,9999.000,9999.000,9999.000,9999.000,9999.000
202608030230,   0.867,9999.000,9999.000,9999.000,9999.000,9999.000,9999.000,9999.000,9999.000
202608030236,   0.845,9999.000,9999.000,9999.000,9999.000,9999.000,9999.000,9999.000,9999.000
202608030242,   0.823,9999.000,9999.000,9999.000,9999.000,9999.000,9999.000,9999.000,9999.000
202608030248,   0.801,9999.000,9999.000,9999.000,9999.000,9999.000,9999.000,9999.000,9999.000
202608030254,   0.780,9999.000,9999.000,9999.000,9999.000,9999.000,9999.000,9999.000,9999.000
202608030300,   0.759,9999.000,   0.500,  -0.025,   1.234,   0.400,   1.134,   0.600,   1.334
202608030306,   0.738,9999.000,9999.000,9999.000,9999.000,9999.000,9999.000,9999.000,9999.000
202608030312,   0.718,9999.000,9999.000,9999.000,9999.000,9999.000,9999.000,9999.000,9999.000
202608030318,   0.699,9999.000,9999.000,9999.000,9999.000,9999.000,9999.000,9999.000,9999.000
202608030324,   0.679,9999.000,9999.000,9999.000,9999.000,9999.000,9999.000,9999.000,9999.000
202608030330,   0.661,9999.000,9999.000,9999.000,9999.000,9999.000,9999.000,9999.000,9999.000
202608030336,   0.642,9999.000,9999.000,9999.000,9999.000,9999.000,9999.000,9999.000,9999.000
202608030342,   0.625,9999.000,9999.000,9999.000,9999.000,9999.000,9999.000,9999.000,9999.000
202608030348,   0.607,9999.000,9999.000,9999.000,9999.000,9999.000,9999.000,9999.000,9999.000
202608030354,   0.591,9999.000,9999.000,9999.000,9999.000,9999.000,9999.000,9999.000,9999.000
202608030400,   0.575,9999.000,   0.500,  -0.025,   1.050,   0.400,   0.950,   0.600,   1.150
202608030406,   0.559,9999.000,9999.000,9999.000,9999.000,9999.000,9999.000,9999.000,9999.000
202608030412,   0.544,9999.000,9999.000,9999.000,9999.000,9999.000,9999.000,9999.000,9999.000
202608030418,   0.530,9999.000,9999.000,9999.000,9999.000,9999.000,9999.000,9999.000,9999.000
202608030424,   0.516,9999.000,9999.000,9999.000,9999.000,9999.000,9999.000,9999.000,9999.000
202608030430,   0.503,9999.000,9999.000,9999.000,9999.000,9999.000,9999.000,9999.000,9999.000
202608030436,   0.490,9999.000,9999.000,9999.000,9999.000,9999.000,9999.000,9999.000,9999.000
202608030442,   0.478,9999.000,9999.000,9999.000,9999.000,9999.000,9999.000,9999.000,9999.000
202608030448,   0.467,9999.000,9999.000,9999.000,9999.000,9999.000,9999.000,9999.000,9999.000
202608030454,   0.457,9999.000,9999.000,9999.000,9999.000,9999.000,9999.000,9999.000,9999.000
202608030500,   0.448,9999.000,   0.500,  -0.025,   0.923,   0.500,   0.923,   0.600,   1.023
202608030506,   0.439,9999.000,9999.000,9999.000,9999.000,9999.000,9999.000,9999.000,9999.000
202608030512,   0.432,9999.000,9999.000,9999.000,9999.000,9999.000,9999.000,9999.000,9999.000
202608030518,   0.425,9999.000,9999.000,9999.000,9999.000,9999.000,9999.000,9999.000,9999.000
202608030524,   0.420,9999.000,9999.000,9999.000,9999.000,9999.000,9999.000,9999.000,9999.000
202608030530,   0.415,9999.000,9999.000,9999.000,9999.000,9999.000,9999.000,9999.000,9999.000
202608030536,   0.412,9999.000,9999.000,9999.000,9999.000,9999.000,9999.000,9999.000,9999.000
202608030542,   0.410,9999.000,9999.000,9999.000,9999.000,9999.000,9999.000,9999.000,9999.000
202608030548,   0.409,9999.000,9999.000,9999.000,9999.000,9999.000,9999.000,9999.000,9999.000
202608030554,   0.409,9999.000,9999.000,9999.000,9999.000,9999.000,9999.000,9999.000,9999.000
202608030600,   0.410,9999.000,   0.500,  -0.025,   0.885,   0.400,   0.785,   0.600,   0.985
202608030606,   0.413,9999.000,9999.000,9999.000,9999.000,9999.000,9999.000,9999.000,9999.000
202608030612,   0.417,9999.000,9999.000,9999.000,9999.000,9999.000,9999.000,9999.000,9999.000
202608030618,   0.422,9999.000,9999.000,9999.000,9999.000,9999.000,9999.000,9999.000,9999.000
202608030624,   0.429,9999.000,9999.000,9999.000,9999.000,9999.000,9999.000,9999.000,9999.000
202608030630,   0.437,9999.000,9999.000,9999.000,9999.000,9999.000,9999.000,9999.000,9999.000
202608030636,   0.446,9999.000,9999.000,9999.000,9999.000,9999.000,9999.000,9999.000,9999.000
202608030642,   0.456,9999.000,9999.000,9999.000,9999.000,9999.000,9999.000,9999.000,9999.000
202608030648,   0.468,9999.000,9999.000,9999.000,9999.000,9999.000,9999.000,9999.000,9999.000
202608030654,   0.481,9999.000,9999.000,9999.000,9999.000,9999.000,9999.000,9999.000,9999.000
202608030700,   0.495,9999.000,   0.500,  -0.025,   0.970,   0.400,   0.870,   0.600,   1.070
202608030706,   0.510,9999.000,9999.000,9999.000,9999.000,9999.000,9999.000,9999.000,9999.000
202608030712,   0.526,9999.000,9999.000,9999.000,9999.000,9999.000,9999.000,9999.000,9999.000
202608030718,   0.544,9999.000,9999.000,9999.000,9999.000,9999.000,9999.000,9999.000,9999.000
202608030724,   0.562,9999.000,9999.000,9999.000,9999.000,9999.000,9999.000,9999.000,9999.000
202608030730,   0.581,9999.000,9999.000,9999.000,9999.000,9999.000,9999.000,9999.000,9999.000
202608030736,   0.601,9999.000,9999.000,9999.000,9999.000,9999.000,9999.000,9999.000,9999.000
202608030742,   0.622,9999.000,9999.000,9999.000,9999.000,9999.000,9999.000,9999.000,9999.000
202608030748,   0.643,9999.000,9999.000,9999.000,9999.000,9999.000,9999.000,9999.000,9999.000
202608030754,   0.665,9999.000,9999.000,9999.000,9999.000,9999.000,9999.000,9999.000,9999.000
202608030800,   0.688,9999.000,   0.500,  -0.025,   1.163,   0.400,   1.063,   0.600,   1.263
202608030806,   0.711,9999.000,9999.000,9999.000,9999.000,9999.000,9999.000,9999.000,9999.000
202608030812,   0.734,9999.000,9999.000,9999.000,9999.000,9999.000,9999.000,9999.000,9999.000
202608030818,   0.757,9999.000,9999.000,9999.000,9999.000,9999.000,9999.000,9999.000,9999.000
202608030824,   0.781,9999.000,9999.000,9999.000,9999.000,9999.000,9999.000,9999.000,9999.000
202608030830,   0.804,9999.000,9999.000,9999.000,9999.000,9999.000,9999.000,9999.000,9999.000
202608030836,   0.828,9999.000,9999.000,9999.000,9999.000,9999.000,9999.000,9999.000,9999.000
202608030842,   0.851,9999.000,9999.000,9999.000,9999.000,9999.000,9999.000,9999.000,9999.000
202608030848,   0.875,9999.000,9999.000,9999.000,9999.000,9999.000,9999.000,9999.000,9999.000
202608030854,   0.898,9999.000,9999.000,9999.000,9999.000,9999.000,9999.000,9999.000,9999.000
202608030900,   0.920,9999.000,   0.500,  -0.025,   1.395,   0.400,   1.295,   0.600,   1.495
202608030906,   0.942,9999.000,9999.000,9999.000,9999.000,9999.000,9999.000,9999.000,9999.000
202608030912,   0.964,9999.000,9999.000,9999.000,9999.000,9999.000,9999.000,9999.000,9999.000
202608030918,   0.985,9999.000,9999.000,9999.000,9999.000,9999.000,9999.000,9999.000,9999.000
202608030924,   1.006,9999.000,9999.000,9999.000,9999.000,9999.000,9999.000,9999.000,9999.000
202608030930,   1.026,9999.000,9999.000,9999.000,9999.000,9999.000,9999.000,9999.000,9999.000
202608030936,   1.045,9999.000,9999.000,9999.000,9999.000,9999.000,9999.000,9999.000,9999.000
202608030942,   1.063,9999.000,9999.000,9999.000,9999.000,9999.000,9999.000,9999.000,9999.000
202608030948,   1.081,9999.000,9999.000,9999.000,9999.000,9999.000,9999.000,9999.000,9999.000
202608030954,   1.098,9999.000,9999.000,9999.000,9999.000,9999.000,9999.000,9999.000,9999.000
202608031000,   1.114,9999.000,   0.500,  -0.025,   1.589,   0.400,   1.489,   0.600,   1.689
202608031006,   1.129,9999.000,9999.000,9999.000,9999.000,9999.000,9999.000,9999.000,9999.000
202608031012,   1.143,9999.000,9999.000,9999.000,9999.000,9999.000,9999.000,9999.000,9999.000
202608031018,   1.157,9999.000,9999.000,9999.000,9999.000,9999.000,9999.000,9999.000,9999.000
202608031024,   1.169,9999.000,9999.000,9999.000,9999.000,9999.000,9999.000,9999.000,9999.000
202608031030,   1.180,9999.000,9999.000,9999.000,9999.000,9999.000,9999.000,9999.000,9999.000
202608031036,   1.190,9999.000,9999.000,9999.000,9999.000,9999.000,9999.000,9999.000,9999.000
202608031042,   1.200,9999.000,9999.000,9999.000,9999.000,9999.000,9999.000,9999.000,9999.000
202608031048,   1.208,9999.000,9999.000,9999.000,9999.000,9999.000,9999.000,9999.000,9999.000
202608031054,   1.215,9999.000,9999.000,9999.000,9999.000,9999.000,9999.000,9999.000,9999.000
202608031100,   1.221,9999.000,   0.500,  -0.025,   1.696,   0.400,   1.596,   0.600,   1.796
202608031106,   1.226,9999.000,9999.000,9999.000,9999.000,9999.000,9999.000,9999.000,9999.000
202608031112,   1.230,9999.000,9999.000,9999.000,9999.000,9999.000,9999.000,9999.000,9999.000
202608031118,   1.232,9999.000,9999.000,9999.000,9999.000,9999.000,9999.000,9999.000,9999.000
202608031124,   1.234,9999.000,9999.000,9999.000,9999.000,9999.000,9999.000,9999.000,9999.000
202608031130,   1.234,9999.000,9999.000,9999.000,9999.000,9999.000,9999.000,9999.000,9999.000
202608031136,   1.233,9999.000,9999.000,9999.000,9999.000,9999.000,9999.000,9999.000,9999.000
202608031142,   1.232,9999.000,9999.000,9999.000,9999.000,9999.000,9999.000,9999.000,9999.000
202608031148,   1.229,9999.000,9999.000,9999.000,9999.000,9999.000,9999.000,9999.000,9999.000
202608031154,   1.224,9999.000,9999.000,9999.000,9999.000,9999.000,9999.000,9999.000,9999.000
202608031200,   1.219,9999.000,   0.500,  -0.025,   1.694,   0.400,   1.594,   0.600,   1.794
202608031206,   1.213,9999.000,9999.000,9999.000,9999.000,9999.000,9999.000,9999.000,9999.000
202608031212,   1.205,9999.000,9999.000,9999.000,9999.000,9999.000,9999.000,9999.000,9999.000
202608031218,   1.197,9999.000,9999.000,9999.000,9999.000,9999.000,9999.000,9999.000,9999.000
202608031224,   1.187,9999.000,9999.000,9999.000,9999.000,9999.000,9999.000,9999.000,9999.000
202608031230,   1.177,9999.000,9999.000,9999.000,9999.000,9999.000,9999.000,9999.000,9999.000
202608031236,   1.165,9999.000,9999.000,9999.000,9999.000,9999.000,9999.000,9999.000,9999.000
202608031242,   1.153,9999.000,9999.000,9999.000,9999.000,9999.000,9999.000,9999.000,9999.000
202608031248,   1.140,9999.000,9999.000,9999.000,9999.000,9999.000,9999.000,9999.000,9999.000
202608031254,   1.126,9999.000,9999.000,9999.000,9999.000,9999.000,9999.000,9999.000,9999.000
202608031300,   1.111,9999.000,   0.500,  -0.025,   1.586,   0.400,   1.486,   0.600,   1.686
202608031306,   1.095,9999.000,9999.000,9999.000,9999.000,9999.000,9999.000,9999.000,9999.000
202608031312,   1.079,9999.000,9999.000,9999.000,9999.000,9999.000,9999.000,9999.000,9999.000
202608031318,   1.062,9999.000,9999.000,9999.000,9999.000,9999.000,9999.000,9999.000,9999.000
202608031324,   1.045,9999.000,9999.000,9999.000,9999.000,9999.000,9999.000,9999.000,9999.000
202608031330,   1.027,9999.000,9999.000,9999.000,9999.000,9999.000,9999.000,9999.000,9999.000
202608031336,   1.009,9999.000,9999.000,9999.000,9999.000,9999.000,9999.000,9999.000,9999.000
202608031342,   0.990,9999.000,9999.000,9999.000,9999.000,9999.000,9999.000,9999.000,9999.000
202608031348,   0.972,9999.000,9999.000,9999.000,9999.000,9999.000,9999.000,9999.000,9999.000
202608031354,   0.953,9999.000,9999.000,9999.000,9999.000,9999.000,9999.000,9999.000,9999.000
202608031400,   0.934,9999.000,   0.500,  -0.025,   1.409,   0.400,   1.309,   0.600,   1.509
202608031406,   0.914,9999.000,9999.000,9999.000,9999.000,9999.000,9999.000,9999.000,9999.000
202608031412,   0.895,9999.000,9999.000,9999.000,9999.000,9999.000,9999.000,9999.000,9999.000
202608031418,   0.876,9999.000,9999.000,9999.000,9999.000,9999.000,9999.000,9999.000,9999.000
202608031424,   0.857,9999.000,9999.000,9999.000,9999.000,9999.000,9999.000,9999.000,9999.000
202608031430,   0.839,9999.000,9999.000,9999.000,9999.000,9999.000,9999.000,9999.000,9999.000
202608031436,   0.820,9999.000,9999.000,9999.000,9999.000,9999.000,9999.000,9999.000,9999.000
202608031442,   0.802,9999.000,9999.000,9999.000,9999.000,9999.000,9999.000,9999.000,9999.000
202608031448,   0.784,9999.000,9999.000,9999.000,9999.000,9999.000,9999.000,9999.000,9999.000
202608031454,   0.767,9999.000,9999.000,9999.000,9999.000,9999.000,9999.000,9999.000,9999.000
202608031500,   0.750,9999.000,   0.500,  -0.025,   1.225,   0.400,   1.125,   0.600,   1.325
202608031506,   0.733,9999.000,9999.000,9999.000,9999.000,9999.000,9999.000,9999.000,9999.000
202608031512,   0.717,9999.000,9999.000,9999.000,9999.000,9999.000,9999.000,9999.000,9999.000
202608031518,   0.701,9999.000,9999.000,9999.000,9999.000,9999.000,9999.000,9999.000,9999.000
202608031524,   0.686,9999.000,9999.000,9999.000,9999.000,9999.000,9999.000,9999.000,9999.000
202608031530,   0.671,9999.000,9999.000,9999.000,9999.000,9999.000,9999.000,9999.000,9999.000
202608031536,   0.657,9999.000,9999.000,9999.000,9999.000,9999.000,9999.000,9999.000,9999.000
202608031542,   0.643,9999.000,9999.000,9999.000,9999.000,9999.000,9999.000,9999.000,9999.000
202608031548,   0.630,9999.000,9999.000,9999.000,9999.000,9999.000,9999.000,9999.000,9999.000
202608031554,   0.617,9999.000,9999.000,9999.000,9999.000,9999.000,9999.000,9999.000,9999.000
202608031600,   0.605,9999.000,   0.500,  -0.025,   1.080,   0.400,   0.980,   0.600,   1.180
202608031606,   0.593,9999.000,9999.000,9999.000,9999.000,9999.000,9999.000,9999.000,9999.000
202608031612,   0.582,9999.000,9999.000,9999.000,9999.000,9999.000,9999.000,9999.000,9999.000
202608031618,   0.572,9999.000,9999.000,9999.000,9999.000,9999.000,9999.000,9999.000,9999.000
202608031624,   0.562,9999.000,9999.000,9999.000,9999.000,9999.000,9999.000,9999.000,9999.000
202608031630,   0.552,9999.000,9999.000,9999.000,9999.000,9999.000,9999.000,9999.000,9999.000
202608031636,   0.543,9999.000,9999.000,9999.000,9999.000,9999.000,9999.000,9999.000,9999.000
202608031642,   0.534,9999.000,9999.000,9999.000,9999.000,9999.000,9999.000,9999.000,9999.000
202608031648,   0.526,9999.000,9999.000,9999.000,9999.000,9999.000,9999.000,9999.000,9999.000
202608031654,   0.519,9999.000,9999.000,9999.000,9999.000,9999.000,9999.000,9999.000,9999.000
202608031700,   0.512,9999.000,   0.500,  -0.025,   0.987,   0.400,   0.887,   0.500,   0.987
202608031706,   0.506,9999.000,9999.000,9999.000,9999.000,9999.000,9999.000,9999.000,9999.000
202608031712,   0.500,9999.000,9999.000,9999.000,9999.000,9999.000,9999.000,9999.000,9999.000
202608031718,   0.495,9999.000,9999.000,9999.000,9999.000,9999.000,9999.000,9999.000,9999.000
202608031724,   0.491,9999.000,9999.000,9999.000,9999.000,9999.000,9999.000,9999.000,9999.000
202608031730,   0.488,9999.000,9999.000,9999.000,9999.000,9999.000,9999.000,9999.000,9999.000
202608031736,   0.485,9999.000,9999.000,9999.000,9999.000,9999.000,9999.000,9999.000,9999.000
202608031742,   0.483,9999.000,9999.000,9999.000,9999.000,9999.000,9999.000,9999.000,9999.000
202608031748,   0.482,9999.000,9999.000,9999.000,9999.000,9999.000,9999.000,9999.000,9999.000
202608031754,   0.482,9999.000,9999.000,9999.000,9999.000,9999.000,9999.000,9999.000,9999.000
202608031800,   0.482,9999.000,   0.500,  -0.025,   0.957,   0.400,   0.857,   0.500,   0.957
202608031806,   0.484,9999.000,9999.000,9999.000,9999.000,9999.000,9999.000,9999.000,9999.000
202608031812,   0.486,9999.000,9999.000,9999.000,9999.000,9999.000,9999.000,9999.000,9999.000
202608031818,   0.490,9999.000,9999.000,9999.000,9999.000,9999.000,9999.000,9999.000,9999.000
202608031824,   0.494,9999.000,9999.000,9999.000,9999.000,9999.000,9999.000,9999.000,9999.000
202608031830,   0.499,9999.000,9999.000,9999.000,9999.000,9999.000,9999.000,9999.000,9999.000
202608031836,   0.506,9999.000,9999.000,9999.000,9999.000,9999.000,9999.000,9999.000,9999.000
202608031842,   0.513,9999.000,9999.000,9999.000,9999.000,9999.000,9999.000,9999.000,9999.000
202608031848,   0.522,9999.000,9999.000,9999.000,9999.000,9999.000,9999.000,9999.000,9999.000
202608031854,   0.531,9999.000,9999.000,9999.000,9999.000,9999.000,9999.000,9999.000,9999.000
202608031900,   0.542,9999.000,   0.500,  -0.025,   1.017,   0.400,   0.917,   0.500,   1.017
202608031906,   0.554,9999.000,9999.000,9999.000,9999.000,9999.000,9999.000,9999.000,9999.000
202608031912,   0.566,9999.000,9999.000,9999.000,9999.000,9999.000,9999.000,9999.000,9999.000
202608031918,   0.580,9999.000,9999.000,9999.000,9999.000,9999.000,9999.000,9999.000,9999.000
202608031924,   0.594,9999.000,9999.000,9999.000,9999.000,9999.000,9999.000,9999.000,9999.000
202608031930,   0.610,9999.000,9999.000,9999.000,9999.000,9999.000,9999.000,9999.000,9999.000
202608031936,   0.626,9999.000,9999.000,9999.000,9999.000,9999.000,9999.000,9999.000,9999.000
202608031942,   0.643,9999.000,9999.000,9999.000,9999.000,9999.000,9999.000,9999.000,9999.000
202608031948,   0.661,9999.000,9999.000,9999.000,9999.000,9999.000,9999.000,9999.000,9999.000
202608031954,   0.679,9999.000,9999.000,9999.000,9999.000,9999.000,9999.000,9999.000,9999.000
202608032000,   0.698,9999.000,   0.500,  -0.025,   1.173,   0.400,   1.073,   0.600,   1.273
202608032006,   0.717,9999.000,9999.000,9999.000,9999.000,9999.000,9999.000,9999.000,9999.000
202608032012,   0.737,9999.000,9999.000,9999.000,9999.000,9999.000,9999.000,9999.000,9999.000
202608032018,   0.758,9999.000,9999.000,9999.000,9999.000,9999.000,9999.000,9999.000,9999.000
202608032024,   0.779,9999.000,9999.000,9999.000,9999.000,9999.000,9999.000,9999.000,9999.000
202608032030,   0.799,9999.000,9999.000,9999.000,9999.000,9999.000,9999.000,9999.000,9999.000
202608032036,   0.821,9999.000,9999.000,9999.000,9999.000,9999.000,9999.000,9999.000,9999.000
202608032042,   0.842,9999.000,9999.000,9999.000,9999.000,9999.000,9999.000,9999.000,9999.000
202608032048,   0.863,9999.000,9999.000,9999.000,9999.000,9999.000,9999.000,9999.000,9999.000
202608032054,   0.884,9999.000,9999.000,9999.000,9999.000,9999.000,9999.000,9999.000,9999.000
202608032100,   0.905,9999.000,   0.500,  -0.025,   1.380,   0.400,   1.280,   0.600,   1.480
202608032106,   0.926,9999.000,9999.000,9999.000,9999.000,9999.000,9999.000,9999.000,9999.000
202608032112,   0.947,9999.000,9999.000,9999.000,9999.000,9999.000,9999.000,9999.000,9999.000
202608032118,   0.967,9999.000,9999.000,9999.000,9999.000,9999.000,9999.000,9999.000,9999.000
202608032124,   0.987,9999.000,9999.000,9999.000,9999.000,9999.000,9999.000,9999.000,9999.000
202608032130,   1.006,9999.000,9999.000,9999.000,9999.000,9999.000,9999.000,9999.000,9999.000
202608032136,   1.025,9999.000,9999.000,9999.000,9999.000,9999.000,9999.000,9999.000,9999.000
202608032142,   1.044,9999.000,9999.000,9999.000,9999.000,9999.000,9999.000,9999.000,9999.000
202608032148,   1.062,9999.000,9999.000,9999.000,9999.000,9999.000,9999.000,9999.000,9999.000
202608032154,   1.079,9999.000,9999.000,9999.000,9999.000,9999.000,9999.000,9999.000,9999.000
202608032200,   1.096,9999.000,   0.500,  -0.025,   1.571,   0.400,   1.471,   0.600,   1.671
202608032206,   1.112,9999.000,9999.000,9999.000,9999.000,9999.000,9999.000,9999.000,9999.000
202608032212,   1.127,9999.000,9999.000,9999.000,9999.000,9999.000,9999.000,9999.000,9999.000
202608032218,   1.142,9999.000,9999.000,9999.000,9999.000,9999.000,9999.000,9999.000,9999.000
202608032224,   1.155,9999.000,9999.000,9999.000,9999.000,9999.000,9999.000,9999.000,9999.000
202608032230,   1.168,9999.000,9999.000,9999.000,9999.000,9999.000,9999.000,9999.000,9999.000
202608032236,   1.181,9999.000,9999.000,9999.000,9999.000,9999.000,9999.000,9999.000,9999.000
202608032242,   1.192,9999.000,9999.000,9999.000,9999.000,9999.000,9999.000,9999.000,9999.000
202608032248,   1.203,9999.000,9999.000,9999.000,9999.000,9999.000,9999.000,9999.000,9999.000
202608032254,   1.212,9999.000,9999.000,9999.000,9999.000,9999.000,9999.000,9999.000,9999.000
202608032300,   1.221,9999.000,   0.500,  -0.025,   1.696,   0.400,   1.596,   0.600,   1.796
202608032306,   1.229,9999.000,9999.000,9999.000,9999.000,9999.000,9999.000,9999.000,9999.000
202608032312,   1.236,9999.000,9999.000,9999.000,9999.000,9999.000,9999.000,9999.000,9999.000
202608032318,   1.242,9999.000,9999.000,9999.000,9999.000,9999.000,9999.000,9999.000,9999.000
202608032324,   1.247,9999.000,9999.000,9999.000,9999.000,9999.000,9999.000,9999.000,9999.000
202608032330,   1.252,9999.000,9999.000,9999.000,9999.000,9999.000,9999.000,9999.000,9999.000
202608032336,   1.255,9999.000,9999.000,9999.000,9999.000,9999.000,9999.000,9999.000,9999.000
202608032342,   1.257,9999.000,9999.000,9999.000,9999.000,9999.000,9999.000,9999.000,9999.000
202608032348,   1.258,9999.000,9999.000,9999.000,9999.000,9999.000,9999.000,9999.000,9999.000
202608032354,   1.259,9999.000,9999.000,9999.000,9999.000,9999.000,9999.000,9999.000,9999.000
202608040000,   1.258,9999.000,   0.500,  -0.025,   1.733,   0.400,   1.633,   0.600,   1.833
