        TIME,    TIDE,      OB,   SURGE,    BIAS,     TWL,SURGE90p,  TWL90p,SURGE10p,   TWL10p
202607121800,   0.896,9999.000,   0.800,9999.000,   1.696,   0.700,   1.596,   0.900,   1.796
202607121806,   1.002,9999.000,9999.000,9999.000,9999.000,9999.000,9999.000,9999.000,9999.000
202607121812,   1.113,9999.000,9999.000,9999.000,9999.000,9999.000,9999.000,9999.000,9999.000
202607121818,   1.227,9999.000,9999.000,9999.000,9999.000,9999.000,9999.000,9999.000,9999.000
202607121824,   1.345,9999.000,9999.000,9999.000,9999.000,9999.000,9999.000,9999.000,9999.000
202607121830,   1.467,9999.000,9999.000,9999.000,9999.000,9999.000,9999.000,9999.000,9999.000
202607121836,   1.592,9999.000,9999.000,9999.000,9999.000,9999.000,9999.000,9999.000,9999.000
202607121842,   1.720,9999.000,9999.000,9999.000,9999.000,9999.000,9999.000,9999.000,9999.000
202607121848,   1.850,9999.000,9999.000,9999.000,9999.000,9999.000,9999.000,9999.000,9999.000
202607121854,   1.982,9999.000,9999.000,9999.000,9999.000,9999.000,9999.000,9999.000,9999.000
202607121900,   2.117,   2.578,   0.800,  -0.339,   2.578,   0.700,   2.478,   0.900,   2.678
202607121906,   2.253,   2.728,9999.000,9999.000,9999.000,9999.000,9999.000,9999.000,9999.000
202607121912,   2.390,   2.860,9999.000,9999.000,9999.000,9999.000,9999.000,9999.000,9999.000
202607121918,   2.529,   2.988,9999.000,9999.000,9999.000,9999.000,9999.000,9999.000,9999.000
202607121924,   2.668,   3.119,9999.000,9999.000,9999.000,9999.000,9999.000,9999.000,9999.000
202607121930,   2.808,   3.250,9999.000,9999.000,9999.000,9999.000,9999.000,9999.000,9999.000
202607121936,   2.948,   3.378,9999.000,9999.000,9999.000,9999.000,9999.000,9999.000,9999.000
202607121942,   3.087,   3.529,9999.000,9999.000,9999.000,9999.000,9999.000,9999.000,9999.000
202607121948,   3.226,   3.650,9999.000,9999.000,9999.000,9999.000,9999.000,9999.000,9999.000
202607121954,   3.365,   3.778,9999.000,9999.000,9999.000,9999.000,9999.000,9999.000,9999.000
202607122000,   3.502,   3.909,   0.800,  -0.393,   3.909,   0.700,   3.809,   0.900,   4.009
202607122006,   3.638,   4.027,9999.000,9999.000,9999.000,9999.000,9999.000,9999.000,9999.000
202607122012,   3.773,   4.159,9999.000,9999.000,9999.000,9999.000,9999.000,9999.000,9999.000
202607122018,   3.905,   4.290,9999.000,9999.000,9999.000,9999.000,9999.000,9999.000,9999.000
202607122024,   4.035,   4.408,9999.000,9999.000,9999.000,9999.000,9999.000,9999.000,9999.000
202607122030,   4.163,   4.539,9999.000,9999.000,9999.000,9999.000,9999.000,9999.000,9999.000
202607122036,   4.289,   4.677,9999.000,9999.000,9999.000,9999.000,9999.000,9999.000,9999.000
202607122042,   4.411,   4.798,9999.000,9999.000,9999.000,9999.000,9999.000,9999.000,9999.000
202607122048,   4.530,   4.919,9999.000,9999.000,9999.000,9999.000,9999.000,9999.000,9999.000
202607122054,   4.646,   5.018,9999.000,9999.000,9999.000,9999.000,9999.000,9999.000,9999.000
202607122100,   4.758,   5.129,   0.800,  -0.429,   5.129,   0.700,   5.029,   0.900,   5.229
202607122106,   4.867,   5.228,9999.000,9999.000,9999.000,9999.000,9999.000,9999.000,9999.000
202607122112,   4.971,   5.329,9999.000,9999.000,9999.000,9999.000,9999.000,9999.000,9999.000
202607122118,   5.072,   5.428,9999.000,9999.000,9999.000,9999.000,9999.000,9999.000,9999.000
202607122124,   5.168,   5.507,9999.000,9999.000,9999.000,9999.000,9999.000,9999.000,9999.000
202607122130,   5.259,   5.589,9999.000,9999.000,9999.000,9999.000,9999.000,9999.000,9999.000
202607122136,   5.345,   5.677,9999.000,9999.000,9999.000,9999.000,9999.000,9999.000,9999.000
202607122142,   5.427,   5.759,9999.000,9999.000,9999.000,9999.000,9999.000,9999.000,9999.000
202607122148,   5.504,   5.848,9999.000,9999.000,9999.000,9999.000,9999.000,9999.000,9999.000
202607122154,   5.575,   5.926,9999.000,9999.000,9999.000,9999.000,9999.000,9999.000,9999.000
202607122200,   5.641,   5.999,   0.800,  -0.442,   5.999,   0.700,   5.899,   0.800,   5.999
202607122206,   5.701,   6.058,9999.000,9999.000,9999.000,9999.000,9999.000,9999.000,9999.000
202607122212,   5.756,   6.117,9999.000,9999.000,9999.000,9999.000,9999.000,9999.000,9999.000
202607122218,   5.805,   6.189,9999.000,9999.000,9999.000,9999.000,9999.000,9999.000,9999.000
202607122224,   5.848,   6.238,9999.000,9999.000,9999.000,9999.000,9999.000,9999.000,9999.000
202607122230,   5.885,   6.297,9999.000,9999.000,9999.000,9999.000,9999.000,9999.000,9999.000
202607122236,   5.916,   6.327,9999.000,9999.000,9999.000,9999.000,9999.000,9999.000,9999.000
202607122242,   5.941,   6.369,9999.000,9999.000,9999.000,9999.000,9999.000,9999.000,9999.000
202607122248,   5.959,   6.379,9999.000,9999.000,9999.000,9999.000,9999.000,9999.000,9999.000
202607122254,   5.971,   6.399,9999.000,9999.000,9999.000,9999.000,9999.000,9999.000,9999.000
202607122300,   5.977,   6.418,   0.700,  -0.259,   6.418,   0.700,   6.418,   0.800,   6.518
202607122306,   5.976,   6.438,9999.000,9999.000,9999.000,9999.000,9999.000,9999.000,9999.000
202607122312,   5.968,   6.458,9999.000,9999.000,9999.000,9999.000,9999.000,9999.000,9999.000
202607122318,   5.954,   6.448,9999.000,9999.000,9999.000,9999.000,9999.000,9999.000,9999.000
202607122324,   5.933,   6.448,9999.000,9999.000,9999.000,9999.000,9999.000,9999.000,9999.000
202607122330,   5.905,   6.428,9999.000,9999.000,9999.000,9999.000,9999.000,9999.000,9999.000
202607122336,   5.871,   6.409,9999.000,9999.000,9999.000,9999.000,9999.000,9999.000,9999.000
202607122342,   5.830,   6.409,9999.000,9999.000,9999.000,9999.000,9999.000,9999.000,9999.000
202607122348,   5.783,   6.379,9999.000,9999.000,9999.000,9999.000,9999.000,9999.000,9999.000
202607122354,   5.728,   6.327,9999.000,9999.000,9999.000,9999.000,9999.000,9999.000,9999.000
202607130000,   5.668,   6.268,   0.700,  -0.100,   6.268,   0.700,   6.268,   0.800,   6.368
202607130006,   5.600,   6.218,9999.000,9999.000,9999.000,9999.000,9999.000,9999.000,9999.000
202607130012,   5.527,   6.149,9999.000,9999.000,9999.000,9999.000,9999.000,9999.000,9999.000
202607130018,   5.447,   6.048,9999.000,9999.000,9999.000,9999.000,9999.000,9999.000,9999.000
202607130024,   5.360,   5.979,9999.000,9999.000,9999.000,9999.000,9999.000,9999.000,9999.000
202607130030,   5.268,   5.897,9999.000,9999.000,9999.000,9999.000,9999.000,9999.000,9999.000
202607130036,   5.171,   5.799,9999.000,9999.000,9999.000,9999.000,9999.000,9999.000,9999.000
202607130042,   5.067,   5.717,9999.000,9999.000,9999.000,9999.000,9999.000,9999.000,9999.000
202607130048,   4.958,   5.638,9999.000,9999.000,9999.000,9999.000,9999.000,9999.000,9999.000
202607130054,   4.844,   5.539,9999.000,9999.000,9999.000,9999.000,9999.000,9999.000,9999.000
202607130100,   4.725,   5.438,   0.700,   0.013,   5.438,   0.600,   5.338,   0.700,   5.438
202607130106,   4.602,   5.339,9999.000,9999.000,9999.000,9999.000,9999.000,9999.000,9999.000
202607130112,   4.474,   5.218,9999.000,9999.000,9999.000,9999.000,9999.000,9999.000,9999.000
202607130118,   4.342,   5.097,9999.000,9999.000,9999.000,9999.000,9999.000,9999.000,9999.000
202607130124,   4.206,   4.969,9999.000,9999.000,9999.000,9999.000,9999.000,9999.000,9999.000
202607130130,   4.067,   4.828,9999.000,9999.000,9999.000,9999.000,9999.000,9999.000,9999.000
202607130136,   3.925,   4.710,9999.000,9999.000,9999.000,9999.000,9999.000,9999.000,9999.000
202607130142,   3.781,   4.578,9999.000,9999.000,9999.000,9999.000,9999.000,9999.000,9999.000
202607130148,   3.634,   4.447,9999.000,9999.000,9999.000,9999.000,9999.000,9999.000,9999.000
202607130154,   3.486,   4.329,9999.000,9999.000,9999.000,9999.000,9999.000,9999.000,9999.000
202607130200,   3.336,   4.178,   0.600,   0.242,   4.178,   0.600,   4.178,   0.700,   4.278
202607130206,   3.185,   4.027,9999.000,9999.000,9999.000,9999.000,9999.000,9999.000,9999.000
202607130212,   3.033,   3.870,9999.000,9999.000,9999.000,9999.000,9999.000,9999.000,9999.000
202607130218,   2.881,   3.729,9999.000,9999.000,9999.000,9999.000,9999.000,9999.000,9999.000
202607130224,   2.730,   3.568,9999.000,9999.000,9999.000,9999.000,9999.000,9999.000,9999.000
202607130230,   2.579,   3.407,9999.000,9999.000,9999.000,9999.000,9999.000,9999.000,9999.000
202607130236,   2.428,   3.240,9999.000,9999.000,9999.000,9999.000,9999.000,9999.000,9999.000
202607130242,   2.280,   3.089,9999.000,9999.000,9999.000,9999.000,9999.000,9999.000,9999.000
202607130248,   2.132,   2.938,9999.000,9999.000,9999.000,9999.000,9999.000,9999.000,9999.000
202607130254,   1.987,   2.787,9999.000,9999.000,9999.000,9999.000,9999.000,9999.000,9999.000
202607130300,   1.845,   2.669,   0.600,   0.224,   2.669,   0.600,   2.669,   0.700,   2.769
202607130306,   1.705,   2.528,9999.000,9999.000,9999.000,9999.000,9999.000,9999.000,9999.000
202607130312,   1.568,   2.400,9999.000,9999.000,9999.000,9999.000,9999.000,9999.000,9999.000
202607130318,   1.435,   2.259,9999.000,9999.000,9999.000,9999.000,9999.000,9999.000,9999.000
202607130324,   1.305,   2.118,9999.000,9999.000,9999.000,9999.000,9999.000,9999.000,9999.000
202607130330,   1.180,   1.990,9999.000,9999.000,9999.000,9999.000,9999.000,9999.000,9999.000
202607130336,   1.059,   1.859,9999.000,9999.000,9999.000,9999.000,9999.000,9999.000,9999.000
202607130342,   0.942,   1.718,9999.000,9999.000,9999.000,9999.000,9999.000,9999.000,9999.000
202607130348,   0.831,   1.610,9999.000,9999.000,9999.000,9999.000,9999.000,9999.000,9999.000
202607130354,   0.725,   1.508,9999.000,9999.000,9999.000,9999.000,9999.000,9999.000,9999.000
202607130400,   0.624,   1.400,   0.600,   0.176,   1.400,   0.600,   1.400,   0.700,   1.500
202607130406,   0.529,   1.308,9999.000,9999.000,9999.000,9999.000,9999.000,9999.000,9999.000
202607130412,   0.439,   1.220,9999.000,9999.000,9999.000,9999.000,9999.000,9999.000,9999.000
202607130418,   0.356,   1.138,9999.000,9999.000,9999.000,9999.000,9999.000,9999.000,9999.000
202607130424,   0.278,   1.059,9999.000,9999.000,9999.000,9999.000,9999.000,9999.000,9999.000
202607130430,   0.208,   1.000,9999.000,9999.000,9999.000,9999.000,9999.000,9999.000,9999.000
202607130436,   0.143,   0.918,9999.000,9999.000,9999.000,9999.000,9999.000,9999.000,9999.000
202607130442,   0.085,   0.849,9999.000,9999.000,9999.000,9999.000,9999.000,9999.000,9999.000
202607130448,   0.034,   0.770,9999.000,9999.000,9999.000,9999.000,9999.000,9999.000,9999.000
202607130454,  -0.009,   0.678,9999.000,9999.000,9999.000,9999.000,9999.000,9999.000,9999.000
202607130500,  -0.047,   0.629,   0.600,   0.076,   0.629,   0.600,   0.629,   0.700,   0.729
202607130506,  -0.077,   0.590,9999.000,9999.000,9999.000,9999.000,9999.000,9999.000,9999.000
202607130512,  -0.101,   0.551,9999.000,9999.000,9999.000,9999.000,9999.000,9999.000,9999.000
202607130518,  -0.118,   0.531,9999.000,9999.000,9999.000,9999.000,9999.000,9999.000,9999.000
202607130524,  -0.127,   0.531,9999.000,9999.000,9999.000,9999.000,9999.000,9999.000,9999.000
202607130530,  -0.130,   0.541,9999.000,9999.000,9999.000,9999.000,9999.000,9999.000,9999.000
202607130536,  -0.127,   0.551,9999.000,9999.000,9999.000,9999.000,9999.000,9999.000,9999.000
202607130542,  -0.116,   0.590,9999.000,9999.000,9999.000,9999.000,9999.000,9999.000,9999.000
202607130548,  -0.099,   0.629,9999.000,9999.000,9999.000,9999.000,9999.000,9999.000,9999.000
202607130554,  -0.075,   0.659,9999.000,9999.000,9999.000,9999.000,9999.000,9999.000,9999.000
202607130600,  -0.045,   0.688,   0.600,   0.133,   0.688,   0.600,   0.688,   0.600,   0.688
202607130606,  -0.009,   0.698,9999.000,9999.000,9999.000,9999.000,9999.000,9999.000,9999.000
202607130612,   0.032,   0.731,9999.000,9999.000,9999.000,9999.000,9999.000,9999.000,9999.000
202607130618,   0.080,   0.751,9999.000,9999.000,9999.000,9999.000,9999.000,9999.000,9999.000
202607130624,   0.134,   0.780,9999.000,9999.000,9999.000,9999.000,9999.000,9999.000,9999.000
202607130630,   0.193,   0.800,9999.000,9999.000,9999.000,9999.000,9999.000,9999.000,9999.000
202607130636,   0.257,   0.839,9999.000,9999.000,9999.000,9999.000,9999.000,9999.000,9999.000
202607130642,   0.326,   0.869,9999.000,9999.000,9999.000,9999.000,9999.000,9999.000,9999.000
202607130648,   0.400,   0.928,9999.000,9999.000,9999.000,9999.000,9999.000,9999.000,9999.000
202607130654,   0.479,   1.020,9999.000,9999.000,9999.000,9999.000,9999.000,9999.000,9999.000
202607130700,   0.561,   1.088,   0.600,  -0.073,   1.088,   0.600,   1.088,   0.600,   1.088
202607130706,   0.647,   1.180,9999.000,9999.000,9999.000,9999.000,9999.000,9999.000,9999.000
202607130712,   0.737,   1.259,9999.000,9999.000,9999.000,9999.000,9999.000,9999.000,9999.000
202607130718,   0.830,   1.338,9999.000,9999.000,9999.000,9999.000,9999.000,9999.000,9999.000
202607130724,   0.926,   1.410,9999.000,9999.000,9999.000,9999.000,9999.000,9999.000,9999.000
202607130730,   1.025,   1.489,9999.000,9999.000,9999.000,9999.000,9999.000,9999.000,9999.000
202607130736,   1.127,   1.580,9999.000,9999.000,9999.000,9999.000,9999.000,9999.000,9999.000
202607130742,   1.230,   1.669,9999.000,9999.000,9999.000,9999.000,9999.000,9999.000,9999.000
202607130748,   1.336,   1.767,9999.000,9999.000,9999.000,9999.000,9999.000,9999.000,9999.000
202607130754,   1.443,   1.889,9999.000,9999.000,9999.000,9999.000,9999.000,9999.000,9999.000
202607130800,   1.551,   2.010,   0.600,  -0.141,   2.010,   0.600,   2.010,   0.600,   2.010
202607130806,   1.660,   2.138,9999.000,9999.000,9999.000,9999.000,9999.000,9999.000,9999.000
202607130812,   1.770,   2.259,9999.000,9999.000,9999.000,9999.000,9999.000,9999.000,9999.000
202607130818,   1.881,   2.387,9999.000,9999.000,9999.000,9999.000,9999.000,9999.000,9999.000
202607130824,   1.991,   2.509,9999.000,9999.000,9999.000,9999.000,9999.000,9999.000,9999.000
202607130830,   2.102,   2.640,9999.000,9999.000,9999.000,9999.000,9999.000,9999.000,9999.000
202607130836,   2.212,   2.748,9999.000,9999.000,9999.000,9999.000,9999.000,9999.000,9999.000
202607130842,   2.321,   2.879,9999.000,9999.000,9999.000,9999.000,9999.000,9999.000,9999.000
202607130848,   2.430,   2.988,9999.000,9999.000,9999.000,9999.000,9999.000,9999.000,9999.000
202607130854,   2.537,   3.109,9999.000,9999.000,9999.000,9999.000,9999.000,9999.000,9999.000
202607130900,   2.643,   3.230,   0.600,  -0.013,   3.230,   0.500,   3.130,   0.600,   3.230
202607130906,   2.747,   3.348,9999.000,9999.000,9999.000,9999.000,9999.000,9999.000,9999.000
202607130912,   2.849,   3.450,9999.000,9999.000,9999.000,9999.000,9999.000,9999.000,9999.000
202607130918,   2.949,   3.539,9999.000,9999.000,9999.000,9999.000,9999.000,9999.000,9999.000
202607130924,   3.047,   3.637,9999.000,9999.000,9999.000,9999.000,9999.000,9999.000,9999.000
202607130930,   3.143,   3.729,9999.000,9999.000,9999.000,9999.000,9999.000,9999.000,9999.000
202607130936,   3.235,   3.827,9999.000,9999.000,9999.000,9999.000,9999.000,9999.000,9999.000
202607130942,   3.325,   3.929,9999.000,9999.000,9999.000,9999.000,9999.000,9999.000,9999.000
202607130948,   3.412,   4.017,9999.000,9999.000,9999.000,9999.000,9999.000,9999.000,9999.000
202607130954,   3.495,   4.099,9999.000,9999.000,9999.000,9999.000,9999.000,9999.000,9999.000
202607131000,   3.575,   4.178,   0.600,   0.003,   4.178,   0.500,   4.078,   0.600,   4.178
202607131006,   3.651,   4.257,9999.000,9999.000,9999.000,9999.000,9999.000,9999.000,9999.000
202607131012,   3.724,   4.329,9999.000,9999.000,9999.000,9999.000,9999.000,9999.000,9999.000
202607131018,   3.792,   4.388,9999.000,9999.000,9999.000,9999.000,9999.000,9999.000,9999.000
202607131024,   3.857,   4.418,9999.000,9999.000,9999.000,9999.000,9999.000,9999.000,9999.000
202607131030,   3.917,   4.467,9999.000,9999.000,9999.000,9999.000,9999.000,9999.000,9999.000
202607131036,   3.972,   4.509,9999.000,9999.000,9999.000,9999.000,9999.000,9999.000,9999.000
202607131042,   4.024,   4.559,9999.000,9999.000,9999.000,9999.000,9999.000,9999.000,9999.000
202607131048,   4.070,   4.608,9999.000,9999.000,9999.000,9999.000,9999.000,9999.000,9999.000
202607131054,   4.111,   4.657,9999.000,9999.000,9999.000,9999.000,9999.000,9999.000,9999.000
202607131100,   4.148,   4.690,   0.600,  -0.058,   4.690,   0.500,   4.590,   0.600,   4.690
202607131106,   4.179,   4.719,9999.000,9999.000,9999.000,9999.000,9999.000,9999.000,9999.000
202607131112,   4.205,   4.739,9999.000,9999.000,9999.000,9999.000,9999.000,9999.000,9999.000
202607131118,   4.226,   4.759,9999.000,9999.000,9999.000,9999.000,9999.000,9999.000,9999.000
202607131124,   4.241,   4.759,9999.000,9999.000,9999.000,9999.000,9999.000,9999.000,9999.000
202607131130,   4.251,   4.769,9999.000,9999.000,9999.000,9999.000,9999.000,9999.000,9999.000
202607131136,   4.255,   4.769,9999.000,9999.000,9999.000,9999.000,9999.000,9999.000,9999.000
202607131142,   4.252,   4.759,9999.000,9999.000,9999.000,9999.000,9999.000,9999.000,9999.000
202607131148,   4.244,   4.739,9999.000,9999.000,9999.000,9999.000,9999.000,9999.000,9999.000
202607131154,   4.230,   4.729,9999.000,9999.000,9999.000,9999.000,9999.000,9999.000,9999.000
202607131200,   4.210,   4.710,   0.500,   0.000,   4.710,   0.500,   4.710,   0.500,   4.710
202607131206,   4.184,   4.700,9999.000,9999.000,9999.000,9999.000,9999.000,9999.000,9999.000
202607131212,   4.151,   4.657,9999.000,9999.000,9999.000,9999.000,9999.000,9999.000,9999.000
202607131218,   4.112,   4.608,9999.000,9999.000,9999.000,9999.000,9999.000,9999.000,9999.000
202607131224,   4.067,   4.569,9999.000,9999.000,9999.000,9999.000,9999.000,9999.000,9999.000
202607131230,   4.016,   4.529,9999.000,9999.000,9999.000,9999.000,9999.000,9999.000,9999.000
202607131236,   3.959,   4.490,9999.000,9999.000,9999.000,9999.000,9999.000,9999.000,9999.000
202607131242,   3.895,   4.437,9999.000,9999.000,9999.000,9999.000,9999.000,9999.000,9999.000
202607131248,   3.826,   4.378,9999.000,9999.000,9999.000,9999.000,9999.000,9999.000,9999.000
202607131254,   3.751,   4.319,9999.000,9999.000,9999.000,9999.000,9999.000,9999.000,9999.000
202607131300,   3.670,   4.237,   0.500,   0.067,   4.237,   0.500,   4.237,   0.500,   4.237
202607131306,   3.583,   4.168,9999.000,9999.000,9999.000,9999.000,9999.000,9999.000,9999.000
202607131312,   3.492,   4.070,9999.000,9999.000,9999.000,9999.000,9999.000,9999.000,9999.000
202607131318,   3.395,   3.968,9999.000,9999.000,9999.000,9999.000,9999.000,9999.000,9999.000
202607131324,   3.293,   3.870,9999.000,9999.000,9999.000,9999.000,9999.000,9999.000,9999.000
202607131330,   3.187,   3.768,9999.000,9999.000,9999.000,9999.000,9999.000,9999.000,9999.000
202607131336,   3.077,   3.660,9999.000,9999.000,9999.000,9999.000,9999.000,9999.000,9999.000
202607131342,   2.963,   3.548,9999.000,9999.000,9999.000,9999.000,9999.000,9999.000,9999.000
202607131348,   2.846,   3.417,9999.000,9999.000,9999.000,9999.000,9999.000,9999.000,9999.000
202607131354,   2.726,   3.289,9999.000,9999.000,9999.000,9999.000,9999.000,9999.000,9999.000
202607131400,   2.603,   3.197,   0.500,   0.094,   3.197,   0.500,   3.197,   0.500,   3.197
202607131406,   2.479,   3.070,9999.000,9999.000,9999.000,9999.000,9999.000,9999.000,9999.000
202607131412,   2.352,   2.929,9999.000,9999.000,9999.000,9999.000,9999.000,9999.000,9999.000
202607131418,   2.224,   2.820,9999.000,9999.000,9999.000,9999.000,9999.000,9999.000,9999.000
202607131424,   2.096,   2.689,9999.000,9999.000,9999.000,9999.000,9999.000,9999.000,9999.000
202607131430,   1.967,   2.548,9999.000,9999.000,9999.000,9999.000,9999.000,9999.000,9999.000
202607131436,   1.839,   2.420,9999.000,9999.000,9999.000,9999.000,9999.000,9999.000,9999.000
202607131442,   1.711,   2.279,9999.000,9999.000,9999.000,9999.000,9999.000,9999.000,9999.000
202607131448,   1.584,   2.138,9999.000,9999.000,9999.000,9999.000,9999.000,9999.000,9999.000
202607131454,   1.459,   2.000,9999.000,9999.000,9999.000,9999.000,9999.000,9999.000,9999.000
202607131500,   1.336,   1.859,   0.500,   0.023,   1.859,   0.500,   1.859,   0.500,   1.859
202607131506,   1.215,   1.728,9999.000,9999.000,9999.000,9999.000,9999.000,9999.000,9999.000
202607131512,   1.097,   1.580,9999.000,9999.000,9999.000,9999.000,9999.000,9999.000,9999.000
202607131518,   0.982,   1.449,9999.000,9999.000,9999.000,9999.000,9999.000,9999.000,9999.000
202607131524,   0.870,   1.308,9999.000,9999.000,9999.000,9999.000,9999.000,9999.000,9999.000
202607131530,   0.763,   1.200,9999.000,9999.000,9999.000,9999.000,9999.000,9999.000,9999.000
202607131536,   0.660,   1.069,9999.000,9999.000,9999.000,9999.000,9999.000,9999.000,9999.000
202607131542,   0.561,   0.941,9999.000,9999.000,9999.000,9999.000,9999.000,9999.000,9999.000
202607131548,   0.467,   0.829,9999.000,9999.000,9999.000,9999.000,9999.000,9999.000,9999.000
202607131554,   0.378,   0.718,9999.000,9999.000,9999.000,9999.000,9999.000,9999.000,9999.000
202607131600,   0.294,   0.619,   0.500,  -0.175,   0.619,   0.500,   0.619,   0.500,   0.619
202607131606,   0.216,   0.518,9999.000,9999.000,9999.000,9999.000,9999.000,9999.000,9999.000
202607131612,   0.144,   0.419,9999.000,9999.000,9999.000,9999.000,9999.000,9999.000,9999.000
202607131618,   0.077,   0.321,9999.000,9999.000,9999.000,9999.000,9999.000,9999.000,9999.000
202607131624,   0.017,   0.209,9999.000,9999.000,9999.000,9999.000,9999.000,9999.000,9999.000
202607131630,  -0.036,   0.141,9999.000,9999.000,9999.000,9999.000,9999.000,9999.000,9999.000
202607131636,  -0.084,   0.059,9999.000,9999.000,9999.000,9999.000,9999.000,9999.000,9999.000
202607131642,  -0.124,  -0.019,9999.000,9999.000,9999.000,9999.000,9999.000,9999.000,9999.000
202607131648,  -0.159,  -0.059,9999.000,9999.000,9999.000,9999.000,9999.000,9999.000,9999.000
202607131654,  -0.186,  -0.088,9999.000,9999.000,9999.000,9999.000,9999.000,9999.000,9999.000
202607131700,  -0.207,  -0.131,   0.500,  -0.424,  -0.131,   0.500,  -0.131,   0.500,  -0.131
202607131706,  -0.220,  -0.131,9999.000,9999.000,9999.000,9999.000,9999.000,9999.000,9999.000
202607131712,  -0.227,  -0.131,9999.000,9999.000,9999.000,9999.000,9999.000,9999.000,9999.000
202607131718,  -0.226,  -0.111,9999.000,9999.000,9999.000,9999.000,9999.000,9999.000,9999.000
202607131724,  -0.219,  -0.068,9999.000,9999.000,9999.000,9999.000,9999.000,9999.000,9999.000
202607131730,  -0.204,  -0.039,9999.000,9999.000,9999.000,9999.000,9999.000,9999.000,9999.000
202607131736,  -0.182,   0.019,9999.000,9999.000,9999.000,9999.000,9999.000,9999.000,9999.000
202607131742,  -0.153,   0.088,9999.000,9999.000,9999.000,9999.000,9999.000,9999.000,9999.000
202607131748,  -0.117,   0.141,9999.000,9999.000,9999.000,9999.000,9999.000,9999.000,9999.000
202607131754,  -0.075,   0.200,9999.000,9999.000,9999.000,9999.000,9999.000,9999.000,9999.000
202607131800,  -0.025,   0.268,   0.500,  -0.207,   0.268,   0.500,   0.268,   0.500,   0.268
202607131806,   0.031,   0.321,9999.000,9999.000,9999.000,9999.000,9999.000,9999.000,9999.000
202607131812,   0.094,   0.380,9999.000,9999.000,9999.000,9999.000,9999.000,9999.000,9999.000
202607131818,   0.164,   0.449,9999.000,9999.000,9999.000,9999.000,9999.000,9999.000,9999.000
202607131824,   0.240,   0.531,9999.000,9999.000,9999.000,9999.000,9999.000,9999.000,9999.000
202607131830,   0.323,   0.619,9999.000,9999.000,9999.000,9999.000,9999.000,9999.000,9999.000
202607131836,   0.412,   0.708,9999.000,9999.000,9999.000,9999.000,9999.000,9999.000,9999.000
202607131842,   0.506,   0.810,9999.000,9999.000,9999.000,9999.000,9999.000,9999.000,9999.000
202607131848,   0.606,   0.918,9999.000,9999.000,9999.000,9999.000,9999.000,9999.000,9999.000
202607131854,   0.712,   1.039,9999.000,9999.000,9999.000,9999.000,9999.000,9999.000,9999.000
202607131900,   0.822,   1.170,   0.500,  -0.152,   1.170,   0.500,   1.170,   0.500,   1.170
202607131906,   0.938,   1.289,9999.000,9999.000,9999.000,9999.000,9999.000,9999.000,9999.000
202607131912,   1.058,   1.410,9999.000,9999.000,9999.000,9999.000,9999.000,9999.000,9999.000
202607131918,   1.182,   1.528,9999.000,9999.000,9999.000,9999.000,9999.000,9999.000,9999.000
202607131924,   1.310,   1.659,9999.000,9999.000,9999.000,9999.000,9999.000,9999.000,9999.000
202607131930,   1.442,   1.758,9999.000,9999.000,9999.000,9999.000,9999.000,9999.000,9999.000
202607131936,   1.577,   1.879,9999.000,9999.000,9999.000,9999.000,9999.000,9999.000,9999.000
202607131942,   1.715,   2.000,9999.000,9999.000,9999.000,9999.000,9999.000,9999.000,9999.000
202607131948,   1.856,   2.118,9999.000,9999.000,9999.000,9999.000,9999.000,9999.000,9999.000
202607131954,   1.999,   2.269,9999.000,9999.000,9999.000,9999.000,9999.000,9999.000,9999.000
202607132000,   2.144,   2.400,   0.500,  -0.244,   2.400,   0.500,   2.400,   0.500,   2.400
202607132006,   2.290,   2.538,9999.000,9999.000,9999.000,9999.000,9999.000,9999.000,9999.000
202607132012,   2.438,   2.699,9999.000,9999.000,9999.000,9999.000,9999.000,9999.000,9999.000
202607132018,   2.587,   2.840,9999.000,9999.000,9999.000,9999.000,9999.000,9999.000,9999.000
202607132024,   2.736,   2.988,9999.000,9999.000,9999.000,9999.000,9999.000,9999.000,9999.000
202607132030,   2.885,   3.119,9999.000,9999.000,9999.000,9999.000,9999.000,9999.000,9999.000
202607132036,   3.034,   3.260,9999.000,9999.000,9999.000,9999.000,9999.000,9999.000,9999.000
202607132042,   3.182,   3.417,9999.000,9999.000,9999.000,9999.000,9999.000,9999.000,9999.000
202607132048,   3.330,   3.539,9999.000,9999.000,9999.000,9999.000,9999.000,9999.000,9999.000
202607132054,   3.476,   3.689,9999.000,9999.000,9999.000,9999.000,9999.000,9999.000,9999.000
202607132100,   3.621,   3.837,   0.500,  -0.284,   3.837,   0.400,   3.737,   0.500,   3.837
202607132106,   3.764,   3.988,9999.000,9999.000,9999.000,9999.000,9999.000,9999.000,9999.000
202607132112,   3.905,   4.139,9999.000,9999.000,9999.000,9999.000,9999.000,9999.000,9999.000
202607132118,   4.044,   4.247,9999.000,9999.000,9999.000,9999.000,9999.000,9999.000,9999.000
202607132124,   4.180,   4.388,9999.000,9999.000,9999.000,9999.000,9999.000,9999.000,9999.000
202607132130,   4.313,   4.529,9999.000,9999.000,9999.000,9999.000,9999.000,9999.000,9999.000
202607132136,   4.443,   4.657,9999.000,9999.000,9999.000,9999.000,9999.000,9999.000,9999.000
202607132142,   4.570,   4.778,9999.000,9999.000,9999.000,9999.000,9999.000,9999.000,9999.000
202607132148,   4.693,   4.900,9999.000,9999.000,9999.000,9999.000,9999.000,9999.000,9999.000
202607132154,   4.812,   5.028,9999.000,9999.000,9999.000,9999.000,9999.000,9999.000,9999.000
202607132200,   4.928,   5.139,   0.500,  -0.289,   5.139,   0.500,   5.139,   0.500,   5.139
202607132206,   5.039,   5.257,9999.000,9999.000,9999.000,9999.000,9999.000,9999.000,9999.000
202607132212,   5.146,   5.369,9999.000,9999.000,9999.000,9999.000,9999.000,9999.000,9999.000
202607132218,   5.248,   5.477,9999.000,9999.000,9999.000,9999.000,9999.000,9999.000,9999.000
202607132224,   5.346,   5.579,9999.000,9999.000,9999.000,9999.000,9999.000,9999.000,9999.000
202607132230,   5.438,   5.657,9999.000,9999.000,9999.000,9999.000,9999.000,9999.000,9999.000
202607132236,   5.526,   5.739,9999.000,9999.000,9999.000,9999.000,9999.000,9999.000,9999.000
202607132242,   5.609,   5.808,9999.000,9999.000,9999.000,9999.000,9999.000,9999.000,9999.000
202607132248,   5.686,   5.897,9999.000,9999.000,9999.000,9999.000,9999.000,9999.000,9999.000
202607132254,   5.758,   5.969,9999.000,9999.000,9999.000,9999.000,9999.000,9999.000,9999.000
202607132300,   5.825,   6.048,   0.500,  -0.277,   6.048,   0.500,   6.048,   0.500,   6.048
202607132306,   5.885,   6.117,9999.000,9999.000,9999.000,9999.000,9999.000,9999.000,9999.000
202607132312,   5.940,   6.179,9999.000,9999.000,9999.000,9999.000,9999.000,9999.000,9999.000
202607132318,   5.989,   6.248,9999.000,9999.000,9999.000,9999.000,9999.000,9999.000,9999.000
202607132324,   6.032,   6.297,9999.000,9999.000,9999.000,9999.000,9999.000,9999.000,9999.000
202607132330,   6.068,   6.359,9999.000,9999.000,9999.000,9999.000,9999.000,9999.000,9999.000
202607132336,   6.099,   6.399,9999.000,9999.000,9999.000,9999.000,9999.000,9999.000,9999.000
202607132342,   6.122,   6.438,9999.000,9999.000,9999.000,9999.000,9999.000,9999.000,9999.000
202607132348,   6.140,   6.487,9999.000,9999.000,9999.000,9999.000,9999.000,9999.000,9999.000
202607132354,   6.150,   6.507,9999.000,9999.000,9999.000,9999.000,9999.000,9999.000,9999.000
202607140000,   6.154,   6.527,   0.400,  -0.027,   6.527,   0.400,   6.527,   0.500,   6.627
202607140006,   6.150,   6.537,9999.000,9999.000,9999.000,9999.000,9999.000,9999.000,9999.000
202607140012,   6.140,   6.546,9999.000,9999.000,9999.000,9999.000,9999.000,9999.000,9999.000
202607140018,   6.123,   6.537,9999.000,9999.000,9999.000,9999.000,9999.000,9999.000,9999.000
202607140024,   6.098,   6.517,9999.000,9999.000,9999.000,9999.000,9999.000,9999.000,9999.000
202607140030,   6.066,   6.487,9999.000,9999.000,9999.000,9999.000,9999.000,9999.000,9999.000
202607140036,   6.027,   6.468,9999.000,9999.000,9999.000,9999.000,9999.000,9999.000,9999.000
202607140042,   5.981,   6.438,9999.000,9999.000,9999.000,9999.000,9999.000,9999.000,9999.000
202607140048,   5.927,   6.409,9999.000,9999.000,9999.000,9999.000,9999.000,9999.000,9999.000
202607140054,   5.866,   6.359,9999.000,9999.000,9999.000,9999.000,9999.000,9999.000,9999.000
202607140100,   5.797,   6.297,   0.400,   0.100,   6.297,   0.400,   6.297,   0.400,   6.297
202607140106,   5.722,   6.228,9999.000,9999.000,9999.000,9999.000,9999.000,9999.000,9999.000
202607140112,   5.639,   6.127,9999.000,9999.000,9999.000,9999.000,9999.000,9999.000,9999.000
202607140118,   5.550,   6.028,9999.000,9999.000,9999.000,9999.000,9999.000,9999.000,9999.000
202607140124,   5.454,   5.926,9999.000,9999.000,9999.000,9999.000,9999.000,9999.000,9999.000
202607140130,   5.351,   5.848,9999.000,9999.000,9999.000,9999.000,9999.000,9999.000,9999.000
202607140136,   5.241,   5.759,9999.000,9999.000,9999.000,9999.000,9999.000,9999.000,9999.000
202607140142,   5.126,   5.657,9999.000,9999.000,9999.000,9999.000,9999.000,9999.000,9999.000
202607140148,   5.004,   5.559,9999.000,9999.000,9999.000,9999.000,9999.000,9999.000,9999.000
202607140154,   4.877,   5.448,9999.000,9999.000,9999.000,9999.000,9999.000,9999.000,9999.000
202607140200,   4.745,   5.339,   0.400,   0.194,   5.339,   0.400,   5.339,   0.400,   5.339
202607140206,   4.608,   5.228,9999.000,9999.000,9999.000,9999.000,9999.000,9999.000,9999.000
202607140212,   4.467,   5.097,9999.000,9999.000,9999.000,9999.000,9999.000,9999.000,9999.000
202607140218,   4.321,   4.959,9999.000,9999.000,9999.000,9999.000,9999.000,9999.000,9999.000
202607140224,   4.171,   4.818,9999.000,9999.000,9999.000,9999.000,9999.000,9999.000,9999.000
202607140230,   4.019,   4.690,9999.000,9999.000,9999.000,9999.000,9999.000,9999.000,9999.000
202607140236,   3.863,   4.569,9999.000,9999.000,9999.000,9999.000,9999.000,9999.000,9999.000
202607140242,   3.705,   4.408,9999.000,9999.000,9999.000,9999.000,9999.000,9999.000,9999.000
202607140248,   3.545,   4.267,9999.000,9999.000,9999.000,9999.000,9999.000,9999.000,9999.000
202607140254,   3.384,   4.109,9999.000,9999.000,9999.000,9999.000,9999.000,9999.000,9999.000
202607140300,   3.221,   3.939,   0.400,   0.318,   3.939,   0.400,   3.939,   0.400,   3.939
202607140306,   3.058,   3.788,9999.000,9999.000,9999.000,9999.000,9999.000,9999.000,9999.000
202607140312,   2.895,   3.617,9999.000,9999.000,9999.000,9999.000,9999.000,9999.000,9999.000
202607140318,   2.732,   3.470,9999.000,9999.000,9999.000,9999.000,9999.000,9999.000,9999.000
202607140324,   2.569,   3.319,9999.000,9999.000,9999.000,9999.000,9999.000,9999.000,9999.000
202607140330,   2.408,   3.168,9999.000,9999.000,9999.000,9999.000,9999.000,9999.000,9999.000
202607140336,   2.248,   3.007,9999.000,9999.000,9999.000,9999.000,9999.000,9999.000,9999.000
202607140342,   2.091,   2.840,9999.000,9999.000,9999.000,9999.000,9999.000,9999.000,9999.000
202607140348,   1.935,   2.689,9999.000,9999.000,9999.000,9999.000,9999.000,9999.000,9999.000
202607140354,   1.782,   2.509,9999.000,9999.000,9999.000,9999.000,9999.000,9999.000,9999.000
202607140400,   1.632,   2.348,   0.400,   0.316,   2.348,   0.300,   2.248,   0.400,   2.348
202607140406,   1.485,   2.191,9999.000,9999.000,9999.000,9999.000,9999.000,9999.000,9999.000
202607140412,   1.342,   2.030,9999.000,9999.000,9999.000,9999.000,9999.000,9999.000,9999.000
202607140418,   1.204,   1.879,9999.000,9999.000,9999.000,9999.000,9999.000,9999.000,9999.000
202607140424,   1.069,   1.728,9999.000,9999.000,9999.000,9999.000,9999.000,9999.000,9999.000
202607140430,   0.939,   1.600,9999.000,9999.000,9999.000,9999.000,9999.000,9999.000,9999.000
202607140436,   0.813,   1.459,9999.000,9999.000,9999.000,9999.000,9999.000,9999.000,9999.000
202607140442,   0.693,   1.328,9999.000,9999.000,9999.000,9999.000,9999.000,9999.000,9999.000
202607140448,   0.579,   1.210,9999.000,9999.000,9999.000,9999.000,9999.000,9999.000,9999.000
202607140454,   0.470,   1.079,9999.000,9999.000,9999.000,9999.000,9999.000,9999.000,9999.000
202607140500,   0.367,   0.970,   0.300,   0.303,   0.970,   0.300,   0.970,   0.400,   1.070
202607140506,   0.270,   0.839,9999.000,9999.000,9999.000,9999.000,9999.000,9999.000,9999.000
202607140512,   0.179,   0.731,9999.000,9999.000,9999.000,9999.000,9999.000,9999.000,9999.000
202607140518,   0.095,   0.619,9999.000,9999.000,9999.000,9999.000,9999.000,9999.000,9999.000
202607140524,   0.017,   0.531,9999.000,9999.000,9999.000,9999.000,9999.000,9999.000,9999.000
202607140530,  -0.052,   0.429,9999.000,9999.000,9999.000,9999.000,9999.000,9999.000,9999.000
202607140536,  -0.115,   0.341,9999.000,9999.000,9999.000,9999.000,9999.000,9999.000,9999.000
202607140542,  -0.171,   0.259,9999.000,9999.000,9999.000,9999.000,9999.000,9999.000,9999.000
202607140548,  -0.220,   0.200,9999.000,9999.000,9999.000,9999.000,9999.000,9999.000,9999.000
202607140554,  -0.261,   0.141,9999.000,9999.000,9999.000,9999.000,9999.000,9999.000,9999.000
202607140600,  -0.295,   0.078,   0.300,   0.073,   0.078,   0.300,   0.078,   0.300,   0.078
202607140606,  -0.321,   0.049,9999.000,9999.000,9999.000,9999.000,9999.000,9999.000,9999.000
202607140612,  -0.340,   0.029,9999.000,9999.000,9999.000,9999.000,9999.000,9999.000,9999.000
202607140618,  -0.351,   0.009,9999.000,9999.000,9999.000,9999.000,9999.000,9999.000,9999.000
202607140624,  -0.354,  -0.019,9999.000,9999.000,9999.000,9999.000,9999.000,9999.000,9999.000
202607140630,  -0.350,  -0.009,9999.000,9999.000,9999.000,9999.000,9999.000,9999.000,9999.000
202607140636,  -0.338,   0.019,9999.000,9999.000,9999.000,9999.000,9999.000,9999.000,9999.000
202607140642,  -0.319,   0.059,9999.000,9999.000,9999.000,9999.000,9999.000,9999.000,9999.000
202607140648,  -0.293,   0.098,9999.000,9999.000,9999.000,9999.000,9999.000,9999.000,9999.000
202607140654,  -0.260,   0.141,9999.000,9999.000,9999.000,9999.000,9999.000,9999.000,9999.000
202607140700,  -0.219,   0.170,   0.300,   0.089,   0.170,   0.300,   0.170,   0.300,   0.170
202607140706,  -0.173,   0.190,9999.000,9999.000,9999.000,9999.000,9999.000,9999.000,9999.000
202607140712,  -0.119,   0.219,9999.000,9999.000,9999.000,9999.000,9999.000,9999.000,9999.000
202607140718,  -0.060,   0.268,9999.000,9999.000,9999.000,9999.000,9999.000,9999.000,9999.000
202607140724,   0.005,   0.341,9999.000,9999.000,9999.000,9999.000,9999.000,9999.000,9999.000
202607140730,   0.076,   0.409,9999.000,9999.000,9999.000,9999.000,9999.000,9999.000,9999.000
202607140736,   0.152,   0.488,9999.000,9999.000,9999.000,9999.000,9999.000,9999.000,9999.000
202607140742,   0.234,   0.580,9999.000,9999.000,9999.000,9999.000,9999.000,9999.000,9999.000
202607140748,   0.320,   0.649,9999.000,9999.000,9999.000,9999.000,9999.000,9999.000,9999.000
202607140754,   0.411,   0.751,9999.000,9999.000,9999.000,9999.000,9999.000,9999.000,9999.000
202607140800,   0.506,   0.829,   0.300,   0.023,   0.829,   0.300,   0.829,   0.300,   0.829
202607140806,   0.605,   0.928,9999.000,9999.000,9999.000,9999.000,9999.000,9999.000,9999.000
202607140812,   0.708,   0.970,9999.000,9999.000,9999.000,9999.000,9999.000,9999.000,9999.000
202607140818,   0.813,   1.029,9999.000,9999.000,9999.000,9999.000,9999.000,9999.000,9999.000
202607140824,   0.922,   1.108,9999.000,9999.000,9999.000,9999.000,9999.000,9999.000,9999.000
202607140830,   1.033,   1.210,9999.000,9999.000,9999.000,9999.000,9999.000,9999.000,9999.000
202607140836,   1.146,   1.328,9999.000,9999.000,9999.000,9999.000,9999.000,9999.000,9999.000
202607140842,   1.261,   1.430,9999.000,9999.000,9999.000,9999.000,9999.000,9999.000,9999.000
202607140848,   1.377,   1.571,9999.000,9999.000,9999.000,9999.000,9999.000,9999.000,9999.000
202607140854,   1.495,   1.699,9999.000,9999.000,9999.000,9999.000,9999.000,9999.000,9999.000
202607140900,   1.613,   1.820,   0.300,  -0.093,   1.820,   0.300,   1.820,   0.300,   1.820
202607140906,   1.732,   1.928,9999.000,9999.000,9999.000,9999.000,9999.000,9999.000,9999.000
202607140912,   1.851,   2.049,9999.000,9999.000,9999.000,9999.000,9999.000,9999.000,9999.000
202607140918,   1.971,   2.158,9999.000,9999.000,9999.000,9999.000,9999.000,9999.000,9999.000
202607140924,   2.090,   2.279,9999.000,9999.000,9999.000,9999.000,9999.000,9999.000,9999.000
202607140930,   2.208,   2.387,9999.000,9999.000,9999.000,9999.000,9999.000,9999.000,9999.000
202607140936,   2.326,   2.509,9999.000,9999.000,9999.000,9999.000,9999.000,9999.000,9999.000
202607140942,   2.442,   2.640,9999.000,9999.000,9999.000,9999.000,9999.000,9999.000,9999.000
202607140948,   2.557,   2.748,9999.000,9999.000,9999.000,9999.000,9999.000,9999.000,9999.000
202607140954,   2.671,   2.869,9999.000,9999.000,9999.000,9999.000,9999.000,9999.000,9999.000
202607141000,   2.783,   2.978,   0.300,  -0.105,   2.978,   0.200,   2.878,   0.300,   2.978
202607141006,   2.893,   3.089,9999.000,9999.000,9999.000,9999.000,9999.000,9999.000,9999.000
202607141012,   3.000,   3.188,9999.000,9999.000,9999.000,9999.000,9999.000,9999.000,9999.000
202607141018,   3.106,   3.279,9999.000,9999.000,9999.000,9999.000,9999.000,9999.000,9999.000
202607141024,   3.208,   3.398,9999.000,9999.000,9999.000,9999.000,9999.000,9999.000,9999.000
202607141030,   3.308,   3.489,9999.000,9999.000,9999.000,9999.000,9999.000,9999.000,9999.000
202607141036,   3.405,   3.607,9999.000,9999.000,9999.000,9999.000,9999.000,9999.000,9999.000
202607141042,   3.499,   3.719,9999.000,9999.000,9999.000,9999.000,9999.000,9999.000,9999.000
202607141048,   3.590,   3.817,9999.000,9999.000,9999.000,9999.000,9999.000,9999.000,9999.000
202607141054,   3.677,   3.919,9999.000,9999.000,9999.000,9999.000,9999.000,9999.000,9999.000
202607141100,   3.761,   4.017,   0.300,  -0.044,   4.017,   0.200,   3.917,   0.300,   4.017
202607141106,   3.841,   4.119,9999.000,9999.000,9999.000,9999.000,9999.000,9999.000,9999.000
202607141112,   3.917,   4.178,9999.000,9999.000,9999.000,9999.000,9999.000,9999.000,9999.000
202607141118,   3.989,   4.247,9999.000,9999.000,9999.000,9999.000,9999.000,9999.000,9999.000
202607141124,   4.056,   4.309,9999.000,9999.000,9999.000,9999.000,9999.000,9999.000,9999.000
202607141130,   4.120,   4.368,9999.000,9999.000,9999.000,9999.000,9999.000,9999.000,9999.000
202607141136,   4.178,   4.408,9999.000,9999.000,9999.000,9999.000,9999.000,9999.000,9999.000
202607141142,   4.232,   4.447,9999.000,9999.000,9999.000,9999.000,9999.000,9999.000,9999.000
202607141148,   4.281,   4.490,9999.000,9999.000,9999.000,9999.000,9999.000,9999.000,9999.000
202607141154,   4.324,   4.529,9999.000,9999.000,9999.000,9999.000,9999.000,9999.000,9999.000
202607141200,   4.363,   4.539,   0.200,  -0.024,   4.539,   0.200,   4.539,   0.200,   4.539
202607141206,   4.395,   4.549,9999.000,9999.000,9999.000,9999.000,9999.000,9999.000,9999.000
202607141212,   4.422,   4.559,9999.000,9999.000,9999.000,9999.000,9999.000,9999.000,9999.000
202607141218,   4.443,   4.559,9999.000,9999.000,9999.000,9999.000,9999.000,9999.000,9999.000
202607141224,   4.459,   4.578,9999.000,9999.000,9999.000,9999.000,9999.000,9999.000,9999.000
202607141230,   4.467,   4.608,9999.000,9999.000,9999.000,9999.000,9999.000,9999.000,9999.000
202607141236,   4.470,   4.578,9999.000,9999.000,9999.000,9999.000,9999.000,9999.000,9999.000
202607141242,   4.466,   4.588,9999.000,9999.000,9999.000,9999.000,9999.000,9999.000,9999.000
202607141248,   4.455,   4.578,9999.000,9999.000,9999.000,9999.000,9999.000,9999.000,9999.000
202607141254,   4.438,   4.559,9999.000,9999.000,9999.000,9999.000,9999.000,9999.000,9999.000
202607141300,   4.413,   4.578,   0.200,  -0.035,   4.578,   0.200,   4.578,   0.200,   4.578
202607141306,   4.382,   4.549,9999.000,9999.000,9999.000,9999.000,9999.000,9999.000,9999.000
202607141312,   4.344,   4.500,9999.000,9999.000,9999.000,9999.000,9999.000,9999.000,9999.000
202607141318,   4.299,   4.467,9999.000,9999.000,9999.000,9999.000,9999.000,9999.000,9999.000
202607141324,   4.246,   4.408,9999.000,9999.000,9999.000,9999.000,9999.000,9999.000,9999.000
202607141330,   4.187,   4.329,9999.000,9999.000,9999.000,9999.000,9999.000,9999.000,9999.000
202607141336,   4.121,   4.227,9999.000,9999.000,9999.000,9999.000,9999.000,9999.000,9999.000
202607141342,   4.049,   4.119,9999.000,9999.000,9999.000,9999.000,9999.000,9999.000,9999.000
202607141348,   3.969,   4.037,9999.000,9999.000,9999.000,9999.000,9999.000,9999.000,9999.000
202607141354,   3.884,   3.968,9999.000,9999.000,9999.000,9999.000,9999.000,9999.000,9999.000
202607141400,   3.792,   3.909,   0.200,  -0.083,   3.909,   0.200,   3.909,   0.200,   3.909
202607141406,   3.695,   3.827,9999.000,9999.000,9999.000,9999.000,9999.000,9999.000,9999.000
202607141412,   3.591,   3.758,9999.000,9999.000,9999.000,9999.000,9999.000,9999.000,9999.000
202607141418,   3.483,   3.650,9999.000,9999.000,9999.000,9999.000,9999.000,9999.000,9999.000
202607141424,   3.370,   3.539,9999.000,9999.000,9999.000,9999.000,9999.000,9999.000,9999.000
202607141430,   3.252,   3.460,9999.000,9999.000,9999.000,9999.000,9999.000,9999.000,9999.000
202607141436,   3.130,   3.348,9999.000,9999.000,9999.000,9999.000,9999.000,9999.000,9999.000
202607141442,   3.005,   3.207,9999.000,9999.000,9999.000,9999.000,9999.000,9999.000,9999.000
202607141448,   2.876,   3.109,9999.000,9999.000,9999.000,9999.000,9999.000,9999.000,9999.000
202607141454,   2.745,   2.958,9999.000,9999.000,9999.000,9999.000,9999.000,9999.000,9999.000
202607141500,   2.612,   2.840,   0.200,   0.028,   2.840,   0.100,   2.740,   0.200,   2.840
202607141506,   2.477,   2.728,9999.000,9999.000,9999.000,9999.000,9999.000,9999.000,9999.000
202607141512,   2.340,   2.578,9999.000,9999.000,9999.000,9999.000,9999.000,9999.000,9999.000
202607141518,   2.203,   2.440,9999.000,9999.000,9999.000,9999.000,9999.000,9999.000,9999.000
202607141524,   2.066,   2.309,9999.000,9999.000,9999.000,9999.000,9999.000,9999.000,9999.000
202607141530,   1.929,   2.177,9999.000,9999.000,9999.000,9999.000,9999.000,9999.000,9999.000
202607141536,   1.793,   2.059,9999.000,9999.000,9999.000,9999.000,9999.000,9999.000,9999.000
202607141542,   1.658,   1.928,9999.000,9999.000,9999.000,9999.000,9999.000,9999.000,9999.000
202607141548,   1.524,   1.767,9999.000,9999.000,9999.000,9999.000,9999.000,9999.000,9999.000
202607141554,   1.393,   1.620,9999.000,9999.000,9999.000,9999.000,9999.000,9999.000,9999.000
202607141600,   1.264,   1.469,   0.100,   0.105,   1.469,   0.100,   1.469,   0.200,   1.569
202607141606,   1.137,   1.328,9999.000,9999.000,9999.000,9999.000,9999.000,9999.000,9999.000
202607141612,   1.014,   1.161,9999.000,9999.000,9999.000,9999.000,9999.000,9999.000,9999.000
202607141618,   0.895,   1.020,9999.000,9999.000,9999.000,9999.000,9999.000,9999.000,9999.000
202607141624,   0.779,   0.888,9999.000,9999.000,9999.000,9999.000,9999.000,9999.000,9999.000
202607141630,   0.668,   0.760,9999.000,9999.000,9999.000,9999.000,9999.000,9999.000,9999.000
202607141636,   0.561,   0.629,9999.000,9999.000,9999.000,9999.000,9999.000,9999.000,9999.000
202607141642,   0.459,   0.508,9999.000,9999.000,9999.000,9999.000,9999.000,9999.000,9999.000
202607141648,   0.362,   0.390,9999.000,9999.000,9999.000,9999.000,9999.000,9999.000,9999.000
202607141654,   0.270,   0.288,9999.000,9999.000,9999.000,9999.000,9999.000,9999.000,9999.000
202607141700,   0.184,   0.170,   0.100,  -0.114,   0.170,   0.100,   0.170,   0.200,   0.270
202607141706,   0.104,   0.068,9999.000,9999.000,9999.000,9999.000,9999.000,9999.000,9999.000
202607141712,   0.030,  -0.019,9999.000,9999.000,9999.000,9999.000,9999.000,9999.000,9999.000
202607141718,  -0.037,  -0.121,9999.000,9999.000,9999.000,9999.000,9999.000,9999.000,9999.000
202607141724,  -0.098,  -0.209,9999.000,9999.000,9999.000,9999.000,9999.000,9999.000,9999.000
202607141730,  -0.152,  -0.298,9999.000,9999.000,9999.000,9999.000,9999.000,9999.000,9999.000
202607141736,  -0.200,  -0.390,9999.000,9999.000,9999.000,9999.000,9999.000,9999.000,9999.000
202607141742,  -0.241,  -0.478,9999.000,9999.000,9999.000,9999.000,9999.000,9999.000,9999.000
202607141748,  -0.274,  -0.560,9999.000,9999.000,9999.000,9999.000,9999.000,9999.000,9999.000
202607141754,  -0.300,  -0.610,9999.000,9999.000,9999.000,9999.000,9999.000,9999.000,9999.000
202607141800,  -0.319,  -0.649,   0.100,  -0.430,  -0.649,   0.100,  -0.649,   0.200,  -0.549
202607141806,  -0.330,  -0.669,9999.000,9999.000,9999.000,9999.000,9999.000,9999.000,9999.000
202607141812,  -0.333,  -0.708,9999.000,9999.000,9999.000,9999.000,9999.000,9999.000,9999.000
202607141818,  -0.329,  -0.731,9999.000,9999.000,9999.000,9999.000,9999.000,9999.000,9999.000
202607141824,  -0.317,  -0.688,9999.000,9999.000,9999.000,9999.000,9999.000,9999.000,9999.000
202607141830,  -0.298,  -0.639,9999.000,9999.000,9999.000,9999.000,9999.000,9999.000,9999.000
202607141836,  -0.271,  -0.600,9999.000,9999.000,9999.000,9999.000,9999.000,9999.000,9999.000
202607141842,  -0.236,  -0.541,9999.000,9999.000,9999.000,9999.000,9999.000,9999.000,9999.000
202607141848,  -0.194,  -0.449,9999.000,9999.000,9999.000,9999.000,9999.000,9999.000,9999.000
202607141854,  -0.144,  -0.360,9999.000,9999.000,9999.000,9999.000,9999.000,9999.000,9999.000
202607141900,  -0.087,  -0.298,   0.100,  -0.311,  -0.298,   0.100,  -0.298,   0.100,  -0.298
202607141906,  -0.023,  -0.239,9999.000,9999.000,9999.000,9999.000,9999.000,9999.000,9999.000
202607141912,   0.048,  -0.141,9999.000,9999.000,9999.000,9999.000,9999.000,9999.000,9999.000
202607141918,   0.126,  -0.029,9999.000,9999.000,9999.000,9999.000,9999.000,9999.000,9999.000
202607141924,   0.211,   0.068,9999.000,9999.000,9999.000,9999.000,9999.000,9999.000,9999.000
202607141930,   0.302,   0.170,9999.000,9999.000,9999.000,9999.000,9999.000,9999.000,9999.000
202607141936,   0.400,   0.259,9999.000,9999.000,9999.000,9999.000,9999.000,9999.000,9999.000
202607141942,   0.504,   0.380,9999.000,9999.000,9999.000,9999.000,9999.000,9999.000,9999.000
202607141948,   0.613,   0.469,9999.000,9999.000,9999.000,9999.000,9999.000,9999.000,9999.000
202607141954,   0.728,   0.570,9999.000,9999.000,9999.000,9999.000,9999.000,9999.000,9999.000
202607142000,   0.847,   0.688,   0.100,  -0.259,   0.688,   0.000,   0.588,   0.100,   0.688
202607142006,   0.972,   0.800,9999.000,9999.000,9999.000,9999.000,9999.000,9999.000,9999.000
202607142012,   1.100,   0.879,9999.000,9999.000,9999.000,9999.000,9999.000,9999.000,9999.000
202607142018,   1.233,   0.970,9999.000,9999.000,9999.000,9999.000,9999.000,9999.000,9999.000
202607142024,   1.369,   1.098,9999.000,9999.000,9999.000,9999.000,9999.000,9999.000,9999.000
202607142030,   1.509,   1.229,9999.000,9999.000,9999.000,9999.000,9999.000,9999.000,9999.000
202607142036,   1.651,   1.380,9999.000,9999.000,9999.000,9999.000,9999.000,9999.000,9999.000
202607142042,   1.796,   1.538,9999.000,9999.000,9999.000,9999.000,9999.000,9999.000,9999.000
202607142048,   1.943,   1.708,9999.000,9999.000,9999.000,9999.000,9999.000,9999.000,9999.000
202607142054,   2.091,   1.859,9999.000,9999.000,9999.000,9999.000,9999.000,9999.000,9999.000
202607142100,   2.242,   2.020,   0.100,  -0.322,   2.020,   0.000,   1.920,   0.100,   2.020
202607142106,   2.393,   2.168,9999.000,9999.000,9999.000,9999.000,9999.000,9999.000,9999.000
202607142112,   2.544,   2.318,9999.000,9999.000,9999.000,9999.000,9999.000,9999.000,9999.000
202607142118,   2.696,   2.459,9999.000,9999.000,9999.000,9999.000,9999.000,9999.000,9999.000
202607142124,   2.848,   2.610,9999.000,9999.000,9999.000,9999.000,9999.000,9999.000,9999.000
202607142130,   3.000,   2.719,9999.000,9999.000,9999.000,9999.000,9999.000,9999.000,9999.000
202607142136,   3.151,   2.869,9999.000,9999.000,9999.000,9999.000,9999.000,9999.000,9999.000
202607142142,   3.301,   2.997,9999.000,9999.000,9999.000,9999.000,9999.000,9999.000,9999.000
202607142148,   3.449,   3.138,9999.000,9999.000,9999.000,9999.000,9999.000,9999.000,9999.000
202607142154,   3.596,   3.279,9999.000,9999.000,9999.000,9999.000,9999.000,9999.000,9999.000
202607142200,   3.741,   3.427,   0.000,  -0.314,   3.427,   0.000,   3.427,   0.100,   3.527
202607142206,   3.884,   3.568,9999.000,9999.000,9999.000,9999.000,9999.000,9999.000,9999.000
202607142212,   4.025,   3.709,9999.000,9999.000,9999.000,9999.000,9999.000,9999.000,9999.000
202607142218,   4.162,   3.870,9999.000,9999.000,9999.000,9999.000,9999.000,9999.000,9999.000
202607142224,   4.297,   3.988,9999.000,9999.000,9999.000,9999.000,9999.000,9999.000,9999.000
202607142230,   4.429,   4.149,9999.000,9999.000,9999.000,9999.000,9999.000,9999.000,9999.000
202607142236,   4.558,   4.300,9999.000,9999.000,9999.000,9999.000,9999.000,9999.000,9999.000
202607142242,   4.683,   4.427,9999.000,9999.000,9999.000,9999.000,9999.000,9999.000,9999.000
202607142248,   4.805,   4.549,9999.000,9999.000,9999.000,9999.000,9999.000,9999.000,9999.000
202607142254,   4.923,   4.667,9999.000,9999.000,9999.000,9999.000,9999.000,9999.000,9999.000
202607142300,   5.037,   4.798,   0.000,  -0.239,   4.798,   0.000,   4.798,   0.100,   4.898
202607142306,   5.146,   4.887,9999.000,9999.000,9999.000,9999.000,9999.000,9999.000,9999.000
202607142312,   5.251,   5.008,9999.000,9999.000,9999.000,9999.000,9999.000,9999.000,9999.000
202607142318,   5.352,   5.129,9999.000,9999.000,9999.000,9999.000,9999.000,9999.000,9999.000
202607142324,   5.448,   5.228,9999.000,9999.000,9999.000,9999.000,9999.000,9999.000,9999.000
202607142330,   5.539,   5.349,9999.000,9999.000,9999.000,9999.000,9999.000,9999.000,9999.000
202607142336,   5.625,   5.418,9999.000,9999.000,9999.000,9999.000,9999.000,9999.000,9999.000
202607142342,   5.706,   5.507,9999.000,9999.000,9999.000,9999.000,9999.000,9999.000,9999.000
202607142348,   5.782,   5.589,9999.000,9999.000,9999.000,9999.000,9999.000,9999.000,9999.000
202607142354,   5.852,   5.657,9999.000,9999.000,9999.000,9999.000,9999.000,9999.000,9999.000
202607150000,   5.916,   5.730,   0.000,  -0.186,   5.730,   0.000,   5.730,   0.000,   5.730
202607150006,   5.975,   5.779,9999.000,9999.000,9999.000,9999.000,9999.000,9999.000,9999.000
202607150012,   6.027,   5.818,9999.000,9999.000,9999.000,9999.000,9999.000,9999.000,9999.000
202607150018,   6.073,   5.848,9999.000,9999.000,9999.000,9999.000,9999.000,9999.000,9999.000
202607150024,   6.113,   5.887,9999.000,9999.000,9999.000,9999.000,9999.000,9999.000,9999.000
202607150030,   6.146,   5.926,9999.000,9999.000,9999.000,9999.000,9999.000,9999.000,9999.000
202607150036,   6.172,   5.959,9999.000,9999.000,9999.000,9999.000,9999.000,9999.000,9999.000
202607150042,   6.192,   5.989,9999.000,9999.000,9999.000,9999.000,9999.000,9999.000,9999.000
202607150048,   6.204,   6.008,9999.000,9999.000,9999.000,9999.000,9999.000,9999.000,9999.000
202607150054,   6.209,   6.028,9999.000,9999.000,9999.000,9999.000,9999.000,9999.000,9999.000
202607150100,   6.206,   6.028,   0.000,  -0.178,   6.028,   0.000,   6.028,   0.000,   6.028
202607150106,   6.196,   6.018,9999.000,9999.000,9999.000,9999.000,9999.000,9999.000,9999.000
202607150112,   6.178,   6.018,9999.000,9999.000,9999.000,9999.000,9999.000,9999.000,9999.000
202607150118,   6.153,   5.999,9999.000,9999.000,9999.000,9999.000,9999.000,9999.000,9999.000
202607150124,   6.120,   5.979,9999.000,9999.000,9999.000,9999.000,9999.000,9999.000,9999.000
202607150130,   6.078,   5.926,9999.000,9999.000,9999.000,9999.000,9999.000,9999.000,9999.000
202607150136,   6.029,   5.897,9999.000,9999.000,9999.000,9999.000,9999.000,9999.000,9999.000
202607150142,   5.972,   5.838,9999.000,9999.000,9999.000,9999.000,9999.000,9999.000,9999.000
202607150148,   5.908,   5.789,9999.000,9999.000,9999.000,9999.000,9999.000,9999.000,9999.000
202607150154,   5.835,   5.730,9999.000,9999.000,9999.000,9999.000,9999.000,9999.000,9999.000
202607150200,   5.755,   5.618,   0.000,  -0.137,   5.618,  -0.100,   5.518,   0.000,   5.618
202607150206,   5.668,   5.516,9999.000,9999.000,9999.000,9999.000,9999.000,9999.000,9999.000
202607150212,   5.573,   5.418,9999.000,9999.000,9999.000,9999.000,9999.000,9999.000,9999.000
202607150218,   5.471,   5.329,9999.000,9999.000,9999.000,9999.000,9999.000,9999.000,9999.000
202607150224,   5.362,   5.238,9999.000,9999.000,9999.000,9999.000,9999.000,9999.000,9999.000
202607150230,   5.246,   5.129,9999.000,9999.000,9999.000,9999.000,9999.000,9999.000,9999.000
202607150236,   5.124,   5.018,9999.000,9999.000,9999.000,9999.000,9999.000,9999.000,9999.000
202607150242,   4.997,   4.949,9999.000,9999.000,9999.000,9999.000,9999.000,9999.000,9999.000
202607150248,   4.863,   4.857,9999.000,9999.000,9999.000,9999.000,9999.000,9999.000,9999.000
202607150254,   4.725,   4.749,9999.000,9999.000,9999.000,9999.000,9999.000,9999.000,9999.000
202607150300,   4.581,   4.618,  -0.100,   0.137,   4.618,  -0.100,   4.618,   0.000,   4.718
202607150306,   4.434,   4.480,9999.000,9999.000,9999.000,9999.000,9999.000,9999.000,9999.000
202607150312,   4.282,   4.349,9999.000,9999.000,9999.000,9999.000,9999.000,9999.000,9999.000
202607150318,   4.126,   4.178,9999.000,9999.000,9999.000,9999.000,9999.000,9999.000,9999.000
202607150324,   3.968,   4.027,9999.000,9999.000,9999.000,9999.000,9999.000,9999.000,9999.000
202607150330,   3.807,   3.890,9999.000,9999.000,9999.000,9999.000,9999.000,9999.000,9999.000
202607150336,   3.644,   3.739,9999.000,9999.000,9999.000,9999.000,9999.000,9999.000,9999.000
202607150342,   3.479,   3.578,9999.000,9999.000,9999.000,9999.000,9999.000,9999.000,9999.000
202607150348,   3.312,   3.427,9999.000,9999.000,9999.000,9999.000,9999.000,9999.000,9999.000
202607150354,   3.145,   3.289,9999.000,9999.000,9999.000,9999.000,9999.000,9999.000,9999.000
202607150400,   2.977,   3.119,  -0.100,   0.242,   3.119,  -0.200,   3.019,  -0.100,   3.119
202607150406,   2.809,   2.948,9999.000,9999.000,9999.000,9999.000,9999.000,9999.000,9999.000
202607150412,   2.642,   2.758,9999.000,9999.000,9999.000,9999.000,9999.000,9999.000,9999.000
202607150418,   2.476,   2.578,9999.000,9999.000,9999.000,9999.000,9999.000,9999.000,9999.000
202607150424,   2.310,   2.400,9999.000,9999.000,9999.000,9999.000,9999.000,9999.000,9999.000
202607150430,   2.146,   2.220,9999.000,9999.000,9999.000,9999.000,9999.000,9999.000,9999.000
202607150436,   1.985,   2.040,9999.000,9999.000,9999.000,9999.000,9999.000,9999.000,9999.000
202607150442,   1.825,   1.889,9999.000,9999.000,9999.000,9999.000,9999.000,9999.000,9999.000
202607150448,   1.668,   1.728,9999.000,9999.000,9999.000,9999.000,9999.000,9999.000,9999.000
202607150454,   1.514,   1.557,9999.000,9999.000,9999.000,9999.000,9999.000,9999.000,9999.000
202607150500,   1.364,   1.420,  -0.200,   0.256,   1.420,  -0.300,   1.320,  -0.100,   1.520
202607150506,   1.217,   1.259,9999.000,9999.000,9999.000,9999.000,9999.000,9999.000,9999.000
202607150512,   1.075,   1.098,9999.000,9999.000,9999.000,9999.000,9999.000,9999.000,9999.000
202607150518,   0.937,   0.951,9999.000,9999.000,9999.000,9999.000,9999.000,9999.000,9999.000
202607150524,   0.803,   0.790,9999.000,9999.000,9999.000,9999.000,9999.000,9999.000,9999.000
202607150530,   0.675,   0.639,9999.000,9999.000,9999.000,9999.000,9999.000,9999.000,9999.000
202607150536,   0.552,   0.508,9999.000,9999.000,9999.000,9999.000,9999.000,9999.000,9999.000
202607150542,   0.435,   0.370,9999.000,9999.000,9999.000,9999.000,9999.000,9999.000,9999.000
202607150548,   0.323,   0.239,9999.000,9999.000,9999.000,9999.000,9999.000,9999.000,9999.000
202607150554,   0.218,   0.111,9999.000,9999.000,9999.000,9999.000,9999.000,9999.000,9999.000
202607150600,   0.120,  -0.009,  -0.200,   0.071,  -0.009,  -0.300,  -0.109,  -0.100,   0.091
202607150606,   0.028,  -0.121,9999.000,9999.000,9999.000,9999.000,9999.000,9999.000,9999.000
202607150612,  -0.055,  -0.200,9999.000,9999.000,9999.000,9999.000,9999.000,9999.000,9999.000
202607150618,  -0.133,  -0.259,9999.000,9999.000,9999.000,9999.000,9999.000,9999.000,9999.000
202607150624,  -0.203,  -0.341,9999.000,9999.000,9999.000,9999.000,9999.000,9999.000,9999.000
202607150630,  -0.265,  -0.400,9999.000,9999.000,9999.000,9999.000,9999.000,9999.000,9999.000
202607150636,  -0.319,  -0.439,9999.000,9999.000,9999.000,9999.000,9999.000,9999.000,9999.000
202607150642,  -0.366,  -0.498,9999.000,9999.000,9999.000,9999.000,9999.000,9999.000,9999.000
202607150648,  -0.404,  -0.560,9999.000,9999.000,9999.000,9999.000,9999.000,9999.000,9999.000
202607150654,  -0.435,  -0.590,9999.000,9999.000,9999.000,9999.000,9999.000,9999.000,9999.000
202607150700,  -0.457,  -0.600,  -0.200,   0.057,  -0.600,  -0.300,  -0.700,  -0.200,  -0.600
202607150706,  -0.471,  -0.629,9999.000,9999.000,9999.000,9999.000,9999.000,9999.000,9999.000
202607150712,  -0.477,  -0.649,9999.000,9999.000,9999.000,9999.000,9999.000,9999.000,9999.000
202607150718,  -0.475,  -0.659,9999.000,9999.000,9999.000,9999.000,9999.000,9999.000,9999.000
202607150724,  -0.465,  -0.649,9999.000,9999.000,9999.000,9999.000,9999.000,9999.000,9999.000
202607150730,  -0.447,  -0.619,9999.000,9999.000,9999.000,9999.000,9999.000,9999.000,9999.000
202607150736,  -0.421,  -0.600,9999.000,9999.000,9999.000,9999.000,9999.000,9999.000,9999.000
202607150742,  -0.388,  -0.580,9999.000,9999.000,9999.000,9999.000,9999.000,9999.000,9999.000
202607150748,  -0.348,  -0.541,9999.000,9999.000,9999.000,9999.000,9999.000,9999.000,9999.000
202607150754,  -0.301,  -0.488,9999.000,9999.000,9999.000,9999.000,9999.000,9999.000,9999.000
202607150800,  -0.247,  -0.419,  -0.300,   0.128,  -0.419,  -0.400,  -0.519,  -0.200,  -0.319
202607150806,  -0.186,  -0.360,9999.000,9999.000,9999.000,9999.000,9999.000,9999.000,9999.000
202607150812,  -0.119,  -0.298,9999.000,9999.000,9999.000,9999.000,9999.000,9999.000,9999.000
202607150818,  -0.047,  -0.229,9999.000,9999.000,9999.000,9999.000,9999.000,9999.000,9999.000
202607150824,   0.031,  -0.150,9999.000,9999.000,9999.000,9999.000,9999.000,9999.000,9999.000
202607150830,   0.114,  -0.078,9999.000,9999.000,9999.000,9999.000,9999.000,9999.000,9999.000
202607150836,   0.203,  -0.009,9999.000,9999.000,9999.000,9999.000,9999.000,9999.000,9999.000
202607150842,   0.296,   0.068,9999.000,9999.000,9999.000,9999.000,9999.000,9999.000,9999.000
202607150848,   0.394,   0.150,9999.000,9999.000,9999.000,9999.000,9999.000,9999.000,9999.000
202607150854,   0.495,   0.209,9999.000,9999.000,9999.000,9999.000,9999.000,9999.000,9999.000
202607150900,   0.600,   0.298,  -0.300,  -0.002,   0.298,  -0.400,   0.198,  -0.200,   0.398
202607150906,   0.709,   0.390,9999.000,9999.000,9999.000,9999.000,9999.000,9999.000,9999.000
202607150912,   0.820,   0.469,9999.000,9999.000,9999.000,9999.000,9999.000,9999.000,9999.000
202607150918,   0.934,   0.570,9999.000,9999.000,9999.000,9999.000,9999.000,9999.000,9999.000
202607150924,   1.050,   0.659,9999.000,9999.000,9999.000,9999.000,9999.000,9999.000,9999.000
202607150930,   1.168,   0.770,9999.000,9999.000,9999.000,9999.000,9999.000,9999.000,9999.000
202607150936,   1.288,   0.879,9999.000,9999.000,9999.000,9999.000,9999.000,9999.000,9999.000
202607150942,   1.409,   0.990,9999.000,9999.000,9999.000,9999.000,9999.000,9999.000,9999.000
202607150948,   1.531,   1.098,9999.000,9999.000,9999.000,9999.000,9999.000,9999.000,9999.000
202607150954,   1.654,   1.220,9999.000,9999.000,9999.000,9999.000,9999.000,9999.000,9999.000
202607151000,   1.777,   1.348,  -0.300,  -0.129,   1.348,  -0.500,   1.148,  -0.200,   1.448
202607151006,   1.900,   1.469,9999.000,9999.000,9999.000,9999.000,9999.000,9999.000,9999.000
202607151012,   2.024,   1.590,9999.000,9999.000,9999.000,9999.000,9999.000,9999.000,9999.000
202607151018,   2.147,   1.718,9999.000,9999.000,9999.000,9999.000,9999.000,9999.000,9999.000
202607151024,   2.269,   1.849,9999.000,9999.000,9999.000,9999.000,9999.000,9999.000,9999.000
202607151030,   2.391,   1.967,9999.000,9999.000,9999.000,9999.000,9999.000,9999.000,9999.000
202607151036,   2.511,   2.118,9999.000,9999.000,9999.000,9999.000,9999.000,9999.000,9999.000
202607151042,   2.631,   2.250,9999.000,9999.000,9999.000,9999.000,9999.000,9999.000,9999.000
202607151048,   2.749,   2.377,9999.000,9999.000,9999.000,9999.000,9999.000,9999.000,9999.000
202607151054,   2.865,   2.489,9999.000,9999.000,9999.000,9999.000,9999.000,9999.000,9999.000
202607151100,   2.979,   2.620,  -0.400,   0.041,   2.620,  -0.500,   2.520,  -0.300,   2.720
202607151106,   3.092,   2.748,9999.000,9999.000,9999.000,9999.000,9999.000,9999.000,9999.000
202607151112,   3.202,   2.879,9999.000,9999.000,9999.000,9999.000,9999.000,9999.000,9999.000
202607151118,   3.310,   2.988,9999.000,9999.000,9999.000,9999.000,9999.000,9999.000,9999.000
202607151124,   3.415,   3.109,9999.000,9999.000,9999.000,9999.000,9999.000,9999.000,9999.000
202607151130,   3.517,   3.230,9999.000,9999.000,9999.000,9999.000,9999.000,9999.000,9999.000
202607151136,   3.616,   3.348,9999.000,9999.000,9999.000,9999.000,9999.000,9999.000,9999.000
202607151142,   3.713,   3.460,9999.000,9999.000,9999.000,9999.000,9999.000,9999.000,9999.000
202607151148,   3.805,   3.558,9999.000,9999.000,9999.000,9999.000,9999.000,9999.000,9999.000
202607151154,   3.895,   3.637,9999.000,9999.000,9999.000,9999.000,9999.000,9999.000,9999.000
202607151200,   3.980,   3.719,  -0.300,   0.039,   3.719,  -0.400,   3.619,  -0.200,   3.819
202607151206,   4.061,   3.817,9999.000,9999.000,9999.000,9999.000,9999.000,9999.000,9999.000
202607151212,   4.139,   3.899,9999.000,9999.000,9999.000,9999.000,9999.000,9999.000,9999.000
202607151218,   4.211,   3.968,9999.000,9999.000,9999.000,9999.000,9999.000,9999.000,9999.000
202607151224,   4.279,   4.037,9999.000,9999.000,9999.000,9999.000,9999.000,9999.000,9999.000
202607151230,   4.343,   4.090,9999.000,9999.000,9999.000,9999.000,9999.000,9999.000,9999.000
202607151236,   4.401,   4.139,9999.000,9999.000,9999.000,9999.000,9999.000,9999.000,9999.000
202607151242,   4.454,   4.168,9999.000,9999.000,9999.000,9999.000,9999.000,9999.000,9999.000
202607151248,   4.501,   4.208,9999.000,9999.000,9999.000,9999.000,9999.000,9999.000,9999.000
202607151254,   4.542,   4.237,9999.000,9999.000,9999.000,9999.000,9999.000,9999.000,9999.000
202607151300,   4.578,   4.280,  -0.300,   0.002,   4.280,  -0.400,   4.180,  -0.200,   4.380
202607151306,   4.607,   4.339,9999.000,9999.000,9999.000,9999.000,9999.000,9999.000,9999.000
202607151312,   4.630,   4.368,9999.000,9999.000,9999.000,9999.000,9999.000,9999.000,9999.000
202607151318,   4.646,   4.388,9999.000,9999.000,9999.000,9999.000,9999.000,9999.000,9999.000
202607151324,   4.656,   4.408,9999.000,9999.000,9999.000,9999.000,9999.000,9999.000,9999.000
202607151330,   4.658,   4.408,9999.000,9999.000,9999.000,9999.000,9999.000,9999.000,9999.000
202607151336,   4.654,   4.408,9999.000,9999.000,9999.000,9999.000,9999.000,9999.000,9999.000
202607151342,   4.642,   4.378,9999.000,9999.000,9999.000,9999.000,9999.000,9999.000,9999.000
202607151348,   4.623,   4.329,9999.000,9999.000,9999.000,9999.000,9999.000,9999.000,9999.000
202607151354,   4.596,   4.309,9999.000,9999.000,9999.000,9999.000,9999.000,9999.000,9999.000
202607151400,   4.562,   4.267,  -0.300,   0.005,   4.267,  -0.400,   4.167,  -0.200,   4.367
202607151406,   4.521,   4.257,9999.000,9999.000,9999.000,9999.000,9999.000,9999.000,9999.000
202607151412,   4.473,   4.237,9999.000,9999.000,9999.000,9999.000,9999.000,9999.000,9999.000
202607151418,   4.417,   4.208,9999.000,9999.000,9999.000,9999.000,9999.000,9999.000,9999.000
202607151424,   4.353,   4.178,9999.000,9999.000,9999.000,9999.000,9999.000,9999.000,9999.000
202607151430,   4.283,   4.119,9999.000,9999.000,9999.000,9999.000,9999.000,9999.000,9999.000
202607151436,   4.206,   4.070,9999.000,9999.000,9999.000,9999.000,9999.000,9999.000,9999.000
202607151442,   4.122,   3.988,9999.000,9999.000,9999.000,9999.000,9999.000,9999.000,9999.000
202607151448,   4.032,   3.880,9999.000,9999.000,9999.000,9999.000,9999.000,9999.000,9999.000
202607151454,   3.935,   3.808,9999.000,9999.000,9999.000,9999.000,9999.000,9999.000,9999.000
202607151500,   3.833,   3.719,  -0.300,   0.186,   3.719,  -0.400,   3.619,  -0.200,   3.819
202607151506,   3.725,   3.627,9999.000,9999.000,9999.000,9999.000,9999.000,9999.000,9999.000
202607151512,   3.612,   3.529,9999.000,9999.000,9999.000,9999.000,9999.000,9999.000,9999.000
202607151518,   3.495,   3.450,9999.000,9999.000,9999.000,9999.000,9999.000,9999.000,9999.000
202607151524,   3.373,   3.368,9999.000,9999.000,9999.000,9999.000,9999.000,9999.000,9999.000
202607151530,   3.247,   3.270,9999.000,9999.000,9999.000,9999.000,9999.000,9999.000,9999.000
202607151536,   3.117,   3.168,9999.000,9999.000,9999.000,9999.000,9999.000,9999.000,9999.000
202607151542,   2.985,   3.050,9999.000,9999.000,9999.000,9999.000,9999.000,9999.000,9999.000
202607151548,   2.850,   2.889,9999.000,9999.000,9999.000,9999.000,9999.000,9999.000,9999.000
202607151554,   2.713,   2.768,9999.000,9999.000,9999.000,9999.000,9999.000,9999.000,9999.000
202607151600,   2.574,   2.597,  -0.300,   0.323,   2.597,  -0.400,   2.497,  -0.200,   2.697
202607151606,   2.434,   2.469,9999.000,9999.000,9999.000,9999.000,9999.000,9999.000,9999.000
202607151612,   2.294,   2.328,9999.000,9999.000,9999.000,9999.000,9999.000,9999.000,9999.000
202607151618,   2.153,   2.220,9999.000,9999.000,9999.000,9999.000,9999.000,9999.000,9999.000
202607151624,   2.012,   2.089,9999.000,9999.000,9999.000,9999.000,9999.000,9999.000,9999.000
202607151630,   1.873,   2.000,9999.000,9999.000,9999.000,9999.000,9999.000,9999.000,9999.000
202607151636,   1.734,   1.889,9999.000,9999.000,9999.000,9999.000,9999.000,9999.000,9999.000
202607151642,   1.596,   1.748,9999.000,9999.000,9999.000,9999.000,9999.000,9999.000,9999.000
202607151648,   1.461,   1.600,9999.000,9999.000,9999.000,9999.000,9999.000,9999.000,9999.000
202607151654,   1.328,   1.439,9999.000,9999.000,9999.000,9999.000,9999.000,9999.000,9999.000
202607151700,   1.197,   1.289,  -0.200,   0.292,   1.289,  -0.300,   1.189,  -0.100,   1.389
202607151706,   1.070,   1.128,9999.000,9999.000,9999.000,9999.000,9999.000,9999.000,9999.000
202607151712,   0.946,   0.970,9999.000,9999.000,9999.000,9999.000,9999.000,9999.000,9999.000
202607151718,   0.826,   0.829,9999.000,9999.000,9999.000,9999.000,9999.000,9999.000,9999.000
202607151724,   0.710,   0.698,9999.000,9999.000,9999.000,9999.000,9999.000,9999.000,9999.000
202607151730,   0.599,   0.590,9999.000,9999.000,9999.000,9999.000,9999.000,9999.000,9999.000
202607151736,   0.492,   0.469,9999.000,9999.000,9999.000,9999.000,9999.000,9999.000,9999.000
202607151742,   0.391,   0.370,9999.000,9999.000,9999.000,9999.000,9999.000,9999.000,9999.000
202607151748,   0.295,   0.249,9999.000,9999.000,9999.000,9999.000,9999.000,9999.000,9999.000
202607151754,   0.205,   0.141,9999.000,9999.000,9999.000,9999.000,9999.000,9999.000,9999.000
202607151800,   0.121,   0.029,  -0.200,   0.108,   0.029,  -0.300,  -0.071,  -0.100,   0.129
202607151806,   0.043,  -0.078,9999.000,9999.000,9999.000,9999.000,9999.000,9999.000,9999.000
202607151812,  -0.027,  -0.200,9999.000,9999.000,9999.000,9999.000,9999.000,9999.000,9999.000
202607151818,  -0.091,  -0.278,9999.000,9999.000,9999.000,9999.000,9999.000,9999.000,9999.000
202607151824,  -0.149,  -0.370,9999.000,9999.000,9999.000,9999.000,9999.000,9999.000,9999.000
202607151830,  -0.199,  -0.469,9999.000,9999.000,9999.000,9999.000,9999.000,9999.000,9999.000
202607151836,  -0.241,  -0.531,9999.000,9999.000,9999.000,9999.000,9999.000,9999.000,9999.000
202607151842,  -0.276,  -0.560,9999.000,9999.000,9999.000,9999.000,9999.000,9999.000,9999.000
202607151848,  -0.303,  -0.600,9999.000,9999.000,9999.000,9999.000,9999.000,9999.000,9999.000
202607151854,  -0.323,  -0.669,9999.000,9999.000,9999.000,9999.000,9999.000,9999.000,9999.000
202607151900,  -0.334,  -0.688,  -0.200,  -0.154,  -0.688,  -0.200,  -0.688,  -0.100,  -0.588
202607151906,  -0.338,  -0.698,9999.000,9999.000,9999.000,9999.000,9999.000,9999.000,9999.000
202607151912,  -0.333,  -0.688,9999.000,9999.000,9999.000,9999.000,9999.000,9999.000,9999.000
202607151918,  -0.321,  -0.669,9999.000,9999.000,9999.000,9999.000,9999.000,9999.000,9999.000
202607151924,  -0.301,  -0.610,9999.000,9999.000,9999.000,9999.000,9999.000,9999.000,9999.000
202607151930,  -0.273,  -0.551,9999.000,9999.000,9999.000,9999.000,9999.000,9999.000,9999.000
202607151936,  -0.237,  -0.488,9999.000,9999.000,9999.000,9999.000,9999.000,9999.000,9999.000
202607151942,  -0.193,  -0.419,9999.000,9999.000,9999.000,9999.000,9999.000,9999.000,9999.000
202607151948,  -0.142,  -0.350,9999.000,9999.000,9999.000,9999.000,9999.000,9999.000,9999.000
202607151954,  -0.084,  -0.268,9999.000,9999.000,9999.000,9999.000,9999.000,9999.000,9999.000
202607152000,  -0.018,  -0.200,  -0.100,  -0.082,  -0.200,  -0.200,  -0.300,   0.000,  -0.100
202607152006,   0.054,  -0.150,9999.000,9999.000,9999.000,9999.000,9999.000,9999.000,9999.000
202607152012,   0.134,  -0.088,9999.000,9999.000,9999.000,9999.000,9999.000,9999.000,9999.000
202607152018,   0.220,  -0.009,9999.000,9999.000,9999.000,9999.000,9999.000,9999.000,9999.000
202607152024,   0.312,   0.049,9999.000,9999.000,9999.000,9999.000,9999.000,9999.000,9999.000
202607152030,   0.411,   0.160,9999.000,9999.000,9999.000,9999.000,9999.000,9999.000,9999.000
202607152036,   0.515,   0.288,9999.000,9999.000,9999.000,9999.000,9999.000,9999.000,9999.000
202607152042,   0.624,   0.409,9999.000,9999.000,9999.000,9999.000,9999.000,9999.000,9999.000
202607152048,   0.738,   0.551,9999.000,9999.000,9999.000,9999.000,9999.000,9999.000,9999.000
202607152054,   0.858,   0.688,9999.000,9999.000,9999.000,9999.000,9999.000,9999.000,9999.000
202607152100,   0.981,   0.800,  -0.100,  -0.081,   0.800,  -0.200,   0.700,   0.000,   0.900
202607152106,   1.108,   0.908,9999.000,9999.000,9999.000,9999.000,9999.000,9999.000,9999.000
202607152112,   1.239,   1.039,9999.000,9999.000,9999.000,9999.000,9999.000,9999.000,9999.000
202607152118,   1.374,   1.161,9999.000,9999.000,9999.000,9999.000,9999.000,9999.000,9999.000
202607152124,   1.511,   1.298,9999.000,9999.000,9999.000,9999.000,9999.000,9999.000,9999.000
202607152130,   1.651,   1.420,9999.000,9999.000,9999.000,9999.000,9999.000,9999.000,9999.000
202607152136,   1.793,   1.571,9999.000,9999.000,9999.000,9999.000,9999.000,9999.000,9999.000
202607152142,   1.937,   1.718,9999.000,9999.000,9999.000,9999.000,9999.000,9999.000,9999.000
202607152148,   2.082,   1.859,9999.000,9999.000,9999.000,9999.000,9999.000,9999.000,9999.000
202607152154,   2.229,   1.990,9999.000,9999.000,9999.000,9999.000,9999.000,9999.000,9999.000
202607152200,   2.376,   2.128,  -0.100,  -0.148,   2.128,  -0.100,   2.128,   0.000,   2.228
202607152206,   2.524,   2.269,9999.000,9999.000,9999.000,9999.000,9999.000,9999.000,9999.000
202607152212,   2.672,   2.400,9999.000,9999.000,9999.000,9999.000,9999.000,9999.000,9999.000
202607152218,   2.820,   2.538,9999.000,9999.000,9999.000,9999.000,9999.000,9999.000,9999.000
202607152224,   2.968,   2.679,9999.000,9999.000,9999.000,9999.000,9999.000,9999.000,9999.000
202607152230,   3.115,   2.820,9999.000,9999.000,9999.000,9999.000,9999.000,9999.000,9999.000
202607152236,   3.261,   2.988,9999.000,9999.000,9999.000,9999.000,9999.000,9999.000,9999.000
202607152242,   3.406,   3.148,9999.000,9999.000,9999.000,9999.000,9999.000,9999.000,9999.000
202607152248,   3.549,   3.299,9999.000,9999.000,9999.000,9999.000,9999.000,9999.000,9999.000
202607152254,   3.691,   3.450,9999.000,9999.000,9999.000,9999.000,9999.000,9999.000,9999.000
202607152300,   3.831,   3.588,   0.000,  -0.243,   3.588,  -0.100,   3.488,   0.000,   3.588
202607152306,   3.968,   3.729,9999.000,9999.000,9999.000,9999.000,9999.000,9999.000,9999.000
202607152312,   4.104,   3.870,9999.000,9999.000,9999.000,9999.000,9999.000,9999.000,9999.000
202607152318,   4.236,   4.017,9999.000,9999.000,9999.000,9999.000,9999.000,9999.000,9999.000
202607152324,   4.366,   4.168,9999.000,9999.000,9999.000,9999.000,9999.000,9999.000,9999.000
202607152330,   4.493,   4.309,9999.000,9999.000,9999.000,9999.000,9999.000,9999.000,9999.000
202607152336,   4.617,   4.457,9999.000,9999.000,9999.000,9999.000,9999.000,9999.000,9999.000
202607152342,   4.737,   4.569,9999.000,9999.000,9999.000,9999.000,9999.000,9999.000,9999.000
202607152348,   4.854,   4.710,9999.000,9999.000,9999.000,9999.000,9999.000,9999.000,9999.000
202607152354,   4.966,   4.828,9999.000,9999.000,9999.000,9999.000,9999.000,9999.000,9999.000
202607160000,   5.075,   4.939,   0.000,  -0.136,   4.939,  -0.100,   4.839,   0.000,   4.939
202607160006,   5.180,   5.047,9999.000,9999.000,9999.000,9999.000,9999.000,9999.000,9999.000
202607160012,   5.280,   5.159,9999.000,9999.000,9999.000,9999.000,9999.000,9999.000,9999.000
202607160018,   5.375,   5.257,9999.000,9999.000,9999.000,9999.000,9999.000,9999.000,9999.000
202607160024,   5.466,   5.369,9999.000,9999.000,9999.000,9999.000,9999.000,9999.000,9999.000
202607160030,   5.552,   5.477,9999.000,9999.000,9999.000,9999.000,9999.000,9999.000,9999.000
202607160036,   5.632,   5.559,9999.000,9999.000,9999.000,9999.000,9999.000,9999.000,9999.000
202607160042,   5.707,   5.628,9999.000,9999.000,9999.000,9999.000,9999.000,9999.000,9999.000
202607160048,   5.776,   5.697,9999.000,9999.000,9999.000,9999.000,9999.000,9999.000,9999.000
202607160054,   5.839,   5.749,9999.000,9999.000,9999.000,9999.000,9999.000,9999.000,9999.000
202607160100,   5.896,   5.828,   0.000,  -0.068,   5.828,   0.000,   5.828,   0.000,   5.828
202607160106,   5.947,   5.887,9999.000,9999.000,9999.000,9999.000,9999.000,9999.000,9999.000
202607160112,   5.991,   5.940,9999.000,9999.000,9999.000,9999.000,9999.000,9999.000,9999.000
202607160118,   6.029,   6.008,9999.000,9999.000,9999.000,9999.000,9999.000,9999.000,9999.000
202607160124,   6.059,   6.028,9999.000,9999.000,9999.000,9999.000,9999.000,9999.000,9999.000
202607160130,   6.083,   6.067,9999.000,9999.000,9999.000,9999.000,9999.000,9999.000,9999.000
202607160136,   6.099,   6.117,9999.000,9999.000,9999.000,9999.000,9999.000,9999.000,9999.000
202607160142,   6.108,   6.159,9999.000,9999.000,9999.000,9999.000,9999.000,9999.000,9999.000
202607160148,   6.109,   6.189,9999.000,9999.000,9999.000,9999.000,9999.000,9999.000,9999.000
202607160154,   6.103,   6.209,9999.000,9999.000,9999.000,9999.000,9999.000,9999.000,9999.000
202607160200,   6.089,   6.209,   0.000,   0.120,   6.209,   0.000,   6.209,   0.000,   6.209
202607160206,   6.067,   6.189,9999.000,9999.000,9999.000,9999.000,9999.000,9999.000,9999.000
202607160212,   6.037,   6.169,9999.000,9999.000,9999.000,9999.000,9999.000,9999.000,9999.000
202607160218,   5.999,   6.097,9999.000,9999.000,9999.000,9999.000,9999.000,9999.000,9999.000
202607160224,   5.953,   6.067,9999.000,9999.000,9999.000,9999.000,9999.000,9999.000,9999.000
202607160230,   5.899,   6.048,9999.000,9999.000,9999.000,9999.000,9999.000,9999.000,9999.000
202607160236,   5.838,   5.979,9999.000,9999.000,9999.000,9999.000,9999.000,9999.000,9999.000
202607160242,   5.769,   5.926,9999.000,9999.000,9999.000,9999.000,9999.000,9999.000,9999.000
202607160248,   5.692,   5.848,9999.000,9999.000,9999.000,9999.000,9999.000,9999.000,9999.000
202607160254,   5.608,   5.818,9999.000,9999.000,9999.000,9999.000,9999.000,9999.000,9999.000
202607160300,   5.516,   5.739,   0.000,   0.223,   5.739,   0.000,   5.739,   0.000,   5.739
202607160306,   5.418,   5.667,9999.000,9999.000,9999.000,9999.000,9999.000,9999.000,9999.000
202607160312,   5.312,   5.598,9999.000,9999.000,9999.000,9999.000,9999.000,9999.000,9999.000
202607160318,   5.201,   5.507,9999.000,9999.000,9999.000,9999.000,9999.000,9999.000,9999.000
202607160324,   5.082,   5.428,9999.000,9999.000,9999.000,9999.000,9999.000,9999.000,9999.000
202607160330,   4.958,   5.329,9999.000,9999.000,9999.000,9999.000,9999.000,9999.000,9999.000
202607160336,   4.829,   5.238,9999.000,9999.000,9999.000,9999.000,9999.000,9999.000,9999.000
202607160342,   4.694,   5.097,9999.000,9999.000,9999.000,9999.000,9999.000,9999.000,9999.000
202607160348,   4.554,   4.998,9999.000,9999.000,9999.000,9999.000,9999.000,9999.000,9999.000
202607160354,   4.410,   4.887,9999.000,9999.000,9999.000,9999.000,9999.000,9999.000,9999.000
202607160400,   4.262,   4.808,   0.000,   0.546,   4.808,   0.000,   4.808,   0.100,   4.908
202607160406,   4.110,   4.690,9999.000,9999.000,9999.000,9999.000,9999.000,9999.000,9999.000
202607160412,   3.955,   4.578,9999.000,9999.000,9999.000,9999.000,9999.000,9999.000,9999.000
202607160418,   3.797,   4.467,9999.000,9999.000,9999.000,9999.000,9999.000,9999.000,9999.000
202607160424,   3.637,   4.349,9999.000,9999.000,9999.000,9999.000,9999.000,9999.000,9999.000
202607160430,   3.474,   4.227,9999.000,9999.000,9999.000,9999.000,9999.000,9999.000,9999.000
202607160436,   3.310,   4.109,9999.000,9999.000,9999.000,9999.000,9999.000,9999.000,9999.000
202607160442,   3.145,   3.929,9999.000,9999.000,9999.000,9999.000,9999.000,9999.000,9999.000
202607160448,   2.979,   3.788,9999.000,9999.000,9999.000,9999.000,9999.000,9999.000,9999.000
202607160454,   2.813,   3.607,9999.000,9999.000,9999.000,9999.000,9999.000,9999.000,9999.000
202607160500,   2.646,   3.440,   0.000,   0.794,   3.440,   0.000,   3.440,   0.100,   3.540
202607160506,   2.481,   3.270,9999.000,9999.000,9999.000,9999.000,9999.000,9999.000,9999.000
202607160512,   2.316,   3.129,9999.000,9999.000,9999.000,9999.000,9999.000,9999.000,9999.000
202607160518,   2.152,   2.988,9999.000,9999.000,9999.000,9999.000,9999.000,9999.000,9999.000
202607160524,   1.990,   2.850,9999.000,9999.000,9999.000,9999.000,9999.000,9999.000,9999.000
202607160530,   1.830,   2.709,9999.000,9999.000,9999.000,9999.000,9999.000,9999.000,9999.000
202607160536,   1.673,   2.587,9999.000,9999.000,9999.000,9999.000,9999.000,9999.000,9999.000
202607160542,   1.518,   2.430,9999.000,9999.000,9999.000,9999.000,9999.000,9999.000,9999.000
202607160548,   1.367,   2.250,9999.000,9999.000,9999.000,9999.000,9999.000,9999.000,9999.000
202607160554,   1.220,   2.079,9999.000,9999.000,9999.000,9999.000,9999.000,9999.000,9999.000
202607160600,   1.076,   1.908,   0.100,   0.732,   1.908,   0.000,   1.808,   0.100,   1.908
202607160606,   0.937,   1.748,9999.000,9999.000,9999.000,9999.000,9999.000,9999.000,9999.000
202607160612,   0.803,   1.600,9999.000,9999.000,9999.000,9999.000,9999.000,9999.000,9999.000
202607160618,   0.673,   1.469,9999.000,9999.000,9999.000,9999.000,9999.000,9999.000,9999.000
202607160624,   0.550,   1.328,9999.000,9999.000,9999.000,9999.000,9999.000,9999.000,9999.000
202607160630,   0.432,   1.210,9999.000,9999.000,9999.000,9999.000,9999.000,9999.000,9999.000
202607160636,   0.320,   1.079,9999.000,9999.000,9999.000,9999.000,9999.000,9999.000,9999.000
202607160642,   0.214,   0.970,9999.000,9999.000,9999.000,9999.000,9999.000,9999.000,9999.000
202607160648,   0.116,   0.839,9999.000,9999.000,9999.000,9999.000,9999.000,9999.000,9999.000
202607160654,   0.024,   0.708,9999.000,9999.000,9999.000,9999.000,9999.000,9999.000,9999.000
202607160700,  -0.060,   0.590,   0.100,   0.550,   0.590,   0.100,   0.590,   0.200,   0.690
202607160706,  -0.137,   0.469,9999.000,9999.000,9999.000,9999.000,9999.000,9999.000,9999.000
202607160712,  -0.206,   0.360,9999.000,9999.000,9999.000,9999.000,9999.000,9999.000,9999.000
202607160718,  -0.268,   0.239,9999.000,9999.000,9999.000,9999.000,9999.000,9999.000,9999.000
202607160724,  -0.322,   0.170,9999.000,9999.000,9999.000,9999.000,9999.000,9999.000,9999.000
202607160730,  -0.368,   0.088,9999.000,9999.000,9999.000,9999.000,9999.000,9999.000,9999.000
202607160736,  -0.406,   0.039,9999.000,9999.000,9999.000,9999.000,9999.000,9999.000,9999.000
202607160742,  -0.435,   0.019,9999.000,9999.000,9999.000,9999.000,9999.000,9999.000,9999.000
202607160748,  -0.457,  -0.029,9999.000,9999.000,9999.000,9999.000,9999.000,9999.000,9999.000
202607160754,  -0.471,  -0.039,9999.000,9999.000,9999.000,9999.000,9999.000,9999.000,9999.000
202607160800,  -0.476,  -0.049,   0.200,   0.227,  -0.049,   0.100,  -0.149,   0.200,  -0.049
202607160806,  -0.474,  -0.049,9999.000,9999.000,9999.000,9999.000,9999.000,9999.000,9999.000
202607160812,  -0.463,  -0.049,9999.000,9999.000,9999.000,9999.000,9999.000,9999.000,9999.000
202607160818,  -0.445,  -0.039,9999.000,9999.000,9999.000,9999.000,9999.000,9999.000,9999.000
202607160824,  -0.420,   0.039,9999.000,9999.000,9999.000,9999.000,9999.000,9999.000,9999.000
202607160830,  -0.387,   0.068,9999.000,9999.000,9999.000,9999.000,9999.000,9999.000,9999.000
202607160836,  -0.347,   0.121,9999.000,9999.000,9999.000,9999.000,9999.000,9999.000,9999.000
202607160842,  -0.300,   0.200,9999.000,9999.000,9999.000,9999.000,9999.000,9999.000,9999.000
202607160848,  -0.247,   0.259,9999.000,9999.000,9999.000,9999.000,9999.000,9999.000,9999.000
202607160854,  -0.187,   0.321,9999.000,9999.000,9999.000,9999.000,9999.000,9999.000,9999.000
202607160900,  -0.122,   0.409,   0.200,   0.331,   0.409,   0.200,   0.409,   0.300,   0.509
202607160906,  -0.050,   0.488,9999.000,9999.000,9999.000,9999.000,9999.000,9999.000,9999.000
202607160912,   0.026,   0.560,9999.000,9999.000,9999.000,9999.000,9999.000,9999.000,9999.000
202607160918,   0.108,   0.610,9999.000,9999.000,9999.000,9999.000,9999.000,9999.000,9999.000
202607160924,   0.195,   0.698,9999.000,9999.000,9999.000,9999.000,9999.000,9999.000,9999.000
202607160930,   0.287,   0.790,9999.000,9999.000,9999.000,9999.000,9999.000,9999.000,9999.000
202607160936,   0.383,   0.869,9999.000,9999.000,9999.000,9999.000,9999.000,9999.000,9999.000
202607160942,   0.483,   0.961,9999.000,9999.000,9999.000,9999.000,9999.000,9999.000,9999.000
202607160948,   0.586,   1.069,9999.000,9999.000,9999.000,9999.000,9999.000,9999.000,9999.000
202607160954,   0.693,   1.161,9999.000,9999.000,9999.000,9999.000,9999.000,9999.000,9999.000
202607161000,   0.803,   1.269,   0.300,   0.166,   1.269,   0.200,   1.169,   0.300,   1.269
202607161006,   0.916,   1.390,9999.000,9999.000,9999.000,9999.000,9999.000,9999.000,9999.000
202607161012,   1.031,   1.518,9999.000,9999.000,9999.000,9999.000,9999.000,9999.000,9999.000
202607161018,   1.148,   1.639,9999.000,9999.000,9999.000,9999.000,9999.000,9999.000,9999.000
202607161024,   1.267,   1.767,9999.000,9999.000,9999.000,9999.000,9999.000,9999.000,9999.000
202607161030,   1.388,   1.889,9999.000,9999.000,9999.000,9999.000,9999.000,9999.000,9999.000
202607161036,   1.510,   2.010,9999.000,9999.000,9999.000,9999.000,9999.000,9999.000,9999.000
202607161042,   1.633,   2.128,9999.000,9999.000,9999.000,9999.000,9999.000,9999.000,9999.000
202607161048,   1.756,   2.240,9999.000,9999.000,9999.000,9999.000,9999.000,9999.000,9999.000
202607161054,   1.881,   2.368,9999.000,9999.000,9999.000,9999.000,9999.000,9999.000,9999.000
202607161100,   2.005,   2.499,   0.300,   0.194,   2.499,   0.300,   2.499,   0.300,   2.499
202607161106,   2.130,   2.630,9999.000,9999.000,9999.000,9999.000,9999.000,9999.000,9999.000
202607161112,   2.254,   2.778,9999.000,9999.000,9999.000,9999.000,9999.000,9999.000,9999.000
202607161118,   2.378,   2.889,9999.000,9999.000,9999.000,9999.000,9999.000,9999.000,9999.000
202607161124,   2.501,   3.030,9999.000,9999.000,9999.000,9999.000,9999.000,9999.000,9999.000
202607161130,   2.624,   3.138,9999.000,9999.000,9999.000,9999.000,9999.000,9999.000,9999.000
202607161136,   2.745,   3.250,9999.000,9999.000,9999.000,9999.000,9999.000,9999.000,9999.000
202607161142,   2.865,   3.358,9999.000,9999.000,9999.000,9999.000,9999.000,9999.000,9999.000
202607161148,   2.983,   3.480,9999.000,9999.000,9999.000,9999.000,9999.000,9999.000,9999.000
202607161154,   3.100,   3.607,9999.000,9999.000,9999.000,9999.000,9999.000,9999.000,9999.000
202607161200,   3.215,   3.729,   0.300,   0.214,   3.729,   0.300,   3.729,   0.400,   3.829
202607161206,   3.327,   3.847,9999.000,9999.000,9999.000,9999.000,9999.000,9999.000,9999.000
202607161212,   3.437,   3.958,9999.000,9999.000,9999.000,9999.000,9999.000,9999.000,9999.000
202607161218,   3.544,   4.070,9999.000,9999.000,9999.000,9999.000,9999.000,9999.000,9999.000
202607161224,   3.649,   4.178,9999.000,9999.000,9999.000,9999.000,9999.000,9999.000,9999.000
202607161230,   3.750,   4.309,9999.000,9999.000,9999.000,9999.000,9999.000,9999.000,9999.000
202607161236,   3.848,   4.408,9999.000,9999.000,9999.000,9999.000,9999.000,9999.000,9999.000
202607161242,   3.942,   4.500,9999.000,9999.000,9999.000,9999.000,9999.000,9999.000,9999.000
202607161248,   4.033,   4.578,9999.000,9999.000,9999.000,9999.000,9999.000,9999.000,9999.000
202607161254,   4.120,   4.667,9999.000,9999.000,9999.000,9999.000,9999.000,9999.000,9999.000
202607161300,   4.202,   4.739,   0.400,   0.137,   4.739,   0.300,   4.639,   0.400,   4.739
202607161306,   4.280,   4.798,9999.000,9999.000,9999.000,9999.000,9999.000,9999.000,9999.000
202607161312,   4.353,   4.867,9999.000,9999.000,9999.000,9999.000,9999.000,9999.000,9999.000
202607161318,   4.421,   4.919,9999.000,9999.000,9999.000,9999.000,9999.000,9999.000,9999.000
202607161324,   4.483,   4.969,9999.000,9999.000,9999.000,9999.000,9999.000,9999.000,9999.000
202607161330,   4.541,   5.038,9999.000,9999.000,9999.000,9999.000,9999.000,9999.000,9999.000
202607161336,   4.592,   5.097,9999.000,9999.000,9999.000,9999.000,9999.000,9999.000,9999.000
202607161342,   4.638,   5.159,9999.000,9999.000,9999.000,9999.000,9999.000,9999.000,9999.000
202607161348,   4.678,   5.198,9999.000,9999.000,9999.000,9999.000,9999.000,9999.000,9999.000
202607161354,   4.711,   5.247,9999.000,9999.000,9999.000,9999.000,9999.000,9999.000,9999.000
202607161400,   4.738,   5.267,   0.400,   0.129,   5.267,   0.300,   5.167,   0.400,   5.267
202607161406,   4.758,   5.267,9999.000,9999.000,9999.000,9999.000,9999.000,9999.000,9999.000
202607161412,   4.771,   5.307,9999.000,9999.000,9999.000,9999.000,9999.000,9999.000,9999.000
202607161418,   4.778,   5.320,9999.000,9999.000,9999.000,9999.000,9999.000,9999.000,9999.000
202607161424,   4.777,   5.307,9999.000,9999.000,9999.000,9999.000,9999.000,9999.000,9999.000
202607161430,   4.769,   5.320,9999.000,9999.000,9999.000,9999.000,9999.000,9999.000,9999.000
202607161436,   4.754,   5.297,9999.000,9999.000,9999.000,9999.000,9999.000,9999.000,9999.000
202607161442,   4.731,   5.297,9999.000,9999.000,9999.000,9999.000,9999.000,9999.000,9999.000
202607161448,   4.702,   5.277,9999.000,9999.000,9999.000,9999.000,9999.000,9999.000,9999.000
202607161454,   4.665,   5.257,9999.000,9999.000,9999.000,9999.000,9999.000,9999.000,9999.000
202607161500,   4.620,   5.238,   0.400,   0.218,   5.238,   0.400,   5.238,   0.400,   5.238
202607161506,   4.569,   5.198,9999.000,9999.000,9999.000,9999.000,9999.000,9999.000,9999.000
202607161512,   4.510,   5.149,9999.000,9999.000,9999.000,9999.000,9999.000,9999.000,9999.000
202607161518,   4.444,   5.067,9999.000,9999.000,9999.000,9999.000,9999.000,9999.000,9999.000
202607161524,   4.372,   4.998,9999.000,9999.000,9999.000,9999.000,9999.000,9999.000,9999.000
202607161530,   4.293,   4.929,9999.000,9999.000,9999.000,9999.000,9999.000,9999.000,9999.000
202607161536,   4.207,   4.837,9999.000,9999.000,9999.000,9999.000,9999.000,9999.000,9999.000
202607161542,   4.115,   4.749,9999.000,9999.000,9999.000,9999.000,9999.000,9999.000,9999.000
202607161548,   4.018,   4.647,9999.000,9999.000,9999.000,9999.000,9999.000,9999.000,9999.000
202607161554,   3.915,   4.578,9999.000,9999.000,9999.000,9999.000,9999.000,9999.000,9999.000
202607161600,   3.806,   4.500,   0.400,   0.294,   4.500,   0.400,   4.500,   0.400,   4.500
202607161606,   3.693,   4.378,9999.000,9999.000,9999.000,9999.000,9999.000,9999.000,9999.000
202607161612,   3.575,   4.290,9999.000,9999.000,9999.000,9999.000,9999.000,9999.000,9999.000
202607161618,   3.453,   4.188,9999.000,9999.000,9999.000,9999.000,9999.000,9999.000,9999.000
202607161624,   3.327,   4.090,9999.000,9999.000,9999.000,9999.000,9999.000,9999.000,9999.000
202607161630,   3.197,   3.968,9999.000,9999.000,9999.000,9999.000,9999.000,9999.000,9999.000
202607161636,   3.065,   3.890,9999.000,9999.000,9999.000,9999.000,9999.000,9999.000,9999.000
202607161642,   2.930,   3.758,9999.000,9999.000,9999.000,9999.000,9999.000,9999.000,9999.000
202607161648,   2.794,   3.650,9999.000,9999.000,9999.000,9999.000,9999.000,9999.000,9999.000
202607161654,   2.655,   3.529,9999.000,9999.000,9999.000,9999.000,9999.000,9999.000,9999.000
202607161700,   2.516,   3.368,   0.400,   0.452,   3.368,   0.400,   3.368,   0.400,   3.368
202607161706,   2.375,   3.240,9999.000,9999.000,9999.000,9999.000,9999.000,9999.000,9999.000
202607161712,   2.235,   3.089,9999.000,9999.000,9999.000,9999.000,9999.000,9999.000,9999.000
202607161718,   2.094,   2.968,9999.000,9999.000,9999.000,9999.000,9999.000,9999.000,9999.000
202607161724,   1.955,   2.797,9999.000,9999.000,9999.000,9999.000,9999.000,9999.000,9999.000
202607161730,   1.816,   2.679,9999.000,9999.000,9999.000,9999.000,9999.000,9999.000,9999.000
202607161736,   1.679,   2.528,9999.000,9999.000,9999.000,9999.000,9999.000,9999.000,9999.000
202607161742,   1.543,   2.377,9999.000,9999.000,9999.000,9999.000,9999.000,9999.000,9999.000
202607161748,   1.410,   2.220,9999.000,9999.000,9999.000,9999.000,9999.000,9999.000,9999.000
202607161754,   1.280,   2.079,9999.000,9999.000,9999.000,9999.000,9999.000,9999.000,9999.000
202607161800,   1.153,   1.928,   0.500,   0.275,   1.928,   0.400,   1.828,   0.500,   1.928
202607161806,   1.030,   1.748,9999.000,9999.000,9999.000,9999.000,9999.000,9999.000,9999.000
202607161812,   0.910,   1.610,9999.000,9999.000,9999.000,9999.000,9999.000,9999.000,9999.000
202607161818,   0.795,   1.449,9999.000,9999.000,9999.000,9999.000,9999.000,9999.000,9999.000
202607161824,   0.685,   1.328,9999.000,9999.000,9999.000,9999.000,9999.000,9999.000,9999.000
202607161830,   0.579,   1.210,9999.000,9999.000,9999.000,9999.000,9999.000,9999.000,9999.000
202607161836,   0.480,   1.079,9999.000,9999.000,9999.000,9999.000,9999.000,9999.000,9999.000
202607161842,   0.385,   0.970,9999.000,9999.000,9999.000,9999.000,9999.000,9999.000,9999.000
202607161848,   0.297,   0.859,9999.000,9999.000,9999.000,9999.000,9999.000,9999.000,9999.000
202607161854,   0.215,   0.751,9999.000,9999.000,9999.000,9999.000,9999.000,9999.000,9999.000
202607161900,   0.140,   0.669,   0.500,   0.029,   0.669,   0.400,   0.569,   0.500,   0.669
202607161906,   0.072,   0.560,9999.000,9999.000,9999.000,9999.000,9999.000,9999.000,9999.000
202607161912,   0.010,   0.478,9999.000,9999.000,9999.000,9999.000,9999.000,9999.000,9999.000
202607161918,  -0.043,   0.409,9999.000,9999.000,9999.000,9999.000,9999.000,9999.000,9999.000
202607161924,  -0.090,   0.341,9999.000,9999.000,9999.000,9999.000,9999.000,9999.000,9999.000
202607161930,  -0.130,   0.259,9999.000,9999.000,9999.000,9999.000,9999.000,9999.000,9999.000
202607161936,  -0.162,   0.200,9999.000,9999.000,9999.000,9999.000,9999.000,9999.000,9999.000
202607161942,  -0.186,   0.180,9999.000,9999.000,9999.000,9999.000,9999.000,9999.000,9999.000
202607161948,  -0.203,   0.180,9999.000,9999.000,9999.000,9999.000,9999.000,9999.000,9999.000
202607161954,  -0.212,   0.160,9999.000,9999.000,9999.000,9999.000,9999.000,9999.000,9999.000
202607162000,  -0.214,   0.180,   0.500,  -0.106,   0.180,   0.400,   0.080,   0.500,   0.180
202607162006,  -0.207,   0.200,9999.000,9999.000,9999.000,9999.000,9999.000,9999.000,9999.000
202607162012,  -0.193,   0.209,9999.000,9999.000,9999.000,9999.000,9999.000,9999.000,9999.000
202607162018,  -0.172,   0.239,9999.000,9999.000,9999.000,9999.000,9999.000,9999.000,9999.000
202607162024,  -0.143,   0.288,9999.000,9999.000,9999.000,9999.000,9999.000,9999.000,9999.000
202607162030,  -0.107,   0.350,9999.000,9999.000,9999.000,9999.000,9999.000,9999.000,9999.000
202607162036,  -0.063,   0.380,9999.000,9999.000,9999.000,9999.000,9999.000,9999.000,9999.000
202607162042,  -0.013,   0.439,9999.000,9999.000,9999.000,9999.000,9999.000,9999.000,9999.000
202607162048,   0.043,   0.508,9999.000,9999.000,9999.000,9999.000,9999.000,9999.000,9999.000
202607162054,   0.107,   0.570,9999.000,9999.000,9999.000,9999.000,9999.000,9999.000,9999.000
202607162100,   0.178,   0.629,   0.500,  -0.049,   0.629,   0.400,   0.529,   0.500,   0.629
202607162106,   0.254,   0.718,9999.000,9999.000,9999.000,9999.000,9999.000,9999.000,9999.000
202607162112,   0.337,   0.800,9999.000,9999.000,9999.000,9999.000,9999.000,9999.000,9999.000
202607162118,   0.425,   0.888,9999.000,9999.000,9999.000,9999.000,9999.000,9999.000,9999.000
202607162124,   0.519,   0.990,9999.000,9999.000,9999.000,9999.000,9999.000,9999.000,9999.000
202607162130,   0.618,   1.098,9999.000,9999.000,9999.000,9999.000,9999.000,9999.000,9999.000
202607162136,   0.721,   1.210,9999.000,9999.000,9999.000,9999.000,9999.000,9999.000,9999.000
202607162142,   0.830,   1.318,9999.000,9999.000,9999.000,9999.000,9999.000,9999.000,9999.000
202607162148,   0.942,   1.430,9999.000,9999.000,9999.000,9999.000,9999.000,9999.000,9999.000
202607162154,   1.059,   1.528,9999.000,9999.000,9999.000,9999.000,9999.000,9999.000,9999.000
202607162200,   1.179,   1.620,   0.500,  -0.059,   1.620,   0.400,   1.520,   0.500,   1.620
202607162206,   1.302,   1.689,9999.000,9999.000,9999.000,9999.000,9999.000,9999.000,9999.000
202607162212,   1.429,   1.800,9999.000,9999.000,9999.000,9999.000,9999.000,9999.000,9999.000
202607162218,   1.558,   1.899,9999.000,9999.000,9999.000,9999.000,9999.000,9999.000,9999.000
202607162224,   1.689,   2.000,9999.000,9999.000,9999.000,9999.000,9999.000,9999.000,9999.000
202607162230,   1.823,   2.148,9999.000,9999.000,9999.000,9999.000,9999.000,9999.000,9999.000
202607162236,   1.959,   2.279,9999.000,9999.000,9999.000,9999.000,9999.000,9999.000,9999.000
202607162242,   2.096,   2.400,9999.000,9999.000,9999.000,9999.000,9999.000,9999.000,9999.000
202607162248,   2.234,   2.528,9999.000,9999.000,9999.000,9999.000,9999.000,9999.000,9999.000
202607162254,   2.373,   2.660,9999.000,9999.000,9999.000,9999.000,9999.000,9999.000,9999.000
202607162300,   2.512,   2.787,   0.400,  -0.125,   2.787,   0.400,   2.787,   0.500,   2.887
202607162306,   2.652,   2.919,9999.000,9999.000,9999.000,9999.000,9999.000,9999.000,9999.000
202607162312,   2.793,   3.060,9999.000,9999.000,9999.000,9999.000,9999.000,9999.000,9999.000
202607162318,   2.932,   3.188,9999.000,9999.000,9999.000,9999.000,9999.000,9999.000,9999.000
202607162324,   3.072,   3.329,9999.000,9999.000,9999.000,9999.000,9999.000,9999.000,9999.000
202607162330,   3.210,   3.470,9999.000,9999.000,9999.000,9999.000,9999.000,9999.000,9999.000
202607162336,   3.348,   3.617,9999.000,9999.000,9999.000,9999.000,9999.000,9999.000,9999.000
202607162342,   3.484,   3.749,9999.000,9999.000,9999.000,9999.000,9999.000,9999.000,9999.000
202607162348,   3.619,   3.890,9999.000,9999.000,9999.000,9999.000,9999.000,9999.000,9999.000
202607162354,   3.752,   4.008,9999.000,9999.000,9999.000,9999.000,9999.000,9999.000,9999.000
202607170000,   3.883,   4.139,   0.500,  -0.244,   4.139,   0.500,   4.139,   0.500,   4.139
202607170006,   4.012,   4.247,9999.000,9999.000,9999.000,9999.000,9999.000,9999.000,9999.000
202607170012,   4.138,   4.378,9999.000,9999.000,9999.000,9999.000,9999.000,9999.000,9999.000
202607170018,   4.262,   4.500,9999.000,9999.000,9999.000,9999.000,9999.000,9999.000,9999.000
202607170024,   4.382,   4.628,9999.000,9999.000,9999.000,9999.000,9999.000,9999.000,9999.000
202607170030,   4.500,   4.759,9999.000,9999.000,9999.000,9999.000,9999.000,9999.000,9999.000
202607170036,   4.614,   4.887,9999.000,9999.000,9999.000,9999.000,9999.000,9999.000,9999.000
202607170042,   4.725,   5.008,9999.000,9999.000,9999.000,9999.000,9999.000,9999.000,9999.000
202607170048,   4.831,   5.097,9999.000,9999.000,9999.000,9999.000,9999.000,9999.000,9999.000
202607170054,   4.934,   5.208,9999.000,9999.000,9999.000,9999.000,9999.000,9999.000,9999.000
202607170100,   5.032,   5.287,   0.500,  -0.245,   5.287,   0.400,   5.187,   0.500,   5.287
202607170106,   5.126,   5.408,9999.000,9999.000,9999.000,9999.000,9999.000,9999.000,9999.000
202607170112,   5.215,   5.516,9999.000,9999.000,9999.000,9999.000,9999.000,9999.000,9999.000
202607170118,   5.299,   5.608,9999.000,9999.000,9999.000,9999.000,9999.000,9999.000,9999.000
202607170124,   5.378,   5.697,9999.000,9999.000,9999.000,9999.000,9999.000,9999.000,9999.000
202607170130,   5.452,   5.759,9999.000,9999.000,9999.000,9999.000,9999.000,9999.000,9999.000
202607170136,   5.520,   5.818,9999.000,9999.000,9999.000,9999.000,9999.000,9999.000,9999.000
202607170142,   5.582,   5.887,9999.000,9999.000,9999.000,9999.000,9999.000,9999.000,9999.000
202607170148,   5.639,   5.949,9999.000,9999.000,9999.000,9999.000,9999.000,9999.000,9999.000
202607170154,   5.689,   6.008,9999.000,9999.000,9999.000,9999.000,9999.000,9999.000,9999.000
202607170200,   5.733,   6.048,   0.400,  -0.085,   6.048,   0.400,   6.048,   0.500,   6.148
202607170206,   5.770,   6.087,9999.000,9999.000,9999.000,9999.000,9999.000,9999.000,9999.000
202607170212,   5.801,   6.149,9999.000,9999.000,9999.000,9999.000,9999.000,9999.000,9999.000
202607170218,   5.825,   6.189,9999.000,9999.000,9999.000,9999.000,9999.000,9999.000,9999.000
202607170224,   5.842,   6.218,9999.000,9999.000,9999.000,9999.000,9999.000,9999.000,9999.000
202607170230,   5.852,   6.268,9999.000,9999.000,9999.000,9999.000,9999.000,9999.000,9999.000
202607170236,   5.854,   6.268,9999.000,9999.000,9999.000,9999.000,9999.000,9999.000,9999.000
202607170242,   5.850,   6.317,9999.000,9999.000,9999.000,9999.000,9999.000,9999.000,9999.000
202607170248,   5.838,   6.317,9999.000,9999.000,9999.000,9999.000,9999.000,9999.000,9999.000
202607170254,   5.818,   6.287,9999.000,9999.000,9999.000,9999.000,9999.000,9999.000,9999.000
202607170300,   5.791,   6.287,   0.400,   0.096,   6.287,   0.400,   6.287,   0.500,   6.387
202607170306,   5.757,   6.287,9999.000,9999.000,9999.000,9999.000,9999.000,9999.000,9999.000
202607170312,   5.715,   6.268,9999.000,9999.000,9999.000,9999.000,9999.000,9999.000,9999.000
202607170318,   5.666,   6.238,9999.000,9999.000,9999.000,9999.000,9999.000,9999.000,9999.000
202607170324,   5.609,   6.199,9999.000,9999.000,9999.000,9999.000,9999.000,9999.000,9999.000
202607170330,   5.545,   6.117,9999.000,9999.000,9999.000,9999.000,9999.000,9999.000,9999.000
202607170336,   5.474,   6.048,9999.000,9999.000,9999.000,9999.000,9999.000,9999.000,9999.000
202607170342,   5.396,   6.008,9999.000,9999.000,9999.000,9999.000,9999.000,9999.000,9999.000
202607170348,   5.311,   5.940,9999.000,9999.000,9999.000,9999.000,9999.000,9999.000,9999.000
202607170354,   5.219,   5.867,9999.000,9999.000,9999.000,9999.000,9999.000,9999.000,9999.000
202607170400,   5.121,   5.799,   0.400,   0.278,   5.799,   0.400,   5.799,   0.500,   5.899
202607170406,   5.016,   5.717,9999.000,9999.000,9999.000,9999.000,9999.000,9999.000,9999.000
202607170412,   4.906,   5.598,9999.000,9999.000,9999.000,9999.000,9999.000,9999.000,9999.000
202607170418,   4.789,   5.507,9999.000,9999.000,9999.000,9999.000,9999.000,9999.000,9999.000
202607170424,   4.667,   5.457,9999.000,9999.000,9999.000,9999.000,9999.000,9999.000,9999.000
202607170430,   4.540,   5.359,9999.000,9999.000,9999.000,9999.000,9999.000,9999.000,9999.000
202607170436,   4.408,   5.257,9999.000,9999.000,9999.000,9999.000,9999.000,9999.000,9999.000
202607170442,   4.272,   5.139,9999.000,9999.000,9999.000,9999.000,9999.000,9999.000,9999.000
202607170448,   4.131,   4.998,9999.000,9999.000,9999.000,9999.000,9999.000,9999.000,9999.000
202607170454,   3.987,   4.887,9999.000,9999.000,9999.000,9999.000,9999.000,9999.000,9999.000
202607170500,   3.839,   4.749,   0.400,   0.510,   4.749,   0.400,   4.749,   0.500,   4.849
202607170506,   3.689,   4.628,9999.000,9999.000,9999.000,9999.000,9999.000,9999.000,9999.000
202607170512,   3.536,   4.519,9999.000,9999.000,9999.000,9999.000,9999.000,9999.000,9999.000
202607170518,   3.381,   4.408,9999.000,9999.000,9999.000,9999.000,9999.000,9999.000,9999.000
202607170524,   3.224,   4.309,9999.000,9999.000,9999.000,9999.000,9999.000,9999.000,9999.000
202607170530,   3.065,   4.168,9999.000,9999.000,9999.000,9999.000,9999.000,9999.000,9999.000
202607170536,   2.906,   4.047,9999.000,9999.000,9999.000,9999.000,9999.000,9999.000,9999.000
202607170542,   2.747,   3.880,9999.000,9999.000,9999.000,9999.000,9999.000,9999.000,9999.000
202607170548,   2.587,   3.719,9999.000,9999.000,9999.000,9999.000,9999.000,9999.000,9999.000
202607170554,   2.428,   3.558,9999.000,9999.000,9999.000,9999.000,9999.000,9999.000,9999.000
202607170600,   2.270,   3.388,   0.500,   0.618,   3.388,   0.400,   3.288,   0.500,   3.388
202607170606,   2.113,   3.197,9999.000,9999.000,9999.000,9999.000,9999.000,9999.000,9999.000
202607170612,   1.958,   3.050,9999.000,9999.000,9999.000,9999.000,9999.000,9999.000,9999.000
202607170618,   1.805,   2.889,9999.000,9999.000,9999.000,9999.000,9999.000,9999.000,9999.000
202607170624,   1.654,   2.738,9999.000,9999.000,9999.000,9999.000,9999.000,9999.000,9999.000
202607170630,   1.507,   2.587,9999.000,9999.000,9999.000,9999.000,9999.000,9999.000,9999.000
202607170636,   1.363,   2.440,9999.000,9999.000,9999.000,9999.000,9999.000,9999.000,9999.000
202607170642,   1.222,   2.309,9999.000,9999.000,9999.000,9999.000,9999.000,9999.000,9999.000
202607170648,   1.086,   2.168,9999.000,9999.000,9999.000,9999.000,9999.000,9999.000,9999.000
202607170654,   0.954,   2.049,9999.000,9999.000,9999.000,9999.000,9999.000,9999.000,9999.000
202607170700,   0.827,   1.908,   0.500,   0.581,   1.908,   0.400,   1.808,   0.500,   1.908
202607170706,   0.705,   1.767,9999.000,9999.000,9999.000,9999.000,9999.000,9999.000,9999.000
202607170712,   0.588,   1.639,9999.000,9999.000,9999.000,9999.000,9999.000,9999.000,9999.000
202607170718,   0.477,   1.489,9999.000,9999.000,9999.000,9999.000,9999.000,9999.000,9999.000
202607170724,   0.372,   1.348,9999.000,9999.000,9999.000,9999.000,9999.000,9999.000,9999.000
202607170730,   0.274,   1.200,9999.000,9999.000,9999.000,9999.000,9999.000,9999.000,9999.000
202607170736,   0.182,   1.069,9999.000,9999.000,9999.000,9999.000,9999.000,9999.000,9999.000
202607170742,   0.096,   0.970,9999.000,9999.000,9999.000,9999.000,9999.000,9999.000,9999.000
202607170748,   0.018,   0.879,9999.000,9999.000,9999.000,9999.000,9999.000,9999.000,9999.000
202607170754,  -0.053,   0.780,9999.000,9999.000,9999.000,9999.000,9999.000,9999.000,9999.000
202607170800,  -0.117,   0.698,   0.500,   0.315,   0.698,   0.400,   0.598,   0.500,   0.698
202607170806,  -0.174,   0.629,9999.000,9999.000,9999.000,9999.000,9999.000,9999.000,9999.000
202607170812,  -0.223,   0.580,9999.000,9999.000,9999.000,9999.000,9999.000,9999.000,9999.000
202607170818,  -0.265,   0.541,9999.000,9999.000,9999.000,9999.000,9999.000,9999.000,9999.000
202607170824,  -0.300,   0.498,9999.000,9999.000,9999.000,9999.000,9999.000,9999.000,9999.000
202607170830,  -0.327,   0.439,9999.000,9999.000,9999.000,9999.000,9999.000,9999.000,9999.000
202607170836,  -0.347,   0.409,9999.000,9999.000,9999.000,9999.000,9999.000,9999.000,9999.000
202607170842,  -0.359,   0.390,9999.000,9999.000,9999.000,9999.000,9999.000,9999.000,9999.000
202607170848,  -0.363,   0.360,9999.000,9999.000,9999.000,9999.000,9999.000,9999.000,9999.000
202607170854,  -0.361,   0.350,9999.000,9999.000,9999.000,9999.000,9999.000,9999.000,9999.000
202607170900,  -0.351,   0.370,   0.500,   0.221,   0.370,   0.500,   0.370,   0.500,   0.370
202607170906,  -0.334,   0.341,9999.000,9999.000,9999.000,9999.000,9999.000,9999.000,9999.000
202607170912,  -0.310,   0.350,9999.000,9999.000,9999.000,9999.000,9999.000,9999.000,9999.000
202607170918,  -0.279,   0.400,9999.000,9999.000,9999.000,9999.000,9999.000,9999.000,9999.000
202607170924,  -0.241,   0.449,9999.000,9999.000,9999.000,9999.000,9999.000,9999.000,9999.000
202607170930,  -0.197,   0.478,9999.000,9999.000,9999.000,9999.000,9999.000,9999.000,9999.000
202607170936,  -0.147,   0.551,9999.000,9999.000,9999.000,9999.000,9999.000,9999.000,9999.000
202607170942,  -0.091,   0.590,9999.000,9999.000,9999.000,9999.000,9999.000,9999.000,9999.000
202607170948,  -0.029,   0.659,9999.000,9999.000,9999.000,9999.000,9999.000,9999.000,9999.000
202607170954,   0.038,   0.688,9999.000,9999.000,9999.000,9999.000,9999.000,9999.000,9999.000
202607171000,   0.111,   0.760,   0.500,   0.149,   0.760,   0.500,   0.760,   0.500,   0.760
202607171006,   0.189,   0.829,9999.000,9999.000,9999.000,9999.000,9999.000,9999.000,9999.000
202607171012,   0.272,   0.879,9999.000,9999.000,9999.000,9999.000,9999.000,9999.000,9999.000
202607171018,   0.359,   0.951,9999.000,9999.000,9999.000,9999.000,9999.000,9999.000,9999.000
202607171024,   0.451,   1.029,9999.000,9999.000,9999.000,9999.000,9999.000,9999.000,9999.000
202607171030,   0.547,   1.128,9999.000,9999.000,9999.000,9999.000,9999.000,9999.000,9999.000
202607171036,   0.647,   1.229,9999.000,9999.000,9999.000,9999.000,9999.000,9999.000,9999.000
202607171042,   0.750,   1.328,9999.000,9999.000,9999.000,9999.000,9999.000,9999.000,9999.000
202607171048,   0.856,   1.420,9999.000,9999.000,9999.000,9999.000,9999.000,9999.000,9999.000
202607171054,   0.965,   1.508,9999.000,9999.000,9999.000,9999.000,9999.000,9999.000,9999.000
202607171100,   1.077,   1.600,   0.500,   0.023,   1.600,   0.500,   1.600,   0.500,   1.600
202607171106,   1.191,   1.689,9999.000,9999.000,9999.000,9999.000,9999.000,9999.000,9999.000
202607171112,   1.308,   1.790,9999.000,9999.000,9999.000,9999.000,9999.000,9999.000,9999.000
202607171118,   1.426,   1.908,9999.000,9999.000,9999.000,9999.000,9999.000,9999.000,9999.000
202607171124,   1.546,   2.040,9999.000,9999.000,9999.000,9999.000,9999.000,9999.000,9999.000
202607171130,   1.667,   2.177,9999.000,9999.000,9999.000,9999.000,9999.000,9999.000,9999.000
202607171136,   1.789,   2.289,9999.000,9999.000,9999.000,9999.000,9999.000,9999.000,9999.000
202607171142,   1.912,   2.420,9999.000,9999.000,9999.000,9999.000,9999.000,9999.000,9999.000
202607171148,   2.035,   2.538,9999.000,9999.000,9999.000,9999.000,9999.000,9999.000,9999.000
202607171154,   2.159,   2.660,9999.000,9999.000,9999.000,9999.000,9999.000,9999.000,9999.000
202607171200,   2.282,   2.778,   0.500,  -0.004,   2.778,   0.500,   2.778,   0.500,   2.778
202607171206,   2.406,   2.899,9999.000,9999.000,9999.000,9999.000,9999.000,9999.000,9999.000
202607171212,   2.529,   3.017,9999.000,9999.000,9999.000,9999.000,9999.000,9999.000,9999.000
202607171218,   2.651,   3.138,9999.000,9999.000,9999.000,9999.000,9999.000,9999.000,9999.000
202607171224,   2.772,   3.270,9999.000,9999.000,9999.000,9999.000,9999.000,9999.000,9999.000
202607171230,   2.891,   3.388,9999.000,9999.000,9999.000,9999.000,9999.000,9999.000,9999.000
202607171236,   3.010,   3.529,9999.000,9999.000,9999.000,9999.000,9999.000,9999.000,9999.000
202607171242,   3.126,   3.627,9999.000,9999.000,9999.000,9999.000,9999.000,9999.000,9999.000
202607171248,   3.241,   3.758,9999.000,9999.000,9999.000,9999.000,9999.000,9999.000,9999.000
202607171254,   3.353,   3.870,9999.000,9999.000,9999.000,9999.000,9999.000,9999.000,9999.000
202607171300,   3.463,   3.968,   0.500,   0.005,   3.968,   0.500,   3.968,   0.500,   3.968
202607171306,   3.570,   4.090,9999.000,9999.000,9999.000,9999.000,9999.000,9999.000,9999.000
202607171312,   3.675,   4.168,9999.000,9999.000,9999.000,9999.000,9999.000,9999.000,9999.000
202607171318,   3.776,   4.280,9999.000,9999.000,9999.000,9999.000,9999.000,9999.000,9999.000
202607171324,   3.874,   4.368,9999.000,9999.000,9999.000,9999.000,9999.000,9999.000,9999.000
202607171330,   3.968,   4.447,9999.000,9999.000,9999.000,9999.000,9999.000,9999.000,9999.000
202607171336,   4.059,   4.559,9999.000,9999.000,9999.000,9999.000,9999.000,9999.000,9999.000
202607171342,   4.145,   4.637,9999.000,9999.000,9999.000,9999.000,9999.000,9999.000,9999.000
202607171348,   4.228,   4.739,9999.000,9999.000,9999.000,9999.000,9999.000,9999.000,9999.000
202607171354,   4.305,   4.808,9999.000,9999.000,9999.000,9999.000,9999.000,9999.000,9999.000
202607171400,   4.379,   4.877,   0.500,  -0.002,   4.877,   0.500,   4.877,   0.500,   4.877
202607171406,   4.447,   4.939,9999.000,9999.000,9999.000,9999.000,9999.000,9999.000,9999.000
202607171412,   4.510,   4.979,9999.000,9999.000,9999.000,9999.000,9999.000,9999.000,9999.000
202607171418,   4.568,   5.018,9999.000,9999.000,9999.000,9999.000,9999.000,9999.000,9999.000
202607171424,   4.620,   5.038,9999.000,9999.000,9999.000,9999.000,9999.000,9999.000,9999.000
202607171430,   4.667,   5.067,9999.000,9999.000,9999.000,9999.000,9999.000,9999.000,9999.000
202607171436,   4.708,   5.110,9999.000,9999.000,9999.000,9999.000,9999.000,9999.000,9999.000
202607171442,   4.743,   5.129,9999.000,9999.000,9999.000,9999.000,9999.000,9999.000,9999.000
202607171448,   4.772,   5.149,9999.000,9999.000,9999.000,9999.000,9999.000,9999.000,9999.000
202607171454,   4.795,   5.179,9999.000,9999.000,9999.000,9999.000,9999.000,9999.000,9999.000
202607171500,   4.811,   5.198,   0.500,  -0.113,   5.198,   0.500,   5.198,   0.500,   5.198
202607171506,   4.821,   5.208,9999.000,9999.000,9999.000,9999.000,9999.000,9999.000,9999.000
202607171512,   4.824,   5.198,9999.000,9999.000,9999.000,9999.000,9999.000,9999.000,9999.000
202607171518,   4.820,   5.188,9999.000,9999.000,9999.000,9999.000,9999.000,9999.000,9999.000
202607171524,   4.809,   5.179,9999.000,9999.000,9999.000,9999.000,9999.000,9999.000,9999.000
202607171530,   4.791,   5.188,9999.000,9999.000,9999.000,9999.000,9999.000,9999.000,9999.000
202607171536,   4.767,   5.159,9999.000,9999.000,9999.000,9999.000,9999.000,9999.000,9999.000
202607171542,   4.735,   5.110,9999.000,9999.000,9999.000,9999.000,9999.000,9999.000,9999.000
202607171548,   4.697,   5.110,9999.000,9999.000,9999.000,9999.000,9999.000,9999.000,9999.000
202607171554,   4.652,   5.067,9999.000,9999.000,9999.000,9999.000,9999.000,9999.000,9999.000
202607171600,   4.599,   5.028,   0.500,  -0.071,   5.028,   0.500,   5.028,   0.500,   5.028
202607171606,   4.540,   4.998,9999.000,9999.000,9999.000,9999.000,9999.000,9999.000,9999.000
202607171612,   4.475,   4.919,9999.000,9999.000,9999.000,9999.000,9999.000,9999.000,9999.000
202607171618,   4.403,   4.867,9999.000,9999.000,9999.000,9999.000,9999.000,9999.000,9999.000
202607171624,   4.324,   4.808,9999.000,9999.000,9999.000,9999.000,9999.000,9999.000,9999.000
202607171630,   4.239,   4.739,9999.000,9999.000,9999.000,9999.000,9999.000,9999.000,9999.000
202607171636,   4.149,   4.657,9999.000,9999.000,9999.000,9999.000,9999.000,9999.000,9999.000
202607171642,   4.053,   4.569,9999.000,9999.000,9999.000,9999.000,9999.000,9999.000,9999.000
202607171648,   3.951,   4.480,9999.000,9999.000,9999.000,9999.000,9999.000,9999.000,9999.000
202607171654,   3.844,   4.378,9999.000,9999.000,9999.000,9999.000,9999.000,9999.000,9999.000
202607171700,   3.733,   4.300,   0.500,   0.067,   4.300,   0.500,   4.300,   0.500,   4.300
202607171706,   3.617,   4.198,9999.000,9999.000,9999.000,9999.000,9999.000,9999.000,9999.000
202607171712,   3.497,   4.109,9999.000,9999.000,9999.000,9999.000,9999.000,9999.000,9999.000
202607171718,   3.374,   3.998,9999.000,9999.000,9999.000,9999.000,9999.000,9999.000,9999.000
202607171724,   3.247,   3.880,9999.000,9999.000,9999.000,9999.000,9999.000,9999.000,9999.000
202607171730,   3.118,   3.758,9999.000,9999.000,9999.000,9999.000,9999.000,9999.000,9999.000
202607171736,   2.986,   3.617,9999.000,9999.000,9999.000,9999.000,9999.000,9999.000,9999.000
202607171742,   2.853,   3.489,9999.000,9999.000,9999.000,9999.000,9999.000,9999.000,9999.000
202607171748,   2.718,   3.339,9999.000,9999.000,9999.000,9999.000,9999.000,9999.000,9999.000
202607171754,   2.582,   3.207,9999.000,9999.000,9999.000,9999.000,9999.000,9999.000,9999.000
202607171800,   2.446,   3.079,   0.500,   0.128,   3.074,   0.500,   3.074,   0.500,   3.074
202607171806,   2.309,   2.938,9999.000,9999.000,9999.000,9999.000,9999.000,9999.000,9999.000
202607171812,   2.173,   2.797,9999.000,9999.000,9999.000,9999.000,9999.000,9999.000,9999.000
202607171818,   2.039,   2.660,9999.000,9999.000,9999.000,9999.000,9999.000,9999.000,9999.000
202607171824,   1.905,   2.538,9999.000,9999.000,9999.000,9999.000,9999.000,9999.000,9999.000
202607171830,   1.774,   2.387,9999.000,9999.000,9999.000,9999.000,9999.000,9999.000,9999.000
202607171836,   1.644,   2.250,9999.000,9999.000,9999.000,9999.000,9999.000,9999.000,9999.000
202607171842,   1.518,   2.128,9999.000,9999.000,9999.000,9999.000,9999.000,9999.000,9999.000
202607171848,   1.394,   2.000,9999.000,9999.000,9999.000,9999.000,9999.000,9999.000,9999.000
202607171854,   1.274,   1.869,9999.000,9999.000,9999.000,9999.000,9999.000,9999.000,9999.000
202607171900,   1.158,   1.738,   0.500,   0.054,   1.712,   0.500,   1.712,   0.500,   1.712
202607171906,   1.045,   1.620,9999.000,9999.000,9999.000,9999.000,9999.000,9999.000,9999.000
202607171912,   0.938,   1.498,9999.000,9999.000,9999.000,9999.000,9999.000,9999.000,9999.000
202607171918,   0.835,   1.400,9999.000,9999.000,9999.000,9999.000,9999.000,9999.000,9999.000
202607171924,   0.737,   1.279,9999.000,9999.000,9999.000,9999.000,9999.000,9999.000,9999.000
202607171930,   0.645,   1.180,9999.000,9999.000,9999.000,9999.000,9999.000,9999.000,9999.000
202607171936,   0.558,   1.069,9999.000,9999.000,9999.000,9999.000,9999.000,9999.000,9999.000
202607171942,   0.477,   0.961,9999.000,9999.000,9999.000,9999.000,9999.000,9999.000,9999.000
202607171948,   0.403,   0.859,9999.000,9999.000,9999.000,9999.000,9999.000,9999.000,9999.000
202607171954,   0.334,   0.770,9999.000,9999.000,9999.000,9999.000,9999.000,9999.000,9999.000
202607172000,   0.272,   0.678,   0.500,  -0.043,   0.729,   0.500,   0.729,   0.500,   0.729
202607172006,   0.216,   0.570,9999.000,9999.000,9999.000,9999.000,9999.000,9999.000,9999.000
202607172012,   0.167,   0.498,9999.000,9999.000,9999.000,9999.000,9999.000,9999.000,9999.000
202607172018,   0.125,   0.429,9999.000,9999.000,9999.000,9999.000,9999.000,9999.000,9999.000
202607172024,   0.090,   0.360,9999.000,9999.000,9999.000,9999.000,9999.000,9999.000,9999.000
202607172030,   0.061,   0.331,9999.000,9999.000,9999.000,9999.000,9999.000,9999.000,9999.000
202607172036,   0.040,   0.308,9999.000,9999.000,9999.000,9999.000,9999.000,9999.000,9999.000
202607172042,   0.025,   0.278,9999.000,9999.000,9999.000,9999.000,9999.000,9999.000,9999.000
202607172048,   0.017,   0.288,9999.000,9999.000,9999.000,9999.000,9999.000,9999.000,9999.000
202607172054,   0.016,   0.298,9999.000,9999.000,9999.000,9999.000,9999.000,9999.000,9999.000
202607172100,   0.022,   0.308,   0.500,  -0.176,   0.346,   0.500,   0.346,   0.500,   0.346
202607172106,   0.035,   0.341,9999.000,9999.000,9999.000,9999.000,9999.000,9999.000,9999.000
202607172112,   0.055,   0.360,9999.000,9999.000,9999.000,9999.000,9999.000,9999.000,9999.000
202607172118,   0.081,   0.400,9999.000,9999.000,9999.000,9999.000,9999.000,9999.000,9999.000
202607172124,   0.114,   0.478,9999.000,9999.000,9999.000,9999.000,9999.000,9999.000,9999.000
202607172130,   0.154,   0.570,9999.000,9999.000,9999.000,9999.000,9999.000,9999.000,9999.000
202607172136,   0.199,   0.639,9999.000,9999.000,9999.000,9999.000,9999.000,9999.000,9999.000
202607172142,   0.251,   0.731,9999.000,9999.000,9999.000,9999.000,9999.000,9999.000,9999.000
202607172148,   0.309,   0.790,9999.000,9999.000,9999.000,9999.000,9999.000,9999.000,9999.000
202607172154,   0.373,   0.859,9999.000,9999.000,9999.000,9999.000,9999.000,9999.000,9999.000
202607172200,   0.442,   0.898,   0.500,  -0.296,   0.646,   0.500,   0.646,   0.600,   0.746
202607172206,   0.517,   0.970,9999.000,9999.000,9999.000,9999.000,9999.000,9999.000,9999.000
202607172212,   0.597,   0.990,9999.000,9999.000,9999.000,9999.000,9999.000,9999.000,9999.000
202607172218,   0.682,   1.039,9999.000,9999.000,9999.000,9999.000,9999.000,9999.000,9999.000
202607172224,   0.772,   1.128,9999.000,9999.000,9999.000,9999.000,9999.000,9999.000,9999.000
202607172230,   0.866,   1.200,9999.000,9999.000,9999.000,9999.000,9999.000,9999.000,9999.000
202607172236,   0.965,   1.308,9999.000,9999.000,9999.000,9999.000,9999.000,9999.000,9999.000
202607172242,   1.068,   1.439,9999.000,9999.000,9999.000,9999.000,9999.000,9999.000,9999.000
202607172248,   1.174,   1.528,9999.000,9999.000,9999.000,9999.000,9999.000,9999.000,9999.000
202607172254,   1.284,   1.630,9999.000,9999.000,9999.000,9999.000,9999.000,9999.000,9999.000
202607172300,   1.397,   1.748,   0.500,  -0.343,   1.554,   0.500,   1.554,   0.600,   1.654
202607172306,   1.513,   1.859,9999.000,9999.000,9999.000,9999.000,9999.000,9999.000,9999.000
202607172312,   1.631,   1.958,9999.000,9999.000,9999.000,9999.000,9999.000,9999.000,9999.000
202607172318,   1.752,   2.069,9999.000,9999.000,9999.000,9999.000,9999.000,9999.000,9999.000
202607172324,   1.875,   2.158,9999.000,9999.000,9999.000,9999.000,9999.000,9999.000,9999.000
202607172330,   2.000,   2.269,9999.000,9999.000,9999.000,9999.000,9999.000,9999.000,9999.000
202607172336,   2.126,   2.377,9999.000,9999.000,9999.000,9999.000,9999.000,9999.000,9999.000
202607172342,   2.253,   2.509,9999.000,9999.000,9999.000,9999.000,9999.000,9999.000,9999.000
202607172348,   2.381,   2.650,9999.000,9999.000,9999.000,9999.000,9999.000,9999.000,9999.000
202607172354,   2.510,   2.787,9999.000,9999.000,9999.000,9999.000,9999.000,9999.000,9999.000
202607180000,   2.640,   2.787,   0.500,  -0.322,   2.818,   0.500,   2.818,   0.600,   2.918
202607180006,   2.769,9999.000,9999.000,9999.000,9999.000,9999.000,9999.000,9999.000,9999.000
202607180012,   2.898,9999.000,9999.000,9999.000,9999.000,9999.000,9999.000,9999.000,9999.000
202607180018,   3.026,9999.000,9999.000,9999.000,9999.000,9999.000,9999.000,9999.000,9999.000
202607180024,   3.153,9999.000,9999.000,9999.000,9999.000,9999.000,9999.000,9999.000,9999.000
202607180030,   3.280,9999.000,9999.000,9999.000,9999.000,9999.000,9999.000,9999.000,9999.000
202607180036,   3.405,9999.000,9999.000,9999.000,9999.000,9999.000,9999.000,9999.000,9999.000
202607180042,   3.528,9999.000,9999.000,9999.000,9999.000,9999.000,9999.000,9999.000,9999.000
202607180048,   3.650,9999.000,9999.000,9999.000,9999.000,9999.000,9999.000,9999.000,9999.000
202607180054,   3.770,9999.000,9999.000,9999.000,9999.000,9999.000,9999.000,9999.000,9999.000
202607180100,   3.887,9999.000,   0.500,  -0.274,   4.113,   0.500,   4.113,   0.600,   4.213
202607180106,   4.002,9999.000,9999.000,9999.000,9999.000,9999.000,9999.000,9999.000,9999.000
202607180112,   4.114,9999.000,9999.000,9999.000,9999.000,9999.000,9999.000,9999.000,9999.000
202607180118,   4.223,9999.000,9999.000,9999.000,9999.000,9999.000,9999.000,9999.000,9999.000
202607180124,   4.328,9999.000,9999.000,9999.000,9999.000,9999.000,9999.000,9999.000,9999.000
202607180130,   4.431,9999.000,9999.000,9999.000,9999.000,9999.000,9999.000,9999.000,9999.000
202607180136,   4.529,9999.000,9999.000,9999.000,9999.000,9999.000,9999.000,9999.000,9999.000
202607180142,   4.624,9999.000,9999.000,9999.000,9999.000,9999.000,9999.000,9999.000,9999.000
202607180148,   4.715,9999.000,9999.000,9999.000,9999.000,9999.000,9999.000,9999.000,9999.000
202607180154,   4.801,9999.000,9999.000,9999.000,9999.000,9999.000,9999.000,9999.000,9999.000
202607180200,   4.884,9999.000,   0.500,  -0.188,   5.196,   0.500,   5.196,   0.500,   5.196
202607180206,   4.961,9999.000,9999.000,9999.000,9999.000,9999.000,9999.000,9999.000,9999.000
202607180212,   5.034,9999.000,9999.000,9999.000,9999.000,9999.000,9999.000,9999.000,9999.000
202607180218,   5.102,9999.000,9999.000,9999.000,9999.000,9999.000,9999.000,9999.000,9999.000
202607180224,   5.165,9999.000,9999.000,9999.000,9999.000,9999.000,9999.000,9999.000,9999.000
202607180230,   5.223,9999.000,9999.000,9999.000,9999.000,9999.000,9999.000,9999.000,9999.000
202607180236,   5.275,9999.000,9999.000,9999.000,9999.000,9999.000,9999.000,9999.000,9999.000
202607180242,   5.322,9999.000,9999.000,9999.000,9999.000,9999.000,9999.000,9999.000,9999.000
202607180248,   5.362,9999.000,9999.000,9999.000,9999.000,9999.000,9999.000,9999.000,9999.000
202607180254,   5.397,9999.000,9999.000,9999.000,9999.000,9999.000,9999.000,9999.000,9999.000
202607180300,   5.426,9999.000,   0.500,  -0.033,   5.893,   0.500,   5.893,   0.500,   5.893
202607180306,   5.449,9999.000,9999.000,9999.000,9999.000,9999.000,9999.000,9999.000,9999.000
202607180312,   5.466,9999.000,9999.000,9999.000,9999.000,9999.000,9999.000,9999.000,9999.000
202607180318,   5.476,9999.000,9999.000,9999.000,9999.000,9999.000,9999.000,9999.000,9999.000
202607180324,   5.480,9999.000,9999.000,9999.000,9999.000,9999.000,9999.000,9999.000,9999.000
202607180330,   5.477,9999.000,9999.000,9999.000,9999.000,9999.000,9999.000,9999.000,9999.000
202607180336,   5.468,9999.000,9999.000,9999.000,9999.000,9999.000,9999.000,9999.000,9999.000
202607180342,   5.451,9999.000,9999.000,9999.000,9999.000,9999.000,9999.000,9999.000,9999.000
202607180348,   5.428,9999.000,9999.000,9999.000,9999.000,9999.000,9999.000,9999.000,9999.000
202607180354,   5.398,9999.000,9999.000,9999.000,9999.000,9999.000,9999.000,9999.000,9999.000
202607180400,   5.362,9999.000,   0.500,   0.164,   6.026,   0.400,   5.926,   0.500,   6.026
202607180406,   5.318,9999.000,9999.000,9999.000,9999.000,9999.000,9999.000,9999.000,9999.000
202607180412,   5.268,9999.000,9999.000,9999.000,9999.000,9999.000,9999.000,9999.000,9999.000
202607180418,   5.210,9999.000,9999.000,9999.000,9999.000,9999.000,9999.000,9999.000,9999.000
202607180424,   5.146,9999.000,9999.000,9999.000,9999.000,9999.000,9999.000,9999.000,9999.000
202607180430,   5.076,9999.000,9999.000,9999.000,9999.000,9999.000,9999.000,9999.000,9999.000
202607180436,   4.999,9999.000,9999.000,9999.000,9999.000,9999.000,9999.000,9999.000,9999.000
202607180442,   4.915,9999.000,9999.000,9999.000,9999.000,9999.000,9999.000,9999.000,9999.000
202607180448,   4.825,9999.000,9999.000,9999.000,9999.000,9999.000,9999.000,9999.000,9999.000
202607180454,   4.730,9999.000,9999.000,9999.000,9999.000,9999.000,9999.000,9999.000,9999.000
202607180500,   4.628,9999.000,   0.400,   0.332,   5.360,   0.400,   5.360,   0.500,   5.460
202607180506,   4.521,9999.000,9999.000,9999.000,9999.000,9999.000,9999.000,9999.000,9999.000
202607180512,   4.409,9999.000,9999.000,9999.000,9999.000,9999.000,9999.000,9999.000,9999.000
202607180518,   4.291,9999.000,9999.000,9999.000,9999.000,9999.000,9999.000,9999.000,9999.000
202607180524,   4.169,9999.000,9999.000,9999.000,9999.000,9999.000,9999.000,9999.000,9999.000
202607180530,   4.043,9999.000,9999.000,9999.000,9999.000,9999.000,9999.000,9999.000,9999.000
202607180536,   3.913,9999.000,9999.000,9999.000,9999.000,9999.000,9999.000,9999.000,9999.000
202607180542,   3.779,9999.000,9999.000,9999.000,9999.000,9999.000,9999.000,9999.000,9999.000
202607180548,   3.642,9999.000,9999.000,9999.000,9999.000,9999.000,9999.000,9999.000,9999.000
202607180554,   3.503,9999.000,9999.000,9999.000,9999.000,9999.000,9999.000,9999.000,9999.000
202607180600,   3.361,9999.000,   0.400,   0.427,   4.188,   0.400,   4.188,   0.400,   4.188
202607180606,   3.217,9999.000,9999.000,9999.000,9999.000,9999.000,9999.000,9999.000,9999.000
202607180612,   3.072,9999.000,9999.000,9999.000,9999.000,9999.000,9999.000,9999.000,9999.000
202607180618,   2.926,9999.000,9999.000,9999.000,9999.000,9999.000,9999.000,9999.000,9999.000
202607180624,   2.779,9999.000,9999.000,9999.000,9999.000,9999.000,9999.000,9999.000,9999.000
202607180630,   2.632,9999.000,9999.000,9999.000,9999.000,9999.000,9999.000,9999.000,9999.000
202607180636,   2.486,9999.000,9999.000,9999.000,9999.000,9999.000,9999.000,9999.000,9999.000
202607180642,   2.340,9999.000,9999.000,9999.000,9999.000,9999.000,9999.000,9999.000,9999.000
202607180648,   2.195,9999.000,9999.000,9999.000,9999.000,9999.000,9999.000,9999.000,9999.000
202607180654,   2.052,9999.000,9999.000,9999.000,9999.000,9999.000,9999.000,9999.000,9999.000
202607180700,   1.911,9999.000,   0.400,   0.435,   2.746,   0.400,   2.746,   0.400,   2.746
202607180706,   1.772,9999.000,9999.000,9999.000,9999.000,9999.000,9999.000,9999.000,9999.000
202607180712,   1.636,9999.000,9999.000,9999.000,9999.000,9999.000,9999.000,9999.000,9999.000
202607180718,   1.502,9999.000,9999.000,9999.000,9999.000,9999.000,9999.000,9999.000,9999.000
202607180724,   1.372,9999.000,9999.000,9999.000,9999.000,9999.000,9999.000,9999.000,9999.000
202607180730,   1.246,9999.000,9999.000,9999.000,9999.000,9999.000,9999.000,9999.000,9999.000
202607180736,   1.124,9999.000,9999.000,9999.000,9999.000,9999.000,9999.000,9999.000,9999.000
202607180742,   1.006,9999.000,9999.000,9999.000,9999.000,9999.000,9999.000,9999.000,9999.000
202607180748,   0.892,9999.000,9999.000,9999.000,9999.000,9999.000,9999.000,9999.000,9999.000
202607180754,   0.783,9999.000,9999.000,9999.000,9999.000,9999.000,9999.000,9999.000,9999.000
202607180800,   0.679,9999.000,   0.400,   0.358,   1.437,   0.400,   1.437,   0.400,   1.437
202607180806,   0.580,9999.000,9999.000,9999.000,9999.000,9999.000,9999.000,9999.000,9999.000
202607180812,   0.487,9999.000,9999.000,9999.000,9999.000,9999.000,9999.000,9999.000,9999.000
202607180818,   0.399,9999.000,9999.000,9999.000,9999.000,9999.000,9999.000,9999.000,9999.000
202607180824,   0.317,9999.000,9999.000,9999.000,9999.000,9999.000,9999.000,9999.000,9999.000
202607180830,   0.241,9999.000,9999.000,9999.000,9999.000,9999.000,9999.000,9999.000,9999.000
202607180836,   0.171,9999.000,9999.000,9999.000,9999.000,9999.000,9999.000,9999.000,9999.000
202607180842,   0.107,9999.000,9999.000,9999.000,9999.000,9999.000,9999.000,9999.000,9999.000
202607180848,   0.049,9999.000,9999.000,9999.000,9999.000,9999.000,9999.000,9999.000,9999.000
202607180854,  -0.001,9999.000,9999.000,9999.000,9999.000,9999.000,9999.000,9999.000,9999.000
202607180900,  -0.046,9999.000,   0.400,   0.229,   0.583,   0.400,   0.583,   0.400,   0.583
202607180906,  -0.084,9999.000,9999.000,9999.000,9999.000,9999.000,9999.000,9999.000,9999.000
202607180912,  -0.115,9999.000,9999.000,9999.000,9999.000,9999.000,9999.000,9999.000,9999.000
202607180918,  -0.140,9999.000,9999.000,9999.000,9999.000,9999.000,9999.000,9999.000,9999.000
202607180924,  -0.158,9999.000,9999.000,9999.000,9999.000,9999.000,9999.000,9999.000,9999.000
202607180930,  -0.170,9999.000,9999.000,9999.000,9999.000,9999.000,9999.000,9999.000,9999.000
202607180936,  -0.174,9999.000,9999.000,9999.000,9999.000,9999.000,9999.000,9999.000,9999.000
202607180942,  -0.172,9999.000,9999.000,9999.000,9999.000,9999.000,9999.000,9999.000,9999.000
202607180948,  -0.164,9999.000,9999.000,9999.000,9999.000,9999.000,9999.000,9999.000,9999.000
202607180954,  -0.149,9999.000,9999.000,9999.000,9999.000,9999.000,9999.000,9999.000,9999.000
202607181000,  -0.127,9999.000,   0.400,   0.117,   0.390,   0.400,   0.390,   0.400,   0.390
202607181006,  -0.099,9999.000,9999.000,9999.000,9999.000,9999.000,9999.000,9999.000,9999.000
202607181012,  -0.065,9999.000,9999.000,9999.000,9999.000,9999.000,9999.000,9999.000,9999.000
202607181018,  -0.024,9999.000,9999.000,9999.000,9999.000,9999.000,9999.000,9999.000,9999.000
202607181024,   0.021,9999.000,9999.000,9999.000,9999.000,9999.000,9999.000,9999.000,9999.000
202607181030,   0.073,9999.000,9999.000,9999.000,9999.000,9999.000,9999.000,9999.000,9999.000
202607181036,   0.131,9999.000,9999.000,9999.000,9999.000,9999.000,9999.000,9999.000,9999.000
202607181042,   0.194,9999.000,9999.000,9999.000,9999.000,9999.000,9999.000,9999.000,9999.000
202607181048,   0.263,9999.000,9999.000,9999.000,9999.000,9999.000,9999.000,9999.000,9999.000
202607181054,   0.336,9999.000,9999.000,9999.000,9999.000,9999.000,9999.000,9999.000,9999.000
202607181100,   0.415,9999.000,   0.400,   0.045,   0.860,   0.400,   0.860,   0.400,   0.860
202607181106,   0.498,9999.000,9999.000,9999.000,9999.000,9999.000,9999.000,9999.000,9999.000
202607181112,   0.585,9999.000,9999.000,9999.000,9999.000,9999.000,9999.000,9999.000,9999.000
202607181118,   0.676,9999.000,9999.000,9999.000,9999.000,9999.000,9999.000,9999.000,9999.000
202607181124,   0.771,9999.000,9999.000,9999.000,9999.000,9999.000,9999.000,9999.000,9999.000
202607181130,   0.870,9999.000,9999.000,9999.000,9999.000,9999.000,9999.000,9999.000,9999.000
202607181136,   0.972,9999.000,9999.000,9999.000,9999.000,9999.000,9999.000,9999.000,9999.000
202607181142,   1.077,9999.000,9999.000,9999.000,9999.000,9999.000,9999.000,9999.000,9999.000
202607181148,   1.184,9999.000,9999.000,9999.000,9999.000,9999.000,9999.000,9999.000,9999.000
202607181154,   1.294,9999.000,9999.000,9999.000,9999.000,9999.000,9999.000,9999.000,9999.000
202607181200,   1.407,9999.000,   0.400,  -0.028,   1.779,   0.400,   1.779,   0.400,   1.779
202607181206,   1.521,9999.000,9999.000,9999.000,9999.000,9999.000,9999.000,9999.000,9999.000
202607181212,   1.636,9999.000,9999.000,9999.000,9999.000,9999.000,9999.000,9999.000,9999.000
202607181218,   1.753,9999.000,9999.000,9999.000,9999.000,9999.000,9999.000,9999.000,9999.000
202607181224,   1.871,9999.000,9999.000,9999.000,9999.000,9999.000,9999.000,9999.000,9999.000
202607181230,   1.989,9999.000,9999.000,9999.000,9999.000,9999.000,9999.000,9999.000,9999.000
202607181236,   2.108,9999.000,9999.000,9999.000,9999.000,9999.000,9999.000,9999.000,9999.000
202607181242,   2.228,9999.000,9999.000,9999.000,9999.000,9999.000,9999.000,9999.000,9999.000
202607181248,   2.347,9999.000,9999.000,9999.000,9999.000,9999.000,9999.000,9999.000,9999.000
202607181254,   2.466,9999.000,9999.000,9999.000,9999.000,9999.000,9999.000,9999.000,9999.000
202607181300,   2.584,9999.000,   0.400,  -0.114,   2.870,   0.400,   2.870,   0.400,   2.870
202607181306,   2.701,9999.000,9999.000,9999.000,9999.000,9999.000,9999.000,9999.000,9999.000
202607181312,   2.817,9999.000,9999.000,9999.000,9999.000,9999.000,9999.000,9999.000,9999.000
202607181318,   2.932,9999.000,9999.000,9999.000,9999.000,9999.000,9999.000,9999.000,9999.000
202607181324,   3.046,9999.000,9999.000,9999.000,9999.000,9999.000,9999.000,9999.000,9999.000
202607181330,   3.158,9999.000,9999.000,9999.000,9999.000,9999.000,9999.000,9999.000,9999.000
202607181336,   3.267,9999.000,9999.000,9999.000,9999.000,9999.000,9999.000,9999.000,9999.000
202607181342,   3.375,9999.000,9999.000,9999.000,9999.000,9999.000,9999.000,9999.000,9999.000
202607181348,   3.480,9999.000,9999.000,9999.000,9999.000,9999.000,9999.000,9999.000,9999.000
202607181354,   3.582,9999.000,9999.000,9999.000,9999.000,9999.000,9999.000,9999.000,9999.000
202607181400,   3.682,9999.000,   0.400,  -0.141,   3.941,   0.400,   3.941,   0.400,   3.941
202607181406,   3.779,9999.000,9999.000,9999.000,9999.000,9999.000,9999.000,9999.000,9999.000
202607181412,   3.872,9999.000,9999.000,9999.000,9999.000,9999.000,9999.000,9999.000,9999.000
202607181418,   3.963,9999.000,9999.000,9999.000,9999.000,9999.000,9999.000,9999.000,9999.000
202607181424,   4.049,9999.000,9999.000,9999.000,9999.000,9999.000,9999.000,9999.000,9999.000
202607181430,   4.132,9999.000,9999.000,9999.000,9999.000,9999.000,9999.000,9999.000,9999.000
202607181436,   4.211,9999.000,9999.000,9999.000,9999.000,9999.000,9999.000,9999.000,9999.000
202607181442,   4.286,9999.000,9999.000,9999.000,9999.000,9999.000,9999.000,9999.000,9999.000
202607181448,   4.357,9999.000,9999.000,9999.000,9999.000,9999.000,9999.000,9999.000,9999.000
202607181454,   4.423,9999.000,9999.000,9999.000,9999.000,9999.000,9999.000,9999.000,9999.000
202607181500,   4.485,9999.000,   0.400,  -0.059,   4.826,   0.400,   4.826,   0.400,   4.826
202607181506,   4.542,9999.000,9999.000,9999.000,9999.000,9999.000,9999.000,9999.000,9999.000
202607181512,   4.594,9999.000,9999.000,9999.000,9999.000,9999.000,9999.000,9999.000,9999.000
202607181518,   4.641,9999.000,9999.000,9999.000,9999.000,9999.000,9999.000,9999.000,9999.000
202607181524,   4.682,9999.000,9999.000,9999.000,9999.000,9999.000,9999.000,9999.000,9999.000
202607181530,   4.719,9999.000,9999.000,9999.000,9999.000,9999.000,9999.000,9999.000,9999.000
202607181536,   4.749,9999.000,9999.000,9999.000,9999.000,9999.000,9999.000,9999.000,9999.000
202607181542,   4.774,9999.000,9999.000,9999.000,9999.000,9999.000,9999.000,9999.000,9999.000
202607181548,   4.793,9999.000,9999.000,9999.000,9999.000,9999.000,9999.000,9999.000,9999.000
202607181554,   4.806,9999.000,9999.000,9999.000,9999.000,9999.000,9999.000,9999.000,9999.000
202607181600,   4.812,9999.000,   0.400,   0.071,   5.283,   0.400,   5.283,   0.400,   5.283
202607181606,   4.813,9999.000,9999.000,9999.000,9999.000,9999.000,9999.000,9999.000,9999.000
202607181612,   4.807,9999.000,9999.000,9999.000,9999.000,9999.000,9999.000,9999.000,9999.000
202607181618,   4.794,9999.000,9999.000,9999.000,9999.000,9999.000,9999.000,9999.000,9999.000
202607181624,   4.775,9999.000,9999.000,9999.000,9999.000,9999.000,9999.000,9999.000,9999.000
202607181630,   4.749,9999.000,9999.000,9999.000,9999.000,9999.000,9999.000,9999.000,9999.000
202607181636,   4.717,9999.000,9999.000,9999.000,9999.000,9999.000,9999.000,9999.000,9999.000
202607181642,   4.678,9999.000,9999.000,9999.000,9999.000,9999.000,9999.000,9999.000,9999.000
202607181648,   4.632,9999.000,9999.000,9999.000,9999.000,9999.000,9999.000,9999.000,9999.000
202607181654,   4.580,9999.000,9999.000,9999.000,9999.000,9999.000,9999.000,9999.000,9999.000
202607181700,   4.522,9999.000,   0.400,   0.156,   5.078,   0.300,   4.978,   0.500,   5.178
202607181706,   4.456,9999.000,9999.000,9999.000,9999.000,9999.000,9999.000,9999.000,9999.000
202607181712,   4.385,9999.000,9999.000,9999.000,9999.000,9999.000,9999.000,9999.000,9999.000
202607181718,   4.308,9999.000,9999.000,9999.000,9999.000,9999.000,9999.000,9999.000,9999.000
202607181724,   4.225,9999.000,9999.000,9999.000,9999.000,9999.000,9999.000,9999.000,9999.000
202607181730,   4.136,9999.000,9999.000,9999.000,9999.000,9999.000,9999.000,9999.000,9999.000
202607181736,   4.042,9999.000,9999.000,9999.000,9999.000,9999.000,9999.000,9999.000,9999.000
202607181742,   3.943,9999.000,9999.000,9999.000,9999.000,9999.000,9999.000,9999.000,9999.000
202607181748,   3.840,9999.000,9999.000,9999.000,9999.000,9999.000,9999.000,9999.000,9999.000
202607181754,   3.732,9999.000,9999.000,9999.000,9999.000,9999.000,9999.000,9999.000,9999.000
202607181800,   3.621,9999.000,   0.400,   0.170,   4.191,   0.300,   4.091,   0.500,   4.291
202607181806,   3.505,9999.000,9999.000,9999.000,9999.000,9999.000,9999.000,9999.000,9999.000
202607181812,   3.387,9999.000,9999.000,9999.000,9999.000,9999.000,9999.000,9999.000,9999.000
202607181818,   3.267,9999.000,9999.000,9999.000,9999.000,9999.000,9999.000,9999.000,9999.000
202607181824,   3.144,9999.000,9999.000,9999.000,9999.000,9999.000,9999.000,9999.000,9999.000
202607181830,   3.019,9999.000,9999.000,9999.000,9999.000,9999.000,9999.000,9999.000,9999.000
202607181836,   2.894,9999.000,9999.000,9999.000,9999.000,9999.000,9999.000,9999.000,9999.000
202607181842,   2.767,9999.000,9999.000,9999.000,9999.000,9999.000,9999.000,9999.000,9999.000
202607181848,   2.640,9999.000,9999.000,9999.000,9999.000,9999.000,9999.000,9999.000,9999.000
202607181854,   2.514,9999.000,9999.000,9999.000,9999.000,9999.000,9999.000,9999.000,9999.000
202607181900,   2.387,9999.000,   0.400,   0.132,   2.919,   0.300,   2.819,   0.500,   3.019
202607181906,   2.262,9999.000,9999.000,9999.000,9999.000,9999.000,9999.000,9999.000,9999.000
202607181912,   2.138,9999.000,9999.000,9999.000,9999.000,9999.000,9999.000,9999.000,9999.000
202607181918,   2.016,9999.000,9999.000,9999.000,9999.000,9999.000,9999.000,9999.000,9999.000
202607181924,   1.897,9999.000,9999.000,9999.000,9999.000,9999.000,9999.000,9999.000,9999.000
202607181930,   1.779,9999.000,9999.000,9999.000,9999.000,9999.000,9999.000,9999.000,9999.000
202607181936,   1.664,9999.000,9999.000,9999.000,9999.000,9999.000,9999.000,9999.000,9999.000
202607181942,   1.553,9999.000,9999.000,9999.000,9999.000,9999.000,9999.000,9999.000,9999.000
202607181948,   1.445,9999.000,9999.000,9999.000,9999.000,9999.000,9999.000,9999.000,9999.000
202607181954,   1.340,9999.000,9999.000,9999.000,9999.000,9999.000,9999.000,9999.000,9999.000
202607182000,   1.240,9999.000,   0.400,   0.041,   1.681,   0.300,   1.581,   0.500,   1.781
202607182006,   1.143,9999.000,9999.000,9999.000,9999.000,9999.000,9999.000,9999.000,9999.000
202607182012,   1.051,9999.000,9999.000,9999.000,9999.000,9999.000,9999.000,9999.000,9999.000
202607182018,   0.963,9999.000,9999.000,9999.000,9999.000,9999.000,9999.000,9999.000,9999.000
202607182024,   0.880,9999.000,9999.000,9999.000,9999.000,9999.000,9999.000,9999.000,9999.000
202607182030,   0.803,9999.000,9999.000,9999.000,9999.000,9999.000,9999.000,9999.000,9999.000
202607182036,   0.730,9999.000,9999.000,9999.000,9999.000,9999.000,9999.000,9999.000,9999.000
202607182042,   0.662,9999.000,9999.000,9999.000,9999.000,9999.000,9999.000,9999.000,9999.000
202607182048,   0.600,9999.000,9999.000,9999.000,9999.000,9999.000,9999.000,9999.000,9999.000
202607182054,   0.543,9999.000,9999.000,9999.000,9999.000,9999.000,9999.000,9999.000,9999.000
202607182100,   0.492,9999.000,   0.400,  -0.092,   0.800,   0.300,   0.700,   0.500,   0.900
202607182106,   0.447,9999.000,9999.000,9999.000,9999.000,9999.000,9999.000,9999.000,9999.000
202607182112,   0.407,9999.000,9999.000,9999.000,9999.000,9999.000,9999.000,9999.000,9999.000
202607182118,   0.373,9999.000,9999.000,9999.000,9999.000,9999.000,9999.000,9999.000,9999.000
202607182124,   0.346,9999.000,9999.000,9999.000,9999.000,9999.000,9999.000,9999.000,9999.000
202607182130,   0.324,9999.000,9999.000,9999.000,9999.000,9999.000,9999.000,9999.000,9999.000
202607182136,   0.309,9999.000,9999.000,9999.000,9999.000,9999.000,9999.000,9999.000,9999.000
202607182142,   0.299,9999.000,9999.000,9999.000,9999.000,9999.000,9999.000,9999.000,9999.000
202607182148,   0.296,9999.000,9999.000,9999.000,9999.000,9999.000,9999.000,9999.000,9999.000
202607182154,   0.299,9999.000,9999.000,9999.000,9999.000,9999.000,9999.000,9999.000,9999.000
202607182200,   0.308,9999.000,   0.400,  -0.209,   0.499,   0.200,   0.299,   0.500,   0.599
202607182206,   0.323,9999.000,9999.000,9999.000,9999.000,9999.000,9999.000,9999.000,9999.000
202607182212,   0.345,9999.000,9999.000,9999.000,9999.000,9999.000,9999.000,9999.000,9999.000
202607182218,   0.372,9999.000,9999.000,9999.000,9999.000,9999.000,9999.000,9999.000,9999.000
202607182224,   0.405,9999.000,9999.000,9999.000,9999.000,9999.000,9999.000,9999.000,9999.000
202607182230,   0.444,9999.000,9999.000,9999.000,9999.000,9999.000,9999.000,9999.000,9999.000
202607182236,   0.489,9999.000,9999.000,9999.000,9999.000,9999.000,9999.000,9999.000,9999.000
202607182242,   0.539,9999.000,9999.000,9999.000,9999.000,9999.000,9999.000,9999.000,9999.000
202607182248,   0.595,9999.000,9999.000,9999.000,9999.000,9999.000,9999.000,9999.000,9999.000
202607182254,   0.656,9999.000,9999.000,9999.000,9999.000,9999.000,9999.000,9999.000,9999.000
202607182300,   0.722,9999.000,   0.300,  -0.268,   0.754,   0.200,   0.654,   0.400,   0.854
202607182306,   0.794,9999.000,9999.000,9999.000,9999.000,9999.000,9999.000,9999.000,9999.000
202607182312,   0.869,9999.000,9999.000,9999.000,9999.000,9999.000,9999.000,9999.000,9999.000
202607182318,   0.950,9999.000,9999.000,9999.000,9999.000,9999.000,9999.000,9999.000,9999.000
202607182324,   1.034,9999.000,9999.000,9999.000,9999.000,9999.000,9999.000,9999.000,9999.000
202607182330,   1.123,9999.000,9999.000,9999.000,9999.000,9999.000,9999.000,9999.000,9999.000
202607182336,   1.215,9999.000,9999.000,9999.000,9999.000,9999.000,9999.000,9999.000,9999.000
202607182342,   1.310,9999.000,9999.000,9999.000,9999.000,9999.000,9999.000,9999.000,9999.000
202607182348,   1.409,9999.000,9999.000,9999.000,9999.000,9999.000,9999.000,9999.000,9999.000
202607182354,   1.511,9999.000,9999.000,9999.000,9999.000,9999.000,9999.000,9999.000,9999.000
202607190000,   1.615,9999.000,   0.300,  -0.292,   1.623,   0.100,   1.423,   0.400,   1.723
202607190006,   1.722,9999.000,9999.000,9999.000,9999.000,9999.000,9999.000,9999.000,9999.000
202607190012,   1.831,9999.000,9999.000,9999.000,9999.000,9999.000,9999.000,9999.000,9999.000
202607190018,   1.941,9999.000,9999.000,9999.000,9999.000,9999.000,9999.000,9999.000,9999.000
202607190024,   2.053,9999.000,9999.000,9999.000,9999.000,9999.000,9999.000,9999.000,9999.000
202607190030,   2.166,9999.000,9999.000,9999.000,9999.000,9999.000,9999.000,9999.000,9999.000
202607190036,   2.280,9999.000,9999.000,9999.000,9999.000,9999.000,9999.000,9999.000,9999.000
202607190042,   2.395,9999.000,9999.000,9999.000,9999.000,9999.000,9999.000,9999.000,9999.000
202607190048,   2.510,9999.000,9999.000,9999.000,9999.000,9999.000,9999.000,9999.000,9999.000
202607190054,   2.624,9999.000,9999.000,9999.000,9999.000,9999.000,9999.000,9999.000,9999.000
202607190100,   2.739,9999.000,   0.200,  -0.304,   2.635,   0.100,   2.535,   0.400,   2.835
202607190106,   2.853,9999.000,9999.000,9999.000,9999.000,9999.000,9999.000,9999.000,9999.000
202607190112,   2.966,9999.000,9999.000,9999.000,9999.000,9999.000,9999.000,9999.000,9999.000
202607190118,   3.079,9999.000,9999.000,9999.000,9999.000,9999.000,9999.000,9999.000,9999.000
202607190124,   3.190,9999.000,9999.000,9999.000,9999.000,9999.000,9999.000,9999.000,9999.000
202607190130,   3.299,9999.000,9999.000,9999.000,9999.000,9999.000,9999.000,9999.000,9999.000
202607190136,   3.407,9999.000,9999.000,9999.000,9999.000,9999.000,9999.000,9999.000,9999.000
202607190142,   3.513,9999.000,9999.000,9999.000,9999.000,9999.000,9999.000,9999.000,9999.000
202607190148,   3.617,9999.000,9999.000,9999.000,9999.000,9999.000,9999.000,9999.000,9999.000
202607190154,   3.718,9999.000,9999.000,9999.000,9999.000,9999.000,9999.000,9999.000,9999.000
202607190200,   3.817,9999.000,   0.200,  -0.263,   3.754,   0.000,   3.554,   0.300,   3.854
202607190206,   3.913,9999.000,9999.000,9999.000,9999.000,9999.000,9999.000,9999.000,9999.000
202607190212,   4.007,9999.000,9999.000,9999.000,9999.000,9999.000,9999.000,9999.000,9999.000
202607190218,   4.097,9999.000,9999.000,9999.000,9999.000,9999.000,9999.000,9999.000,9999.000
202607190224,   4.185,9999.000,9999.000,9999.000,9999.000,9999.000,9999.000,9999.000,9999.000
202607190230,   4.268,9999.000,9999.000,9999.000,9999.000,9999.000,9999.000,9999.000,9999.000
202607190236,   4.349,9999.000,9999.000,9999.000,9999.000,9999.000,9999.000,9999.000,9999.000
202607190242,   4.426,9999.000,9999.000,9999.000,9999.000,9999.000,9999.000,9999.000,9999.000
202607190248,   4.499,9999.000,9999.000,9999.000,9999.000,9999.000,9999.000,9999.000,9999.000
202607190254,   4.568,9999.000,9999.000,9999.000,9999.000,9999.000,9999.000,9999.000,9999.000
202607190300,   4.633,9999.000,   0.100,  -0.123,   4.610,   0.000,   4.510,   0.300,   4.810
202607190306,   4.694,9999.000,9999.000,9999.000,9999.000,9999.000,9999.000,9999.000,9999.000
202607190312,   4.750,9999.000,9999.000,9999.000,9999.000,9999.000,9999.000,9999.000,9999.000
202607190318,   4.802,9999.000,9999.000,9999.000,9999.000,9999.000,9999.000,9999.000,9999.000
202607190324,   4.849,9999.000,9999.000,9999.000,9999.000,9999.000,9999.000,9999.000,9999.000
202607190330,   4.892,9999.000,9999.000,9999.000,9999.000,9999.000,9999.000,9999.000,9999.000
202607190336,   4.929,9999.000,9999.000,9999.000,9999.000,9999.000,9999.000,9999.000,9999.000
202607190342,   4.962,9999.000,9999.000,9999.000,9999.000,9999.000,9999.000,9999.000,9999.000
202607190348,   4.989,9999.000,9999.000,9999.000,9999.000,9999.000,9999.000,9999.000,9999.000
202607190354,   5.011,9999.000,9999.000,9999.000,9999.000,9999.000,9999.000,9999.000,9999.000
202607190400,   5.027,9999.000,   0.000,   0.075,   5.102,  -0.100,   5.002,   0.200,   5.302
202607190406,   5.038,9999.000,9999.000,9999.000,9999.000,9999.000,9999.000,9999.000,9999.000
202607190412,   5.042,9999.000,9999.000,9999.000,9999.000,9999.000,9999.000,9999.000,9999.000
202607190418,   5.041,9999.000,9999.000,9999.000,9999.000,9999.000,9999.000,9999.000,9999.000
202607190424,   5.034,9999.000,9999.000,9999.000,9999.000,9999.000,9999.000,9999.000,9999.000
202607190430,   5.021,9999.000,9999.000,9999.000,9999.000,9999.000,9999.000,9999.000,9999.000
202607190436,   5.002,9999.000,9999.000,9999.000,9999.000,9999.000,9999.000,9999.000,9999.000
202607190442,   4.976,9999.000,9999.000,9999.000,9999.000,9999.000,9999.000,9999.000,9999.000
202607190448,   4.944,9999.000,9999.000,9999.000,9999.000,9999.000,9999.000,9999.000,9999.000
202607190454,   4.906,9999.000,9999.000,9999.000,9999.000,9999.000,9999.000,9999.000,9999.000
202607190500,   4.861,9999.000,   0.000,   0.252,   5.113,  -0.200,   4.913,   0.200,   5.313
202607190506,   4.811,9999.000,9999.000,9999.000,9999.000,9999.000,9999.000,9999.000,9999.000
202607190512,   4.753,9999.000,9999.000,9999.000,9999.000,9999.000,9999.000,9999.000,9999.000
202607190518,   4.690,9999.000,9999.000,9999.000,9999.000,9999.000,9999.000,9999.000,9999.000
202607190524,   4.621,9999.000,9999.000,9999.000,9999.000,9999.000,9999.000,9999.000,9999.000
202607190530,   4.546,9999.000,9999.000,9999.000,9999.000,9999.000,9999.000,9999.000,9999.000
202607190536,   4.465,9999.000,9999.000,9999.000,9999.000,9999.000,9999.000,9999.000,9999.000
202607190542,   4.378,9999.000,9999.000,9999.000,9999.000,9999.000,9999.000,9999.000,9999.000
202607190548,   4.287,9999.000,9999.000,9999.000,9999.000,9999.000,9999.000,9999.000,9999.000
202607190554,   4.190,9999.000,9999.000,9999.000,9999.000,9999.000,9999.000,9999.000,9999.000
202607190600,   4.088,9999.000,   0.000,   0.368,   4.456,  -0.200,   4.256,   0.200,   4.656
202607190606,   3.982,9999.000,9999.000,9999.000,9999.000,9999.000,9999.000,9999.000,9999.000
202607190612,   3.872,9999.000,9999.000,9999.000,9999.000,9999.000,9999.000,9999.000,9999.000
202607190618,   3.759,9999.000,9999.000,9999.000,9999.000,9999.000,9999.000,9999.000,9999.000
202607190624,   3.642,9999.000,9999.000,9999.000,9999.000,9999.000,9999.000,9999.000,9999.000
202607190630,   3.522,9999.000,9999.000,9999.000,9999.000,9999.000,9999.000,9999.000,9999.000
202607190636,   3.399,9999.000,9999.000,9999.000,9999.000,9999.000,9999.000,9999.000,9999.000
202607190642,   3.275,9999.000,9999.000,9999.000,9999.000,9999.000,9999.000,9999.000,9999.000
202607190648,   3.149,9999.000,9999.000,9999.000,9999.000,9999.000,9999.000,9999.000,9999.000
202607190654,   3.021,9999.000,9999.000,9999.000,9999.000,9999.000,9999.000,9999.000,9999.000
202607190700,   2.893,9999.000,   0.000,   0.416,   3.309,  -0.200,   3.109,   0.200,   3.509
202607190706,   2.764,9999.000,9999.000,9999.000,9999.000,9999.000,9999.000,9999.000,9999.000
202607190712,   2.635,9999.000,9999.000,9999.000,9999.000,9999.000,9999.000,9999.000,9999.000
202607190718,   2.506,9999.000,9999.000,9999.000,9999.000,9999.000,9999.000,9999.000,9999.000
202607190724,   2.378,9999.000,9999.000,9999.000,9999.000,9999.000,9999.000,9999.000,9999.000
202607190730,   2.251,9999.000,9999.000,9999.000,9999.000,9999.000,9999.000,9999.000,9999.000
202607190736,   2.125,9999.000,9999.000,9999.000,9999.000,9999.000,9999.000,9999.000,9999.000
202607190742,   2.001,9999.000,9999.000,9999.000,9999.000,9999.000,9999.000,9999.000,9999.000
202607190748,   1.878,9999.000,9999.000,9999.000,9999.000,9999.000,9999.000,9999.000,9999.000
202607190754,   1.758,9999.000,9999.000,9999.000,9999.000,9999.000,9999.000,9999.000,9999.000
202607190800,   1.640,9999.000,   0.000,   0.386,   2.026,  -0.200,   1.826,   0.200,   2.226
202607190806,   1.525,9999.000,9999.000,9999.000,9999.000,9999.000,9999.000,9999.000,9999.000
202607190812,   1.413,9999.000,9999.000,9999.000,9999.000,9999.000,9999.000,9999.000,9999.000
202607190818,   1.304,9999.000,9999.000,9999.000,9999.000,9999.000,9999.000,9999.000,9999.000
202607190824,   1.198,9999.000,9999.000,9999.000,9999.000,9999.000,9999.000,9999.000,9999.000
202607190830,   1.096,9999.000,9999.000,9999.000,9999.000,9999.000,9999.000,9999.000,9999.000
202607190836,   0.998,9999.000,9999.000,9999.000,9999.000,9999.000,9999.000,9999.000,9999.000
202607190842,   0.903,9999.000,9999.000,9999.000,9999.000,9999.000,9999.000,9999.000,9999.000
202607190848,   0.813,9999.000,9999.000,9999.000,9999.000,9999.000,9999.000,9999.000,9999.000
202607190854,   0.727,9999.000,9999.000,9999.000,9999.000,9999.000,9999.000,9999.000,9999.000
202607190900,   0.645,9999.000,   0.000,   0.290,   0.935,  -0.200,   0.735,   0.200,   1.135
202607190906,   0.568,9999.000,9999.000,9999.000,9999.000,9999.000,9999.000,9999.000,9999.000
202607190912,   0.496,9999.000,9999.000,9999.000,9999.000,9999.000,9999.000,9999.000,9999.000
202607190918,   0.429,9999.000,9999.000,9999.000,9999.000,9999.000,9999.000,9999.000,9999.000
202607190924,   0.367,9999.000,9999.000,9999.000,9999.000,9999.000,9999.000,9999.000,9999.000
202607190930,   0.310,9999.000,9999.000,9999.000,9999.000,9999.000,9999.000,9999.000,9999.000
202607190936,   0.258,9999.000,9999.000,9999.000,9999.000,9999.000,9999.000,9999.000,9999.000
202607190942,   0.212,9999.000,9999.000,9999.000,9999.000,9999.000,9999.000,9999.000,9999.000
202607190948,   0.172,9999.000,9999.000,9999.000,9999.000,9999.000,9999.000,9999.000,9999.000
202607190954,   0.138,9999.000,9999.000,9999.000,9999.000,9999.000,9999.000,9999.000,9999.000
202607191000,   0.109,9999.000,   0.000,   0.176,   0.285,  -0.200,   0.085,   0.200,   0.485
202607191006,   0.086,9999.000,9999.000,9999.000,9999.000,9999.000,9999.000,9999.000,9999.000
202607191012,   0.070,9999.000,9999.000,9999.000,9999.000,9999.000,9999.000,9999.000,9999.000
202607191018,   0.059,9999.000,9999.000,9999.000,9999.000,9999.000,9999.000,9999.000,9999.000
202607191024,   0.055,9999.000,9999.000,9999.000,9999.000,9999.000,9999.000,9999.000,9999.000
202607191030,   0.056,9999.000,9999.000,9999.000,9999.000,9999.000,9999.000,9999.000,9999.000
202607191036,   0.064,9999.000,9999.000,9999.000,9999.000,9999.000,9999.000,9999.000,9999.000
202607191042,   0.078,9999.000,9999.000,9999.000,9999.000,9999.000,9999.000,9999.000,9999.000
202607191048,   0.098,9999.000,9999.000,9999.000,9999.000,9999.000,9999.000,9999.000,9999.000
202607191054,   0.125,9999.000,9999.000,9999.000,9999.000,9999.000,9999.000,9999.000,9999.000
202607191100,   0.157,9999.000,   0.000,   0.073,   0.230,  -0.100,   0.130,   0.200,   0.430
202607191106,   0.195,9999.000,9999.000,9999.000,9999.000,9999.000,9999.000,9999.000,9999.000
202607191112,   0.238,9999.000,9999.000,9999.000,9999.000,9999.000,9999.000,9999.000,9999.000
202607191118,   0.287,9999.000,9999.000,9999.000,9999.000,9999.000,9999.000,9999.000,9999.000
202607191124,   0.342,9999.000,9999.000,9999.000,9999.000,9999.000,9999.000,9999.000,9999.000
202607191130,   0.402,9999.000,9999.000,9999.000,9999.000,9999.000,9999.000,9999.000,9999.000
202607191136,   0.467,9999.000,9999.000,9999.000,9999.000,9999.000,9999.000,9999.000,9999.000
202607191142,   0.536,9999.000,9999.000,9999.000,9999.000,9999.000,9999.000,9999.000,9999.000
202607191148,   0.610,9999.000,9999.000,9999.000,9999.000,9999.000,9999.000,9999.000,9999.000
202607191154,   0.689,9999.000,9999.000,9999.000,9999.000,9999.000,9999.000,9999.000,9999.000
202607191200,   0.772,9999.000,   0.000,  -0.031,   0.741,  -0.100,   0.641,   0.100,   0.841
202607191206,   0.858,9999.000,9999.000,9999.000,9999.000,9999.000,9999.000,9999.000,9999.000
202607191212,   0.948,9999.000,9999.000,9999.000,9999.000,9999.000,9999.000,9999.000,9999.000
202607191218,   1.042,9999.000,9999.000,9999.000,9999.000,9999.000,9999.000,9999.000,9999.000
202607191224,   1.138,9999.000,9999.000,9999.000,9999.000,9999.000,9999.000,9999.000,9999.000
202607191230,   1.237,9999.000,9999.000,9999.000,9999.000,9999.000,9999.000,9999.000,9999.000
202607191236,   1.339,9999.000,9999.000,9999.000,9999.000,9999.000,9999.000,9999.000,9999.000
202607191242,   1.442,9999.000,9999.000,9999.000,9999.000,9999.000,9999.000,9999.000,9999.000
202607191248,   1.548,9999.000,9999.000,9999.000,9999.000,9999.000,9999.000,9999.000,9999.000
202607191254,   1.655,9999.000,9999.000,9999.000,9999.000,9999.000,9999.000,9999.000,9999.000
202607191300,   1.764,9999.000,   0.000,  -0.133,   1.631,  -0.100,   1.531,   0.200,   1.831
202607191306,   1.873,9999.000,9999.000,9999.000,9999.000,9999.000,9999.000,9999.000,9999.000
202607191312,   1.984,9999.000,9999.000,9999.000,9999.000,9999.000,9999.000,9999.000,9999.000
202607191318,   2.094,9999.000,9999.000,9999.000,9999.000,9999.000,9999.000,9999.000,9999.000
202607191324,   2.206,9999.000,9999.000,9999.000,9999.000,9999.000,9999.000,9999.000,9999.000
202607191330,   2.317,9999.000,9999.000,9999.000,9999.000,9999.000,9999.000,9999.000,9999.000
202607191336,   2.428,9999.000,9999.000,9999.000,9999.000,9999.000,9999.000,9999.000,9999.000
202607191342,   2.539,9999.000,9999.000,9999.000,9999.000,9999.000,9999.000,9999.000,9999.000
202607191348,   2.648,9999.000,9999.000,9999.000,9999.000,9999.000,9999.000,9999.000,9999.000
202607191354,   2.758,9999.000,9999.000,9999.000,9999.000,9999.000,9999.000,9999.000,9999.000
202607191400,   2.866,9999.000,   0.000,  -0.176,   2.690,   0.000,   2.690,   0.200,   2.890
202607191406,   2.972,9999.000,9999.000,9999.000,9999.000,9999.000,9999.000,9999.000,9999.000
202607191412,   3.078,9999.000,9999.000,9999.000,9999.000,9999.000,9999.000,9999.000,9999.000
202607191418,   3.181,9999.000,9999.000,9999.000,9999.000,9999.000,9999.000,9999.000,9999.000
202607191424,   3.283,9999.000,9999.000,9999.000,9999.000,9999.000,9999.000,9999.000,9999.000
202607191430,   3.383,9999.000,9999.000,9999.000,9999.000,9999.000,9999.000,9999.000,9999.000
202607191436,   3.481,9999.000,9999.000,9999.000,9999.000,9999.000,9999.000,9999.000,9999.000
202607191442,   3.576,9999.000,9999.000,9999.000,9999.000,9999.000,9999.000,9999.000,9999.000
202607191448,   3.669,9999.000,9999.000,9999.000,9999.000,9999.000,9999.000,9999.000,9999.000
202607191454,   3.760,9999.000,9999.000,9999.000,9999.000,9999.000,9999.000,9999.000,9999.000
202607191500,   3.847,9999.000,   0.100,  -0.118,   3.829,   0.000,   3.729,   0.200,   3.929
202607191506,   3.932,9999.000,9999.000,9999.000,9999.000,9999.000,9999.000,9999.000,9999.000
202607191512,   4.014,9999.000,9999.000,9999.000,9999.000,9999.000,9999.000,9999.000,9999.000
202607191518,   4.092,9999.000,9999.000,9999.000,9999.000,9999.000,9999.000,9999.000,9999.000
202607191524,   4.167,9999.000,9999.000,9999.000,9999.000,9999.000,9999.000,9999.000,9999.000
202607191530,   4.239,9999.000,9999.000,9999.000,9999.000,9999.000,9999.000,9999.000,9999.000
202607191536,   4.306,9999.000,9999.000,9999.000,9999.000,9999.000,9999.000,9999.000,9999.000
202607191542,   4.370,9999.000,9999.000,9999.000,9999.000,9999.000,9999.000,9999.000,9999.000
202607191548,   4.430,9999.000,9999.000,9999.000,9999.000,9999.000,9999.000,9999.000,9999.000
202607191554,   4.485,9999.000,9999.000,9999.000,9999.000,9999.000,9999.000,9999.000,9999.000
202607191600,   4.536,9999.000,   0.100,   0.002,   4.638,   0.000,   4.538,   0.200,   4.738
202607191606,   4.582,9999.000,9999.000,9999.000,9999.000,9999.000,9999.000,9999.000,9999.000
202607191612,   4.624,9999.000,9999.000,9999.000,9999.000,9999.000,9999.000,9999.000,9999.000
202607191618,   4.661,9999.000,9999.000,9999.000,9999.000,9999.000,9999.000,9999.000,9999.000
202607191624,   4.692,9999.000,9999.000,9999.000,9999.000,9999.000,9999.000,9999.000,9999.000
202607191630,   4.718,9999.000,9999.000,9999.000,9999.000,9999.000,9999.000,9999.000,9999.000
202607191636,   4.739,9999.000,9999.000,9999.000,9999.000,9999.000,9999.000,9999.000,9999.000
202607191642,   4.754,9999.000,9999.000,9999.000,9999.000,9999.000,9999.000,9999.000,9999.000
202607191648,   4.763,9999.000,9999.000,9999.000,9999.000,9999.000,9999.000,9999.000,9999.000
202607191654,   4.766,9999.000,9999.000,9999.000,9999.000,9999.000,9999.000,9999.000,9999.000
202607191700,   4.763,9999.000,   0.100,   0.111,   4.974,   0.000,   4.874,   0.300,   5.174
202607191706,   4.754,9999.000,9999.000,9999.000,9999.000,9999.000,9999.000,9999.000,9999.000
202607191712,   4.739,9999.000,9999.000,9999.000,9999.000,9999.000,9999.000,9999.000,9999.000
202607191718,   4.718,9999.000,9999.000,9999.000,9999.000,9999.000,9999.000,9999.000,9999.000
202607191724,   4.690,9999.000,9999.000,9999.000,9999.000,9999.000,9999.000,9999.000,9999.000
202607191730,   4.656,9999.000,9999.000,9999.000,9999.000,9999.000,9999.000,9999.000,9999.000
202607191736,   4.616,9999.000,9999.000,9999.000,9999.000,9999.000,9999.000,9999.000,9999.000
202607191742,   4.570,9999.000,9999.000,9999.000,9999.000,9999.000,9999.000,9999.000,9999.000
202607191748,   4.518,9999.000,9999.000,9999.000,9999.000,9999.000,9999.000,9999.000,9999.000
202607191754,   4.459,9999.000,9999.000,9999.000,9999.000,9999.000,9999.000,9999.000,9999.000
202607191800,   4.395,9999.000,   0.200,   0.174,   4.769,   0.000,   4.569,   0.300,   4.869
202607191806,   4.325,9999.000,9999.000,9999.000,9999.000,9999.000,9999.000,9999.000,9999.000
202607191812,   4.250,9999.000,9999.000,9999.000,9999.000,9999.000,9999.000,9999.000,9999.000
202607191818,   4.170,9999.000,9999.000,9999.000,9999.000,9999.000,9999.000,9999.000,9999.000
202607191824,   4.085,9999.000,9999.000,9999.000,9999.000,9999.000,9999.000,9999.000,9999.000
202607191830,   3.996,9999.000,9999.000,9999.000,9999.000,9999.000,9999.000,9999.000,9999.000
202607191836,   3.902,9999.000,9999.000,9999.000,9999.000,9999.000,9999.000,9999.000,9999.000
202607191842,   3.805,9999.000,9999.000,9999.000,9999.000,9999.000,9999.000,9999.000,9999.000
202607191848,   3.704,9999.000,9999.000,9999.000,9999.000,9999.000,9999.000,9999.000,9999.000
202607191854,   3.601,9999.000,9999.000,9999.000,9999.000,9999.000,9999.000,9999.000,9999.000
202607191900,   3.495,9999.000,   0.200,   0.178,   3.873,   0.100,   3.773,   0.300,   3.973
202607191906,   3.386,9999.000,9999.000,9999.000,9999.000,9999.000,9999.000,9999.000,9999.000
202607191912,   3.276,9999.000,9999.000,9999.000,9999.000,9999.000,9999.000,9999.000,9999.000
202607191918,   3.165,9999.000,9999.000,9999.000,9999.000,9999.000,9999.000,9999.000,9999.000
202607191924,   3.052,9999.000,9999.000,9999.000,9999.000,9999.000,9999.000,9999.000,9999.000
202607191930,   2.939,9999.000,9999.000,9999.000,9999.000,9999.000,9999.000,9999.000,9999.000
202607191936,   2.826,9999.000,9999.000,9999.000,9999.000,9999.000,9999.000,9999.000,9999.000
202607191942,   2.713,9999.000,9999.000,9999.000,9999.000,9999.000,9999.000,9999.000,9999.000
202607191948,   2.600,9999.000,9999.000,9999.000,9999.000,9999.000,9999.000,9999.000,9999.000
202607191954,   2.488,9999.000,9999.000,9999.000,9999.000,9999.000,9999.000,9999.000,9999.000
202607192000,   2.377,9999.000,   0.200,   0.110,   2.687,   0.100,   2.587,   0.400,   2.887
202607192006,   2.268,9999.000,9999.000,9999.000,9999.000,9999.000,9999.000,9999.000,9999.000
202607192012,   2.160,9999.000,9999.000,9999.000,9999.000,9999.000,9999.000,9999.000,9999.000
202607192018,   2.054,9999.000,9999.000,9999.000,9999.000,9999.000,9999.000,9999.000,9999.000
202607192024,   1.950,9999.000,9999.000,9999.000,9999.000,9999.000,9999.000,9999.000,9999.000
202607192030,   1.848,9999.000,9999.000,9999.000,9999.000,9999.000,9999.000,9999.000,9999.000
202607192036,   1.749,9999.000,9999.000,9999.000,9999.000,9999.000,9999.000,9999.000,9999.000
202607192042,   1.652,9999.000,9999.000,9999.000,9999.000,9999.000,9999.000,9999.000,9999.000
202607192048,   1.559,9999.000,9999.000,9999.000,9999.000,9999.000,9999.000,9999.000,9999.000
202607192054,   1.469,9999.000,9999.000,9999.000,9999.000,9999.000,9999.000,9999.000,9999.000
202607192100,   1.382,9999.000,   0.300,  -0.005,   1.677,   0.100,   1.477,   0.400,   1.777
202607192106,   1.298,9999.000,9999.000,9999.000,9999.000,9999.000,9999.000,9999.000,9999.000
202607192112,   1.219,9999.000,9999.000,9999.000,9999.000,9999.000,9999.000,9999.000,9999.000
202607192118,   1.143,9999.000,9999.000,9999.000,9999.000,9999.000,9999.000,9999.000,9999.000
202607192124,   1.071,9999.000,9999.000,9999.000,9999.000,9999.000,9999.000,9999.000,9999.000
202607192130,   1.003,9999.000,9999.000,9999.000,9999.000,9999.000,9999.000,9999.000,9999.000
202607192136,   0.940,9999.000,9999.000,9999.000,9999.000,9999.000,9999.000,9999.000,9999.000
202607192142,   0.881,9999.000,9999.000,9999.000,9999.000,9999.000,9999.000,9999.000,9999.000
202607192148,   0.827,9999.000,9999.000,9999.000,9999.000,9999.000,9999.000,9999.000,9999.000
202607192154,   0.778,9999.000,9999.000,9999.000,9999.000,9999.000,9999.000,9999.000,9999.000
202607192200,   0.733,9999.000,   0.300,  -0.106,   0.927,   0.200,   0.827,   0.400,   1.027
202607192206,   0.694,9999.000,9999.000,9999.000,9999.000,9999.000,9999.000,9999.000,9999.000
202607192212,   0.660,9999.000,9999.000,9999.000,9999.000,9999.000,9999.000,9999.000,9999.000
202607192218,   0.632,9999.000,9999.000,9999.000,9999.000,9999.000,9999.000,9999.000,9999.000
202607192224,   0.609,9999.000,9999.000,9999.000,9999.000,9999.000,9999.000,9999.000,9999.000
202607192230,   0.592,9999.000,9999.000,9999.000,9999.000,9999.000,9999.000,9999.000,9999.000
202607192236,   0.580,9999.000,9999.000,9999.000,9999.000,9999.000,9999.000,9999.000,9999.000
202607192242,   0.574,9999.000,9999.000,9999.000,9999.000,9999.000,9999.000,9999.000,9999.000
202607192248,   0.573,9999.000,9999.000,9999.000,9999.000,9999.000,9999.000,9999.000,9999.000
202607192254,   0.579,9999.000,9999.000,9999.000,9999.000,9999.000,9999.000,9999.000,9999.000
202607192300,   0.590,9999.000,   0.300,  -0.168,   0.722,   0.200,   0.622,   0.400,   0.822
202607192306,   0.606,9999.000,9999.000,9999.000,9999.000,9999.000,9999.000,9999.000,9999.000
202607192312,   0.629,9999.000,9999.000,9999.000,9999.000,9999.000,9999.000,9999.000,9999.000
202607192318,   0.657,9999.000,9999.000,9999.000,9999.000,9999.000,9999.000,9999.000,9999.000
202607192324,   0.690,9999.000,9999.000,9999.000,9999.000,9999.000,9999.000,9999.000,9999.000
202607192330,   0.728,9999.000,9999.000,9999.000,9999.000,9999.000,9999.000,9999.000,9999.000
202607192336,   0.772,9999.000,9999.000,9999.000,9999.000,9999.000,9999.000,9999.000,9999.000
202607192342,   0.821,9999.000,9999.000,9999.000,9999.000,9999.000,9999.000,9999.000,9999.000
202607192348,   0.874,9999.000,9999.000,9999.000,9999.000,9999.000,9999.000,9999.000,9999.000
202607192354,   0.932,9999.000,9999.000,9999.000,9999.000,9999.000,9999.000,9999.000,9999.000
202607200000,   0.995,9999.000,   0.300,  -0.226,   1.069,   0.200,   0.969,   0.500,   1.269
202607200006,   1.061,9999.000,9999.000,9999.000,9999.000,9999.000,9999.000,9999.000,9999.000
202607200012,   1.132,9999.000,9999.000,9999.000,9999.000,9999.000,9999.000,9999.000,9999.000
202607200018,   1.206,9999.000,9999.000,9999.000,9999.000,9999.000,9999.000,9999.000,9999.000
202607200024,   1.284,9999.000,9999.000,9999.000,9999.000,9999.000,9999.000,9999.000,9999.000
202607200030,   1.365,9999.000,9999.000,9999.000,9999.000,9999.000,9999.000,9999.000,9999.000
202607200036,   1.449,9999.000,9999.000,9999.000,9999.000,9999.000,9999.000,9999.000,9999.000
202607200042,   1.535,9999.000,9999.000,9999.000,9999.000,9999.000,9999.000,9999.000,9999.000
202607200048,   1.624,9999.000,9999.000,9999.000,9999.000,9999.000,9999.000,9999.000,9999.000
202607200054,   1.715,9999.000,9999.000,9999.000,9999.000,9999.000,9999.000,9999.000,9999.000
202607200100,   1.808,9999.000,   0.300,  -0.291,   1.817,   0.200,   1.717,   0.400,   1.917
202607200106,   1.902,9999.000,9999.000,9999.000,9999.000,9999.000,9999.000,9999.000,9999.000
202607200112,   1.998,9999.000,9999.000,9999.000,9999.000,9999.000,9999.000,9999.000,9999.000
202607200118,   2.095,9999.000,9999.000,9999.000,9999.000,9999.000,9999.000,9999.000,9999.000
202607200124,   2.192,9999.000,9999.000,9999.000,9999.000,9999.000,9999.000,9999.000,9999.000
202607200130,   2.290,9999.000,9999.000,9999.000,9999.000,9999.000,9999.000,9999.000,9999.000
202607200136,   2.388,9999.000,9999.000,9999.000,9999.000,9999.000,9999.000,9999.000,9999.000
202607200142,   2.486,9999.000,9999.000,9999.000,9999.000,9999.000,9999.000,9999.000,9999.000
202607200148,   2.584,9999.000,9999.000,9999.000,9999.000,9999.000,9999.000,9999.000,9999.000
202607200154,   2.681,9999.000,9999.000,9999.000,9999.000,9999.000,9999.000,9999.000,9999.000
202607200200,   2.778,9999.000,   0.300,  -0.295,   2.783,   0.200,   2.683,   0.400,   2.883
202607200206,   2.874,9999.000,9999.000,9999.000,9999.000,9999.000,9999.000,9999.000,9999.000
202607200212,   2.969,9999.000,9999.000,9999.000,9999.000,9999.000,9999.000,9999.000,9999.000
202607200218,   3.063,9999.000,9999.000,9999.000,9999.000,9999.000,9999.000,9999.000,9999.000
202607200224,   3.155,9999.000,9999.000,9999.000,9999.000,9999.000,9999.000,9999.000,9999.000
202607200230,   3.246,9999.000,9999.000,9999.000,9999.000,9999.000,9999.000,9999.000,9999.000
202607200236,   3.335,9999.000,9999.000,9999.000,9999.000,9999.000,9999.000,9999.000,9999.000
202607200242,   3.422,9999.000,9999.000,9999.000,9999.000,9999.000,9999.000,9999.000,9999.000
202607200248,   3.508,9999.000,9999.000,9999.000,9999.000,9999.000,9999.000,9999.000,9999.000
202607200254,   3.591,9999.000,9999.000,9999.000,9999.000,9999.000,9999.000,9999.000,9999.000
202607200300,   3.671,9999.000,   0.300,  -0.186,   3.785,   0.200,   3.685,   0.400,   3.885
202607200306,   3.750,9999.000,9999.000,9999.000,9999.000,9999.000,9999.000,9999.000,9999.000
202607200312,   3.826,9999.000,9999.000,9999.000,9999.000,9999.000,9999.000,9999.000,9999.000
202607200318,   3.899,9999.000,9999.000,9999.000,9999.000,9999.000,9999.000,9999.000,9999.000
202607200324,   3.969,9999.000,9999.000,9999.000,9999.000,9999.000,9999.000,9999.000,9999.000
202607200330,   4.036,9999.000,9999.000,9999.000,9999.000,9999.000,9999.000,9999.000,9999.000
202607200336,   4.100,9999.000,9999.000,9999.000,9999.000,9999.000,9999.000,9999.000,9999.000
202607200342,   4.161,9999.000,9999.000,9999.000,9999.000,9999.000,9999.000,9999.000,9999.000
202607200348,   4.219,9999.000,9999.000,9999.000,9999.000,9999.000,9999.000,9999.000,9999.000
202607200354,   4.273,9999.000,9999.000,9999.000,9999.000,9999.000,9999.000,9999.000,9999.000
202607200400,   4.323,9999.000,   0.300,  -0.005,   4.618,   0.300,   4.618,   0.400,   4.718
202607200406,   4.370,9999.000,9999.000,9999.000,9999.000,9999.000,9999.000,9999.000,9999.000
202607200412,   4.412,9999.000,9999.000,9999.000,9999.000,9999.000,9999.000,9999.000,9999.000
202607200418,   4.451,9999.000,9999.000,9999.000,9999.000,9999.000,9999.000,9999.000,9999.000
202607200424,   4.485,9999.000,9999.000,9999.000,9999.000,9999.000,9999.000,9999.000,9999.000
202607200430,   4.515,9999.000,9999.000,9999.000,9999.000,9999.000,9999.000,9999.000,9999.000
202607200436,   4.540,9999.000,9999.000,9999.000,9999.000,9999.000,9999.000,9999.000,9999.000
202607200442,   4.560,9999.000,9999.000,9999.000,9999.000,9999.000,9999.000,9999.000,9999.000
202607200448,   4.575,9999.000,9999.000,9999.000,9999.000,9999.000,9999.000,9999.000,9999.000
202607200454,   4.586,9999.000,9999.000,9999.000,9999.000,9999.000,9999.000,9999.000,9999.000
202607200500,   4.591,9999.000,   0.400,   0.162,   5.153,   0.300,   5.053,   0.500,   5.253
202607200506,   4.591,9999.000,9999.000,9999.000,9999.000,9999.000,9999.000,9999.000,9999.000
202607200512,   4.585,9999.000,9999.000,9999.000,9999.000,9999.000,9999.000,9999.000,9999.000
202607200518,   4.574,9999.000,9999.000,9999.000,9999.000,9999.000,9999.000,9999.000,9999.000
202607200524,   4.557,9999.000,9999.000,9999.000,9999.000,9999.000,9999.000,9999.000,9999.000
202607200530,   4.535,9999.000,9999.000,9999.000,9999.000,9999.000,9999.000,9999.000,9999.000
202607200536,   4.507,9999.000,9999.000,9999.000,9999.000,9999.000,9999.000,9999.000,9999.000
202607200542,   4.473,9999.000,9999.000,9999.000,9999.000,9999.000,9999.000,9999.000,9999.000
202607200548,   4.434,9999.000,9999.000,9999.000,9999.000,9999.000,9999.000,9999.000,9999.000
202607200554,   4.389,9999.000,9999.000,9999.000,9999.000,9999.000,9999.000,9999.000,9999.000
202607200600,   4.338,9999.000,   0.400,   0.282,   5.020,   0.300,   4.920,   0.500,   5.120
202607200606,   4.282,9999.000,9999.000,9999.000,9999.000,9999.000,9999.000,9999.000,9999.000
202607200612,   4.221,9999.000,9999.000,9999.000,9999.000,9999.000,9999.000,9999.000,9999.000
202607200618,   4.155,9999.000,9999.000,9999.000,9999.000,9999.000,9999.000,9999.000,9999.000
202607200624,   4.084,9999.000,9999.000,9999.000,9999.000,9999.000,9999.000,9999.000,9999.000
202607200630,   4.008,9999.000,9999.000,9999.000,9999.000,9999.000,9999.000,9999.000,9999.000
202607200636,   3.927,9999.000,9999.000,9999.000,9999.000,9999.000,9999.000,9999.000,9999.000
202607200642,   3.843,9999.000,9999.000,9999.000,9999.000,9999.000,9999.000,9999.000,9999.000
202607200648,   3.754,9999.000,9999.000,9999.000,9999.000,9999.000,9999.000,9999.000,9999.000
202607200654,   3.662,9999.000,9999.000,9999.000,9999.000,9999.000,9999.000,9999.000,9999.000
202607200700,   3.567,9999.000,   0.400,   0.360,   4.327,   0.300,   4.227,   0.500,   4.427
202607200706,   3.469,9999.000,9999.000,9999.000,9999.000,9999.000,9999.000,9999.000,9999.000
202607200712,   3.369,9999.000,9999.000,9999.000,9999.000,9999.000,9999.000,9999.000,9999.000
202607200718,   3.266,9999.000,9999.000,9999.000,9999.000,9999.000,9999.000,9999.000,9999.000
202607200724,   3.161,9999.000,9999.000,9999.000,9999.000,9999.000,9999.000,9999.000,9999.000
202607200730,   3.055,9999.000,9999.000,9999.000,9999.000,9999.000,9999.000,9999.000,9999.000
202607200736,   2.948,9999.000,9999.000,9999.000,9999.000,9999.000,9999.000,9999.000,9999.000
202607200742,   2.839,9999.000,9999.000,9999.000,9999.000,9999.000,9999.000,9999.000,9999.000
202607200748,   2.730,9999.000,9999.000,9999.000,9999.000,9999.000,9999.000,9999.000,9999.000
202607200754,   2.621,9999.000,9999.000,9999.000,9999.000,9999.000,9999.000,9999.000,9999.000
202607200800,   2.513,9999.000,   0.400,   0.382,   3.295,   0.300,   3.195,   0.500,   3.395
202607200806,   2.404,9999.000,9999.000,9999.000,9999.000,9999.000,9999.000,9999.000,9999.000
202607200812,   2.296,9999.000,9999.000,9999.000,9999.000,9999.000,9999.000,9999.000,9999.000
202607200818,   2.189,9999.000,9999.000,9999.000,9999.000,9999.000,9999.000,9999.000,9999.000
202607200824,   2.082,9999.000,9999.000,9999.000,9999.000,9999.000,9999.000,9999.000,9999.000
202607200830,   1.978,9999.000,9999.000,9999.000,9999.000,9999.000,9999.000,9999.000,9999.000
202607200836,   1.874,9999.000,9999.000,9999.000,9999.000,9999.000,9999.000,9999.000,9999.000
202607200842,   1.773,9999.000,9999.000,9999.000,9999.000,9999.000,9999.000,9999.000,9999.000
202607200848,   1.673,9999.000,9999.000,9999.000,9999.000,9999.000,9999.000,9999.000,9999.000
202607200854,   1.575,9999.000,9999.000,9999.000,9999.000,9999.000,9999.000,9999.000,9999.000
202607200900,   1.479,9999.000,   0.400,   0.332,   2.211,   0.300,   2.111,   0.500,   2.311
202607200906,   1.386,9999.000,9999.000,9999.000,9999.000,9999.000,9999.000,9999.000,9999.000
202607200912,   1.296,9999.000,9999.000,9999.000,9999.000,9999.000,9999.000,9999.000,9999.000
202607200918,   1.208,9999.000,9999.000,9999.000,9999.000,9999.000,9999.000,9999.000,9999.000
202607200924,   1.123,9999.000,9999.000,9999.000,9999.000,9999.000,9999.000,9999.000,9999.000
202607200930,   1.042,9999.000,9999.000,9999.000,9999.000,9999.000,9999.000,9999.000,9999.000
202607200936,   0.963,9999.000,9999.000,9999.000,9999.000,9999.000,9999.000,9999.000,9999.000
202607200942,   0.888,9999.000,9999.000,9999.000,9999.000,9999.000,9999.000,9999.000,9999.000
202607200948,   0.817,9999.000,9999.000,9999.000,9999.000,9999.000,9999.000,9999.000,9999.000
202607200954,   0.750,9999.000,9999.000,9999.000,9999.000,9999.000,9999.000,9999.000,9999.000
202607201000,   0.686,9999.000,   0.500,   0.230,   1.416,   0.400,   1.316,   0.500,   1.416
202607201006,   0.627,9999.000,9999.000,9999.000,9999.000,9999.000,9999.000,9999.000,9999.000
202607201012,   0.573,9999.000,9999.000,9999.000,9999.000,9999.000,9999.000,9999.000,9999.000
202607201018,   0.523,9999.000,9999.000,9999.000,9999.000,9999.000,9999.000,9999.000,9999.000
202607201024,   0.477,9999.000,9999.000,9999.000,9999.000,9999.000,9999.000,9999.000,9999.000
202607201030,   0.437,9999.000,9999.000,9999.000,9999.000,9999.000,9999.000,9999.000,9999.000
202607201036,   0.402,9999.000,9999.000,9999.000,9999.000,9999.000,9999.000,9999.000,9999.000
202607201042,   0.372,9999.000,9999.000,9999.000,9999.000,9999.000,9999.000,9999.000,9999.000
202607201048,   0.347,9999.000,9999.000,9999.000,9999.000,9999.000,9999.000,9999.000,9999.000
202607201054,   0.328,9999.000,9999.000,9999.000,9999.000,9999.000,9999.000,9999.000,9999.000
202607201100,   0.314,9999.000,   0.500,   0.109,   0.923,   0.400,   0.823,   0.600,   1.023
202607201106,   0.306,9999.000,9999.000,9999.000,9999.000,9999.000,9999.000,9999.000,9999.000
202607201112,   0.303,9999.000,9999.000,9999.000,9999.000,9999.000,9999.000,9999.000,9999.000
202607201118,   0.307,9999.000,9999.000,9999.000,9999.000,9999.000,9999.000,9999.000,9999.000
202607201124,   0.315,9999.000,9999.000,9999.000,9999.000,9999.000,9999.000,9999.000,9999.000
202607201130,   0.330,9999.000,9999.000,9999.000,9999.000,9999.000,9999.000,9999.000,9999.000
202607201136,   0.350,9999.000,9999.000,9999.000,9999.000,9999.000,9999.000,9999.000,9999.000
202607201142,   0.376,9999.000,9999.000,9999.000,9999.000,9999.000,9999.000,9999.000,9999.000
202607201148,   0.407,9999.000,9999.000,9999.000,9999.000,9999.000,9999.000,9999.000,9999.000
202607201154,   0.444,9999.000,9999.000,9999.000,9999.000,9999.000,9999.000,9999.000,9999.000
202607201200,   0.485,9999.000,   0.500,  -0.016,   0.969,   0.400,   0.869,   0.600,   1.069
202607201206,   0.532,9999.000,9999.000,9999.000,9999.000,9999.000,9999.000,9999.000,9999.000
202607201212,   0.584,9999.000,9999.000,9999.000,9999.000,9999.000,9999.000,9999.000,9999.000
202607201218,   0.640,9999.000,9999.000,9999.000,9999.000,9999.000,9999.000,9999.000,9999.000
202607201224,   0.701,9999.000,9999.000,9999.000,9999.000,9999.000,9999.000,9999.000,9999.000
202607201230,   0.766,9999.000,9999.000,9999.000,9999.000,9999.000,9999.000,9999.000,9999.000
202607201236,   0.836,9999.000,9999.000,9999.000,9999.000,9999.000,9999.000,9999.000,9999.000
202607201242,   0.909,9999.000,9999.000,9999.000,9999.000,9999.000,9999.000,9999.000,9999.000
202607201248,   0.986,9999.000,9999.000,9999.000,9999.000,9999.000,9999.000,9999.000,9999.000
202607201254,   1.066,9999.000,9999.000,9999.000,9999.000,9999.000,9999.000,9999.000,9999.000
202607201300,   1.150,9999.000,   0.500,  -0.129,   1.521,   0.400,   1.421,   0.600,   1.621
202607201306,   1.236,9999.000,9999.000,9999.000,9999.000,9999.000,9999.000,9999.000,9999.000
202607201312,   1.325,9999.000,9999.000,9999.000,9999.000,9999.000,9999.000,9999.000,9999.000
202607201318,   1.416,9999.000,9999.000,9999.000,9999.000,9999.000,9999.000,9999.000,9999.000
202607201324,   1.509,9999.000,9999.000,9999.000,9999.000,9999.000,9999.000,9999.000,9999.000
202607201330,   1.604,9999.000,9999.000,9999.000,9999.000,9999.000,9999.000,9999.000,9999.000
202607201336,   1.701,9999.000,9999.000,9999.000,9999.000,9999.000,9999.000,9999.000,9999.000
202607201342,   1.799,9999.000,9999.000,9999.000,9999.000,9999.000,9999.000,9999.000,9999.000
202607201348,   1.899,9999.000,9999.000,9999.000,9999.000,9999.000,9999.000,9999.000,9999.000
202607201354,   1.999,9999.000,9999.000,9999.000,9999.000,9999.000,9999.000,9999.000,9999.000
202607201400,   2.100,9999.000,   0.500,  -0.189,   2.411,   0.400,   2.311,   0.600,   2.511
202607201406,   2.201,9999.000,9999.000,9999.000,9999.000,9999.000,9999.000,9999.000,9999.000
202607201412,   2.303,9999.000,9999.000,9999.000,9999.000,9999.000,9999.000,9999.000,9999.000
202607201418,   2.404,9999.000,9999.000,9999.000,9999.000,9999.000,9999.000,9999.000,9999.000
202607201424,   2.506,9999.000,9999.000,9999.000,9999.000,9999.000,9999.000,9999.000,9999.000
202607201430,   2.607,9999.000,9999.000,9999.000,9999.000,9999.000,9999.000,9999.000,9999.000
202607201436,   2.707,9999.000,9999.000,9999.000,9999.000,9999.000,9999.000,9999.000,9999.000
202607201442,   2.807,9999.000,9999.000,9999.000,9999.000,9999.000,9999.000,9999.000,9999.000
202607201448,   2.906,9999.000,9999.000,9999.000,9999.000,9999.000,9999.000,9999.000,9999.000
202607201454,   3.004,9999.000,9999.000,9999.000,9999.000,9999.000,9999.000,9999.000,9999.000
202607201500,   3.101,9999.000,   0.500,  -0.165,   3.436,   0.400,   3.336,   0.600,   3.536
202607201506,   3.197,9999.000,9999.000,9999.000,9999.000,9999.000,9999.000,9999.000,9999.000
202607201512,   3.291,9999.000,9999.000,9999.000,9999.000,9999.000,9999.000,9999.000,9999.000
202607201518,   3.383,9999.000,9999.000,9999.000,9999.000,9999.000,9999.000,9999.000,9999.000
202607201524,   3.473,9999.000,9999.000,9999.000,9999.000,9999.000,9999.000,9999.000,9999.000
202607201530,   3.562,9999.000,9999.000,9999.000,9999.000,9999.000,9999.000,9999.000,9999.000
202607201536,   3.649,9999.000,9999.000,9999.000,9999.000,9999.000,9999.000,9999.000,9999.000
202607201542,   3.733,9999.000,9999.000,9999.000,9999.000,9999.000,9999.000,9999.000,9999.000
202607201548,   3.815,9999.000,9999.000,9999.000,9999.000,9999.000,9999.000,9999.000,9999.000
202607201554,   3.894,9999.000,9999.000,9999.000,9999.000,9999.000,9999.000,9999.000,9999.000
202607201600,   3.971,9999.000,   0.500,  -0.074,   4.397,   0.400,   4.297,   0.600,   4.497
202607201606,   4.045,9999.000,9999.000,9999.000,9999.000,9999.000,9999.000,9999.000,9999.000
202607201612,   4.116,9999.000,9999.000,9999.000,9999.000,9999.000,9999.000,9999.000,9999.000
202607201618,   4.183,9999.000,9999.000,9999.000,9999.000,9999.000,9999.000,9999.000,9999.000
202607201624,   4.247,9999.000,9999.000,9999.000,9999.000,9999.000,9999.000,9999.000,9999.000
202607201630,   4.308,9999.000,9999.000,9999.000,9999.000,9999.000,9999.000,9999.000,9999.000
202607201636,   4.365,9999.000,9999.000,9999.000,9999.000,9999.000,9999.000,9999.000,9999.000
202607201642,   4.418,9999.000,9999.000,9999.000,9999.000,9999.000,9999.000,9999.000,9999.000
202607201648,   4.466,9999.000,9999.000,9999.000,9999.000,9999.000,9999.000,9999.000,9999.000
202607201654,   4.511,9999.000,9999.000,9999.000,9999.000,9999.000,9999.000,9999.000,9999.000
202607201700,   4.551,9999.000,   0.500,   0.040,   5.091,   0.400,   4.991,   0.600,   5.191
202607201706,   4.586,9999.000,9999.000,9999.000,9999.000,9999.000,9999.000,9999.000,9999.000
202607201712,   4.617,9999.000,9999.000,9999.000,9999.000,9999.000,9999.000,9999.000,9999.000
202607201718,   4.643,9999.000,9999.000,9999.000,9999.000,9999.000,9999.000,9999.000,9999.000
202607201724,   4.663,9999.000,9999.000,9999.000,9999.000,9999.000,9999.000,9999.000,9999.000
202607201730,   4.679,9999.000,9999.000,9999.000,9999.000,9999.000,9999.000,9999.000,9999.000
202607201736,   4.689,9999.000,9999.000,9999.000,9999.000,9999.000,9999.000,9999.000,9999.000
202607201742,   4.693,9999.000,9999.000,9999.000,9999.000,9999.000,9999.000,9999.000,9999.000
202607201748,   4.692,9999.000,9999.000,9999.000,9999.000,9999.000,9999.000,9999.000,9999.000
202607201754,   4.686,9999.000,9999.000,9999.000,9999.000,9999.000,9999.000,9999.000,9999.000
202607201800,   4.673,9999.000,   0.500,   0.138,   5.311,   0.400,   5.211,   0.600,   5.411
202607201806,   4.655,9999.000,9999.000,9999.000,9999.000,9999.000,9999.000,9999.000,9999.000
202607201812,   4.632,9999.000,9999.000,9999.000,9999.000,9999.000,9999.000,9999.000,9999.000
202607201818,   4.603,9999.000,9999.000,9999.000,9999.000,9999.000,9999.000,9999.000,9999.000
202607201824,   4.568,9999.000,9999.000,9999.000,9999.000,9999.000,9999.000,9999.000,9999.000
202607201830,   4.527,9999.000,9999.000,9999.000,9999.000,9999.000,9999.000,9999.000,9999.000
202607201836,   4.482,9999.000,9999.000,9999.000,9999.000,9999.000,9999.000,9999.000,9999.000
202607201842,   4.431,9999.000,9999.000,9999.000,9999.000,9999.000,9999.000,9999.000,9999.000
202607201848,   4.375,9999.000,9999.000,9999.000,9999.000,9999.000,9999.000,9999.000,9999.000
202607201854,   4.314,9999.000,9999.000,9999.000,9999.000,9999.000,9999.000,9999.000,9999.000
202607201900,   4.249,9999.000,   0.500,   0.183,   4.932,   0.400,   4.832,   0.600,   5.032
202607201906,   4.179,9999.000,9999.000,9999.000,9999.000,9999.000,9999.000,9999.000,9999.000
202607201912,   4.105,9999.000,9999.000,9999.000,9999.000,9999.000,9999.000,9999.000,9999.000
202607201918,   4.027,9999.000,9999.000,9999.000,9999.000,9999.000,9999.000,9999.000,9999.000
202607201924,   3.946,9999.000,9999.000,9999.000,9999.000,9999.000,9999.000,9999.000,9999.000
202607201930,   3.862,9999.000,9999.000,9999.000,9999.000,9999.000,9999.000,9999.000,9999.000
202607201936,   3.774,9999.000,9999.000,9999.000,9999.000,9999.000,9999.000,9999.000,9999.000
202607201942,   3.684,9999.000,9999.000,9999.000,9999.000,9999.000,9999.000,9999.000,9999.000
202607201948,   3.592,9999.000,9999.000,9999.000,9999.000,9999.000,9999.000,9999.000,9999.000
202607201954,   3.498,9999.000,9999.000,9999.000,9999.000,9999.000,9999.000,9999.000,9999.000
202607202000,   3.402,9999.000,   0.500,   0.152,   4.054,   0.400,   3.954,   0.600,   4.154
202607202006,   3.305,9999.000,9999.000,9999.000,9999.000,9999.000,9999.000,9999.000,9999.000
202607202012,   3.207,9999.000,9999.000,9999.000,9999.000,9999.000,9999.000,9999.000,9999.000
202607202018,   3.107,9999.000,9999.000,9999.000,9999.000,9999.000,9999.000,9999.000,9999.000
202607202024,   3.008,9999.000,9999.000,9999.000,9999.000,9999.000,9999.000,9999.000,9999.000
202607202030,   2.908,9999.000,9999.000,9999.000,9999.000,9999.000,9999.000,9999.000,9999.000
202607202036,   2.808,9999.000,9999.000,9999.000,9999.000,9999.000,9999.000,9999.000,9999.000
202607202042,   2.708,9999.000,9999.000,9999.000,9999.000,9999.000,9999.000,9999.000,9999.000
202607202048,   2.609,9999.000,9999.000,9999.000,9999.000,9999.000,9999.000,9999.000,9999.000
202607202054,   2.510,9999.000,9999.000,9999.000,9999.000,9999.000,9999.000,9999.000,9999.000
202607202100,   2.412,9999.000,   0.500,   0.070,   2.982,   0.400,   2.882,   0.600,   3.082
202607202106,   2.316,9999.000,9999.000,9999.000,9999.000,9999.000,9999.000,9999.000,9999.000
202607202112,   2.220,9999.000,9999.000,9999.000,9999.000,9999.000,9999.000,9999.000,9999.000
202607202118,   2.126,9999.000,9999.000,9999.000,9999.000,9999.000,9999.000,9999.000,9999.000
202607202124,   2.034,9999.000,9999.000,9999.000,9999.000,9999.000,9999.000,9999.000,9999.000
202607202130,   1.944,9999.000,9999.000,9999.000,9999.000,9999.000,9999.000,9999.000,9999.000
202607202136,   1.855,9999.000,9999.000,9999.000,9999.000,9999.000,9999.000,9999.000,9999.000
202607202142,   1.769,9999.000,9999.000,9999.000,9999.000,9999.000,9999.000,9999.000,9999.000
202607202148,   1.686,9999.000,9999.000,9999.000,9999.000,9999.000,9999.000,9999.000,9999.000
202607202154,   1.605,9999.000,9999.000,9999.000,9999.000,9999.000,9999.000,9999.000,9999.000
202607202200,   1.527,9999.000,   0.500,  -0.007,   2.020,   0.400,   1.920,   0.600,   2.120
202607202206,   1.452,9999.000,9999.000,9999.000,9999.000,9999.000,9999.000,9999.000,9999.000
202607202212,   1.380,9999.000,9999.000,9999.000,9999.000,9999.000,9999.000,9999.000,9999.000
202607202218,   1.312,9999.000,9999.000,9999.000,9999.000,9999.000,9999.000,9999.000,9999.000
202607202224,   1.248,9999.000,9999.000,9999.000,9999.000,9999.000,9999.000,9999.000,9999.000
202607202230,   1.187,9999.000,9999.000,9999.000,9999.000,9999.000,9999.000,9999.000,9999.000
202607202236,   1.131,9999.000,9999.000,9999.000,9999.000,9999.000,9999.000,9999.000,9999.000
202607202242,   1.079,9999.000,9999.000,9999.000,9999.000,9999.000,9999.000,9999.000,9999.000
202607202248,   1.031,9999.000,9999.000,9999.000,9999.000,9999.000,9999.000,9999.000,9999.000
202607202254,   0.988,9999.000,9999.000,9999.000,9999.000,9999.000,9999.000,9999.000,9999.000
202607202300,   0.949,9999.000,   0.500,  -0.063,   1.386,   0.400,   1.286,   0.700,   1.586
202607202306,   0.916,9999.000,9999.000,9999.000,9999.000,9999.000,9999.000,9999.000,9999.000
202607202312,   0.888,9999.000,9999.000,9999.000,9999.000,9999.000,9999.000,9999.000,9999.000
202607202318,   0.864,9999.000,9999.000,9999.000,9999.000,9999.000,9999.000,9999.000,9999.000
202607202324,   0.846,9999.000,9999.000,9999.000,9999.000,9999.000,9999.000,9999.000,9999.000
202607202330,   0.833,9999.000,9999.000,9999.000,9999.000,9999.000,9999.000,9999.000,9999.000
202607202336,   0.825,9999.000,9999.000,9999.000,9999.000,9999.000,9999.000,9999.000,9999.000
202607202342,   0.823,9999.000,9999.000,9999.000,9999.000,9999.000,9999.000,9999.000,9999.000
202607202348,   0.825,9999.000,9999.000,9999.000,9999.000,9999.000,9999.000,9999.000,9999.000
202607202354,   0.833,9999.000,9999.000,9999.000,9999.000,9999.000,9999.000,9999.000,9999.000
202607210000,   0.846,9999.000,   0.500,  -0.138,   1.208,   0.400,   1.108,   0.700,   1.408
202607210006,   0.864,9999.000,9999.000,9999.000,9999.000,9999.000,9999.000,9999.000,9999.000
202607210012,   0.887,9999.000,9999.000,9999.000,9999.000,9999.000,9999.000,9999.000,9999.000
202607210018,   0.915,9999.000,9999.000,9999.000,9999.000,9999.000,9999.000,9999.000,9999.000
202607210024,   0.947,9999.000,9999.000,9999.000,9999.000,9999.000,9999.000,9999.000,9999.000
202607210030,   0.984,9999.000,9999.000,9999.000,9999.000,9999.000,9999.000,9999.000,9999.000
202607210036,   1.025,9999.000,9999.000,9999.000,9999.000,9999.000,9999.000,9999.000,9999.000
202607210042,   1.071,9999.000,9999.000,9999.000,9999.000,9999.000,9999.000,9999.000,9999.000
202607210048,   1.120,9999.000,9999.000,9999.000,9999.000,9999.000,9999.000,9999.000,9999.000
202607210054,   1.173,9999.000,9999.000,9999.000,9999.000,9999.000,9999.000,9999.000,9999.000
202607210100,   1.229,9999.000,   0.500,  -0.236,   1.493,   0.400,   1.393,   0.700,   1.693
202607210106,   1.289,9999.000,9999.000,9999.000,9999.000,9999.000,9999.000,9999.000,9999.000
202607210112,   1.352,9999.000,9999.000,9999.000,9999.000,9999.000,9999.000,9999.000,9999.000
202607210118,   1.417,9999.000,9999.000,9999.000,9999.000,9999.000,9999.000,9999.000,9999.000
202607210124,   1.486,9999.000,9999.000,9999.000,9999.000,9999.000,9999.000,9999.000,9999.000
202607210130,   1.556,9999.000,9999.000,9999.000,9999.000,9999.000,9999.000,9999.000,9999.000
202607210136,   1.629,9999.000,9999.000,9999.000,9999.000,9999.000,9999.000,9999.000,9999.000
202607210142,   1.703,9999.000,9999.000,9999.000,9999.000,9999.000,9999.000,9999.000,9999.000
202607210148,   1.780,9999.000,9999.000,9999.000,9999.000,9999.000,9999.000,9999.000,9999.000
202607210154,   1.857,9999.000,9999.000,9999.000,9999.000,9999.000,9999.000,9999.000,9999.000
202607210200,   1.936,9999.000,   0.500,  -0.279,   2.157,   0.400,   2.057,   0.700,   2.357
202607210206,   2.016,9999.000,9999.000,9999.000,9999.000,9999.000,9999.000,9999.000,9999.000
202607210212,   2.097,9999.000,9999.000,9999.000,9999.000,9999.000,9999.000,9999.000,9999.000
202607210218,   2.178,9999.000,9999.000,9999.000,9999.000,9999.000,9999.000,9999.000,9999.000
202607210224,   2.260,9999.000,9999.000,9999.000,9999.000,9999.000,9999.000,9999.000,9999.000
202607210230,   2.342,9999.000,9999.000,9999.000,9999.000,9999.000,9999.000,9999.000,9999.000
202607210236,   2.424,9999.000,9999.000,9999.000,9999.000,9999.000,9999.000,9999.000,9999.000
202607210242,   2.505,9999.000,9999.000,9999.000,9999.000,9999.000,9999.000,9999.000,9999.000
202607210248,   2.587,9999.000,9999.000,9999.000,9999.000,9999.000,9999.000,9999.000,9999.000
202607210254,   2.668,9999.000,9999.000,9999.000,9999.000,9999.000,9999.000,9999.000,9999.000
202607210300,   2.748,9999.000,   0.500,  -0.207,   3.041,   0.400,   2.941,   0.700,   3.241
202607210306,   2.828,9999.000,9999.000,9999.000,9999.000,9999.000,9999.000,9999.000,9999.000
202607210312,   2.906,9999.000,9999.000,9999.000,9999.000,9999.000,9999.000,9999.000,9999.000
202607210318,   2.984,9999.000,9999.000,9999.000,9999.000,9999.000,9999.000,9999.000,9999.000
202607210324,   3.060,9999.000,9999.000,9999.000,9999.000,9999.000,9999.000,9999.000,9999.000
202607210330,   3.135,9999.000,9999.000,9999.000,9999.000,9999.000,9999.000,9999.000,9999.000
202607210336,   3.208,9999.000,9999.000,9999.000,9999.000,9999.000,9999.000,9999.000,9999.000
202607210342,   3.280,9999.000,9999.000,9999.000,9999.000,9999.000,9999.000,9999.000,9999.000
202607210348,   3.350,9999.000,9999.000,9999.000,9999.000,9999.000,9999.000,9999.000,9999.000
202607210354,   3.418,9999.000,9999.000,9999.000,9999.000,9999.000,9999.000,9999.000,9999.000
202607210400,   3.484,9999.000,   0.500,  -0.061,   3.923,   0.400,   3.823,   0.700,   4.123
202607210406,   3.548,9999.000,9999.000,9999.000,9999.000,9999.000,9999.000,9999.000,9999.000
202607210412,   3.610,9999.000,9999.000,9999.000,9999.000,9999.000,9999.000,9999.000,9999.000
202607210418,   3.669,9999.000,9999.000,9999.000,9999.000,9999.000,9999.000,9999.000,9999.000
202607210424,   3.725,9999.000,9999.000,9999.000,9999.000,9999.000,9999.000,9999.000,9999.000
202607210430,   3.779,9999.000,9999.000,9999.000,9999.000,9999.000,9999.000,9999.000,9999.000
202607210436,   3.830,9999.000,9999.000,9999.000,9999.000,9999.000,9999.000,9999.000,9999.000
202607210442,   3.878,9999.000,9999.000,9999.000,9999.000,9999.000,9999.000,9999.000,9999.000
202607210448,   3.923,9999.000,9999.000,9999.000,9999.000,9999.000,9999.000,9999.000,9999.000
202607210454,   3.964,9999.000,9999.000,9999.000,9999.000,9999.000,9999.000,9999.000,9999.000
202607210500,   4.002,9999.000,   0.500,   0.079,   4.581,   0.400,   4.481,   0.700,   4.781
202607210506,   4.036,9999.000,9999.000,9999.000,9999.000,9999.000,9999.000,9999.000,9999.000
202607210512,   4.066,9999.000,9999.000,9999.000,9999.000,9999.000,9999.000,9999.000,9999.000
202607210518,   4.093,9999.000,9999.000,9999.000,9999.000,9999.000,9999.000,9999.000,9999.000
202607210524,   4.115,9999.000,9999.000,9999.000,9999.000,9999.000,9999.000,9999.000,9999.000
202607210530,   4.134,9999.000,9999.000,9999.000,9999.000,9999.000,9999.000,9999.000,9999.000
202607210536,   4.148,9999.000,9999.000,9999.000,9999.000,9999.000,9999.000,9999.000,9999.000
202607210542,   4.157,9999.000,9999.000,9999.000,9999.000,9999.000,9999.000,9999.000,9999.000
202607210548,   4.162,9999.000,9999.000,9999.000,9999.000,9999.000,9999.000,9999.000,9999.000
202607210554,   4.162,9999.000,9999.000,9999.000,9999.000,9999.000,9999.000,9999.000,9999.000
202607210600,   4.158,9999.000,   0.500,   0.185,   4.843,   0.400,   4.743,   0.700,   5.043
202607210606,   4.149,9999.000,9999.000,9999.000,9999.000,9999.000,9999.000,9999.000,9999.000
202607210612,   4.135,9999.000,9999.000,9999.000,9999.000,9999.000,9999.000,9999.000,9999.000
202607210618,   4.116,9999.000,9999.000,9999.000,9999.000,9999.000,9999.000,9999.000,9999.000
202607210624,   4.092,9999.000,9999.000,9999.000,9999.000,9999.000,9999.000,9999.000,9999.000
202607210630,   4.064,9999.000,9999.000,9999.000,9999.000,9999.000,9999.000,9999.000,9999.000
202607210636,   4.031,9999.000,9999.000,9999.000,9999.000,9999.000,9999.000,9999.000,9999.000
202607210642,   3.993,9999.000,9999.000,9999.000,9999.000,9999.000,9999.000,9999.000,9999.000
202607210648,   3.950,9999.000,9999.000,9999.000,9999.000,9999.000,9999.000,9999.000,9999.000
202607210654,   3.904,9999.000,9999.000,9999.000,9999.000,9999.000,9999.000,9999.000,9999.000
202607210700,   3.852,9999.000,   0.600,   0.279,   4.731,   0.400,   4.531,   0.700,   4.831
202607210706,   3.797,9999.000,9999.000,9999.000,9999.000,9999.000,9999.000,9999.000,9999.000
202607210712,   3.738,9999.000,9999.000,9999.000,9999.000,9999.000,9999.000,9999.000,9999.000
202607210718,   3.674,9999.000,9999.000,9999.000,9999.000,9999.000,9999.000,9999.000,9999.000
202607210724,   3.607,9999.000,9999.000,9999.000,9999.000,9999.000,9999.000,9999.000,9999.000
202607210730,   3.537,9999.000,9999.000,9999.000,9999.000,9999.000,9999.000,9999.000,9999.000
202607210736,   3.464,9999.000,9999.000,9999.000,9999.000,9999.000,9999.000,9999.000,9999.000
202607210742,   3.388,9999.000,9999.000,9999.000,9999.000,9999.000,9999.000,9999.000,9999.000
202607210748,   3.309,9999.000,9999.000,9999.000,9999.000,9999.000,9999.000,9999.000,9999.000
202607210754,   3.228,9999.000,9999.000,9999.000,9999.000,9999.000,9999.000,9999.000,9999.000
202607210800,   3.145,9999.000,   0.600,   0.347,   4.092,   0.400,   3.892,   0.700,   4.192
202607210806,   3.059,9999.000,9999.000,9999.000,9999.000,9999.000,9999.000,9999.000,9999.000
202607210812,   2.973,9999.000,9999.000,9999.000,9999.000,9999.000,9999.000,9999.000,9999.000
202607210818,   2.885,9999.000,9999.000,9999.000,9999.000,9999.000,9999.000,9999.000,9999.000
202607210824,   2.796,9999.000,9999.000,9999.000,9999.000,9999.000,9999.000,9999.000,9999.000
202607210830,   2.706,9999.000,9999.000,9999.000,9999.000,9999.000,9999.000,9999.000,9999.000
202607210836,   2.615,9999.000,9999.000,9999.000,9999.000,9999.000,9999.000,9999.000,9999.000
202607210842,   2.524,9999.000,9999.000,9999.000,9999.000,9999.000,9999.000,9999.000,9999.000
202607210848,   2.433,9999.000,9999.000,9999.000,9999.000,9999.000,9999.000,9999.000,9999.000
202607210854,   2.341,9999.000,9999.000,9999.000,9999.000,9999.000,9999.000,9999.000,9999.000
202607210900,   2.250,9999.000,   0.600,   0.347,   3.197,   0.400,   2.997,   0.700,   3.297
202607210906,   2.160,9999.000,9999.000,9999.000,9999.000,9999.000,9999.000,9999.000,9999.000
202607210912,   2.070,9999.000,9999.000,9999.000,9999.000,9999.000,9999.000,9999.000,9999.000
202607210918,   1.981,9999.000,9999.000,9999.000,9999.000,9999.000,9999.000,9999.000,9999.000
202607210924,   1.893,9999.000,9999.000,9999.000,9999.000,9999.000,9999.000,9999.000,9999.000
202607210930,   1.806,9999.000,9999.000,9999.000,9999.000,9999.000,9999.000,9999.000,9999.000
202607210936,   1.720,9999.000,9999.000,9999.000,9999.000,9999.000,9999.000,9999.000,9999.000
202607210942,   1.636,9999.000,9999.000,9999.000,9999.000,9999.000,9999.000,9999.000,9999.000
202607210948,   1.554,9999.000,9999.000,9999.000,9999.000,9999.000,9999.000,9999.000,9999.000
202607210954,   1.474,9999.000,9999.000,9999.000,9999.000,9999.000,9999.000,9999.000,9999.000
202607211000,   1.395,9999.000,   0.600,   0.268,   2.263,   0.400,   2.063,   0.700,   2.363
202607211006,   1.319,9999.000,9999.000,9999.000,9999.000,9999.000,9999.000,9999.000,9999.000
202607211012,   1.246,9999.000,9999.000,9999.000,9999.000,9999.000,9999.000,9999.000,9999.000
202607211018,   1.175,9999.000,9999.000,9999.000,9999.000,9999.000,9999.000,9999.000,9999.000
202607211024,   1.107,9999.000,9999.000,9999.000,9999.000,9999.000,9999.000,9999.000,9999.000
202607211030,   1.042,9999.000,9999.000,9999.000,9999.000,9999.000,9999.000,9999.000,9999.000
202607211036,   0.980,9999.000,9999.000,9999.000,9999.000,9999.000,9999.000,9999.000,9999.000
202607211042,   0.922,9999.000,9999.000,9999.000,9999.000,9999.000,9999.000,9999.000,9999.000
202607211048,   0.867,9999.000,9999.000,9999.000,9999.000,9999.000,9999.000,9999.000,9999.000
202607211054,   0.817,9999.000,9999.000,9999.000,9999.000,9999.000,9999.000,9999.000,9999.000
202607211100,   0.770,9999.000,   0.600,   0.145,   1.515,   0.400,   1.315,   0.700,   1.615
202607211106,   0.727,9999.000,9999.000,9999.000,9999.000,9999.000,9999.000,9999.000,9999.000
202607211112,   0.689,9999.000,9999.000,9999.000,9999.000,9999.000,9999.000,9999.000,9999.000
202607211118,   0.655,9999.000,9999.000,9999.000,9999.000,9999.000,9999.000,9999.000,9999.000
202607211124,   0.626,9999.000,9999.000,9999.000,9999.000,9999.000,9999.000,9999.000,9999.000
202607211130,   0.601,9999.000,9999.000,9999.000,9999.000,9999.000,9999.000,9999.000,9999.000
202607211136,   0.581,9999.000,9999.000,9999.000,9999.000,9999.000,9999.000,9999.000,9999.000
202607211142,   0.567,9999.000,9999.000,9999.000,9999.000,9999.000,9999.000,9999.000,9999.000
202607211148,   0.557,9999.000,9999.000,9999.000,9999.000,9999.000,9999.000,9999.000,9999.000
202607211154,   0.552,9999.000,9999.000,9999.000,9999.000,9999.000,9999.000,9999.000,9999.000
202607211200,   0.552,9999.000,   0.600,   0.014,   1.166,   0.400,   0.966,   0.700,   1.266
202607211206,   0.557,9999.000,9999.000,9999.000,9999.000,9999.000,9999.000,9999.000,9999.000
202607211212,   0.567,9999.000,9999.000,9999.000,9999.000,9999.000,9999.000,9999.000,9999.000
202607211218,   0.583,9999.000,9999.000,9999.000,9999.000,9999.000,9999.000,9999.000,9999.000
202607211224,   0.603,9999.000,9999.000,9999.000,9999.000,9999.000,9999.000,9999.000,9999.000
202607211230,   0.628,9999.000,9999.000,9999.000,9999.000,9999.000,9999.000,9999.000,9999.000
202607211236,   0.657,9999.000,9999.000,9999.000,9999.000,9999.000,9999.000,9999.000,9999.000
202607211242,   0.692,9999.000,9999.000,9999.000,9999.000,9999.000,9999.000,9999.000,9999.000
202607211248,   0.731,9999.000,9999.000,9999.000,9999.000,9999.000,9999.000,9999.000,9999.000
202607211254,   0.774,9999.000,9999.000,9999.000,9999.000,9999.000,9999.000,9999.000,9999.000
202607211300,   0.822,9999.000,   0.600,  -0.102,   1.320,   0.400,   1.120,   0.700,   1.420
202607211306,   0.874,9999.000,9999.000,9999.000,9999.000,9999.000,9999.000,9999.000,9999.000
202607211312,   0.929,9999.000,9999.000,9999.000,9999.000,9999.000,9999.000,9999.000,9999.000
202607211318,   0.989,9999.000,9999.000,9999.000,9999.000,9999.000,9999.000,9999.000,9999.000
202607211324,   1.052,9999.000,9999.000,9999.000,9999.000,9999.000,9999.000,9999.000,9999.000
202607211330,   1.118,9999.000,9999.000,9999.000,9999.000,9999.000,9999.000,9999.000,9999.000
202607211336,   1.188,9999.000,9999.000,9999.000,9999.000,9999.000,9999.000,9999.000,9999.000
202607211342,   1.261,9999.000,9999.000,9999.000,9999.000,9999.000,9999.000,9999.000,9999.000
202607211348,   1.336,9999.000,9999.000,9999.000,9999.000,9999.000,9999.000,9999.000,9999.000
202607211354,   1.414,9999.000,9999.000,9999.000,9999.000,9999.000,9999.000,9999.000,9999.000
202607211400,   1.495,9999.000,   0.600,  -0.177,   1.918,   0.400,   1.718,   0.700,   2.018
202607211406,   1.577,9999.000,9999.000,9999.000,9999.000,9999.000,9999.000,9999.000,9999.000
202607211412,   1.662,9999.000,9999.000,9999.000,9999.000,9999.000,9999.000,9999.000,9999.000
202607211418,   1.748,9999.000,9999.000,9999.000,9999.000,9999.000,9999.000,9999.000,9999.000
202607211424,   1.836,9999.000,9999.000,9999.000,9999.000,9999.000,9999.000,9999.000,9999.000
202607211430,   1.925,9999.000,9999.000,9999.000,9999.000,9999.000,9999.000,9999.000,9999.000
202607211436,   2.015,9999.000,9999.000,9999.000,9999.000,9999.000,9999.000,9999.000,9999.000
202607211442,   2.106,9999.000,9999.000,9999.000,9999.000,9999.000,9999.000,9999.000,9999.000
202607211448,   2.198,9999.000,9999.000,9999.000,9999.000,9999.000,9999.000,9999.000,9999.000
202607211454,   2.291,9999.000,9999.000,9999.000,9999.000,9999.000,9999.000,9999.000,9999.000
202607211500,   2.383,9999.000,   0.600,  -0.191,   2.792,   0.400,   2.592,   0.700,   2.892
202607211506,   2.477,9999.000,9999.000,9999.000,9999.000,9999.000,9999.000,9999.000,9999.000
202607211512,   2.570,9999.000,9999.000,9999.000,9999.000,9999.000,9999.000,9999.000,9999.000
202607211518,   2.663,9999.000,9999.000,9999.000,9999.000,9999.000,9999.000,9999.000,9999.000
202607211524,   2.756,9999.000,9999.000,9999.000,9999.000,9999.000,9999.000,9999.000,9999.000
202607211530,   2.848,9999.000,9999.000,9999.000,9999.000,9999.000,9999.000,9999.000,9999.000
202607211536,   2.939,9999.000,9999.000,9999.000,9999.000,9999.000,9999.000,9999.000,9999.000
202607211542,   3.030,9999.000,9999.000,9999.000,9999.000,9999.000,9999.000,9999.000,9999.000
202607211548,   3.120,9999.000,9999.000,9999.000,9999.000,9999.000,9999.000,9999.000,9999.000
202607211554,   3.209,9999.000,9999.000,9999.000,9999.000,9999.000,9999.000,9999.000,9999.000
202607211600,   3.296,9999.000,   0.600,  -0.140,   3.756,   0.400,   3.556,   0.700,   3.856
202607211606,   3.382,9999.000,9999.000,9999.000,9999.000,9999.000,9999.000,9999.000,9999.000
202607211612,   3.466,9999.000,9999.000,9999.000,9999.000,9999.000,9999.000,9999.000,9999.000
202607211618,   3.549,9999.000,9999.000,9999.000,9999.000,9999.000,9999.000,9999.000,9999.000
202607211624,   3.630,9999.000,9999.000,9999.000,9999.000,9999.000,9999.000,9999.000,9999.000
202607211630,   3.709,9999.000,9999.000,9999.000,9999.000,9999.000,9999.000,9999.000,9999.000
202607211636,   3.785,9999.000,9999.000,9999.000,9999.000,9999.000,9999.000,9999.000,9999.000
202607211642,   3.859,9999.000,9999.000,9999.000,9999.000,9999.000,9999.000,9999.000,9999.000
202607211648,   3.931,9999.000,9999.000,9999.000,9999.000,9999.000,9999.000,9999.000,9999.000
202607211654,   4.000,9999.000,9999.000,9999.000,9999.000,9999.000,9999.000,9999.000,9999.000
202607211700,   4.066,9999.000,   0.600,  -0.042,   4.624,   0.400,   4.424,   0.700,   4.724
202607211706,   4.129,9999.000,9999.000,9999.000,9999.000,9999.000,9999.000,9999.000,9999.000
202607211712,   4.189,9999.000,9999.000,9999.000,9999.000,9999.000,9999.000,9999.000,9999.000
202607211718,   4.246,9999.000,9999.000,9999.000,9999.000,9999.000,9999.000,9999.000,9999.000
202607211724,   4.299,9999.000,9999.000,9999.000,9999.000,9999.000,9999.000,9999.000,9999.000
202607211730,   4.348,9999.000,9999.000,9999.000,9999.000,9999.000,9999.000,9999.000,9999.000
202607211736,   4.394,9999.000,9999.000,9999.000,9999.000,9999.000,9999.000,9999.000,9999.000
202607211742,   4.436,9999.000,9999.000,9999.000,9999.000,9999.000,9999.000,9999.000,9999.000
202607211748,   4.474,9999.000,9999.000,9999.000,9999.000,9999.000,9999.000,9999.000,9999.000
202607211754,   4.507,9999.000,9999.000,9999.000,9999.000,9999.000,9999.000,9999.000,9999.000
202607211800,   4.537,9999.000,   0.600,   0.069,   5.206,   0.400,   5.006,   0.700,   5.306
202607211806,   4.561,9999.000,9999.000,9999.000,9999.000,9999.000,9999.000,9999.000,9999.000
202607211812,   4.582,9999.000,9999.000,9999.000,9999.000,9999.000,9999.000,9999.000,9999.000
202607211818,   4.597,9999.000,9999.000,9999.000,9999.000,9999.000,9999.000,9999.000,9999.000
202607211824,   4.608,9999.000,9999.000,9999.000,9999.000,9999.000,9999.000,9999.000,9999.000
202607211830,   4.614,9999.000,9999.000,9999.000,9999.000,9999.000,9999.000,9999.000,9999.000
202607211836,   4.615,9999.000,9999.000,9999.000,9999.000,9999.000,9999.000,9999.000,9999.000
202607211842,   4.612,9999.000,9999.000,9999.000,9999.000,9999.000,9999.000,9999.000,9999.000
202607211848,   4.603,9999.000,9999.000,9999.000,9999.000,9999.000,9999.000,9999.000,9999.000
202607211854,   4.590,9999.000,9999.000,9999.000,9999.000,9999.000,9999.000,9999.000,9999.000
202607211900,   4.572,9999.000,   0.600,   0.147,   5.319,   0.400,   5.119,   0.700,   5.419
202607211906,   4.549,9999.000,9999.000,9999.000,9999.000,9999.000,9999.000,9999.000,9999.000
202607211912,   4.521,9999.000,9999.000,9999.000,9999.000,9999.000,9999.000,9999.000,9999.000
202607211918,   4.488,9999.000,9999.000,9999.000,9999.000,9999.000,9999.000,9999.000,9999.000
202607211924,   4.451,9999.000,9999.000,9999.000,9999.000,9999.000,9999.000,9999.000,9999.000
202607211930,   4.409,9999.000,9999.000,9999.000,9999.000,9999.000,9999.000,9999.000,9999.000
202607211936,   4.363,9999.000,9999.000,9999.000,9999.000,9999.000,9999.000,9999.000,9999.000
202607211942,   4.312,9999.000,9999.000,9999.000,9999.000,9999.000,9999.000,9999.000,9999.000
202607211948,   4.258,9999.000,9999.000,9999.000,9999.000,9999.000,9999.000,9999.000,9999.000
202607211954,   4.199,9999.000,9999.000,9999.000,9999.000,9999.000,9999.000,9999.000,9999.000
202607212000,   4.137,9999.000,   0.600,   0.158,   4.895,   0.400,   4.695,   0.700,   4.995
202607212006,   4.071,9999.000,9999.000,9999.000,9999.000,9999.000,9999.000,9999.000,9999.000
202607212012,   4.002,9999.000,9999.000,9999.000,9999.000,9999.000,9999.000,9999.000,9999.000
202607212018,   3.930,9999.000,9999.000,9999.000,9999.000,9999.000,9999.000,9999.000,9999.000
202607212024,   3.855,9999.000,9999.000,9999.000,9999.000,9999.000,9999.000,9999.000,9999.000
202607212030,   3.777,9999.000,9999.000,9999.000,9999.000,9999.000,9999.000,9999.000,9999.000
202607212036,   3.697,9999.000,9999.000,9999.000,9999.000,9999.000,9999.000,9999.000,9999.000
202607212042,   3.615,9999.000,9999.000,9999.000,9999.000,9999.000,9999.000,9999.000,9999.000
202607212048,   3.531,9999.000,9999.000,9999.000,9999.000,9999.000,9999.000,9999.000,9999.000
202607212054,   3.445,9999.000,9999.000,9999.000,9999.000,9999.000,9999.000,9999.000,9999.000
202607212100,   3.357,9999.000,   0.600,   0.117,   4.074,   0.400,   3.874,   0.700,   4.174
202607212106,   3.269,9999.000,9999.000,9999.000,9999.000,9999.000,9999.000,9999.000,9999.000
202607212112,   3.179,9999.000,9999.000,9999.000,9999.000,9999.000,9999.000,9999.000,9999.000
202607212118,   3.089,9999.000,9999.000,9999.000,9999.000,9999.000,9999.000,9999.000,9999.000
202607212124,   2.997,9999.000,9999.000,9999.000,9999.000,9999.000,9999.000,9999.000,9999.000
202607212130,   2.906,9999.000,9999.000,9999.000,9999.000,9999.000,9999.000,9999.000,9999.000
202607212136,   2.814,9999.000,9999.000,9999.000,9999.000,9999.000,9999.000,9999.000,9999.000
202607212142,   2.723,9999.000,9999.000,9999.000,9999.000,9999.000,9999.000,9999.000,9999.000
202607212148,   2.632,9999.000,9999.000,9999.000,9999.000,9999.000,9999.000,9999.000,9999.000
202607212154,   2.541,9999.000,9999.000,9999.000,9999.000,9999.000,9999.000,9999.000,9999.000
202607212200,   2.451,9999.000,   0.600,   0.069,   3.120,   0.400,   2.920,   0.800,   3.320
202607212206,   2.362,9999.000,9999.000,9999.000,9999.000,9999.000,9999.000,9999.000,9999.000
202607212212,   2.274,9999.000,9999.000,9999.000,9999.000,9999.000,9999.000,9999.000,9999.000
202607212218,   2.187,9999.000,9999.000,9999.000,9999.000,9999.000,9999.000,9999.000,9999.000
202607212224,   2.103,9999.000,9999.000,9999.000,9999.000,9999.000,9999.000,9999.000,9999.000
202607212230,   2.019,9999.000,9999.000,9999.000,9999.000,9999.000,9999.000,9999.000,9999.000
202607212236,   1.938,9999.000,9999.000,9999.000,9999.000,9999.000,9999.000,9999.000,9999.000
202607212242,   1.859,9999.000,9999.000,9999.000,9999.000,9999.000,9999.000,9999.000,9999.000
202607212248,   1.783,9999.000,9999.000,9999.000,9999.000,9999.000,9999.000,9999.000,9999.000
202607212254,   1.709,9999.000,9999.000,9999.000,9999.000,9999.000,9999.000,9999.000,9999.000
202607212300,   1.638,9999.000,   0.500,   0.024,   2.162,   0.400,   2.062,   0.700,   2.362
202607212306,   1.571,9999.000,9999.000,9999.000,9999.000,9999.000,9999.000,9999.000,9999.000
202607212312,   1.506,9999.000,9999.000,9999.000,9999.000,9999.000,9999.000,9999.000,9999.000
202607212318,   1.445,9999.000,9999.000,9999.000,9999.000,9999.000,9999.000,9999.000,9999.000
202607212324,   1.388,9999.000,9999.000,9999.000,9999.000,9999.000,9999.000,9999.000,9999.000
202607212330,   1.334,9999.000,9999.000,9999.000,9999.000,9999.000,9999.000,9999.000,9999.000
202607212336,   1.284,9999.000,9999.000,9999.000,9999.000,9999.000,9999.000,9999.000,9999.000
202607212342,   1.239,9999.000,9999.000,9999.000,9999.000,9999.000,9999.000,9999.000,9999.000
202607212348,   1.197,9999.000,9999.000,9999.000,9999.000,9999.000,9999.000,9999.000,9999.000
202607212354,   1.160,9999.000,9999.000,9999.000,9999.000,9999.000,9999.000,9999.000,9999.000
202607220000,   1.127,9999.000,   0.500,   0.024,   1.651,   0.300,   1.451,   0.700,   1.851
