        TIME,    TIDE,      OB,   SURGE,    BIAS,     TWL,SURGE90p,  TWL90p,SURGE10p,   TWL10p
202607250600,   1.922,9999.000,   0.400,9999.000,   2.322,   0.300,   2.222,   0.400,   2.322
202607250606,   1.975,9999.000,9999.000,9999.000,9999.000,9999.000,9999.000,9999.000,9999.000
202607250612,   2.030,9999.000,9999.000,9999.000,9999.000,9999.000,9999.000,9999.000,9999.000
202607250618,   2.084,9999.000,9999.000,9999.000,9999.000,9999.000,9999.000,9999.000,9999.000
202607250624,   2.140,9999.000,9999.000,9999.000,9999.000,9999.000,9999.000,9999.000,9999.000
202607250630,   2.196,9999.000,9999.000,9999.000,9999.000,9999.000,9999.000,9999.000,9999.000
202607250636,   2.252,9999.000,9999.000,9999.000,9999.000,9999.000,9999.000,9999.000,9999.000
202607250642,   2.309,9999.000,9999.000,9999.000,9999.000,9999.000,9999.000,9999.000,9999.000
202607250648,   2.366,9999.000,9999.000,9999.000,9999.000,9999.000,9999.000,9999.000,9999.000
202607250654,   2.423,9999.000,9999.000,9999.000,9999.000,9999.000,9999.000,9999.000,9999.000
202607250700,   2.480,   2.879,   0.400,  -0.001,   2.879,   0.300,   2.779,   0.400,   2.879
202607250706,   2.537,   2.968,9999.000,9999.000,9999.000,9999.000,9999.000,9999.000,9999.000
202607250712,   2.594,   3.040,9999.000,9999.000,9999.000,9999.000,9999.000,9999.000,9999.000
202607250718,   2.650,   3.079,9999.000,9999.000,9999.000,9999.000,9999.000,9999.000,9999.000
202607250724,   2.705,   3.129,9999.000,9999.000,9999.000,9999.000,9999.000,9999.000,9999.000
202607250730,   2.760,   3.207,9999.000,9999.000,9999.000,9999.000,9999.000,9999.000,9999.000
202607250736,   2.813,   3.279,9999.000,9999.000,9999.000,9999.000,9999.000,9999.000,9999.000
202607250742,   2.865,   3.250,9999.000,9999.000,9999.000,9999.000,9999.000,9999.000,9999.000
202607250748,   2.915,   3.339,9999.000,9999.000,9999.000,9999.000,9999.000,9999.000,9999.000
202607250754,   2.964,   3.348,9999.000,9999.000,9999.000,9999.000,9999.000,9999.000,9999.000
202607250800,   3.010,   3.388,   0.400,  -0.022,   3.388,   0.400,   3.388,   0.400,   3.388
202607250806,   3.053,   3.489,9999.000,9999.000,9999.000,9999.000,9999.000,9999.000,9999.000
202607250812,   3.093,   3.509,9999.000,9999.000,9999.000,9999.000,9999.000,9999.000,9999.000
202607250818,   3.131,   3.558,9999.000,9999.000,9999.000,9999.000,9999.000,9999.000,9999.000
202607250824,   3.165,   3.529,9999.000,9999.000,9999.000,9999.000,9999.000,9999.000,9999.000
202607250830,   3.196,   3.598,9999.000,9999.000,9999.000,9999.000,9999.000,9999.000,9999.000
202607250836,   3.222,   3.637,9999.000,9999.000,9999.000,9999.000,9999.000,9999.000,9999.000
202607250842,   3.245,   3.660,9999.000,9999.000,9999.000,9999.000,9999.000,9999.000,9999.000
202607250848,   3.264,   3.729,9999.000,9999.000,9999.000,9999.000,9999.000,9999.000,9999.000
202607250854,   3.278,   3.749,9999.000,9999.000,9999.000,9999.000,9999.000,9999.000,9999.000
202607250900,   3.289,   3.798,   0.400,   0.109,   3.798,   0.400,   3.798,   0.400,   3.798
202607250906,   3.294,   3.788,9999.000,9999.000,9999.000,9999.000,9999.000,9999.000,9999.000
202607250912,   3.296,   3.837,9999.000,9999.000,9999.000,9999.000,9999.000,9999.000,9999.000
202607250918,   3.293,   3.860,9999.000,9999.000,9999.000,9999.000,9999.000,9999.000,9999.000
202607250924,   3.285,   3.817,9999.000,9999.000,9999.000,9999.000,9999.000,9999.000,9999.000
202607250930,   3.274,   3.870,9999.000,9999.000,9999.000,9999.000,9999.000,9999.000,9999.000
202607250936,   3.258,   3.860,9999.000,9999.000,9999.000,9999.000,9999.000,9999.000,9999.000
202607250942,   3.238,   3.890,9999.000,9999.000,9999.000,9999.000,9999.000,9999.000,9999.000
202607250948,   3.215,   3.870,9999.000,9999.000,9999.000,9999.000,9999.000,9999.000,9999.000
202607250954,   3.188,   3.847,9999.000,9999.000,9999.000,9999.000,9999.000,9999.000,9999.000
202607251000,   3.157,   3.808,   0.400,   0.251,   3.808,   0.400,   3.808,   0.500,   3.908
202607251006,   3.124,   3.817,9999.000,9999.000,9999.000,9999.000,9999.000,9999.000,9999.000
202607251012,   3.088,   3.778,9999.000,9999.000,9999.000,9999.000,9999.000,9999.000,9999.000
202607251018,   3.049,   3.758,9999.000,9999.000,9999.000,9999.000,9999.000,9999.000,9999.000
202607251024,   3.007,   3.739,9999.000,9999.000,9999.000,9999.000,9999.000,9999.000,9999.000
202607251030,   2.964,   3.729,9999.000,9999.000,9999.000,9999.000,9999.000,9999.000,9999.000
202607251036,   2.919,   3.588,9999.000,9999.000,9999.000,9999.000,9999.000,9999.000,9999.000
202607251042,   2.872,   3.539,9999.000,9999.000,9999.000,9999.000,9999.000,9999.000,9999.000
202607251048,   2.824,   3.499,9999.000,9999.000,9999.000,9999.000,9999.000,9999.000,9999.000
202607251054,   2.774,   3.450,9999.000,9999.000,9999.000,9999.000,9999.000,9999.000,9999.000
202607251100,   2.724,   3.427,   0.500,   0.203,   3.427,   0.400,   3.327,   0.500,   3.427
202607251106,   2.673,   3.368,9999.000,9999.000,9999.000,9999.000,9999.000,9999.000,9999.000
202607251112,   2.621,   3.339,9999.000,9999.000,9999.000,9999.000,9999.000,9999.000,9999.000
202607251118,   2.569,   3.217,9999.000,9999.000,9999.000,9999.000,9999.000,9999.000,9999.000
202607251124,   2.516,   3.168,9999.000,9999.000,9999.000,9999.000,9999.000,9999.000,9999.000
202607251130,   2.463,   3.099,9999.000,9999.000,9999.000,9999.000,9999.000,9999.000,9999.000
202607251136,   2.409,   3.050,9999.000,9999.000,9999.000,9999.000,9999.000,9999.000,9999.000
202607251142,   2.355,   3.017,9999.000,9999.000,9999.000,9999.000,9999.000,9999.000,9999.000
202607251148,   2.301,   2.988,9999.000,9999.000,9999.000,9999.000,9999.000,9999.000,9999.000
202607251154,   2.247,   2.919,9999.000,9999.000,9999.000,9999.000,9999.000,9999.000,9999.000
202607251200,   2.192,   2.840,   0.400,   0.248,   2.840,   0.400,   2.840,   0.500,   2.940
202607251206,   2.137,   2.787,9999.000,9999.000,9999.000,9999.000,9999.000,9999.000,9999.000
202607251212,   2.082,   2.768,9999.000,9999.000,9999.000,9999.000,9999.000,9999.000,9999.000
202607251218,   2.027,   2.669,9999.000,9999.000,9999.000,9999.000,9999.000,9999.000,9999.000
202607251224,   1.971,   2.679,9999.000,9999.000,9999.000,9999.000,9999.000,9999.000,9999.000
202607251230,   1.915,   2.558,9999.000,9999.000,9999.000,9999.000,9999.000,9999.000,9999.000
202607251236,   1.859,   2.519,9999.000,9999.000,9999.000,9999.000,9999.000,9999.000,9999.000
202607251242,   1.803,   2.430,9999.000,9999.000,9999.000,9999.000,9999.000,9999.000,9999.000
202607251248,   1.747,   2.387,9999.000,9999.000,9999.000,9999.000,9999.000,9999.000,9999.000
202607251254,   1.690,   2.348,9999.000,9999.000,9999.000,9999.000,9999.000,9999.000,9999.000
202607251300,   1.634,   2.309,   0.500,   0.175,   2.309,   0.400,   2.209,   0.500,   2.309
202607251306,   1.578,   2.220,9999.000,9999.000,9999.000,9999.000,9999.000,9999.000,9999.000
202607251312,   1.523,   2.168,9999.000,9999.000,9999.000,9999.000,9999.000,9999.000,9999.000
202607251318,   1.468,   2.069,9999.000,9999.000,9999.000,9999.000,9999.000,9999.000,9999.000
202607251324,   1.414,   2.040,9999.000,9999.000,9999.000,9999.000,9999.000,9999.000,9999.000
202607251330,   1.361,   2.010,9999.000,9999.000,9999.000,9999.000,9999.000,9999.000,9999.000
202607251336,   1.309,   1.967,9999.000,9999.000,9999.000,9999.000,9999.000,9999.000,9999.000
202607251342,   1.259,   1.918,9999.000,9999.000,9999.000,9999.000,9999.000,9999.000,9999.000
202607251348,   1.210,   1.908,9999.000,9999.000,9999.000,9999.000,9999.000,9999.000,9999.000
202607251354,   1.164,   1.830,9999.000,9999.000,9999.000,9999.000,9999.000,9999.000,9999.000
202607251400,   1.120,   1.781,   0.500,   0.161,   1.781,   0.500,   1.781,   0.500,   1.781
202607251406,   1.078,   1.728,9999.000,9999.000,9999.000,9999.000,9999.000,9999.000,9999.000
202607251412,   1.040,   1.738,9999.000,9999.000,9999.000,9999.000,9999.000,9999.000,9999.000
202607251418,   1.004,   1.708,9999.000,9999.000,9999.000,9999.000,9999.000,9999.000,9999.000
202607251424,   0.972,   1.689,9999.000,9999.000,9999.000,9999.000,9999.000,9999.000,9999.000
202607251430,   0.943,   1.630,9999.000,9999.000,9999.000,9999.000,9999.000,9999.000,9999.000
202607251436,   0.918,   1.571,9999.000,9999.000,9999.000,9999.000,9999.000,9999.000,9999.000
202607251442,   0.898,   1.571,9999.000,9999.000,9999.000,9999.000,9999.000,9999.000,9999.000
202607251448,   0.881,   1.459,9999.000,9999.000,9999.000,9999.000,9999.000,9999.000,9999.000
202607251454,   0.869,   1.459,9999.000,9999.000,9999.000,9999.000,9999.000,9999.000,9999.000
202607251500,   0.861,   1.548,   0.500,   0.187,   1.548,   0.500,   1.548,   0.600,   1.648
202607251506,   0.857,   1.580,9999.000,9999.000,9999.000,9999.000,9999.000,9999.000,9999.000
202607251512,   0.859,   1.489,9999.000,9999.000,9999.000,9999.000,9999.000,9999.000,9999.000
202607251518,   0.864,   1.469,9999.000,9999.000,9999.000,9999.000,9999.000,9999.000,9999.000
202607251524,   0.874,   1.449,9999.000,9999.000,9999.000,9999.000,9999.000,9999.000,9999.000
202607251530,   0.889,   1.498,9999.000,9999.000,9999.000,9999.000,9999.000,9999.000,9999.000
202607251536,   0.908,   1.548,9999.000,9999.000,9999.000,9999.000,9999.000,9999.000,9999.000
202607251542,   0.932,   1.580,9999.000,9999.000,9999.000,9999.000,9999.000,9999.000,9999.000
202607251548,   0.960,   1.610,9999.000,9999.000,9999.000,9999.000,9999.000,9999.000,9999.000
202607251554,   0.992,   1.649,9999.000,9999.000,9999.000,9999.000,9999.000,9999.000,9999.000
202607251600,   1.027,   1.620,   0.500,   0.093,   1.620,   0.500,   1.620,   0.600,   1.720
202607251606,   1.067,   1.620,9999.000,9999.000,9999.000,9999.000,9999.000,9999.000,9999.000
202607251612,   1.110,   1.679,9999.000,9999.000,9999.000,9999.000,9999.000,9999.000,9999.000
202607251618,   1.157,   1.679,9999.000,9999.000,9999.000,9999.000,9999.000,9999.000,9999.000
202607251624,   1.207,   1.800,9999.000,9999.000,9999.000,9999.000,9999.000,9999.000,9999.000
202607251630,   1.259,   1.899,9999.000,9999.000,9999.000,9999.000,9999.000,9999.000,9999.000
202607251636,   1.315,   1.958,9999.000,9999.000,9999.000,9999.000,9999.000,9999.000,9999.000
202607251642,   1.373,   2.040,9999.000,9999.000,9999.000,9999.000,9999.000,9999.000,9999.000
202607251648,   1.433,   2.030,9999.000,9999.000,9999.000,9999.000,9999.000,9999.000,9999.000
202607251654,   1.496,   2.020,9999.000,9999.000,9999.000,9999.000,9999.000,9999.000,9999.000
202607251700,   1.560,   2.079,   0.600,  -0.081,   2.079,   0.500,   1.979,   0.600,   2.079
202607251706,   1.627,   2.191,9999.000,9999.000,9999.000,9999.000,9999.000,9999.000,9999.000
202607251712,   1.694,   2.328,9999.000,9999.000,9999.000,9999.000,9999.000,9999.000,9999.000
202607251718,   1.763,   2.410,9999.000,9999.000,9999.000,9999.000,9999.000,9999.000,9999.000
202607251724,   1.834,   2.509,9999.000,9999.000,9999.000,9999.000,9999.000,9999.000,9999.000
202607251730,   1.905,   2.509,9999.000,9999.000,9999.000,9999.000,9999.000,9999.000,9999.000
202607251736,   1.977,   2.568,9999.000,9999.000,9999.000,9999.000,9999.000,9999.000,9999.000
202607251742,   2.050,   2.689,9999.000,9999.000,9999.000,9999.000,9999.000,9999.000,9999.000
202607251748,   2.124,   2.738,9999.000,9999.000,9999.000,9999.000,9999.000,9999.000,9999.000
202607251754,   2.199,   2.820,9999.000,9999.000,9999.000,9999.000,9999.000,9999.000,9999.000
202607251800,   2.274,   2.929,   0.700,  -0.045,   2.929,   0.600,   2.829,   0.700,   2.929
202607251806,   2.349,   3.030,9999.000,9999.000,9999.000,9999.000,9999.000,9999.000,9999.000
202607251812,   2.425,   3.089,9999.000,9999.000,9999.000,9999.000,9999.000,9999.000,9999.000
202607251818,   2.501,   3.158,9999.000,9999.000,9999.000,9999.000,9999.000,9999.000,9999.000
202607251824,   2.577,   3.270,9999.000,9999.000,9999.000,9999.000,9999.000,9999.000,9999.000
202607251830,   2.654,   3.358,9999.000,9999.000,9999.000,9999.000,9999.000,9999.000,9999.000
202607251836,   2.731,   3.450,9999.000,9999.000,9999.000,9999.000,9999.000,9999.000,9999.000
202607251842,   2.808,   3.548,9999.000,9999.000,9999.000,9999.000,9999.000,9999.000,9999.000
202607251848,   2.885,   3.617,9999.000,9999.000,9999.000,9999.000,9999.000,9999.000,9999.000
202607251854,   2.962,   3.689,9999.000,9999.000,9999.000,9999.000,9999.000,9999.000,9999.000
202607251900,   3.039,   3.749,   0.700,   0.010,   3.749,   0.600,   3.649,   0.700,   3.749
202607251906,   3.116,   3.847,9999.000,9999.000,9999.000,9999.000,9999.000,9999.000,9999.000
202607251912,   3.192,   3.890,9999.000,9999.000,9999.000,9999.000,9999.000,9999.000,9999.000
202607251918,   3.268,   4.008,9999.000,9999.000,9999.000,9999.000,9999.000,9999.000,9999.000
202607251924,   3.343,   4.090,9999.000,9999.000,9999.000,9999.000,9999.000,9999.000,9999.000
202607251930,   3.418,   4.139,9999.000,9999.000,9999.000,9999.000,9999.000,9999.000,9999.000
202607251936,   3.492,   4.188,9999.000,9999.000,9999.000,9999.000,9999.000,9999.000,9999.000
202607251942,   3.564,   4.267,9999.000,9999.000,9999.000,9999.000,9999.000,9999.000,9999.000
202607251948,   3.636,   4.339,9999.000,9999.000,9999.000,9999.000,9999.000,9999.000,9999.000
202607251954,   3.705,   4.398,9999.000,9999.000,9999.000,9999.000,9999.000,9999.000,9999.000
202607252000,   3.773,   4.457,   0.700,  -0.016,   4.457,   0.700,   4.457,   0.800,   4.557
202607252006,   3.839,   4.519,9999.000,9999.000,9999.000,9999.000,9999.000,9999.000,9999.000
202607252012,   3.903,   4.559,9999.000,9999.000,9999.000,9999.000,9999.000,9999.000,9999.000
202607252018,   3.964,   4.637,9999.000,9999.000,9999.000,9999.000,9999.000,9999.000,9999.000
202607252024,   4.022,   4.657,9999.000,9999.000,9999.000,9999.000,9999.000,9999.000,9999.000
202607252030,   4.077,   4.739,9999.000,9999.000,9999.000,9999.000,9999.000,9999.000,9999.000
202607252036,   4.128,   4.729,9999.000,9999.000,9999.000,9999.000,9999.000,9999.000,9999.000
202607252042,   4.176,   4.788,9999.000,9999.000,9999.000,9999.000,9999.000,9999.000,9999.000
202607252048,   4.220,   4.867,9999.000,9999.000,9999.000,9999.000,9999.000,9999.000,9999.000
202607252054,   4.259,   4.867,9999.000,9999.000,9999.000,9999.000,9999.000,9999.000,9999.000
202607252100,   4.294,   4.919,   0.700,  -0.075,   4.919,   0.700,   4.919,   0.800,   5.019
202607252106,   4.325,   4.949,9999.000,9999.000,9999.000,9999.000,9999.000,9999.000,9999.000
202607252112,   4.350,   4.939,9999.000,9999.000,9999.000,9999.000,9999.000,9999.000,9999.000
202607252118,   4.371,   5.018,9999.000,9999.000,9999.000,9999.000,9999.000,9999.000,9999.000
202607252124,   4.387,   5.028,9999.000,9999.000,9999.000,9999.000,9999.000,9999.000,9999.000
202607252130,   4.398,   5.047,9999.000,9999.000,9999.000,9999.000,9999.000,9999.000,9999.000
202607252136,   4.403,   5.038,9999.000,9999.000,9999.000,9999.000,9999.000,9999.000,9999.000
202607252142,   4.403,   5.008,9999.000,9999.000,9999.000,9999.000,9999.000,9999.000,9999.000
202607252148,   4.399,   5.038,9999.000,9999.000,9999.000,9999.000,9999.000,9999.000,9999.000
202607252154,   4.389,   5.038,9999.000,9999.000,9999.000,9999.000,9999.000,9999.000,9999.000
202607252200,   4.374,   5.028,   0.700,  -0.046,   5.028,   0.700,   5.028,   0.800,   5.128
202607252206,   4.354,   5.047,9999.000,9999.000,9999.000,9999.000,9999.000,9999.000,9999.000
202607252212,   4.330,   5.018,9999.000,9999.000,9999.000,9999.000,9999.000,9999.000,9999.000
202607252218,   4.301,   4.969,9999.000,9999.000,9999.000,9999.000,9999.000,9999.000,9999.000
202607252224,   4.269,   4.979,9999.000,9999.000,9999.000,9999.000,9999.000,9999.000,9999.000
202607252230,   4.232,   4.939,9999.000,9999.000,9999.000,9999.000,9999.000,9999.000,9999.000
202607252236,   4.191,   4.929,9999.000,9999.000,9999.000,9999.000,9999.000,9999.000,9999.000
202607252242,   4.147,   4.900,9999.000,9999.000,9999.000,9999.000,9999.000,9999.000,9999.000
202607252248,   4.100,   4.857,9999.000,9999.000,9999.000,9999.000,9999.000,9999.000,9999.000
202607252254,   4.049,   4.769,9999.000,9999.000,9999.000,9999.000,9999.000,9999.000,9999.000
202607252300,   3.996,   4.710,   0.700,   0.014,   4.710,   0.700,   4.710,   0.800,   4.810
202607252306,   3.941,   4.657,9999.000,9999.000,9999.000,9999.000,9999.000,9999.000,9999.000
202607252312,   3.883,   4.588,9999.000,9999.000,9999.000,9999.000,9999.000,9999.000,9999.000
202607252318,   3.823,   4.588,9999.000,9999.000,9999.000,9999.000,9999.000,9999.000,9999.000
202607252324,   3.761,   4.519,9999.000,9999.000,9999.000,9999.000,9999.000,9999.000,9999.000
202607252330,   3.698,   4.408,9999.000,9999.000,9999.000,9999.000,9999.000,9999.000,9999.000
202607252336,   3.633,   4.267,9999.000,9999.000,9999.000,9999.000,9999.000,9999.000,9999.000
202607252342,   3.567,   4.227,9999.000,9999.000,9999.000,9999.000,9999.000,9999.000,9999.000
202607252348,   3.500,   4.178,9999.000,9999.000,9999.000,9999.000,9999.000,9999.000,9999.000
202607252354,   3.432,   4.139,9999.000,9999.000,9999.000,9999.000,9999.000,9999.000,9999.000
202607260000,   3.362,   4.070,   0.700,   0.008,   4.070,   0.600,   3.970,   0.800,   4.170
202607260006,   3.292,   4.008,9999.000,9999.000,9999.000,9999.000,9999.000,9999.000,9999.000
202607260012,   3.221,   3.899,9999.000,9999.000,9999.000,9999.000,9999.000,9999.000,9999.000
202607260018,   3.148,   3.798,9999.000,9999.000,9999.000,9999.000,9999.000,9999.000,9999.000
202607260024,   3.075,   3.699,9999.000,9999.000,9999.000,9999.000,9999.000,9999.000,9999.000
202607260030,   3.001,   3.627,9999.000,9999.000,9999.000,9999.000,9999.000,9999.000,9999.000
202607260036,   2.927,   3.548,9999.000,9999.000,9999.000,9999.000,9999.000,9999.000,9999.000
202607260042,   2.851,   3.509,9999.000,9999.000,9999.000,9999.000,9999.000,9999.000,9999.000
202607260048,   2.775,   3.398,9999.000,9999.000,9999.000,9999.000,9999.000,9999.000,9999.000
202607260054,   2.697,   3.309,9999.000,9999.000,9999.000,9999.000,9999.000,9999.000,9999.000
202607260100,   2.620,   3.240,   0.700,  -0.080,   3.240,   0.700,   3.240,   0.800,   3.340
202607260106,   2.541,   3.138,9999.000,9999.000,9999.000,9999.000,9999.000,9999.000,9999.000
202607260112,   2.462,   3.070,9999.000,9999.000,9999.000,9999.000,9999.000,9999.000,9999.000
202607260118,   2.383,   2.997,9999.000,9999.000,9999.000,9999.000,9999.000,9999.000,9999.000
202607260124,   2.303,   2.958,9999.000,9999.000,9999.000,9999.000,9999.000,9999.000,9999.000
202607260130,   2.224,   2.889,9999.000,9999.000,9999.000,9999.000,9999.000,9999.000,9999.000
202607260136,   2.144,   2.820,9999.000,9999.000,9999.000,9999.000,9999.000,9999.000,9999.000
202607260142,   2.064,   2.699,9999.000,9999.000,9999.000,9999.000,9999.000,9999.000,9999.000
202607260148,   1.985,   2.610,9999.000,9999.000,9999.000,9999.000,9999.000,9999.000,9999.000
202607260154,   1.907,   2.519,9999.000,9999.000,9999.000,9999.000,9999.000,9999.000,9999.000
202607260200,   1.829,   2.450,   0.700,  -0.079,   2.450,   0.700,   2.450,   0.800,   2.550
202607260206,   1.753,   2.377,9999.000,9999.000,9999.000,9999.000,9999.000,9999.000,9999.000
202607260212,   1.678,   2.338,9999.000,9999.000,9999.000,9999.000,9999.000,9999.000,9999.000
202607260218,   1.605,   2.240,9999.000,9999.000,9999.000,9999.000,9999.000,9999.000,9999.000
202607260224,   1.534,   2.158,9999.000,9999.000,9999.000,9999.000,9999.000,9999.000,9999.000
202607260230,   1.466,   2.109,9999.000,9999.000,9999.000,9999.000,9999.000,9999.000,9999.000
202607260236,   1.399,   2.059,9999.000,9999.000,9999.000,9999.000,9999.000,9999.000,9999.000
202607260242,   1.336,   1.981,9999.000,9999.000,9999.000,9999.000,9999.000,9999.000,9999.000
202607260248,   1.276,   1.928,9999.000,9999.000,9999.000,9999.000,9999.000,9999.000,9999.000
202607260254,   1.220,   1.840,9999.000,9999.000,9999.000,9999.000,9999.000,9999.000,9999.000
202607260300,   1.167,   1.820,   0.700,  -0.047,   1.820,   0.700,   1.820,   0.800,   1.920
202607260306,   1.117,   1.748,9999.000,9999.000,9999.000,9999.000,9999.000,9999.000,9999.000
202607260312,   1.072,   1.669,9999.000,9999.000,9999.000,9999.000,9999.000,9999.000,9999.000
202607260318,   1.031,   1.620,9999.000,9999.000,9999.000,9999.000,9999.000,9999.000,9999.000
202607260324,   0.995,   1.620,9999.000,9999.000,9999.000,9999.000,9999.000,9999.000,9999.000
202607260330,   0.963,   1.557,9999.000,9999.000,9999.000,9999.000,9999.000,9999.000,9999.000
202607260336,   0.935,   1.528,9999.000,9999.000,9999.000,9999.000,9999.000,9999.000,9999.000
202607260342,   0.913,   1.469,9999.000,9999.000,9999.000,9999.000,9999.000,9999.000,9999.000
202607260348,   0.894,   1.469,9999.000,9999.000,9999.000,9999.000,9999.000,9999.000,9999.000
202607260354,   0.881,   1.469,9999.000,9999.000,9999.000,9999.000,9999.000,9999.000,9999.000
202607260400,   0.871,   1.449,   0.700,  -0.122,   1.449,   0.700,   1.449,   0.800,   1.549
202607260406,   0.867,   1.430,9999.000,9999.000,9999.000,9999.000,9999.000,9999.000,9999.000
202607260412,   0.867,   1.400,9999.000,9999.000,9999.000,9999.000,9999.000,9999.000,9999.000
202607260418,   0.871,   1.420,9999.000,9999.000,9999.000,9999.000,9999.000,9999.000,9999.000
202607260424,   0.879,   1.410,9999.000,9999.000,9999.000,9999.000,9999.000,9999.000,9999.000
202607260430,   0.891,   1.390,9999.000,9999.000,9999.000,9999.000,9999.000,9999.000,9999.000
202607260436,   0.907,   1.400,9999.000,9999.000,9999.000,9999.000,9999.000,9999.000,9999.000
202607260442,   0.927,   1.410,9999.000,9999.000,9999.000,9999.000,9999.000,9999.000,9999.000
202607260448,   0.951,   1.449,9999.000,9999.000,9999.000,9999.000,9999.000,9999.000,9999.000
202607260454,   0.977,   1.439,9999.000,9999.000,9999.000,9999.000,9999.000,9999.000,9999.000
202607260500,   1.007,   1.459,   0.700,  -0.248,   1.459,   0.700,   1.459,   0.800,   1.559
202607260506,   1.039,   1.489,9999.000,9999.000,9999.000,9999.000,9999.000,9999.000,9999.000
202607260512,   1.075,   1.489,9999.000,9999.000,9999.000,9999.000,9999.000,9999.000,9999.000
202607260518,   1.112,   1.548,9999.000,9999.000,9999.000,9999.000,9999.000,9999.000,9999.000
202607260524,   1.152,   1.557,9999.000,9999.000,9999.000,9999.000,9999.000,9999.000,9999.000
202607260530,   1.194,   1.620,9999.000,9999.000,9999.000,9999.000,9999.000,9999.000,9999.000
202607260536,   1.238,   1.669,9999.000,9999.000,9999.000,9999.000,9999.000,9999.000,9999.000
202607260542,   1.284,   1.708,9999.000,9999.000,9999.000,9999.000,9999.000,9999.000,9999.000
202607260548,   1.331,   1.758,9999.000,9999.000,9999.000,9999.000,9999.000,9999.000,9999.000
202607260554,   1.380,   1.849,9999.000,9999.000,9999.000,9999.000,9999.000,9999.000,9999.000
202607260600,   1.430,   1.918,   0.700,  -0.212,   1.918,   0.600,   1.818,   0.700,   1.918
202607260606,   1.481,   1.938,9999.000,9999.000,9999.000,9999.000,9999.000,9999.000,9999.000
202607260612,   1.534,   2.020,9999.000,9999.000,9999.000,9999.000,9999.000,9999.000,9999.000
202607260618,   1.587,   2.089,9999.000,9999.000,9999.000,9999.000,9999.000,9999.000,9999.000
202607260624,   1.641,   2.148,9999.000,9999.000,9999.000,9999.000,9999.000,9999.000,9999.000
202607260630,   1.696,   2.191,9999.000,9999.000,9999.000,9999.000,9999.000,9999.000,9999.000
202607260636,   1.752,   2.250,9999.000,9999.000,9999.000,9999.000,9999.000,9999.000,9999.000
202607260642,   1.809,   2.318,9999.000,9999.000,9999.000,9999.000,9999.000,9999.000,9999.000
202607260648,   1.866,   2.400,9999.000,9999.000,9999.000,9999.000,9999.000,9999.000,9999.000
202607260654,   1.924,   2.459,9999.000,9999.000,9999.000,9999.000,9999.000,9999.000,9999.000
202607260700,   1.982,   2.528,   0.700,  -0.154,   2.528,   0.600,   2.428,   0.700,   2.528
202607260706,   2.041,   2.597,9999.000,9999.000,9999.000,9999.000,9999.000,9999.000,9999.000
202607260712,   2.100,   2.689,9999.000,9999.000,9999.000,9999.000,9999.000,9999.000,9999.000
202607260718,   2.160,   2.738,9999.000,9999.000,9999.000,9999.000,9999.000,9999.000,9999.000
202607260724,   2.220,   2.840,9999.000,9999.000,9999.000,9999.000,9999.000,9999.000,9999.000
202607260730,   2.281,   2.889,9999.000,9999.000,9999.000,9999.000,9999.000,9999.000,9999.000
202607260736,   2.342,   2.968,9999.000,9999.000,9999.000,9999.000,9999.000,9999.000,9999.000
202607260742,   2.402,   3.040,9999.000,9999.000,9999.000,9999.000,9999.000,9999.000,9999.000
202607260748,   2.463,   3.089,9999.000,9999.000,9999.000,9999.000,9999.000,9999.000,9999.000
202607260754,   2.524,   3.158,9999.000,9999.000,9999.000,9999.000,9999.000,9999.000,9999.000
202607260800,   2.584,   3.230,   0.700,  -0.054,   3.230,   0.600,   3.130,   0.700,   3.230
202607260806,   2.644,   3.319,9999.000,9999.000,9999.000,9999.000,9999.000,9999.000,9999.000
202607260812,   2.703,   3.368,9999.000,9999.000,9999.000,9999.000,9999.000,9999.000,9999.000
202607260818,   2.761,   3.440,9999.000,9999.000,9999.000,9999.000,9999.000,9999.000,9999.000
202607260824,   2.817,   3.460,9999.000,9999.000,9999.000,9999.000,9999.000,9999.000,9999.000
202607260830,   2.873,   3.539,9999.000,9999.000,9999.000,9999.000,9999.000,9999.000,9999.000
202607260836,   2.927,   3.568,9999.000,9999.000,9999.000,9999.000,9999.000,9999.000,9999.000
202607260842,   2.979,   3.617,9999.000,9999.000,9999.000,9999.000,9999.000,9999.000,9999.000
202607260848,   3.028,   3.689,9999.000,9999.000,9999.000,9999.000,9999.000,9999.000,9999.000
202607260854,   3.076,   3.758,9999.000,9999.000,9999.000,9999.000,9999.000,9999.000,9999.000
202607260900,   3.120,   3.788,   0.700,  -0.032,   3.788,   0.600,   3.688,   0.700,   3.788
202607260906,   3.161,   3.827,9999.000,9999.000,9999.000,9999.000,9999.000,9999.000,9999.000
202607260912,   3.200,   3.880,9999.000,9999.000,9999.000,9999.000,9999.000,9999.000,9999.000
202607260918,   3.234,   3.909,9999.000,9999.000,9999.000,9999.000,9999.000,9999.000,9999.000
202607260924,   3.265,   3.958,9999.000,9999.000,9999.000,9999.000,9999.000,9999.000,9999.000
202607260930,   3.292,   3.998,9999.000,9999.000,9999.000,9999.000,9999.000,9999.000,9999.000
202607260936,   3.315,   4.047,9999.000,9999.000,9999.000,9999.000,9999.000,9999.000,9999.000
202607260942,   3.334,   4.070,9999.000,9999.000,9999.000,9999.000,9999.000,9999.000,9999.000
202607260948,   3.348,   4.109,9999.000,9999.000,9999.000,9999.000,9999.000,9999.000,9999.000
202607260954,   3.358,   4.109,9999.000,9999.000,9999.000,9999.000,9999.000,9999.000,9999.000
202607261000,   3.363,   4.109,   0.700,   0.046,   4.109,   0.600,   4.009,   0.700,   4.109
202607261006,   3.364,   4.139,9999.000,9999.000,9999.000,9999.000,9999.000,9999.000,9999.000
202607261012,   3.360,   4.168,9999.000,9999.000,9999.000,9999.000,9999.000,9999.000,9999.000
202607261018,   3.351,   4.159,9999.000,9999.000,9999.000,9999.000,9999.000,9999.000,9999.000
202607261024,   3.338,   4.168,9999.000,9999.000,9999.000,9999.000,9999.000,9999.000,9999.000
202607261030,   3.321,   4.159,9999.000,9999.000,9999.000,9999.000,9999.000,9999.000,9999.000
202607261036,   3.300,   4.139,9999.000,9999.000,9999.000,9999.000,9999.000,9999.000,9999.000
202607261042,   3.275,   4.129,9999.000,9999.000,9999.000,9999.000,9999.000,9999.000,9999.000
202607261048,   3.246,   4.099,9999.000,9999.000,9999.000,9999.000,9999.000,9999.000,9999.000
202607261054,   3.214,   4.070,9999.000,9999.000,9999.000,9999.000,9999.000,9999.000,9999.000
202607261100,   3.179,   4.027,   0.700,   0.148,   4.027,   0.600,   3.927,   0.700,   4.027
202607261106,   3.140,   3.978,9999.000,9999.000,9999.000,9999.000,9999.000,9999.000,9999.000
202607261112,   3.099,   3.909,9999.000,9999.000,9999.000,9999.000,9999.000,9999.000,9999.000
202607261118,   3.055,   3.847,9999.000,9999.000,9999.000,9999.000,9999.000,9999.000,9999.000
202607261124,   3.009,   3.827,9999.000,9999.000,9999.000,9999.000,9999.000,9999.000,9999.000
202607261130,   2.961,   3.749,9999.000,9999.000,9999.000,9999.000,9999.000,9999.000,9999.000
202607261136,   2.911,   3.709,9999.000,9999.000,9999.000,9999.000,9999.000,9999.000,9999.000
202607261142,   2.860,   3.627,9999.000,9999.000,9999.000,9999.000,9999.000,9999.000,9999.000
202607261148,   2.807,   3.578,9999.000,9999.000,9999.000,9999.000,9999.000,9999.000,9999.000
202607261154,   2.753,   3.519,9999.000,9999.000,9999.000,9999.000,9999.000,9999.000,9999.000
202607261200,   2.699,   3.460,   0.600,   0.161,   3.460,   0.600,   3.460,   0.700,   3.560
202607261206,   2.643,   3.407,9999.000,9999.000,9999.000,9999.000,9999.000,9999.000,9999.000
202607261212,   2.587,   3.358,9999.000,9999.000,9999.000,9999.000,9999.000,9999.000,9999.000
202607261218,   2.530,   3.289,9999.000,9999.000,9999.000,9999.000,9999.000,9999.000,9999.000
202607261224,   2.473,   3.250,9999.000,9999.000,9999.000,9999.000,9999.000,9999.000,9999.000
202607261230,   2.415,   3.188,9999.000,9999.000,9999.000,9999.000,9999.000,9999.000,9999.000
202607261236,   2.358,   3.129,9999.000,9999.000,9999.000,9999.000,9999.000,9999.000,9999.000
202607261242,   2.299,   3.079,9999.000,9999.000,9999.000,9999.000,9999.000,9999.000,9999.000
202607261248,   2.241,   3.040,9999.000,9999.000,9999.000,9999.000,9999.000,9999.000,9999.000
202607261254,   2.182,   2.958,9999.000,9999.000,9999.000,9999.000,9999.000,9999.000,9999.000
202607261300,   2.123,   2.909,   0.600,   0.186,   2.909,   0.600,   2.909,   0.700,   3.009
202607261306,   2.064,   2.869,9999.000,9999.000,9999.000,9999.000,9999.000,9999.000,9999.000
202607261312,   2.004,   2.797,9999.000,9999.000,9999.000,9999.000,9999.000,9999.000,9999.000
202607261318,   1.945,   2.748,9999.000,9999.000,9999.000,9999.000,9999.000,9999.000,9999.000
202607261324,   1.885,   2.679,9999.000,9999.000,9999.000,9999.000,9999.000,9999.000,9999.000
202607261330,   1.825,   2.630,9999.000,9999.000,9999.000,9999.000,9999.000,9999.000,9999.000
202607261336,   1.766,   2.568,9999.000,9999.000,9999.000,9999.000,9999.000,9999.000,9999.000
202607261342,   1.706,   2.528,9999.000,9999.000,9999.000,9999.000,9999.000,9999.000,9999.000
202607261348,   1.647,   2.459,9999.000,9999.000,9999.000,9999.000,9999.000,9999.000,9999.000
202607261354,   1.588,   2.410,9999.000,9999.000,9999.000,9999.000,9999.000,9999.000,9999.000
202607261400,   1.529,   2.318,   0.600,   0.189,   2.318,   0.600,   2.318,   0.700,   2.418
202607261406,   1.471,   2.269,9999.000,9999.000,9999.000,9999.000,9999.000,9999.000,9999.000
202607261412,   1.414,   2.230,9999.000,9999.000,9999.000,9999.000,9999.000,9999.000,9999.000
202607261418,   1.358,   2.210,9999.000,9999.000,9999.000,9999.000,9999.000,9999.000,9999.000
202607261424,   1.304,   2.138,9999.000,9999.000,9999.000,9999.000,9999.000,9999.000,9999.000
202607261430,   1.251,   2.079,9999.000,9999.000,9999.000,9999.000,9999.000,9999.000,9999.000
202607261436,   1.200,   2.079,9999.000,9999.000,9999.000,9999.000,9999.000,9999.000,9999.000
202607261442,   1.151,   2.010,9999.000,9999.000,9999.000,9999.000,9999.000,9999.000,9999.000
202607261448,   1.104,   1.967,9999.000,9999.000,9999.000,9999.000,9999.000,9999.000,9999.000
202607261454,   1.060,   1.938,9999.000,9999.000,9999.000,9999.000,9999.000,9999.000,9999.000
202607261500,   1.019,   1.889,   0.700,   0.170,   1.889,   0.600,   1.789,   0.700,   1.889
202607261506,   0.981,   1.869,9999.000,9999.000,9999.000,9999.000,9999.000,9999.000,9999.000
202607261512,   0.947,   1.830,9999.000,9999.000,9999.000,9999.000,9999.000,9999.000,9999.000
202607261518,   0.916,   1.790,9999.000,9999.000,9999.000,9999.000,9999.000,9999.000,9999.000
202607261524,   0.889,   1.748,9999.000,9999.000,9999.000,9999.000,9999.000,9999.000,9999.000
202607261530,   0.866,   1.728,9999.000,9999.000,9999.000,9999.000,9999.000,9999.000,9999.000
202607261536,   0.848,   1.699,9999.000,9999.000,9999.000,9999.000,9999.000,9999.000,9999.000
202607261542,   0.834,   1.679,9999.000,9999.000,9999.000,9999.000,9999.000,9999.000,9999.000
202607261548,   0.824,   1.639,9999.000,9999.000,9999.000,9999.000,9999.000,9999.000,9999.000
202607261554,   0.819,   1.620,9999.000,9999.000,9999.000,9999.000,9999.000,9999.000,9999.000
202607261600,   0.819,   1.610,   0.700,   0.091,   1.610,   0.600,   1.510,   0.700,   1.610
202607261606,   0.824,   1.620,9999.000,9999.000,9999.000,9999.000,9999.000,9999.000,9999.000
202607261612,   0.834,   1.590,9999.000,9999.000,9999.000,9999.000,9999.000,9999.000,9999.000
202607261618,   0.848,   1.610,9999.000,9999.000,9999.000,9999.000,9999.000,9999.000,9999.000
202607261624,   0.867,   1.630,9999.000,9999.000,9999.000,9999.000,9999.000,9999.000,9999.000
202607261630,   0.891,   1.620,9999.000,9999.000,9999.000,9999.000,9999.000,9999.000,9999.000
202607261636,   0.919,   1.649,9999.000,9999.000,9999.000,9999.000,9999.000,9999.000,9999.000
202607261642,   0.952,   1.659,9999.000,9999.000,9999.000,9999.000,9999.000,9999.000,9999.000
202607261648,   0.989,   1.659,9999.000,9999.000,9999.000,9999.000,9999.000,9999.000,9999.000
202607261654,   1.030,   1.699,9999.000,9999.000,9999.000,9999.000,9999.000,9999.000,9999.000
202607261700,   1.076,   1.728,   0.700,  -0.048,   1.728,   0.700,   1.728,   0.800,   1.828
202607261706,   1.124,   1.800,9999.000,9999.000,9999.000,9999.000,9999.000,9999.000,9999.000
202607261712,   1.177,   1.840,9999.000,9999.000,9999.000,9999.000,9999.000,9999.000,9999.000
202607261718,   1.232,   1.879,9999.000,9999.000,9999.000,9999.000,9999.000,9999.000,9999.000
202607261724,   1.291,   1.967,9999.000,9999.000,9999.000,9999.000,9999.000,9999.000,9999.000
202607261730,   1.352,   2.030,9999.000,9999.000,9999.000,9999.000,9999.000,9999.000,9999.000
202607261736,   1.416,   2.099,9999.000,9999.000,9999.000,9999.000,9999.000,9999.000,9999.000
202607261742,   1.483,   2.158,9999.000,9999.000,9999.000,9999.000,9999.000,9999.000,9999.000
202607261748,   1.551,   2.240,9999.000,9999.000,9999.000,9999.000,9999.000,9999.000,9999.000
202607261754,   1.622,   2.318,9999.000,9999.000,9999.000,9999.000,9999.000,9999.000,9999.000
202607261800,   1.694,   2.400,   0.700,   0.006,   2.400,   0.700,   2.400,   0.800,   2.500
202607261806,   1.767,   2.469,9999.000,9999.000,9999.000,9999.000,9999.000,9999.000,9999.000
202607261812,   1.842,   2.538,9999.000,9999.000,9999.000,9999.000,9999.000,9999.000,9999.000
202607261818,   1.918,   2.630,9999.000,9999.000,9999.000,9999.000,9999.000,9999.000,9999.000
202607261824,   1.995,   2.719,9999.000,9999.000,9999.000,9999.000,9999.000,9999.000,9999.000
202607261830,   2.072,   2.797,9999.000,9999.000,9999.000,9999.000,9999.000,9999.000,9999.000
202607261836,   2.150,   2.919,9999.000,9999.000,9999.000,9999.000,9999.000,9999.000,9999.000
202607261842,   2.229,   2.997,9999.000,9999.000,9999.000,9999.000,9999.000,9999.000,9999.000
202607261848,   2.308,   3.070,9999.000,9999.000,9999.000,9999.000,9999.000,9999.000,9999.000
202607261854,   2.388,   3.168,9999.000,9999.000,9999.000,9999.000,9999.000,9999.000,9999.000
202607261900,   2.468,   3.240,   0.700,   0.072,   3.240,   0.700,   3.240,   0.800,   3.340
202607261906,   2.548,   3.309,9999.000,9999.000,9999.000,9999.000,9999.000,9999.000,9999.000
202607261912,   2.628,   3.407,9999.000,9999.000,9999.000,9999.000,9999.000,9999.000,9999.000
202607261918,   2.708,   3.470,9999.000,9999.000,9999.000,9999.000,9999.000,9999.000,9999.000
202607261924,   2.788,   3.568,9999.000,9999.000,9999.000,9999.000,9999.000,9999.000,9999.000
202607261930,   2.868,   3.637,9999.000,9999.000,9999.000,9999.000,9999.000,9999.000,9999.000
202607261936,   2.948,   3.709,9999.000,9999.000,9999.000,9999.000,9999.000,9999.000,9999.000
202607261942,   3.028,   3.798,9999.000,9999.000,9999.000,9999.000,9999.000,9999.000,9999.000
202607261948,   3.107,   3.860,9999.000,9999.000,9999.000,9999.000,9999.000,9999.000,9999.000
202607261954,   3.186,   3.949,9999.000,9999.000,9999.000,9999.000,9999.000,9999.000,9999.000
202607262000,   3.265,   4.017,   0.800,  -0.048,   4.017,   0.700,   3.917,   0.800,   4.017
202607262006,   3.343,   4.047,9999.000,9999.000,9999.000,9999.000,9999.000,9999.000,9999.000
202607262012,   3.420,   4.129,9999.000,9999.000,9999.000,9999.000,9999.000,9999.000,9999.000
202607262018,   3.496,   4.198,9999.000,9999.000,9999.000,9999.000,9999.000,9999.000,9999.000
202607262024,   3.572,   4.267,9999.000,9999.000,9999.000,9999.000,9999.000,9999.000,9999.000
202607262030,   3.646,   4.329,9999.000,9999.000,9999.000,9999.000,9999.000,9999.000,9999.000
202607262036,   3.719,   4.418,9999.000,9999.000,9999.000,9999.000,9999.000,9999.000,9999.000
202607262042,   3.790,   4.467,9999.000,9999.000,9999.000,9999.000,9999.000,9999.000,9999.000
202607262048,   3.860,   4.529,9999.000,9999.000,9999.000,9999.000,9999.000,9999.000,9999.000
202607262054,   3.927,   4.598,9999.000,9999.000,9999.000,9999.000,9999.000,9999.000,9999.000
202607262100,   3.992,   4.657,   0.800,  -0.135,   4.657,   0.700,   4.557,   0.800,   4.657
202607262106,   4.055,   4.719,9999.000,9999.000,9999.000,9999.000,9999.000,9999.000,9999.000
202607262112,   4.114,   4.788,9999.000,9999.000,9999.000,9999.000,9999.000,9999.000,9999.000
202607262118,   4.171,   4.818,9999.000,9999.000,9999.000,9999.000,9999.000,9999.000,9999.000
202607262124,   4.224,   4.857,9999.000,9999.000,9999.000,9999.000,9999.000,9999.000,9999.000
202607262130,   4.273,   4.900,9999.000,9999.000,9999.000,9999.000,9999.000,9999.000,9999.000
202607262136,   4.318,   4.949,9999.000,9999.000,9999.000,9999.000,9999.000,9999.000,9999.000
202607262142,   4.359,   4.979,9999.000,9999.000,9999.000,9999.000,9999.000,9999.000,9999.000
202607262148,   4.395,   5.018,9999.000,9999.000,9999.000,9999.000,9999.000,9999.000,9999.000
202607262154,   4.427,   5.038,9999.000,9999.000,9999.000,9999.000,9999.000,9999.000,9999.000
202607262200,   4.453,   5.057,   0.800,  -0.196,   5.057,   0.800,   5.057,   0.800,   5.057
202607262206,   4.475,   5.097,9999.000,9999.000,9999.000,9999.000,9999.000,9999.000,9999.000
202607262212,   4.491,   5.149,9999.000,9999.000,9999.000,9999.000,9999.000,9999.000,9999.000
202607262218,   4.502,   5.149,9999.000,9999.000,9999.000,9999.000,9999.000,9999.000,9999.000
202607262224,   4.508,   5.169,9999.000,9999.000,9999.000,9999.000,9999.000,9999.000,9999.000
202607262230,   4.508,   5.169,9999.000,9999.000,9999.000,9999.000,9999.000,9999.000,9999.000
202607262236,   4.502,   5.169,9999.000,9999.000,9999.000,9999.000,9999.000,9999.000,9999.000
202607262242,   4.491,   5.159,9999.000,9999.000,9999.000,9999.000,9999.000,9999.000,9999.000
202607262248,   4.475,   5.179,9999.000,9999.000,9999.000,9999.000,9999.000,9999.000,9999.000
202607262254,   4.454,   5.179,9999.000,9999.000,9999.000,9999.000,9999.000,9999.000,9999.000
202607262300,   4.428,   5.169,   0.800,  -0.059,   5.169,   0.800,   5.169,   0.800,   5.169
202607262306,   4.396,   5.149,9999.000,9999.000,9999.000,9999.000,9999.000,9999.000,9999.000
202607262312,   4.360,   5.129,9999.000,9999.000,9999.000,9999.000,9999.000,9999.000,9999.000
202607262318,   4.320,   5.097,9999.000,9999.000,9999.000,9999.000,9999.000,9999.000,9999.000
202607262324,   4.275,   5.047,9999.000,9999.000,9999.000,9999.000,9999.000,9999.000,9999.000
202607262330,   4.227,   4.988,9999.000,9999.000,9999.000,9999.000,9999.000,9999.000,9999.000
202607262336,   4.175,   4.949,9999.000,9999.000,9999.000,9999.000,9999.000,9999.000,9999.000
202607262342,   4.119,   4.877,9999.000,9999.000,9999.000,9999.000,9999.000,9999.000,9999.000
202607262348,   4.061,   4.847,9999.000,9999.000,9999.000,9999.000,9999.000,9999.000,9999.000
202607262354,   3.999,   4.769,9999.000,9999.000,9999.000,9999.000,9999.000,9999.000,9999.000
202607270000,   3.935,   4.700,   0.700,   0.065,   4.700,   0.700,   4.700,   0.800,   4.800
202607270006,   3.869,   4.618,9999.000,9999.000,9999.000,9999.000,9999.000,9999.000,9999.000
202607270012,   3.800,   4.549,9999.000,9999.000,9999.000,9999.000,9999.000,9999.000,9999.000
202607270018,   3.730,   4.480,9999.000,9999.000,9999.000,9999.000,9999.000,9999.000,9999.000
202607270024,   3.658,   4.378,9999.000,9999.000,9999.000,9999.000,9999.000,9999.000,9999.000
202607270030,   3.585,   4.329,9999.000,9999.000,9999.000,9999.000,9999.000,9999.000,9999.000
202607270036,   3.510,   4.227,9999.000,9999.000,9999.000,9999.000,9999.000,9999.000,9999.000
202607270042,   3.434,   4.149,9999.000,9999.000,9999.000,9999.000,9999.000,9999.000,9999.000
202607270048,   3.357,   4.080,9999.000,9999.000,9999.000,9999.000,9999.000,9999.000,9999.000
202607270054,   3.280,   4.017,9999.000,9999.000,9999.000,9999.000,9999.000,9999.000,9999.000
202607270100,   3.201,   3.909,   0.800,  -0.092,   3.909,   0.700,   3.809,   0.800,   3.909
202607270106,   3.121,   3.808,9999.000,9999.000,9999.000,9999.000,9999.000,9999.000,9999.000
202607270112,   3.041,   3.709,9999.000,9999.000,9999.000,9999.000,9999.000,9999.000,9999.000
202607270118,   2.960,   3.607,9999.000,9999.000,9999.000,9999.000,9999.000,9999.000,9999.000
202607270124,   2.878,   3.568,9999.000,9999.000,9999.000,9999.000,9999.000,9999.000,9999.000
202607270130,   2.796,   3.470,9999.000,9999.000,9999.000,9999.000,9999.000,9999.000,9999.000
202607270136,   2.713,   3.378,9999.000,9999.000,9999.000,9999.000,9999.000,9999.000,9999.000
202607270142,   2.629,   3.279,9999.000,9999.000,9999.000,9999.000,9999.000,9999.000,9999.000
202607270148,   2.545,   3.158,9999.000,9999.000,9999.000,9999.000,9999.000,9999.000,9999.000
202607270154,   2.461,   3.089,9999.000,9999.000,9999.000,9999.000,9999.000,9999.000,9999.000
202607270200,   2.376,   2.988,   0.800,  -0.188,   2.988,   0.700,   2.888,   0.800,   2.988
202607270206,   2.291,   2.899,9999.000,9999.000,9999.000,9999.000,9999.000,9999.000,9999.000
202607270212,   2.206,   2.830,9999.000,9999.000,9999.000,9999.000,9999.000,9999.000,9999.000
202607270218,   2.121,   2.758,9999.000,9999.000,9999.000,9999.000,9999.000,9999.000,9999.000
202607270224,   2.036,   2.679,9999.000,9999.000,9999.000,9999.000,9999.000,9999.000,9999.000
202607270230,   1.952,   2.597,9999.000,9999.000,9999.000,9999.000,9999.000,9999.000,9999.000
202607270236,   1.868,   2.538,9999.000,9999.000,9999.000,9999.000,9999.000,9999.000,9999.000
202607270242,   1.785,   2.489,9999.000,9999.000,9999.000,9999.000,9999.000,9999.000,9999.000
202607270248,   1.704,   2.387,9999.000,9999.000,9999.000,9999.000,9999.000,9999.000,9999.000
202607270254,   1.623,   2.309,9999.000,9999.000,9999.000,9999.000,9999.000,9999.000,9999.000
202607270300,   1.544,   2.240,   0.800,  -0.104,   2.240,   0.700,   2.140,   0.800,   2.240
202607270306,   1.468,   2.168,9999.000,9999.000,9999.000,9999.000,9999.000,9999.000,9999.000
202607270312,   1.393,   2.059,9999.000,9999.000,9999.000,9999.000,9999.000,9999.000,9999.000
202607270318,   1.321,   2.020,9999.000,9999.000,9999.000,9999.000,9999.000,9999.000,9999.000
202607270324,   1.252,   1.948,9999.000,9999.000,9999.000,9999.000,9999.000,9999.000,9999.000
202607270330,   1.185,   1.869,9999.000,9999.000,9999.000,9999.000,9999.000,9999.000,9999.000
202607270336,   1.123,   1.820,9999.000,9999.000,9999.000,9999.000,9999.000,9999.000,9999.000
202607270342,   1.064,   1.758,9999.000,9999.000,9999.000,9999.000,9999.000,9999.000,9999.000
202607270348,   1.008,   1.708,9999.000,9999.000,9999.000,9999.000,9999.000,9999.000,9999.000
202607270354,   0.957,   1.679,9999.000,9999.000,9999.000,9999.000,9999.000,9999.000,9999.000
202607270400,   0.910,   1.600,   0.800,  -0.110,   1.600,   0.700,   1.500,   0.800,   1.600
202607270406,   0.868,   1.548,9999.000,9999.000,9999.000,9999.000,9999.000,9999.000,9999.000
202607270412,   0.831,   1.489,9999.000,9999.000,9999.000,9999.000,9999.000,9999.000,9999.000
202607270418,   0.798,   1.439,9999.000,9999.000,9999.000,9999.000,9999.000,9999.000,9999.000
202607270424,   0.770,   1.430,9999.000,9999.000,9999.000,9999.000,9999.000,9999.000,9999.000
202607270430,   0.748,   1.400,9999.000,9999.000,9999.000,9999.000,9999.000,9999.000,9999.000
202607270436,   0.730,   1.371,9999.000,9999.000,9999.000,9999.000,9999.000,9999.000,9999.000
202607270442,   0.717,   1.348,9999.000,9999.000,9999.000,9999.000,9999.000,9999.000,9999.000
202607270448,   0.709,   1.338,9999.000,9999.000,9999.000,9999.000,9999.000,9999.000,9999.000
202607270454,   0.707,   1.308,9999.000,9999.000,9999.000,9999.000,9999.000,9999.000,9999.000
202607270500,   0.709,   1.269,   0.800,  -0.240,   1.269,   0.700,   1.169,   0.800,   1.269
202607270506,   0.716,   1.249,9999.000,9999.000,9999.000,9999.000,9999.000,9999.000,9999.000
202607270512,   0.727,   1.220,9999.000,9999.000,9999.000,9999.000,9999.000,9999.000,9999.000
202607270518,   0.743,   1.220,9999.000,9999.000,9999.000,9999.000,9999.000,9999.000,9999.000
202607270524,   0.763,   1.239,9999.000,9999.000,9999.000,9999.000,9999.000,9999.000,9999.000
202607270530,   0.787,   1.269,9999.000,9999.000,9999.000,9999.000,9999.000,9999.000,9999.000
202607270536,   0.815,   1.269,9999.000,9999.000,9999.000,9999.000,9999.000,9999.000,9999.000
202607270542,   0.847,   1.308,9999.000,9999.000,9999.000,9999.000,9999.000,9999.000,9999.000
202607270548,   0.882,   1.348,9999.000,9999.000,9999.000,9999.000,9999.000,9999.000,9999.000
202607270554,   0.920,   1.380,9999.000,9999.000,9999.000,9999.000,9999.000,9999.000,9999.000
202607270600,   0.961,   1.390,   0.700,  -0.271,   1.390,   0.600,   1.290,   0.700,   1.390
202607270606,   1.005,   1.449,9999.000,9999.000,9999.000,9999.000,9999.000,9999.000,9999.000
202607270612,   1.051,   1.508,9999.000,9999.000,9999.000,9999.000,9999.000,9999.000,9999.000
202607270618,   1.100,   1.590,9999.000,9999.000,9999.000,9999.000,9999.000,9999.000,9999.000
202607270624,   1.151,   1.649,9999.000,9999.000,9999.000,9999.000,9999.000,9999.000,9999.000
202607270630,   1.203,   1.728,9999.000,9999.000,9999.000,9999.000,9999.000,9999.000,9999.000
202607270636,   1.257,   1.810,9999.000,9999.000,9999.000,9999.000,9999.000,9999.000,9999.000
202607270642,   1.313,   1.820,9999.000,9999.000,9999.000,9999.000,9999.000,9999.000,9999.000
202607270648,   1.369,   1.908,9999.000,9999.000,9999.000,9999.000,9999.000,9999.000,9999.000
202607270654,   1.427,   1.981,9999.000,9999.000,9999.000,9999.000,9999.000,9999.000,9999.000
202607270700,   1.486,   2.049,   0.700,  -0.137,   2.049,   0.700,   2.049,   0.700,   2.049
202607270706,   1.546,   2.109,9999.000,9999.000,9999.000,9999.000,9999.000,9999.000,9999.000
202607270712,   1.607,   2.191,9999.000,9999.000,9999.000,9999.000,9999.000,9999.000,9999.000
202607270718,   1.669,   2.279,9999.000,9999.000,9999.000,9999.000,9999.000,9999.000,9999.000
202607270724,   1.731,   2.338,9999.000,9999.000,9999.000,9999.000,9999.000,9999.000,9999.000
202607270730,   1.794,   2.420,9999.000,9999.000,9999.000,9999.000,9999.000,9999.000,9999.000
202607270736,   1.857,   2.519,9999.000,9999.000,9999.000,9999.000,9999.000,9999.000,9999.000
202607270742,   1.921,   2.578,9999.000,9999.000,9999.000,9999.000,9999.000,9999.000,9999.000
202607270748,   1.985,   2.650,9999.000,9999.000,9999.000,9999.000,9999.000,9999.000,9999.000
202607270754,   2.049,   2.738,9999.000,9999.000,9999.000,9999.000,9999.000,9999.000,9999.000
202607270800,   2.114,   2.797,   0.700,  -0.017,   2.797,   0.700,   2.797,   0.800,   2.897
202607270806,   2.179,   2.879,9999.000,9999.000,9999.000,9999.000,9999.000,9999.000,9999.000
202607270812,   2.245,   2.938,9999.000,9999.000,9999.000,9999.000,9999.000,9999.000,9999.000
202607270818,   2.310,   3.040,9999.000,9999.000,9999.000,9999.000,9999.000,9999.000,9999.000
202607270824,   2.376,   3.109,9999.000,9999.000,9999.000,9999.000,9999.000,9999.000,9999.000
202607270830,   2.442,   3.197,9999.000,9999.000,9999.000,9999.000,9999.000,9999.000,9999.000
202607270836,   2.507,   3.289,9999.000,9999.000,9999.000,9999.000,9999.000,9999.000,9999.000
202607270842,   2.573,   3.339,9999.000,9999.000,9999.000,9999.000,9999.000,9999.000,9999.000
202607270848,   2.638,   3.417,9999.000,9999.000,9999.000,9999.000,9999.000,9999.000,9999.000
202607270854,   2.702,   3.460,9999.000,9999.000,9999.000,9999.000,9999.000,9999.000,9999.000
202607270900,   2.766,   3.558,   0.700,   0.092,   3.558,   0.700,   3.558,   0.800,   3.658
202607270906,   2.828,   3.627,9999.000,9999.000,9999.000,9999.000,9999.000,9999.000,9999.000
202607270912,   2.890,   3.680,9999.000,9999.000,9999.000,9999.000,9999.000,9999.000,9999.000
202607270918,   2.950,   3.729,9999.000,9999.000,9999.000,9999.000,9999.000,9999.000,9999.000
202607270924,   3.008,   3.808,9999.000,9999.000,9999.000,9999.000,9999.000,9999.000,9999.000
202607270930,   3.064,   3.860,9999.000,9999.000,9999.000,9999.000,9999.000,9999.000,9999.000
202607270936,   3.118,   3.919,9999.000,9999.000,9999.000,9999.000,9999.000,9999.000,9999.000
202607270942,   3.170,   3.968,9999.000,9999.000,9999.000,9999.000,9999.000,9999.000,9999.000
202607270948,   3.218,   4.037,9999.000,9999.000,9999.000,9999.000,9999.000,9999.000,9999.000
202607270954,   3.264,   4.070,9999.000,9999.000,9999.000,9999.000,9999.000,9999.000,9999.000
202607271000,   3.306,   4.119,   0.700,   0.113,   4.119,   0.700,   4.119,   0.800,   4.219
202607271006,   3.344,   4.168,9999.000,9999.000,9999.000,9999.000,9999.000,9999.000,9999.000
202607271012,   3.378,   4.198,9999.000,9999.000,9999.000,9999.000,9999.000,9999.000,9999.000
202607271018,   3.408,   4.208,9999.000,9999.000,9999.000,9999.000,9999.000,9999.000,9999.000
202607271024,   3.434,   4.237,9999.000,9999.000,9999.000,9999.000,9999.000,9999.000,9999.000
202607271030,   3.455,   4.280,9999.000,9999.000,9999.000,9999.000,9999.000,9999.000,9999.000
202607271036,   3.472,   4.290,9999.000,9999.000,9999.000,9999.000,9999.000,9999.000,9999.000
202607271042,   3.483,   4.309,9999.000,9999.000,9999.000,9999.000,9999.000,9999.000,9999.000
202607271048,   3.490,   4.329,9999.000,9999.000,9999.000,9999.000,9999.000,9999.000,9999.000
202607271054,   3.492,   4.319,9999.000,9999.000,9999.000,9999.000,9999.000,9999.000,9999.000
202607271100,   3.489,   4.309,   0.700,   0.120,   4.309,   0.700,   4.309,   0.800,   4.409
202607271106,   3.480,   4.319,9999.000,9999.000,9999.000,9999.000,9999.000,9999.000,9999.000
202607271112,   3.467,   4.309,9999.000,9999.000,9999.000,9999.000,9999.000,9999.000,9999.000
202607271118,   3.450,   4.309,9999.000,9999.000,9999.000,9999.000,9999.000,9999.000,9999.000
202607271124,   3.427,   4.280,9999.000,9999.000,9999.000,9999.000,9999.000,9999.000,9999.000
202607271130,   3.401,   4.290,9999.000,9999.000,9999.000,9999.000,9999.000,9999.000,9999.000
202607271136,   3.370,   4.237,9999.000,9999.000,9999.000,9999.000,9999.000,9999.000,9999.000
202607271142,   3.335,   4.208,9999.000,9999.000,9999.000,9999.000,9999.000,9999.000,9999.000
202607271148,   3.296,   4.168,9999.000,9999.000,9999.000,9999.000,9999.000,9999.000,9999.000
202607271154,   3.254,   4.159,9999.000,9999.000,9999.000,9999.000,9999.000,9999.000,9999.000
202607271200,   3.209,   4.119,   0.700,   0.210,   4.119,   0.600,   4.019,   0.700,   4.119
202607271206,   3.161,   4.057,9999.000,9999.000,9999.000,9999.000,9999.000,9999.000,9999.000
202607271212,   3.110,   3.988,9999.000,9999.000,9999.000,9999.000,9999.000,9999.000,9999.000
202607271218,   3.057,   3.929,9999.000,9999.000,9999.000,9999.000,9999.000,9999.000,9999.000
202607271224,   3.002,   3.860,9999.000,9999.000,9999.000,9999.000,9999.000,9999.000,9999.000
202607271230,   2.946,   3.768,9999.000,9999.000,9999.000,9999.000,9999.000,9999.000,9999.000
202607271236,   2.887,   3.729,9999.000,9999.000,9999.000,9999.000,9999.000,9999.000,9999.000
202607271242,   2.828,   3.607,9999.000,9999.000,9999.000,9999.000,9999.000,9999.000,9999.000
202607271248,   2.767,   3.607,9999.000,9999.000,9999.000,9999.000,9999.000,9999.000,9999.000
202607271254,   2.706,   3.499,9999.000,9999.000,9999.000,9999.000,9999.000,9999.000,9999.000
202607271300,   2.644,   3.460,   0.700,   0.116,   3.460,   0.600,   3.360,   0.700,   3.460
202607271306,   2.581,   3.358,9999.000,9999.000,9999.000,9999.000,9999.000,9999.000,9999.000
202607271312,   2.517,   3.319,9999.000,9999.000,9999.000,9999.000,9999.000,9999.000,9999.000
202607271318,   2.454,   3.230,9999.000,9999.000,9999.000,9999.000,9999.000,9999.000,9999.000
202607271324,   2.390,   3.207,9999.000,9999.000,9999.000,9999.000,9999.000,9999.000,9999.000
202607271330,   2.326,   3.109,9999.000,9999.000,9999.000,9999.000,9999.000,9999.000,9999.000
202607271336,   2.262,   3.070,9999.000,9999.000,9999.000,9999.000,9999.000,9999.000,9999.000
202607271342,   2.197,   3.060,9999.000,9999.000,9999.000,9999.000,9999.000,9999.000,9999.000
202607271348,   2.133,   2.997,9999.000,9999.000,9999.000,9999.000,9999.000,9999.000,9999.000
202607271354,   2.068,   2.948,9999.000,9999.000,9999.000,9999.000,9999.000,9999.000,9999.000
202607271400,   2.004,   2.879,   0.700,   0.175,   2.879,   0.600,   2.779,   0.700,   2.879
202607271406,   1.939,   2.840,9999.000,9999.000,9999.000,9999.000,9999.000,9999.000,9999.000
202607271412,   1.875,   2.748,9999.000,9999.000,9999.000,9999.000,9999.000,9999.000,9999.000
202607271418,   1.810,   2.719,9999.000,9999.000,9999.000,9999.000,9999.000,9999.000,9999.000
202607271424,   1.746,   2.689,9999.000,9999.000,9999.000,9999.000,9999.000,9999.000,9999.000
202607271430,   1.682,   2.640,9999.000,9999.000,9999.000,9999.000,9999.000,9999.000,9999.000
202607271436,   1.619,   2.548,9999.000,9999.000,9999.000,9999.000,9999.000,9999.000,9999.000
202607271442,   1.556,   2.459,9999.000,9999.000,9999.000,9999.000,9999.000,9999.000,9999.000
202607271448,   1.494,   2.410,9999.000,9999.000,9999.000,9999.000,9999.000,9999.000,9999.000
202607271454,   1.432,   2.289,9999.000,9999.000,9999.000,9999.000,9999.000,9999.000,9999.000
202607271500,   1.372,   2.279,   0.700,   0.207,   2.279,   0.600,   2.179,   0.700,   2.279
202607271506,   1.313,   2.210,9999.000,9999.000,9999.000,9999.000,9999.000,9999.000,9999.000
202607271512,   1.255,   2.158,9999.000,9999.000,9999.000,9999.000,9999.000,9999.000,9999.000
202607271518,   1.199,   2.099,9999.000,9999.000,9999.000,9999.000,9999.000,9999.000,9999.000
202607271524,   1.145,   2.099,9999.000,9999.000,9999.000,9999.000,9999.000,9999.000,9999.000
202607271530,   1.094,   2.059,9999.000,9999.000,9999.000,9999.000,9999.000,9999.000,9999.000
202607271536,   1.045,   1.948,9999.000,9999.000,9999.000,9999.000,9999.000,9999.000,9999.000
202607271542,   0.999,   1.879,9999.000,9999.000,9999.000,9999.000,9999.000,9999.000,9999.000
202607271548,   0.956,   1.849,9999.000,9999.000,9999.000,9999.000,9999.000,9999.000,9999.000
202607271554,   0.916,   1.800,9999.000,9999.000,9999.000,9999.000,9999.000,9999.000,9999.000
202607271600,   0.880,   1.781,   0.700,   0.201,   1.781,   0.600,   1.681,   0.700,   1.781
202607271606,   0.848,   1.758,9999.000,9999.000,9999.000,9999.000,9999.000,9999.000,9999.000
202607271612,   0.820,   1.767,9999.000,9999.000,9999.000,9999.000,9999.000,9999.000,9999.000
202607271618,   0.797,   1.728,9999.000,9999.000,9999.000,9999.000,9999.000,9999.000,9999.000
202607271624,   0.778,   1.620,9999.000,9999.000,9999.000,9999.000,9999.000,9999.000,9999.000
202607271630,   0.764,   1.620,9999.000,9999.000,9999.000,9999.000,9999.000,9999.000,9999.000
202607271636,   0.755,   1.620,9999.000,9999.000,9999.000,9999.000,9999.000,9999.000,9999.000
202607271642,   0.751,   1.610,9999.000,9999.000,9999.000,9999.000,9999.000,9999.000,9999.000
202607271648,   0.752,   1.571,9999.000,9999.000,9999.000,9999.000,9999.000,9999.000,9999.000
202607271654,   0.758,   1.610,9999.000,9999.000,9999.000,9999.000,9999.000,9999.000,9999.000
202607271700,   0.770,   1.590,   0.700,   0.120,   1.590,   0.600,   1.490,   0.700,   1.590
202607271706,   0.786,   1.571,9999.000,9999.000,9999.000,9999.000,9999.000,9999.000,9999.000
202607271712,   0.808,   1.600,9999.000,9999.000,9999.000,9999.000,9999.000,9999.000,9999.000
202607271718,   0.834,   1.557,9999.000,9999.000,9999.000,9999.000,9999.000,9999.000,9999.000
202607271724,   0.866,   1.580,9999.000,9999.000,9999.000,9999.000,9999.000,9999.000,9999.000
202607271730,   0.902,   1.610,9999.000,9999.000,9999.000,9999.000,9999.000,9999.000,9999.000
202607271736,   0.943,   1.649,9999.000,9999.000,9999.000,9999.000,9999.000,9999.000,9999.000
202607271742,   0.989,   1.708,9999.000,9999.000,9999.000,9999.000,9999.000,9999.000,9999.000
202607271748,   1.038,   1.728,9999.000,9999.000,9999.000,9999.000,9999.000,9999.000,9999.000
202607271754,   1.092,   1.758,9999.000,9999.000,9999.000,9999.000,9999.000,9999.000,9999.000
202607271800,   1.149,   1.800,   0.700,  -0.049,   1.800,   0.700,   1.800,   0.700,   1.800
202607271806,   1.210,   1.849,9999.000,9999.000,9999.000,9999.000,9999.000,9999.000,9999.000
202607271812,   1.274,   1.879,9999.000,9999.000,9999.000,9999.000,9999.000,9999.000,9999.000
202607271818,   1.341,   1.948,9999.000,9999.000,9999.000,9999.000,9999.000,9999.000,9999.000
202607271824,   1.410,   2.010,9999.000,9999.000,9999.000,9999.000,9999.000,9999.000,9999.000
202607271830,   1.482,   2.089,9999.000,9999.000,9999.000,9999.000,9999.000,9999.000,9999.000
202607271836,   1.557,   2.177,9999.000,9999.000,9999.000,9999.000,9999.000,9999.000,9999.000
202607271842,   1.633,   2.269,9999.000,9999.000,9999.000,9999.000,9999.000,9999.000,9999.000
202607271848,   1.711,   2.348,9999.000,9999.000,9999.000,9999.000,9999.000,9999.000,9999.000
202607271854,   1.790,   2.387,9999.000,9999.000,9999.000,9999.000,9999.000,9999.000,9999.000
202607271900,   1.870,   2.509,   0.700,  -0.061,   2.509,   0.700,   2.509,   0.700,   2.509
202607271906,   1.952,   2.558,9999.000,9999.000,9999.000,9999.000,9999.000,9999.000,9999.000
202607271912,   2.034,   2.660,9999.000,9999.000,9999.000,9999.000,9999.000,9999.000,9999.000
202607271918,   2.117,   2.748,9999.000,9999.000,9999.000,9999.000,9999.000,9999.000,9999.000
202607271924,   2.200,   2.860,9999.000,9999.000,9999.000,9999.000,9999.000,9999.000,9999.000
202607271930,   2.284,   2.938,9999.000,9999.000,9999.000,9999.000,9999.000,9999.000,9999.000
202607271936,   2.368,   3.017,9999.000,9999.000,9999.000,9999.000,9999.000,9999.000,9999.000
202607271942,   2.453,   3.129,9999.000,9999.000,9999.000,9999.000,9999.000,9999.000,9999.000
202607271948,   2.537,   3.207,9999.000,9999.000,9999.000,9999.000,9999.000,9999.000,9999.000
202607271954,   2.621,   3.289,9999.000,9999.000,9999.000,9999.000,9999.000,9999.000,9999.000
202607272000,   2.705,   3.378,   0.700,  -0.027,   3.378,   0.700,   3.378,   0.800,   3.478
202607272006,   2.790,   3.489,9999.000,9999.000,9999.000,9999.000,9999.000,9999.000,9999.000
202607272012,   2.873,   3.568,9999.000,9999.000,9999.000,9999.000,9999.000,9999.000,9999.000
202607272018,   2.957,   3.660,9999.000,9999.000,9999.000,9999.000,9999.000,9999.000,9999.000
202607272024,   3.040,   3.749,9999.000,9999.000,9999.000,9999.000,9999.000,9999.000,9999.000
202607272030,   3.123,   3.817,9999.000,9999.000,9999.000,9999.000,9999.000,9999.000,9999.000
202607272036,   3.206,   3.919,9999.000,9999.000,9999.000,9999.000,9999.000,9999.000,9999.000
202607272042,   3.288,   3.998,9999.000,9999.000,9999.000,9999.000,9999.000,9999.000,9999.000
202607272048,   3.369,   4.099,9999.000,9999.000,9999.000,9999.000,9999.000,9999.000,9999.000
202607272054,   3.450,   4.198,9999.000,9999.000,9999.000,9999.000,9999.000,9999.000,9999.000
202607272100,   3.530,   4.257,   0.700,   0.027,   4.257,   0.700,   4.257,   0.800,   4.357
202607272106,   3.609,   4.349,9999.000,9999.000,9999.000,9999.000,9999.000,9999.000,9999.000
202607272112,   3.686,   4.418,9999.000,9999.000,9999.000,9999.000,9999.000,9999.000,9999.000
202607272118,   3.763,   4.490,9999.000,9999.000,9999.000,9999.000,9999.000,9999.000,9999.000
202607272124,   3.838,   4.539,9999.000,9999.000,9999.000,9999.000,9999.000,9999.000,9999.000
202607272130,   3.911,   4.647,9999.000,9999.000,9999.000,9999.000,9999.000,9999.000,9999.000
202607272136,   3.982,   4.729,9999.000,9999.000,9999.000,9999.000,9999.000,9999.000,9999.000
202607272142,   4.051,   4.788,9999.000,9999.000,9999.000,9999.000,9999.000,9999.000,9999.000
202607272148,   4.117,   4.847,9999.000,9999.000,9999.000,9999.000,9999.000,9999.000,9999.000
202607272154,   4.181,   4.900,9999.000,9999.000,9999.000,9999.000,9999.000,9999.000,9999.000
202607272200,   4.241,   4.939,   0.700,  -0.002,   4.939,   0.700,   4.939,   0.800,   5.039
202607272206,   4.298,   5.018,9999.000,9999.000,9999.000,9999.000,9999.000,9999.000,9999.000
202607272212,   4.352,   5.047,9999.000,9999.000,9999.000,9999.000,9999.000,9999.000,9999.000
202607272218,   4.401,   5.120,9999.000,9999.000,9999.000,9999.000,9999.000,9999.000,9999.000
202607272224,   4.446,   5.159,9999.000,9999.000,9999.000,9999.000,9999.000,9999.000,9999.000
202607272230,   4.487,   5.218,9999.000,9999.000,9999.000,9999.000,9999.000,9999.000,9999.000
202607272236,   4.522,   5.247,9999.000,9999.000,9999.000,9999.000,9999.000,9999.000,9999.000
202607272242,   4.553,   5.277,9999.000,9999.000,9999.000,9999.000,9999.000,9999.000,9999.000
202607272248,   4.578,   5.307,9999.000,9999.000,9999.000,9999.000,9999.000,9999.000,9999.000
202607272254,   4.597,   5.359,9999.000,9999.000,9999.000,9999.000,9999.000,9999.000,9999.000
202607272300,   4.611,   5.398,   0.700,   0.087,   5.398,   0.700,   5.398,   0.800,   5.498
202607272306,   4.620,   5.408,9999.000,9999.000,9999.000,9999.000,9999.000,9999.000,9999.000
202607272312,   4.622,   5.438,9999.000,9999.000,9999.000,9999.000,9999.000,9999.000,9999.000
202607272318,   4.618,   5.457,9999.000,9999.000,9999.000,9999.000,9999.000,9999.000,9999.000
202607272324,   4.609,   5.448,9999.000,9999.000,9999.000,9999.000,9999.000,9999.000,9999.000
202607272330,   4.594,   5.448,9999.000,9999.000,9999.000,9999.000,9999.000,9999.000,9999.000
202607272336,   4.573,   5.438,9999.000,9999.000,9999.000,9999.000,9999.000,9999.000,9999.000
202607272342,   4.546,   5.428,9999.000,9999.000,9999.000,9999.000,9999.000,9999.000,9999.000
202607272348,   4.514,   5.389,9999.000,9999.000,9999.000,9999.000,9999.000,9999.000,9999.000
202607272354,   4.476,   5.359,9999.000,9999.000,9999.000,9999.000,9999.000,9999.000,9999.000
202607280000,   4.434,   5.320,   0.700,   0.186,   5.320,   0.700,   5.320,   0.700,   5.320
202607280006,   4.386,   5.247,9999.000,9999.000,9999.000,9999.000,9999.000,9999.000,9999.000
202607280012,   4.334,   5.198,9999.000,9999.000,9999.000,9999.000,9999.000,9999.000,9999.000
202607280018,   4.278,   5.129,9999.000,9999.000,9999.000,9999.000,9999.000,9999.000,9999.000
202607280024,   4.218,   5.047,9999.000,9999.000,9999.000,9999.000,9999.000,9999.000,9999.000
202607280030,   4.154,   4.949,9999.000,9999.000,9999.000,9999.000,9999.000,9999.000,9999.000
202607280036,   4.087,   4.887,9999.000,9999.000,9999.000,9999.000,9999.000,9999.000,9999.000
202607280042,   4.017,   4.769,9999.000,9999.000,9999.000,9999.000,9999.000,9999.000,9999.000
202607280048,   3.944,   4.677,9999.000,9999.000,9999.000,9999.000,9999.000,9999.000,9999.000
202607280054,   3.868,   4.588,9999.000,9999.000,9999.000,9999.000,9999.000,9999.000,9999.000
202607280100,   3.791,   4.509,   0.700,   0.018,   4.509,   0.700,   4.509,   0.700,   4.509
202607280106,   3.712,   4.447,9999.000,9999.000,9999.000,9999.000,9999.000,9999.000,9999.000
202607280112,   3.631,   4.349,9999.000,9999.000,9999.000,9999.000,9999.000,9999.000,9999.000
202607280118,   3.548,   4.227,9999.000,9999.000,9999.000,9999.000,9999.000,9999.000,9999.000
202607280124,   3.464,   4.149,9999.000,9999.000,9999.000,9999.000,9999.000,9999.000,9999.000
202607280130,   3.380,   4.090,9999.000,9999.000,9999.000,9999.000,9999.000,9999.000,9999.000
202607280136,   3.294,   4.008,9999.000,9999.000,9999.000,9999.000,9999.000,9999.000,9999.000
202607280142,   3.208,   3.919,9999.000,9999.000,9999.000,9999.000,9999.000,9999.000,9999.000
202607280148,   3.120,   3.847,9999.000,9999.000,9999.000,9999.000,9999.000,9999.000,9999.000
202607280154,   3.033,   3.768,9999.000,9999.000,9999.000,9999.000,9999.000,9999.000,9999.000
202607280200,   2.944,   3.689,   0.700,   0.045,   3.689,   0.600,   3.589,   0.700,   3.689
202607280206,   2.855,   3.598,9999.000,9999.000,9999.000,9999.000,9999.000,9999.000,9999.000
202607280212,   2.766,   3.509,9999.000,9999.000,9999.000,9999.000,9999.000,9999.000,9999.000
202607280218,   2.677,   3.388,9999.000,9999.000,9999.000,9999.000,9999.000,9999.000,9999.000
202607280224,   2.587,   3.270,9999.000,9999.000,9999.000,9999.000,9999.000,9999.000,9999.000
202607280230,   2.497,   3.207,9999.000,9999.000,9999.000,9999.000,9999.000,9999.000,9999.000
202607280236,   2.406,   3.109,9999.000,9999.000,9999.000,9999.000,9999.000,9999.000,9999.000
202607280242,   2.316,   2.997,9999.000,9999.000,9999.000,9999.000,9999.000,9999.000,9999.000
202607280248,   2.225,   2.938,9999.000,9999.000,9999.000,9999.000,9999.000,9999.000,9999.000
202607280254,   2.135,   2.850,9999.000,9999.000,9999.000,9999.000,9999.000,9999.000,9999.000
202607280300,   2.045,   2.719,   0.700,  -0.026,   2.719,   0.600,   2.619,   0.700,   2.719
202607280306,   1.955,   2.679,9999.000,9999.000,9999.000,9999.000,9999.000,9999.000,9999.000
202607280312,   1.866,   2.597,9999.000,9999.000,9999.000,9999.000,9999.000,9999.000,9999.000
202607280318,   1.777,   2.519,9999.000,9999.000,9999.000,9999.000,9999.000,9999.000,9999.000
202607280324,   1.689,   2.430,9999.000,9999.000,9999.000,9999.000,9999.000,9999.000,9999.000
202607280330,   1.603,   2.328,9999.000,9999.000,9999.000,9999.000,9999.000,9999.000,9999.000
202607280336,   1.518,   2.269,9999.000,9999.000,9999.000,9999.000,9999.000,9999.000,9999.000
202607280342,   1.434,   2.138,9999.000,9999.000,9999.000,9999.000,9999.000,9999.000,9999.000
202607280348,   1.353,   2.109,9999.000,9999.000,9999.000,9999.000,9999.000,9999.000,9999.000
202607280354,   1.274,   2.030,9999.000,9999.000,9999.000,9999.000,9999.000,9999.000,9999.000
202607280400,   1.197,   1.958,   0.600,   0.161,   1.958,   0.600,   1.958,   0.700,   2.058
202607280406,   1.124,   1.928,9999.000,9999.000,9999.000,9999.000,9999.000,9999.000,9999.000
202607280412,   1.053,   1.859,9999.000,9999.000,9999.000,9999.000,9999.000,9999.000,9999.000
202607280418,   0.986,   1.738,9999.000,9999.000,9999.000,9999.000,9999.000,9999.000,9999.000
202607280424,   0.923,   1.679,9999.000,9999.000,9999.000,9999.000,9999.000,9999.000,9999.000
202607280430,   0.864,   1.639,9999.000,9999.000,9999.000,9999.000,9999.000,9999.000,9999.000
202607280436,   0.809,   1.580,9999.000,9999.000,9999.000,9999.000,9999.000,9999.000,9999.000
202607280442,   0.759,   1.571,9999.000,9999.000,9999.000,9999.000,9999.000,9999.000,9999.000
202607280448,   0.714,   1.518,9999.000,9999.000,9999.000,9999.000,9999.000,9999.000,9999.000
202607280454,   0.674,   1.469,9999.000,9999.000,9999.000,9999.000,9999.000,9999.000,9999.000
202607280500,   0.638,   1.410,   0.600,   0.172,   1.410,   0.600,   1.410,   0.700,   1.510
202607280506,   0.608,   1.348,9999.000,9999.000,9999.000,9999.000,9999.000,9999.000,9999.000
202607280512,   0.584,   1.308,9999.000,9999.000,9999.000,9999.000,9999.000,9999.000,9999.000
202607280518,   0.565,   1.298,9999.000,9999.000,9999.000,9999.000,9999.000,9999.000,9999.000
202607280524,   0.551,   1.289,9999.000,9999.000,9999.000,9999.000,9999.000,9999.000,9999.000
202607280530,   0.543,   1.308,9999.000,9999.000,9999.000,9999.000,9999.000,9999.000,9999.000
202607280536,   0.540,   1.289,9999.000,9999.000,9999.000,9999.000,9999.000,9999.000,9999.000
202607280542,   0.543,   1.289,9999.000,9999.000,9999.000,9999.000,9999.000,9999.000,9999.000
202607280548,   0.550,   1.298,9999.000,9999.000,9999.000,9999.000,9999.000,9999.000,9999.000
202607280554,   0.563,   1.279,9999.000,9999.000,9999.000,9999.000,9999.000,9999.000,9999.000
202607280600,   0.581,   1.279,   0.700,  -0.002,   1.279,   0.600,   1.179,   0.700,   1.279
202607280606,   0.603,   1.259,9999.000,9999.000,9999.000,9999.000,9999.000,9999.000,9999.000
202607280612,   0.631,   1.289,9999.000,9999.000,9999.000,9999.000,9999.000,9999.000,9999.000
202607280618,   0.662,   1.338,9999.000,9999.000,9999.000,9999.000,9999.000,9999.000,9999.000
202607280624,   0.698,   1.361,9999.000,9999.000,9999.000,9999.000,9999.000,9999.000,9999.000
202607280630,   0.737,   1.410,9999.000,9999.000,9999.000,9999.000,9999.000,9999.000,9999.000
202607280636,   0.780,   1.469,9999.000,9999.000,9999.000,9999.000,9999.000,9999.000,9999.000
202607280642,   0.826,   1.571,9999.000,9999.000,9999.000,9999.000,9999.000,9999.000,9999.000
202607280648,   0.875,   1.620,9999.000,9999.000,9999.000,9999.000,9999.000,9999.000,9999.000
202607280654,   0.927,   1.620,9999.000,9999.000,9999.000,9999.000,9999.000,9999.000,9999.000
202607280700,   0.982,   1.689,   0.700,   0.007,   1.689,   0.600,   1.589,   0.700,   1.689
202607280706,   1.039,   1.767,9999.000,9999.000,9999.000,9999.000,9999.000,9999.000,9999.000
202607280712,   1.098,   1.820,9999.000,9999.000,9999.000,9999.000,9999.000,9999.000,9999.000
202607280718,   1.159,   1.879,9999.000,9999.000,9999.000,9999.000,9999.000,9999.000,9999.000
202607280724,   1.221,   1.958,9999.000,9999.000,9999.000,9999.000,9999.000,9999.000,9999.000
202607280730,   1.285,   2.030,9999.000,9999.000,9999.000,9999.000,9999.000,9999.000,9999.000
202607280736,   1.350,   2.109,9999.000,9999.000,9999.000,9999.000,9999.000,9999.000,9999.000
202607280742,   1.416,   2.168,9999.000,9999.000,9999.000,9999.000,9999.000,9999.000,9999.000
202607280748,   1.483,   2.240,9999.000,9999.000,9999.000,9999.000,9999.000,9999.000,9999.000
202607280754,   1.551,   2.368,9999.000,9999.000,9999.000,9999.000,9999.000,9999.000,9999.000
202607280800,   1.620,   2.420,   0.700,   0.100,   2.420,   0.600,   2.320,   0.700,   2.420
202607280806,   1.689,   2.489,9999.000,9999.000,9999.000,9999.000,9999.000,9999.000,9999.000
202607280812,   1.759,   2.578,9999.000,9999.000,9999.000,9999.000,9999.000,9999.000,9999.000
202607280818,   1.829,   2.650,9999.000,9999.000,9999.000,9999.000,9999.000,9999.000,9999.000
202607280824,   1.899,   2.709,9999.000,9999.000,9999.000,9999.000,9999.000,9999.000,9999.000
202607280830,   1.970,   2.778,9999.000,9999.000,9999.000,9999.000,9999.000,9999.000,9999.000
202607280836,   2.041,   2.840,9999.000,9999.000,9999.000,9999.000,9999.000,9999.000,9999.000
202607280842,   2.113,   2.919,9999.000,9999.000,9999.000,9999.000,9999.000,9999.000,9999.000
202607280848,   2.185,   2.988,9999.000,9999.000,9999.000,9999.000,9999.000,9999.000,9999.000
202607280854,   2.256,   3.040,9999.000,9999.000,9999.000,9999.000,9999.000,9999.000,9999.000
202607280900,   2.328,   3.138,   0.700,   0.110,   3.138,   0.600,   3.038,   0.700,   3.138
202607280906,   2.400,   3.207,9999.000,9999.000,9999.000,9999.000,9999.000,9999.000,9999.000
202607280912,   2.472,   3.240,9999.000,9999.000,9999.000,9999.000,9999.000,9999.000,9999.000
202607280918,   2.544,   3.329,9999.000,9999.000,9999.000,9999.000,9999.000,9999.000,9999.000
202607280924,   2.615,   3.378,9999.000,9999.000,9999.000,9999.000,9999.000,9999.000,9999.000
202607280930,   2.686,   3.440,9999.000,9999.000,9999.000,9999.000,9999.000,9999.000,9999.000
202607280936,   2.756,   3.499,9999.000,9999.000,9999.000,9999.000,9999.000,9999.000,9999.000
202607280942,   2.826,   3.558,9999.000,9999.000,9999.000,9999.000,9999.000,9999.000,9999.000
202607280948,   2.894,   3.627,9999.000,9999.000,9999.000,9999.000,9999.000,9999.000,9999.000
202607280954,   2.962,   3.670,9999.000,9999.000,9999.000,9999.000,9999.000,9999.000,9999.000
202607281000,   3.028,   3.739,   0.700,   0.011,   3.739,   0.600,   3.639,   0.700,   3.739
202607281006,   3.092,   3.788,9999.000,9999.000,9999.000,9999.000,9999.000,9999.000,9999.000
202607281012,   3.154,   3.880,9999.000,9999.000,9999.000,9999.000,9999.000,9999.000,9999.000
202607281018,   3.214,   3.899,9999.000,9999.000,9999.000,9999.000,9999.000,9999.000,9999.000
202607281024,   3.271,   3.968,9999.000,9999.000,9999.000,9999.000,9999.000,9999.000,9999.000
202607281030,   3.325,   4.027,9999.000,9999.000,9999.000,9999.000,9999.000,9999.000,9999.000
202607281036,   3.376,   4.090,9999.000,9999.000,9999.000,9999.000,9999.000,9999.000,9999.000
202607281042,   3.424,   4.119,9999.000,9999.000,9999.000,9999.000,9999.000,9999.000,9999.000
202607281048,   3.468,   4.188,9999.000,9999.000,9999.000,9999.000,9999.000,9999.000,9999.000
202607281054,   3.507,   4.237,9999.000,9999.000,9999.000,9999.000,9999.000,9999.000,9999.000
202607281100,   3.543,   4.290,   0.700,   0.047,   4.290,   0.600,   4.190,   0.700,   4.290
202607281106,   3.573,   4.319,9999.000,9999.000,9999.000,9999.000,9999.000,9999.000,9999.000
202607281112,   3.599,   4.368,9999.000,9999.000,9999.000,9999.000,9999.000,9999.000,9999.000
202607281118,   3.620,   4.378,9999.000,9999.000,9999.000,9999.000,9999.000,9999.000,9999.000
202607281124,   3.636,   4.437,9999.000,9999.000,9999.000,9999.000,9999.000,9999.000,9999.000
202607281130,   3.646,   4.447,9999.000,9999.000,9999.000,9999.000,9999.000,9999.000,9999.000
202607281136,   3.651,   4.467,9999.000,9999.000,9999.000,9999.000,9999.000,9999.000,9999.000
202607281142,   3.650,   4.500,9999.000,9999.000,9999.000,9999.000,9999.000,9999.000,9999.000
202607281148,   3.644,   4.519,9999.000,9999.000,9999.000,9999.000,9999.000,9999.000,9999.000
202607281154,   3.633,   4.529,9999.000,9999.000,9999.000,9999.000,9999.000,9999.000,9999.000
202607281200,   3.616,   4.549,   0.700,   0.233,   4.549,   0.700,   4.549,   0.700,   4.549
202607281206,   3.594,   4.559,9999.000,9999.000,9999.000,9999.000,9999.000,9999.000,9999.000
202607281212,   3.567,   4.559,9999.000,9999.000,9999.000,9999.000,9999.000,9999.000,9999.000
202607281218,   3.536,   4.509,9999.000,9999.000,9999.000,9999.000,9999.000,9999.000,9999.000
202607281224,   3.499,   4.519,9999.000,9999.000,9999.000,9999.000,9999.000,9999.000,9999.000
202607281230,   3.459,   4.467,9999.000,9999.000,9999.000,9999.000,9999.000,9999.000,9999.000
202607281236,   3.414,   4.519,9999.000,9999.000,9999.000,9999.000,9999.000,9999.000,9999.000
202607281242,   3.366,   4.467,9999.000,9999.000,9999.000,9999.000,9999.000,9999.000,9999.000
202607281248,   3.314,   4.408,9999.000,9999.000,9999.000,9999.000,9999.000,9999.000,9999.000
202607281254,   3.259,   4.349,9999.000,9999.000,9999.000,9999.000,9999.000,9999.000,9999.000
202607281300,   3.202,   4.290,   0.700,   0.388,   4.290,   0.700,   4.290,   0.700,   4.290
202607281306,   3.142,   4.188,9999.000,9999.000,9999.000,9999.000,9999.000,9999.000,9999.000
202607281312,   3.079,   4.159,9999.000,9999.000,9999.000,9999.000,9999.000,9999.000,9999.000
202607281318,   3.015,   4.080,9999.000,9999.000,9999.000,9999.000,9999.000,9999.000,9999.000
202607281324,   2.950,   4.008,9999.000,9999.000,9999.000,9999.000,9999.000,9999.000,9999.000
202607281330,   2.883,   3.919,9999.000,9999.000,9999.000,9999.000,9999.000,9999.000,9999.000
202607281336,   2.814,   3.847,9999.000,9999.000,9999.000,9999.000,9999.000,9999.000,9999.000
202607281342,   2.745,   3.768,9999.000,9999.000,9999.000,9999.000,9999.000,9999.000,9999.000
202607281348,   2.676,   3.709,9999.000,9999.000,9999.000,9999.000,9999.000,9999.000,9999.000
202607281354,   2.606,   3.650,9999.000,9999.000,9999.000,9999.000,9999.000,9999.000,9999.000
202607281400,   2.535,   3.617,   0.700,   0.382,   3.617,   0.700,   3.617,   0.700,   3.617
202607281406,   2.464,   3.539,9999.000,9999.000,9999.000,9999.000,9999.000,9999.000,9999.000
202607281412,   2.394,   3.529,9999.000,9999.000,9999.000,9999.000,9999.000,9999.000,9999.000
202607281418,   2.323,   3.398,9999.000,9999.000,9999.000,9999.000,9999.000,9999.000,9999.000
202607281424,   2.252,   3.348,9999.000,9999.000,9999.000,9999.000,9999.000,9999.000,9999.000
202607281430,   2.181,   3.230,9999.000,9999.000,9999.000,9999.000,9999.000,9999.000,9999.000
202607281436,   2.111,   3.158,9999.000,9999.000,9999.000,9999.000,9999.000,9999.000,9999.000
202607281442,   2.040,   3.109,9999.000,9999.000,9999.000,9999.000,9999.000,9999.000,9999.000
202607281448,   1.970,   3.060,9999.000,9999.000,9999.000,9999.000,9999.000,9999.000,9999.000
202607281454,   1.900,   2.988,9999.000,9999.000,9999.000,9999.000,9999.000,9999.000,9999.000
202607281500,   1.830,   2.919,   0.700,   0.389,   2.919,   0.700,   2.919,   0.700,   2.919
202607281506,   1.761,   2.850,9999.000,9999.000,9999.000,9999.000,9999.000,9999.000,9999.000
202607281512,   1.692,   2.778,9999.000,9999.000,9999.000,9999.000,9999.000,9999.000,9999.000
202607281518,   1.624,   2.699,9999.000,9999.000,9999.000,9999.000,9999.000,9999.000,9999.000
202607281524,   1.556,   2.620,9999.000,9999.000,9999.000,9999.000,9999.000,9999.000,9999.000
202607281530,   1.490,   2.568,9999.000,9999.000,9999.000,9999.000,9999.000,9999.000,9999.000
202607281536,   1.424,   2.509,9999.000,9999.000,9999.000,9999.000,9999.000,9999.000,9999.000
202607281542,   1.359,   2.469,9999.000,9999.000,9999.000,9999.000,9999.000,9999.000,9999.000
202607281548,   1.296,   2.400,9999.000,9999.000,9999.000,9999.000,9999.000,9999.000,9999.000
202607281554,   1.234,   2.289,9999.000,9999.000,9999.000,9999.000,9999.000,9999.000,9999.000
202607281600,   1.174,   2.220,   0.700,   0.346,   2.220,   0.700,   2.220,   0.800,   2.320
202607281606,   1.117,   2.191,9999.000,9999.000,9999.000,9999.000,9999.000,9999.000,9999.000
202607281612,   1.061,   2.138,9999.000,9999.000,9999.000,9999.000,9999.000,9999.000,9999.000
202607281618,   1.008,   2.040,9999.000,9999.000,9999.000,9999.000,9999.000,9999.000,9999.000
202607281624,   0.958,   2.000,9999.000,9999.000,9999.000,9999.000,9999.000,9999.000,9999.000
202607281630,   0.912,   1.928,9999.000,9999.000,9999.000,9999.000,9999.000,9999.000,9999.000
202607281636,   0.868,   1.879,9999.000,9999.000,9999.000,9999.000,9999.000,9999.000,9999.000
202607281642,   0.829,   1.810,9999.000,9999.000,9999.000,9999.000,9999.000,9999.000,9999.000
202607281648,   0.794,   1.767,9999.000,9999.000,9999.000,9999.000,9999.000,9999.000,9999.000
202607281654,   0.762,   1.708,9999.000,9999.000,9999.000,9999.000,9999.000,9999.000,9999.000
202607281700,   0.736,   1.659,   0.700,   0.223,   1.659,   0.700,   1.659,   0.800,   1.759
202607281706,   0.714,   1.630,9999.000,9999.000,9999.000,9999.000,9999.000,9999.000,9999.000
202607281712,   0.697,   1.600,9999.000,9999.000,9999.000,9999.000,9999.000,9999.000,9999.000
202607281718,   0.686,   1.571,9999.000,9999.000,9999.000,9999.000,9999.000,9999.000,9999.000
202607281724,   0.679,   1.548,9999.000,9999.000,9999.000,9999.000,9999.000,9999.000,9999.000
202607281730,   0.678,   1.571,9999.000,9999.000,9999.000,9999.000,9999.000,9999.000,9999.000
202607281736,   0.683,   1.498,9999.000,9999.000,9999.000,9999.000,9999.000,9999.000,9999.000
202607281742,   0.693,   1.479,9999.000,9999.000,9999.000,9999.000,9999.000,9999.000,9999.000
202607281748,   0.708,   1.508,9999.000,9999.000,9999.000,9999.000,9999.000,9999.000,9999.000
202607281754,   0.729,   1.498,9999.000,9999.000,9999.000,9999.000,9999.000,9999.000,9999.000
202607281800,   0.755,   1.508,   0.900,  -0.147,   1.508,   0.800,   1.408,   0.900,   1.508
202607281806,   0.787,   1.538,9999.000,9999.000,9999.000,9999.000,9999.000,9999.000,9999.000
202607281812,   0.823,   1.580,9999.000,9999.000,9999.000,9999.000,9999.000,9999.000,9999.000
202607281818,   0.865,   1.639,9999.000,9999.000,9999.000,9999.000,9999.000,9999.000,9999.000
202607281824,   0.912,   1.728,9999.000,9999.000,9999.000,9999.000,9999.000,9999.000,9999.000
202607281830,   0.963,   1.810,9999.000,9999.000,9999.000,9999.000,9999.000,9999.000,9999.000
202607281836,   1.018,   1.830,9999.000,9999.000,9999.000,9999.000,9999.000,9999.000,9999.000
202607281842,   1.077,   1.879,9999.000,9999.000,9999.000,9999.000,9999.000,9999.000,9999.000
202607281848,   1.141,   1.899,9999.000,9999.000,9999.000,9999.000,9999.000,9999.000,9999.000
202607281854,   1.208,   1.948,9999.000,9999.000,9999.000,9999.000,9999.000,9999.000,9999.000
202607281900,   1.278,   2.049,   0.900,  -0.129,   2.049,   0.900,   2.049,   0.900,   2.049
202607281906,   1.351,   2.177,9999.000,9999.000,9999.000,9999.000,9999.000,9999.000,9999.000
202607281912,   1.426,   2.289,9999.000,9999.000,9999.000,9999.000,9999.000,9999.000,9999.000
202607281918,   1.505,   2.368,9999.000,9999.000,9999.000,9999.000,9999.000,9999.000,9999.000
202607281924,   1.585,   2.440,9999.000,9999.000,9999.000,9999.000,9999.000,9999.000,9999.000
202607281930,   1.667,   2.459,9999.000,9999.000,9999.000,9999.000,9999.000,9999.000,9999.000
202607281936,   1.751,   2.548,9999.000,9999.000,9999.000,9999.000,9999.000,9999.000,9999.000
202607281942,   1.836,   2.689,9999.000,9999.000,9999.000,9999.000,9999.000,9999.000,9999.000
202607281948,   1.923,   2.768,9999.000,9999.000,9999.000,9999.000,9999.000,9999.000,9999.000
202607281954,   2.010,   2.899,9999.000,9999.000,9999.000,9999.000,9999.000,9999.000,9999.000
202607282000,   2.098,   3.007,   0.900,   0.009,   3.007,   0.900,   3.007,   0.900,   3.007
202607282006,   2.186,   3.099,9999.000,9999.000,9999.000,9999.000,9999.000,9999.000,9999.000
202607282012,   2.275,   3.138,9999.000,9999.000,9999.000,9999.000,9999.000,9999.000,9999.000
202607282018,   2.364,   3.240,9999.000,9999.000,9999.000,9999.000,9999.000,9999.000,9999.000
202607282024,   2.454,   3.339,9999.000,9999.000,9999.000,9999.000,9999.000,9999.000,9999.000
202607282030,   2.543,   3.480,9999.000,9999.000,9999.000,9999.000,9999.000,9999.000,9999.000
202607282036,   2.632,   3.588,9999.000,9999.000,9999.000,9999.000,9999.000,9999.000,9999.000
202607282042,   2.721,   3.749,9999.000,9999.000,9999.000,9999.000,9999.000,9999.000,9999.000
202607282048,   2.810,   3.798,9999.000,9999.000,9999.000,9999.000,9999.000,9999.000,9999.000
202607282054,   2.898,   3.880,9999.000,9999.000,9999.000,9999.000,9999.000,9999.000,9999.000
202607282100,   2.986,   3.968,   0.900,   0.082,   3.968,   0.900,   3.968,   0.900,   3.968
202607282106,   3.074,   4.080,9999.000,9999.000,9999.000,9999.000,9999.000,9999.000,9999.000
202607282112,   3.161,   4.149,9999.000,9999.000,9999.000,9999.000,9999.000,9999.000,9999.000
202607282118,   3.247,   4.290,9999.000,9999.000,9999.000,9999.000,9999.000,9999.000,9999.000
202607282124,   3.333,   4.349,9999.000,9999.000,9999.000,9999.000,9999.000,9999.000,9999.000
202607282130,   3.418,   4.437,9999.000,9999.000,9999.000,9999.000,9999.000,9999.000,9999.000
202607282136,   3.502,   4.509,9999.000,9999.000,9999.000,9999.000,9999.000,9999.000,9999.000
202607282142,   3.585,   4.598,9999.000,9999.000,9999.000,9999.000,9999.000,9999.000,9999.000
202607282148,   3.667,   4.647,9999.000,9999.000,9999.000,9999.000,9999.000,9999.000,9999.000
202607282154,   3.748,   4.729,9999.000,9999.000,9999.000,9999.000,9999.000,9999.000,9999.000
202607282200,   3.827,   4.808,   0.900,   0.081,   4.808,   0.800,   4.708,   0.900,   4.808
202607282206,   3.905,   4.867,9999.000,9999.000,9999.000,9999.000,9999.000,9999.000,9999.000
202607282212,   3.981,   4.919,9999.000,9999.000,9999.000,9999.000,9999.000,9999.000,9999.000
202607282218,   4.054,   4.979,9999.000,9999.000,9999.000,9999.000,9999.000,9999.000,9999.000
202607282224,   4.126,   5.038,9999.000,9999.000,9999.000,9999.000,9999.000,9999.000,9999.000
202607282230,   4.194,   5.087,9999.000,9999.000,9999.000,9999.000,9999.000,9999.000,9999.000
202607282236,   4.260,   5.159,9999.000,9999.000,9999.000,9999.000,9999.000,9999.000,9999.000
202607282242,   4.323,   5.218,9999.000,9999.000,9999.000,9999.000,9999.000,9999.000,9999.000
202607282248,   4.382,   5.267,9999.000,9999.000,9999.000,9999.000,9999.000,9999.000,9999.000
202607282254,   4.437,   5.329,9999.000,9999.000,9999.000,9999.000,9999.000,9999.000,9999.000
202607282300,   4.488,   5.359,   0.900,  -0.029,   5.359,   0.800,   5.259,   0.900,   5.359
202607282306,   4.535,   5.408,9999.000,9999.000,9999.000,9999.000,9999.000,9999.000,9999.000
202607282312,   4.577,   5.448,9999.000,9999.000,9999.000,9999.000,9999.000,9999.000,9999.000
202607282318,   4.613,   5.497,9999.000,9999.000,9999.000,9999.000,9999.000,9999.000,9999.000
202607282324,   4.645,   5.579,9999.000,9999.000,9999.000,9999.000,9999.000,9999.000,9999.000
202607282330,   4.671,   5.598,9999.000,9999.000,9999.000,9999.000,9999.000,9999.000,9999.000
202607282336,   4.691,   5.608,9999.000,9999.000,9999.000,9999.000,9999.000,9999.000,9999.000
202607282342,   4.705,   5.598,9999.000,9999.000,9999.000,9999.000,9999.000,9999.000,9999.000
202607282348,   4.714,   5.628,9999.000,9999.000,9999.000,9999.000,9999.000,9999.000,9999.000
202607282354,   4.716,   5.618,9999.000,9999.000,9999.000,9999.000,9999.000,9999.000,9999.000
202607290000,   4.711,   5.677,   1.000,  -0.034,   5.677,   1.000,   5.677,   1.100,   5.777
202607290006,   4.701,   5.707,9999.000,9999.000,9999.000,9999.000,9999.000,9999.000,9999.000
202607290012,   4.684,   5.739,9999.000,9999.000,9999.000,9999.000,9999.000,9999.000,9999.000
202607290018,   4.661,   5.677,9999.000,9999.000,9999.000,9999.000,9999.000,9999.000,9999.000
202607290024,   4.632,   5.657,9999.000,9999.000,9999.000,9999.000,9999.000,9999.000,9999.000
202607290030,   4.597,   5.628,9999.000,9999.000,9999.000,9999.000,9999.000,9999.000,9999.000
202607290036,   4.556,   5.628,9999.000,9999.000,9999.000,9999.000,9999.000,9999.000,9999.000
202607290042,   4.510,   5.618,9999.000,9999.000,9999.000,9999.000,9999.000,9999.000,9999.000
202607290048,   4.459,   5.579,9999.000,9999.000,9999.000,9999.000,9999.000,9999.000,9999.000
202607290054,   4.402,   5.507,9999.000,9999.000,9999.000,9999.000,9999.000,9999.000,9999.000
202607290100,   4.341,   5.438,   1.000,   0.097,   5.438,   1.000,   5.438,   1.100,   5.538
202607290106,   4.275,   5.408,9999.000,9999.000,9999.000,9999.000,9999.000,9999.000,9999.000
202607290112,   4.205,   5.349,9999.000,9999.000,9999.000,9999.000,9999.000,9999.000,9999.000
202607290118,   4.131,   5.307,9999.000,9999.000,9999.000,9999.000,9999.000,9999.000,9999.000
202607290124,   4.054,   5.238,9999.000,9999.000,9999.000,9999.000,9999.000,9999.000,9999.000
202607290130,   3.974,   5.129,9999.000,9999.000,9999.000,9999.000,9999.000,9999.000,9999.000
202607290136,   3.892,   5.077,9999.000,9999.000,9999.000,9999.000,9999.000,9999.000,9999.000
202607290142,   3.806,   4.969,9999.000,9999.000,9999.000,9999.000,9999.000,9999.000,9999.000
202607290148,   3.719,   4.887,9999.000,9999.000,9999.000,9999.000,9999.000,9999.000,9999.000
202607290154,   3.630,   4.837,9999.000,9999.000,9999.000,9999.000,9999.000,9999.000,9999.000
202607290200,   3.540,   4.769,   1.000,   0.229,   4.769,   1.000,   4.769,   1.100,   4.869
202607290206,   3.448,   4.729,9999.000,9999.000,9999.000,9999.000,9999.000,9999.000,9999.000
202607290212,   3.355,   4.618,9999.000,9999.000,9999.000,9999.000,9999.000,9999.000,9999.000
202607290218,   3.261,   4.549,9999.000,9999.000,9999.000,9999.000,9999.000,9999.000,9999.000
202607290224,   3.166,   4.437,9999.000,9999.000,9999.000,9999.000,9999.000,9999.000,9999.000
202607290230,   3.071,   4.359,9999.000,9999.000,9999.000,9999.000,9999.000,9999.000,9999.000
202607290236,   2.976,   4.237,9999.000,9999.000,9999.000,9999.000,9999.000,9999.000,9999.000
202607290242,   2.880,   4.159,9999.000,9999.000,9999.000,9999.000,9999.000,9999.000,9999.000
202607290248,   2.784,   4.037,9999.000,9999.000,9999.000,9999.000,9999.000,9999.000,9999.000
202607290254,   2.688,   3.968,9999.000,9999.000,9999.000,9999.000,9999.000,9999.000,9999.000
202607290300,   2.592,   3.847,   1.000,   0.255,   3.847,   1.000,   3.847,   1.100,   3.947
202607290306,   2.495,   3.808,9999.000,9999.000,9999.000,9999.000,9999.000,9999.000,9999.000
202607290312,   2.399,   3.689,9999.000,9999.000,9999.000,9999.000,9999.000,9999.000,9999.000
202607290318,   2.303,   3.680,9999.000,9999.000,9999.000,9999.000,9999.000,9999.000,9999.000
202607290324,   2.207,   3.588,9999.000,9999.000,9999.000,9999.000,9999.000,9999.000,9999.000
202607290330,   2.112,   3.480,9999.000,9999.000,9999.000,9999.000,9999.000,9999.000,9999.000
202607290336,   2.017,   3.348,9999.000,9999.000,9999.000,9999.000,9999.000,9999.000,9999.000
202607290342,   1.922,   3.250,9999.000,9999.000,9999.000,9999.000,9999.000,9999.000,9999.000
202607290348,   1.828,   3.178,9999.000,9999.000,9999.000,9999.000,9999.000,9999.000,9999.000
202607290354,   1.735,   3.119,9999.000,9999.000,9999.000,9999.000,9999.000,9999.000,9999.000
202607290400,   1.643,   2.978,   1.000,   0.335,   2.978,   1.000,   2.978,   1.100,   3.078
202607290406,   1.552,   2.909,9999.000,9999.000,9999.000,9999.000,9999.000,9999.000,9999.000
202607290412,   1.463,   2.778,9999.000,9999.000,9999.000,9999.000,9999.000,9999.000,9999.000
202607290418,   1.375,   2.709,9999.000,9999.000,9999.000,9999.000,9999.000,9999.000,9999.000
202607290424,   1.289,   2.630,9999.000,9999.000,9999.000,9999.000,9999.000,9999.000,9999.000
202607290430,   1.205,   2.538,9999.000,9999.000,9999.000,9999.000,9999.000,9999.000,9999.000
202607290436,   1.124,   2.459,9999.000,9999.000,9999.000,9999.000,9999.000,9999.000,9999.000
202607290442,   1.045,   2.368,9999.000,9999.000,9999.000,9999.000,9999.000,9999.000,9999.000
202607290448,   0.970,   2.400,9999.000,9999.000,9999.000,9999.000,9999.000,9999.000,9999.000
202607290454,   0.898,   2.338,9999.000,9999.000,9999.000,9999.000,9999.000,9999.000,9999.000
202607290500,   0.830,   2.368,   1.000,   0.538,   2.368,   0.900,   2.268,   1.100,   2.468
202607290506,   0.765,   2.269,9999.000,9999.000,9999.000,9999.000,9999.000,9999.000,9999.000
202607290512,   0.705,   2.191,9999.000,9999.000,9999.000,9999.000,9999.000,9999.000,9999.000
202607290518,   0.650,   2.109,9999.000,9999.000,9999.000,9999.000,9999.000,9999.000,9999.000
202607290524,   0.599,   2.069,9999.000,9999.000,9999.000,9999.000,9999.000,9999.000,9999.000
202607290530,   0.553,   2.020,9999.000,9999.000,9999.000,9999.000,9999.000,9999.000,9999.000
202607290536,   0.513,   1.899,9999.000,9999.000,9999.000,9999.000,9999.000,9999.000,9999.000
202607290542,   0.478,   1.781,9999.000,9999.000,9999.000,9999.000,9999.000,9999.000,9999.000
202607290548,   0.448,   1.758,9999.000,9999.000,9999.000,9999.000,9999.000,9999.000,9999.000
202607290554,   0.424,   1.781,9999.000,9999.000,9999.000,9999.000,9999.000,9999.000,9999.000
202607290600,   0.406,   1.639,   1.100,   0.133,   1.639,   1.000,   1.539,   1.100,   1.639
202607290606,   0.394,   1.669,9999.000,9999.000,9999.000,9999.000,9999.000,9999.000,9999.000
202607290612,   0.387,   1.767,9999.000,9999.000,9999.000,9999.000,9999.000,9999.000,9999.000
202607290618,   0.386,   1.718,9999.000,9999.000,9999.000,9999.000,9999.000,9999.000,9999.000
202607290624,   0.391,   1.639,9999.000,9999.000,9999.000,9999.000,9999.000,9999.000,9999.000
202607290630,   0.401,   1.699,9999.000,9999.000,9999.000,9999.000,9999.000,9999.000,9999.000
202607290636,   0.417,   1.689,9999.000,9999.000,9999.000,9999.000,9999.000,9999.000,9999.000
202607290642,   0.438,   1.590,9999.000,9999.000,9999.000,9999.000,9999.000,9999.000,9999.000
202607290648,   0.464,   1.620,9999.000,9999.000,9999.000,9999.000,9999.000,9999.000,9999.000
202607290654,   0.496,   1.728,9999.000,9999.000,9999.000,9999.000,9999.000,9999.000,9999.000
202607290700,   0.531,   1.689,   1.100,   0.058,   1.689,   1.000,   1.589,   1.100,   1.689
202607290706,   0.572,   1.800,9999.000,9999.000,9999.000,9999.000,9999.000,9999.000,9999.000
202607290712,   0.616,   1.859,9999.000,9999.000,9999.000,9999.000,9999.000,9999.000,9999.000
202607290718,   0.665,   1.790,9999.000,9999.000,9999.000,9999.000,9999.000,9999.000,9999.000
202607290724,   0.717,   1.859,9999.000,9999.000,9999.000,9999.000,9999.000,9999.000,9999.000
202607290730,   0.773,   1.869,9999.000,9999.000,9999.000,9999.000,9999.000,9999.000,9999.000
202607290736,   0.831,   2.049,9999.000,9999.000,9999.000,9999.000,9999.000,9999.000,9999.000
202607290742,   0.893,   2.030,9999.000,9999.000,9999.000,9999.000,9999.000,9999.000,9999.000
202607290748,   0.957,   1.990,9999.000,9999.000,9999.000,9999.000,9999.000,9999.000,9999.000
202607290754,   1.023,   2.099,9999.000,9999.000,9999.000,9999.000,9999.000,9999.000,9999.000
202607290800,   1.091,   2.250,   1.100,   0.059,   2.250,   1.000,   2.150,   1.100,   2.250
202607290806,   1.162,   2.289,9999.000,9999.000,9999.000,9999.000,9999.000,9999.000,9999.000
202607290812,   1.233,   2.200,9999.000,9999.000,9999.000,9999.000,9999.000,9999.000,9999.000
202607290818,   1.307,   2.289,9999.000,9999.000,9999.000,9999.000,9999.000,9999.000,9999.000
202607290824,   1.381,   2.519,9999.000,9999.000,9999.000,9999.000,9999.000,9999.000,9999.000
202607290830,   1.456,   2.578,9999.000,9999.000,9999.000,9999.000,9999.000,9999.000,9999.000
202607290836,   1.533,   2.620,9999.000,9999.000,9999.000,9999.000,9999.000,9999.000,9999.000
202607290842,   1.610,   2.699,9999.000,9999.000,9999.000,9999.000,9999.000,9999.000,9999.000
202607290848,   1.687,   2.820,9999.000,9999.000,9999.000,9999.000,9999.000,9999.000,9999.000
202607290854,   1.765,   2.889,9999.000,9999.000,9999.000,9999.000,9999.000,9999.000,9999.000
202607290900,   1.844,   2.879,   1.100,  -0.065,   2.879,   1.000,   2.779,   1.100,   2.879
202607290906,   1.922,   3.007,9999.000,9999.000,9999.000,9999.000,9999.000,9999.000,9999.000
202607290912,   2.001,   3.168,9999.000,9999.000,9999.000,9999.000,9999.000,9999.000,9999.000
202607290918,   2.081,   3.240,9999.000,9999.000,9999.000,9999.000,9999.000,9999.000,9999.000
202607290924,   2.160,   3.329,9999.000,9999.000,9999.000,9999.000,9999.000,9999.000,9999.000
202607290930,   2.240,   3.358,9999.000,9999.000,9999.000,9999.000,9999.000,9999.000,9999.000
202607290936,   2.318,   3.460,9999.000,9999.000,9999.000,9999.000,9999.000,9999.000,9999.000
202607290942,   2.397,   3.539,9999.000,9999.000,9999.000,9999.000,9999.000,9999.000,9999.000
202607290948,   2.476,   3.578,9999.000,9999.000,9999.000,9999.000,9999.000,9999.000,9999.000
202607290954,   2.554,   3.660,9999.000,9999.000,9999.000,9999.000,9999.000,9999.000,9999.000
202607291000,   2.632,   3.699,   1.100,  -0.033,   3.699,   1.000,   3.599,   1.100,   3.699
202607291006,   2.709,   3.739,9999.000,9999.000,9999.000,9999.000,9999.000,9999.000,9999.000
202607291012,   2.786,   3.817,9999.000,9999.000,9999.000,9999.000,9999.000,9999.000,9999.000
202607291018,   2.862,   3.909,9999.000,9999.000,9999.000,9999.000,9999.000,9999.000,9999.000
202607291024,   2.937,   3.949,9999.000,9999.000,9999.000,9999.000,9999.000,9999.000,9999.000
202607291030,   3.010,   4.008,9999.000,9999.000,9999.000,9999.000,9999.000,9999.000,9999.000
202607291036,   3.082,   4.008,9999.000,9999.000,9999.000,9999.000,9999.000,9999.000,9999.000
202607291042,   3.152,   4.070,9999.000,9999.000,9999.000,9999.000,9999.000,9999.000,9999.000
202607291048,   3.221,   4.129,9999.000,9999.000,9999.000,9999.000,9999.000,9999.000,9999.000
202607291054,   3.287,   4.257,9999.000,9999.000,9999.000,9999.000,9999.000,9999.000,9999.000
202607291100,   3.351,   4.349,   1.000,  -0.002,   4.349,   1.000,   4.349,   1.100,   4.449
202607291106,   3.411,   4.418,9999.000,9999.000,9999.000,9999.000,9999.000,9999.000,9999.000
202607291112,   3.469,   4.447,9999.000,9999.000,9999.000,9999.000,9999.000,9999.000,9999.000
202607291118,   3.523,   4.447,9999.000,9999.000,9999.000,9999.000,9999.000,9999.000,9999.000
202607291124,   3.574,   4.457,9999.000,9999.000,9999.000,9999.000,9999.000,9999.000,9999.000
202607291130,   3.621,   4.588,9999.000,9999.000,9999.000,9999.000,9999.000,9999.000,9999.000
202607291136,   3.663,   4.647,9999.000,9999.000,9999.000,9999.000,9999.000,9999.000,9999.000
202607291142,   3.701,   4.749,9999.000,9999.000,9999.000,9999.000,9999.000,9999.000,9999.000
202607291148,   3.733,   4.759,9999.000,9999.000,9999.000,9999.000,9999.000,9999.000,9999.000
202607291154,   3.761,   4.769,9999.000,9999.000,9999.000,9999.000,9999.000,9999.000,9999.000
202607291200,   3.784,   4.778,   1.000,  -0.006,   4.778,   0.900,   4.678,   1.000,   4.778
202607291206,   3.801,   4.877,9999.000,9999.000,9999.000,9999.000,9999.000,9999.000,9999.000
202607291212,   3.812,   4.900,9999.000,9999.000,9999.000,9999.000,9999.000,9999.000,9999.000
202607291218,   3.818,   4.939,9999.000,9999.000,9999.000,9999.000,9999.000,9999.000,9999.000
202607291224,   3.818,   4.929,9999.000,9999.000,9999.000,9999.000,9999.000,9999.000,9999.000
202607291230,   3.812,   4.959,9999.000,9999.000,9999.000,9999.000,9999.000,9999.000,9999.000
202607291236,   3.800,   4.949,9999.000,9999.000,9999.000,9999.000,9999.000,9999.000,9999.000
202607291242,   3.783,   4.949,9999.000,9999.000,9999.000,9999.000,9999.000,9999.000,9999.000
202607291248,   3.760,   4.969,9999.000,9999.000,9999.000,9999.000,9999.000,9999.000,9999.000
202607291254,   3.732,   4.998,9999.000,9999.000,9999.000,9999.000,9999.000,9999.000,9999.000
202607291300,   3.698,   5.008,   1.000,   0.310,   5.008,   0.900,   4.908,   1.000,   5.008
202607291306,   3.660,   4.949,9999.000,9999.000,9999.000,9999.000,9999.000,9999.000,9999.000
202607291312,   3.616,   4.877,9999.000,9999.000,9999.000,9999.000,9999.000,9999.000,9999.000
202607291318,   3.568,   4.877,9999.000,9999.000,9999.000,9999.000,9999.000,9999.000,9999.000
202607291324,   3.516,   4.867,9999.000,9999.000,9999.000,9999.000,9999.000,9999.000,9999.000
202607291330,   3.460,   4.778,9999.000,9999.000,9999.000,9999.000,9999.000,9999.000,9999.000
202607291336,   3.401,   4.739,9999.000,9999.000,9999.000,9999.000,9999.000,9999.000,9999.000
202607291342,   3.338,   4.647,9999.000,9999.000,9999.000,9999.000,9999.000,9999.000,9999.000
202607291348,   3.272,   4.588,9999.000,9999.000,9999.000,9999.000,9999.000,9999.000,9999.000
202607291354,   3.204,   4.490,9999.000,9999.000,9999.000,9999.000,9999.000,9999.000,9999.000
202607291400,   3.133,   4.447,   1.000,   0.314,   4.447,   0.900,   4.347,   1.000,   4.447
202607291406,   3.061,   4.388,9999.000,9999.000,9999.000,9999.000,9999.000,9999.000,9999.000
202607291412,   2.987,   4.368,9999.000,9999.000,9999.000,9999.000,9999.000,9999.000,9999.000
202607291418,   2.912,   4.227,9999.000,9999.000,9999.000,9999.000,9999.000,9999.000,9999.000
202607291424,   2.836,   4.168,9999.000,9999.000,9999.000,9999.000,9999.000,9999.000,9999.000
202607291430,   2.759,   4.057,9999.000,9999.000,9999.000,9999.000,9999.000,9999.000,9999.000
202607291436,   2.681,   3.968,9999.000,9999.000,9999.000,9999.000,9999.000,9999.000,9999.000
202607291442,   2.603,   3.890,9999.000,9999.000,9999.000,9999.000,9999.000,9999.000,9999.000
202607291448,   2.525,   3.749,9999.000,9999.000,9999.000,9999.000,9999.000,9999.000,9999.000
202607291454,   2.447,   3.709,9999.000,9999.000,9999.000,9999.000,9999.000,9999.000,9999.000
202607291500,   2.369,   3.607,   1.000,   0.238,   3.607,   1.000,   3.607,   1.100,   3.707
202607291506,   2.291,   3.548,9999.000,9999.000,9999.000,9999.000,9999.000,9999.000,9999.000
202607291512,   2.213,   3.460,9999.000,9999.000,9999.000,9999.000,9999.000,9999.000,9999.000
202607291518,   2.136,   3.348,9999.000,9999.000,9999.000,9999.000,9999.000,9999.000,9999.000
202607291524,   2.059,   3.250,9999.000,9999.000,9999.000,9999.000,9999.000,9999.000,9999.000
202607291530,   1.983,   3.207,9999.000,9999.000,9999.000,9999.000,9999.000,9999.000,9999.000
202607291536,   1.907,   3.129,9999.000,9999.000,9999.000,9999.000,9999.000,9999.000,9999.000
202607291542,   1.832,   3.060,9999.000,9999.000,9999.000,9999.000,9999.000,9999.000,9999.000
202607291548,   1.758,   2.978,9999.000,9999.000,9999.000,9999.000,9999.000,9999.000,9999.000
202607291554,   1.684,   2.929,9999.000,9999.000,9999.000,9999.000,9999.000,9999.000,9999.000
202607291600,   1.612,   2.899,   1.000,   0.287,   2.899,   1.000,   2.899,   1.100,   2.999
202607291606,   1.540,   2.787,9999.000,9999.000,9999.000,9999.000,9999.000,9999.000,9999.000
202607291612,   1.469,   2.728,9999.000,9999.000,9999.000,9999.000,9999.000,9999.000,9999.000
202607291618,   1.400,   2.650,9999.000,9999.000,9999.000,9999.000,9999.000,9999.000,9999.000
202607291624,   1.332,   2.587,9999.000,9999.000,9999.000,9999.000,9999.000,9999.000,9999.000
202607291630,   1.266,   2.509,9999.000,9999.000,9999.000,9999.000,9999.000,9999.000,9999.000
202607291636,   1.201,   2.499,9999.000,9999.000,9999.000,9999.000,9999.000,9999.000,9999.000
202607291642,   1.139,   2.387,9999.000,9999.000,9999.000,9999.000,9999.000,9999.000,9999.000
202607291648,   1.078,   2.328,9999.000,9999.000,9999.000,9999.000,9999.000,9999.000,9999.000
202607291654,   1.021,   2.240,9999.000,9999.000,9999.000,9999.000,9999.000,9999.000,9999.000
202607291700,   0.966,   2.240,   1.000,   0.274,   2.240,   1.000,   2.240,   1.000,   2.240
202607291706,   0.914,   2.177,9999.000,9999.000,9999.000,9999.000,9999.000,9999.000,9999.000
202607291712,   0.865,   2.099,9999.000,9999.000,9999.000,9999.000,9999.000,9999.000,9999.000
202607291718,   0.820,   1.990,9999.000,9999.000,9999.000,9999.000,9999.000,9999.000,9999.000
202607291724,   0.779,   1.967,9999.000,9999.000,9999.000,9999.000,9999.000,9999.000,9999.000
202607291730,   0.742,   1.948,9999.000,9999.000,9999.000,9999.000,9999.000,9999.000,9999.000
202607291736,   0.709,   1.948,9999.000,9999.000,9999.000,9999.000,9999.000,9999.000,9999.000
202607291742,   0.681,   1.908,9999.000,9999.000,9999.000,9999.000,9999.000,9999.000,9999.000
202607291748,   0.658,   1.859,9999.000,9999.000,9999.000,9999.000,9999.000,9999.000,9999.000
202607291754,   0.640,   1.859,9999.000,9999.000,9999.000,9999.000,9999.000,9999.000,9999.000
202607291800,   0.627,   1.820,   1.000,   0.193,   1.820,   1.000,   1.820,   1.100,   1.920
202607291806,   0.620,   1.810,9999.000,9999.000,9999.000,9999.000,9999.000,9999.000,9999.000
202607291812,   0.618,   1.849,9999.000,9999.000,9999.000,9999.000,9999.000,9999.000,9999.000
202607291818,   0.621,   1.781,9999.000,9999.000,9999.000,9999.000,9999.000,9999.000,9999.000
202607291824,   0.631,   1.790,9999.000,9999.000,9999.000,9999.000,9999.000,9999.000,9999.000
202607291830,   0.646,   1.820,9999.000,9999.000,9999.000,9999.000,9999.000,9999.000,9999.000
202607291836,   0.666,   1.781,9999.000,9999.000,9999.000,9999.000,9999.000,9999.000,9999.000
202607291842,   0.692,   1.748,9999.000,9999.000,9999.000,9999.000,9999.000,9999.000,9999.000
202607291848,   0.724,   1.748,9999.000,9999.000,9999.000,9999.000,9999.000,9999.000,9999.000
202607291854,   0.761,   1.859,9999.000,9999.000,9999.000,9999.000,9999.000,9999.000,9999.000
202607291900,   0.803,   1.908,   1.000,   0.105,   1.908,   1.000,   1.908,   1.100,   2.008
202607291906,   0.851,   1.928,9999.000,9999.000,9999.000,9999.000,9999.000,9999.000,9999.000
202607291912,   0.903,   1.958,9999.000,9999.000,9999.000,9999.000,9999.000,9999.000,9999.000
202607291918,   0.960,   2.049,9999.000,9999.000,9999.000,9999.000,9999.000,9999.000,9999.000
202607291924,   1.021,   2.020,9999.000,9999.000,9999.000,9999.000,9999.000,9999.000,9999.000
202607291930,   1.086,   2.089,9999.000,9999.000,9999.000,9999.000,9999.000,9999.000,9999.000
202607291936,   1.155,   2.128,9999.000,9999.000,9999.000,9999.000,9999.000,9999.000,9999.000
202607291942,   1.228,   2.210,9999.000,9999.000,9999.000,9999.000,9999.000,9999.000,9999.000
202607291948,   1.304,   2.289,9999.000,9999.000,9999.000,9999.000,9999.000,9999.000,9999.000
202607291954,   1.383,   2.387,9999.000,9999.000,9999.000,9999.000,9999.000,9999.000,9999.000
202607292000,   1.465,   2.469,   1.000,   0.004,   2.469,   1.000,   2.469,   1.100,   2.569
202607292006,   1.550,   2.538,9999.000,9999.000,9999.000,9999.000,9999.000,9999.000,9999.000
202607292012,   1.636,   2.689,9999.000,9999.000,9999.000,9999.000,9999.000,9999.000,9999.000
202607292018,   1.724,   2.758,9999.000,9999.000,9999.000,9999.000,9999.000,9999.000,9999.000
202607292024,   1.814,   2.830,9999.000,9999.000,9999.000,9999.000,9999.000,9999.000,9999.000
202607292030,   1.905,   2.899,9999.000,9999.000,9999.000,9999.000,9999.000,9999.000,9999.000
202607292036,   1.997,   3.007,9999.000,9999.000,9999.000,9999.000,9999.000,9999.000,9999.000
202607292042,   2.090,   3.138,9999.000,9999.000,9999.000,9999.000,9999.000,9999.000,9999.000
202607292048,   2.184,   3.240,9999.000,9999.000,9999.000,9999.000,9999.000,9999.000,9999.000
202607292054,   2.278,   3.329,9999.000,9999.000,9999.000,9999.000,9999.000,9999.000,9999.000
202607292100,   2.373,   3.450,   1.000,   0.077,   3.450,   1.000,   3.450,   1.100,   3.550
202607292106,   2.467,   3.539,9999.000,9999.000,9999.000,9999.000,9999.000,9999.000,9999.000
202607292112,   2.562,   3.598,9999.000,9999.000,9999.000,9999.000,9999.000,9999.000,9999.000
202607292118,   2.656,   3.699,9999.000,9999.000,9999.000,9999.000,9999.000,9999.000,9999.000
202607292124,   2.750,   3.837,9999.000,9999.000,9999.000,9999.000,9999.000,9999.000,9999.000
202607292130,   2.843,   3.939,9999.000,9999.000,9999.000,9999.000,9999.000,9999.000,9999.000
202607292136,   2.937,   4.027,9999.000,9999.000,9999.000,9999.000,9999.000,9999.000,9999.000
202607292142,   3.029,   4.109,9999.000,9999.000,9999.000,9999.000,9999.000,9999.000,9999.000
202607292148,   3.121,   4.178,9999.000,9999.000,9999.000,9999.000,9999.000,9999.000,9999.000
202607292154,   3.212,   4.267,9999.000,9999.000,9999.000,9999.000,9999.000,9999.000,9999.000
202607292200,   3.302,   4.359,   1.000,   0.057,   4.359,   1.000,   4.359,   1.100,   4.459
202607292206,   3.391,   4.490,9999.000,9999.000,9999.000,9999.000,9999.000,9999.000,9999.000
202607292212,   3.478,   4.559,9999.000,9999.000,9999.000,9999.000,9999.000,9999.000,9999.000
202607292218,   3.565,   4.628,9999.000,9999.000,9999.000,9999.000,9999.000,9999.000,9999.000
202607292224,   3.650,   4.729,9999.000,9999.000,9999.000,9999.000,9999.000,9999.000,9999.000
202607292230,   3.734,   4.828,9999.000,9999.000,9999.000,9999.000,9999.000,9999.000,9999.000
202607292236,   3.817,   4.900,9999.000,9999.000,9999.000,9999.000,9999.000,9999.000,9999.000
202607292242,   3.897,   4.969,9999.000,9999.000,9999.000,9999.000,9999.000,9999.000,9999.000
202607292248,   3.975,   5.057,9999.000,9999.000,9999.000,9999.000,9999.000,9999.000,9999.000
202607292254,   4.052,   5.097,9999.000,9999.000,9999.000,9999.000,9999.000,9999.000,9999.000
202607292300,   4.126,   5.198,   1.000,   0.072,   5.198,   0.900,   5.098,   1.100,   5.298
202607292306,   4.197,   5.247,9999.000,9999.000,9999.000,9999.000,9999.000,9999.000,9999.000
202607292312,   4.265,   5.297,9999.000,9999.000,9999.000,9999.000,9999.000,9999.000,9999.000
202607292318,   4.331,   5.379,9999.000,9999.000,9999.000,9999.000,9999.000,9999.000,9999.000
202607292324,   4.392,   5.438,9999.000,9999.000,9999.000,9999.000,9999.000,9999.000,9999.000
202607292330,   4.451,   5.467,9999.000,9999.000,9999.000,9999.000,9999.000,9999.000,9999.000
202607292336,   4.505,   5.539,9999.000,9999.000,9999.000,9999.000,9999.000,9999.000,9999.000
202607292342,   4.555,   5.598,9999.000,9999.000,9999.000,9999.000,9999.000,9999.000,9999.000
202607292348,   4.600,   5.618,9999.000,9999.000,9999.000,9999.000,9999.000,9999.000,9999.000
202607292354,   4.640,   5.687,9999.000,9999.000,9999.000,9999.000,9999.000,9999.000,9999.000
202607300000,   4.676,   5.730,   1.000,   0.054,   5.730,   1.000,   5.730,   1.000,   5.730
202607300006,   4.705,   5.759,9999.000,9999.000,9999.000,9999.000,9999.000,9999.000,9999.000
202607300012,   4.730,   5.789,9999.000,9999.000,9999.000,9999.000,9999.000,9999.000,9999.000
202607300018,   4.748,   5.808,9999.000,9999.000,9999.000,9999.000,9999.000,9999.000,9999.000
202607300024,   4.760,   5.799,9999.000,9999.000,9999.000,9999.000,9999.000,9999.000,9999.000
202607300030,   4.767,   5.818,9999.000,9999.000,9999.000,9999.000,9999.000,9999.000,9999.000
202607300036,   4.766,   5.858,9999.000,9999.000,9999.000,9999.000,9999.000,9999.000,9999.000
202607300042,   4.760,   5.828,9999.000,9999.000,9999.000,9999.000,9999.000,9999.000,9999.000
202607300048,   4.747,   5.838,9999.000,9999.000,9999.000,9999.000,9999.000,9999.000,9999.000
202607300054,   4.727,   5.867,9999.000,9999.000,9999.000,9999.000,9999.000,9999.000,9999.000
202607300100,   4.701,   5.838,   1.000,   0.137,   5.838,   1.000,   5.838,   1.000,   5.838
202607300106,   4.669,   5.818,9999.000,9999.000,9999.000,9999.000,9999.000,9999.000,9999.000
202607300112,   4.631,   5.779,9999.000,9999.000,9999.000,9999.000,9999.000,9999.000,9999.000
202607300118,   4.586,   5.769,9999.000,9999.000,9999.000,9999.000,9999.000,9999.000,9999.000
202607300124,   4.536,   5.707,9999.000,9999.000,9999.000,9999.000,9999.000,9999.000,9999.000
202607300130,   4.480,   5.677,9999.000,9999.000,9999.000,9999.000,9999.000,9999.000,9999.000
202607300136,   4.418,   5.618,9999.000,9999.000,9999.000,9999.000,9999.000,9999.000,9999.000
202607300142,   4.352,   5.507,9999.000,9999.000,9999.000,9999.000,9999.000,9999.000,9999.000
202607300148,   4.281,   5.467,9999.000,9999.000,9999.000,9999.000,9999.000,9999.000,9999.000
202607300154,   4.205,   5.359,9999.000,9999.000,9999.000,9999.000,9999.000,9999.000,9999.000
202607300200,   4.125,   5.320,   1.000,   0.195,   5.320,   1.000,   5.320,   1.000,   5.320
202607300206,   4.042,   5.238,9999.000,9999.000,9999.000,9999.000,9999.000,9999.000,9999.000
202607300212,   3.955,   5.149,9999.000,9999.000,9999.000,9999.000,9999.000,9999.000,9999.000
202607300218,   3.865,   5.047,9999.000,9999.000,9999.000,9999.000,9999.000,9999.000,9999.000
202607300224,   3.773,   4.959,9999.000,9999.000,9999.000,9999.000,9999.000,9999.000,9999.000
202607300230,   3.678,   4.867,9999.000,9999.000,9999.000,9999.000,9999.000,9999.000,9999.000
202607300236,   3.581,   4.769,9999.000,9999.000,9999.000,9999.000,9999.000,9999.000,9999.000
202607300242,   3.483,   4.647,9999.000,9999.000,9999.000,9999.000,9999.000,9999.000,9999.000
202607300248,   3.384,   4.519,9999.000,9999.000,9999.000,9999.000,9999.000,9999.000,9999.000
202607300254,   3.283,   4.437,9999.000,9999.000,9999.000,9999.000,9999.000,9999.000,9999.000
202607300300,   3.181,   4.339,   1.000,   0.158,   4.339,   0.900,   4.239,   1.000,   4.339
202607300306,   3.079,   4.227,9999.000,9999.000,9999.000,9999.000,9999.000,9999.000,9999.000
202607300312,   2.977,   4.149,9999.000,9999.000,9999.000,9999.000,9999.000,9999.000,9999.000
202607300318,   2.874,   4.047,9999.000,9999.000,9999.000,9999.000,9999.000,9999.000,9999.000
202607300324,   2.771,   3.929,9999.000,9999.000,9999.000,9999.000,9999.000,9999.000,9999.000
202607300330,   2.669,   3.798,9999.000,9999.000,9999.000,9999.000,9999.000,9999.000,9999.000
202607300336,   2.566,   3.729,9999.000,9999.000,9999.000,9999.000,9999.000,9999.000,9999.000
202607300342,   2.464,   3.650,9999.000,9999.000,9999.000,9999.000,9999.000,9999.000,9999.000
202607300348,   2.362,   3.519,9999.000,9999.000,9999.000,9999.000,9999.000,9999.000,9999.000
202607300354,   2.261,   3.450,9999.000,9999.000,9999.000,9999.000,9999.000,9999.000,9999.000
202607300400,   2.161,   3.339,   1.000,   0.178,   3.339,   0.900,   3.239,   1.000,   3.339
202607300406,   2.061,   3.250,9999.000,9999.000,9999.000,9999.000,9999.000,9999.000,9999.000
202607300412,   1.962,   3.148,9999.000,9999.000,9999.000,9999.000,9999.000,9999.000,9999.000
202607300418,   1.864,   3.050,9999.000,9999.000,9999.000,9999.000,9999.000,9999.000,9999.000
202607300424,   1.766,   2.978,9999.000,9999.000,9999.000,9999.000,9999.000,9999.000,9999.000
202607300430,   1.670,   2.860,9999.000,9999.000,9999.000,9999.000,9999.000,9999.000,9999.000
202607300436,   1.576,   2.758,9999.000,9999.000,9999.000,9999.000,9999.000,9999.000,9999.000
202607300442,   1.482,   2.660,9999.000,9999.000,9999.000,9999.000,9999.000,9999.000,9999.000
202607300448,   1.391,   2.568,9999.000,9999.000,9999.000,9999.000,9999.000,9999.000,9999.000
202607300454,   1.301,   2.469,9999.000,9999.000,9999.000,9999.000,9999.000,9999.000,9999.000
202607300500,   1.213,   2.368,   1.000,   0.155,   2.368,   0.900,   2.268,   1.000,   2.368
202607300506,   1.127,   2.279,9999.000,9999.000,9999.000,9999.000,9999.000,9999.000,9999.000
202607300512,   1.044,   2.210,9999.000,9999.000,9999.000,9999.000,9999.000,9999.000,9999.000
202607300518,   0.963,   2.099,9999.000,9999.000,9999.000,9999.000,9999.000,9999.000,9999.000
202607300524,   0.886,   2.010,9999.000,9999.000,9999.000,9999.000,9999.000,9999.000,9999.000
202607300530,   0.811,   1.918,9999.000,9999.000,9999.000,9999.000,9999.000,9999.000,9999.000
202607300536,   0.741,   1.849,9999.000,9999.000,9999.000,9999.000,9999.000,9999.000,9999.000
202607300542,   0.674,   1.790,9999.000,9999.000,9999.000,9999.000,9999.000,9999.000,9999.000
202607300548,   0.611,   1.718,9999.000,9999.000,9999.000,9999.000,9999.000,9999.000,9999.000
202607300554,   0.553,   1.649,9999.000,9999.000,9999.000,9999.000,9999.000,9999.000,9999.000
202607300600,   0.499,   1.580,   1.000,   0.081,   1.580,   0.900,   1.480,   1.000,   1.580
202607300606,   0.450,   1.538,9999.000,9999.000,9999.000,9999.000,9999.000,9999.000,9999.000
202607300612,   0.406,   1.498,9999.000,9999.000,9999.000,9999.000,9999.000,9999.000,9999.000
202607300618,   0.368,   1.449,9999.000,9999.000,9999.000,9999.000,9999.000,9999.000,9999.000
202607300624,   0.335,   1.390,9999.000,9999.000,9999.000,9999.000,9999.000,9999.000,9999.000
202607300630,   0.308,   1.371,9999.000,9999.000,9999.000,9999.000,9999.000,9999.000,9999.000
202607300636,   0.286,   1.338,9999.000,9999.000,9999.000,9999.000,9999.000,9999.000,9999.000
202607300642,   0.270,   1.308,9999.000,9999.000,9999.000,9999.000,9999.000,9999.000,9999.000
202607300648,   0.261,   1.249,9999.000,9999.000,9999.000,9999.000,9999.000,9999.000,9999.000
202607300654,   0.257,   1.259,9999.000,9999.000,9999.000,9999.000,9999.000,9999.000,9999.000
202607300700,   0.259,   1.220,   0.900,   0.061,   1.220,   0.900,   1.220,   1.000,   1.320
202607300706,   0.267,   1.200,9999.000,9999.000,9999.000,9999.000,9999.000,9999.000,9999.000
202607300712,   0.281,   1.239,9999.000,9999.000,9999.000,9999.000,9999.000,9999.000,9999.000
202607300718,   0.300,   1.259,9999.000,9999.000,9999.000,9999.000,9999.000,9999.000,9999.000
202607300724,   0.326,   1.279,9999.000,9999.000,9999.000,9999.000,9999.000,9999.000,9999.000
202607300730,   0.356,   1.289,9999.000,9999.000,9999.000,9999.000,9999.000,9999.000,9999.000
202607300736,   0.392,   1.289,9999.000,9999.000,9999.000,9999.000,9999.000,9999.000,9999.000
202607300742,   0.433,   1.338,9999.000,9999.000,9999.000,9999.000,9999.000,9999.000,9999.000
202607300748,   0.479,   1.361,9999.000,9999.000,9999.000,9999.000,9999.000,9999.000,9999.000
202607300754,   0.529,   1.410,9999.000,9999.000,9999.000,9999.000,9999.000,9999.000,9999.000
202607300800,   0.584,   1.449,   0.900,  -0.035,   1.449,   0.800,   1.349,   1.000,   1.549
202607300806,   0.642,   1.528,9999.000,9999.000,9999.000,9999.000,9999.000,9999.000,9999.000
202607300812,   0.705,   1.600,9999.000,9999.000,9999.000,9999.000,9999.000,9999.000,9999.000
202607300818,   0.771,   1.689,9999.000,9999.000,9999.000,9999.000,9999.000,9999.000,9999.000
202607300824,   0.840,   1.748,9999.000,9999.000,9999.000,9999.000,9999.000,9999.000,9999.000
202607300830,   0.912,   1.800,9999.000,9999.000,9999.000,9999.000,9999.000,9999.000,9999.000
202607300836,   0.986,   1.928,9999.000,9999.000,9999.000,9999.000,9999.000,9999.000,9999.000
202607300842,   1.063,   1.990,9999.000,9999.000,9999.000,9999.000,9999.000,9999.000,9999.000
202607300848,   1.142,   2.079,9999.000,9999.000,9999.000,9999.000,9999.000,9999.000,9999.000
202607300854,   1.222,   2.168,9999.000,9999.000,9999.000,9999.000,9999.000,9999.000,9999.000
202607300900,   1.305,   2.259,   0.900,   0.054,   2.259,   0.800,   2.159,   1.000,   2.359
202607300906,   1.388,   2.368,9999.000,9999.000,9999.000,9999.000,9999.000,9999.000,9999.000
202607300912,   1.473,   2.450,9999.000,9999.000,9999.000,9999.000,9999.000,9999.000,9999.000
202607300918,   1.558,   2.558,9999.000,9999.000,9999.000,9999.000,9999.000,9999.000,9999.000
202607300924,   1.645,   2.650,9999.000,9999.000,9999.000,9999.000,9999.000,9999.000,9999.000
202607300930,   1.731,   2.758,9999.000,9999.000,9999.000,9999.000,9999.000,9999.000,9999.000
202607300936,   1.819,   2.830,9999.000,9999.000,9999.000,9999.000,9999.000,9999.000,9999.000
202607300942,   1.906,   2.909,9999.000,9999.000,9999.000,9999.000,9999.000,9999.000,9999.000
202607300948,   1.993,   3.040,9999.000,9999.000,9999.000,9999.000,9999.000,9999.000,9999.000
202607300954,   2.081,   3.138,9999.000,9999.000,9999.000,9999.000,9999.000,9999.000,9999.000
202607301000,   2.168,   3.207,   0.900,   0.139,   3.207,   0.900,   3.207,   1.000,   3.307
202607301006,   2.255,   3.299,9999.000,9999.000,9999.000,9999.000,9999.000,9999.000,9999.000
202607301012,   2.342,   3.368,9999.000,9999.000,9999.000,9999.000,9999.000,9999.000,9999.000
202607301018,   2.428,   3.470,9999.000,9999.000,9999.000,9999.000,9999.000,9999.000,9999.000
202607301024,   2.513,   3.548,9999.000,9999.000,9999.000,9999.000,9999.000,9999.000,9999.000
202607301030,   2.598,   3.660,9999.000,9999.000,9999.000,9999.000,9999.000,9999.000,9999.000
202607301036,   2.682,   3.749,9999.000,9999.000,9999.000,9999.000,9999.000,9999.000,9999.000
202607301042,   2.765,   3.827,9999.000,9999.000,9999.000,9999.000,9999.000,9999.000,9999.000
202607301048,   2.847,   3.880,9999.000,9999.000,9999.000,9999.000,9999.000,9999.000,9999.000
202607301054,   2.928,   3.949,9999.000,9999.000,9999.000,9999.000,9999.000,9999.000,9999.000
202607301100,   3.008,   4.017,   0.900,   0.109,   4.017,   0.900,   4.017,   1.000,   4.117
202607301106,   3.086,   4.090,9999.000,9999.000,9999.000,9999.000,9999.000,9999.000,9999.000
202607301112,   3.163,   4.168,9999.000,9999.000,9999.000,9999.000,9999.000,9999.000,9999.000
202607301118,   3.237,   4.257,9999.000,9999.000,9999.000,9999.000,9999.000,9999.000,9999.000
202607301124,   3.310,   4.349,9999.000,9999.000,9999.000,9999.000,9999.000,9999.000,9999.000
202607301130,   3.380,   4.398,9999.000,9999.000,9999.000,9999.000,9999.000,9999.000,9999.000
202607301136,   3.448,   4.467,9999.000,9999.000,9999.000,9999.000,9999.000,9999.000,9999.000
202607301142,   3.512,   4.490,9999.000,9999.000,9999.000,9999.000,9999.000,9999.000,9999.000
202607301148,   3.574,   4.559,9999.000,9999.000,9999.000,9999.000,9999.000,9999.000,9999.000
202607301154,   3.633,9999.000,9999.000,9999.000,9999.000,9999.000,9999.000,9999.000,9999.000
202607301200,   3.688,9999.000,   1.000,   0.105,   4.793,   0.900,   4.693,   1.000,   4.793
202607301206,   3.739,9999.000,9999.000,9999.000,9999.000,9999.000,9999.000,9999.000,9999.000
202607301212,   3.786,9999.000,9999.000,9999.000,9999.000,9999.000,9999.000,9999.000,9999.000
202607301218,   3.828,9999.000,9999.000,9999.000,9999.000,9999.000,9999.000,9999.000,9999.000
202607301224,   3.866,9999.000,9999.000,9999.000,9999.000,9999.000,9999.000,9999.000,9999.000
202607301230,   3.899,9999.000,9999.000,9999.000,9999.000,9999.000,9999.000,9999.000,9999.000
202607301236,   3.926,9999.000,9999.000,9999.000,9999.000,9999.000,9999.000,9999.000,9999.000
202607301242,   3.949,9999.000,9999.000,9999.000,9999.000,9999.000,9999.000,9999.000,9999.000
202607301248,   3.965,9999.000,9999.000,9999.000,9999.000,9999.000,9999.000,9999.000,9999.000
202607301254,   3.976,9999.000,9999.000,9999.000,9999.000,9999.000,9999.000,9999.000,9999.000
202607301300,   3.981,9999.000,   0.900,   0.102,   4.983,   0.900,   4.983,   1.000,   5.083
202607301306,   3.981,9999.000,9999.000,9999.000,9999.000,9999.000,9999.000,9999.000,9999.000
202607301312,   3.974,9999.000,9999.000,9999.000,9999.000,9999.000,9999.000,9999.000,9999.000
202607301318,   3.961,9999.000,9999.000,9999.000,9999.000,9999.000,9999.000,9999.000,9999.000
202607301324,   3.942,9999.000,9999.000,9999.000,9999.000,9999.000,9999.000,9999.000,9999.000
202607301330,   3.918,9999.000,9999.000,9999.000,9999.000,9999.000,9999.000,9999.000,9999.000
202607301336,   3.888,9999.000,9999.000,9999.000,9999.000,9999.000,9999.000,9999.000,9999.000
202607301342,   3.852,9999.000,9999.000,9999.000,9999.000,9999.000,9999.000,9999.000,9999.000
202607301348,   3.810,9999.000,9999.000,9999.000,9999.000,9999.000,9999.000,9999.000,9999.000
202607301354,   3.764,9999.000,9999.000,9999.000,9999.000,9999.000,9999.000,9999.000,9999.000
202607301400,   3.713,9999.000,   0.900,   0.098,   4.711,   0.800,   4.611,   1.000,   4.811
202607301406,   3.657,9999.000,9999.000,9999.000,9999.000,9999.000,9999.000,9999.000,9999.000
202607301412,   3.596,9999.000,9999.000,9999.000,9999.000,9999.000,9999.000,9999.000,9999.000
202607301418,   3.532,9999.000,9999.000,9999.000,9999.000,9999.000,9999.000,9999.000,9999.000
202607301424,   3.464,9999.000,9999.000,9999.000,9999.000,9999.000,9999.000,9999.000,9999.000
202607301430,   3.393,9999.000,9999.000,9999.000,9999.000,9999.000,9999.000,9999.000,9999.000
202607301436,   3.319,9999.000,9999.000,9999.000,9999.000,9999.000,9999.000,9999.000,9999.000
202607301442,   3.242,9999.000,9999.000,9999.000,9999.000,9999.000,9999.000,9999.000,9999.000
202607301448,   3.163,9999.000,9999.000,9999.000,9999.000,9999.000,9999.000,9999.000,9999.000
202607301454,   3.082,9999.000,9999.000,9999.000,9999.000,9999.000,9999.000,9999.000,9999.000
202607301500,   3.000,9999.000,   0.900,   0.095,   3.995,   0.800,   3.895,   0.900,   3.995
202607301506,   2.916,9999.000,9999.000,9999.000,9999.000,9999.000,9999.000,9999.000,9999.000
202607301512,   2.832,9999.000,9999.000,9999.000,9999.000,9999.000,9999.000,9999.000,9999.000
202607301518,   2.747,9999.000,9999.000,9999.000,9999.000,9999.000,9999.000,9999.000,9999.000
202607301524,   2.661,9999.000,9999.000,9999.000,9999.000,9999.000,9999.000,9999.000,9999.000
202607301530,   2.576,9999.000,9999.000,9999.000,9999.000,9999.000,9999.000,9999.000,9999.000
202607301536,   2.490,9999.000,9999.000,9999.000,9999.000,9999.000,9999.000,9999.000,9999.000
202607301542,   2.405,9999.000,9999.000,9999.000,9999.000,9999.000,9999.000,9999.000,9999.000
202607301548,   2.320,9999.000,9999.000,9999.000,9999.000,9999.000,9999.000,9999.000,9999.000
202607301554,   2.236,9999.000,9999.000,9999.000,9999.000,9999.000,9999.000,9999.000,9999.000
202607301600,   2.153,9999.000,   0.900,   0.091,   3.144,   0.800,   3.044,   0.900,   3.144
202607301606,   2.070,9999.000,9999.000,9999.000,9999.000,9999.000,9999.000,9999.000,9999.000
202607301612,   1.988,9999.000,9999.000,9999.000,9999.000,9999.000,9999.000,9999.000,9999.000
202607301618,   1.907,9999.000,9999.000,9999.000,9999.000,9999.000,9999.000,9999.000,9999.000
202607301624,   1.827,9999.000,9999.000,9999.000,9999.000,9999.000,9999.000,9999.000,9999.000
202607301630,   1.748,9999.000,9999.000,9999.000,9999.000,9999.000,9999.000,9999.000,9999.000
202607301636,   1.671,9999.000,9999.000,9999.000,9999.000,9999.000,9999.000,9999.000,9999.000
202607301642,   1.595,9999.000,9999.000,9999.000,9999.000,9999.000,9999.000,9999.000,9999.000
202607301648,   1.520,9999.000,9999.000,9999.000,9999.000,9999.000,9999.000,9999.000,9999.000
202607301654,   1.446,9999.000,9999.000,9999.000,9999.000,9999.000,9999.000,9999.000,9999.000
202607301700,   1.375,9999.000,   0.900,   0.088,   2.363,   0.800,   2.263,   0.900,   2.363
202607301706,   1.305,9999.000,9999.000,9999.000,9999.000,9999.000,9999.000,9999.000,9999.000
202607301712,   1.237,9999.000,9999.000,9999.000,9999.000,9999.000,9999.000,9999.000,9999.000
202607301718,   1.171,9999.000,9999.000,9999.000,9999.000,9999.000,9999.000,9999.000,9999.000
202607301724,   1.107,9999.000,9999.000,9999.000,9999.000,9999.000,9999.000,9999.000,9999.000
202607301730,   1.046,9999.000,9999.000,9999.000,9999.000,9999.000,9999.000,9999.000,9999.000
202607301736,   0.987,9999.000,9999.000,9999.000,9999.000,9999.000,9999.000,9999.000,9999.000
202607301742,   0.932,9999.000,9999.000,9999.000,9999.000,9999.000,9999.000,9999.000,9999.000
202607301748,   0.879,9999.000,9999.000,9999.000,9999.000,9999.000,9999.000,9999.000,9999.000
202607301754,   0.830,9999.000,9999.000,9999.000,9999.000,9999.000,9999.000,9999.000,9999.000
202607301800,   0.784,9999.000,   0.900,   0.084,   1.768,   0.900,   1.768,   1.000,   1.868
202607301806,   0.743,9999.000,9999.000,9999.000,9999.000,9999.000,9999.000,9999.000,9999.000
202607301812,   0.705,9999.000,9999.000,9999.000,9999.000,9999.000,9999.000,9999.000,9999.000
202607301818,   0.672,9999.000,9999.000,9999.000,9999.000,9999.000,9999.000,9999.000,9999.000
202607301824,   0.643,9999.000,9999.000,9999.000,9999.000,9999.000,9999.000,9999.000,9999.000
202607301830,   0.620,9999.000,9999.000,9999.000,9999.000,9999.000,9999.000,9999.000,9999.000
202607301836,   0.601,9999.000,9999.000,9999.000,9999.000,9999.000,9999.000,9999.000,9999.000
202607301842,   0.587,9999.000,9999.000,9999.000,9999.000,9999.000,9999.000,9999.000,9999.000
202607301848,   0.579,9999.000,9999.000,9999.000,9999.000,9999.000,9999.000,9999.000,9999.000
202607301854,   0.576,9999.000,9999.000,9999.000,9999.000,9999.000,9999.000,9999.000,9999.000
202607301900,   0.579,9999.000,   0.900,   0.081,   1.560,   0.900,   1.560,   1.000,   1.660
202607301906,   0.587,9999.000,9999.000,9999.000,9999.000,9999.000,9999.000,9999.000,9999.000
202607301912,   0.601,9999.000,9999.000,9999.000,9999.000,9999.000,9999.000,9999.000,9999.000
202607301918,   0.621,9999.000,9999.000,9999.000,9999.000,9999.000,9999.000,9999.000,9999.000
202607301924,   0.647,9999.000,9999.000,9999.000,9999.000,9999.000,9999.000,9999.000,9999.000
202607301930,   0.678,9999.000,9999.000,9999.000,9999.000,9999.000,9999.000,9999.000,9999.000
202607301936,   0.715,9999.000,9999.000,9999.000,9999.000,9999.000,9999.000,9999.000,9999.000
202607301942,   0.757,9999.000,9999.000,9999.000,9999.000,9999.000,9999.000,9999.000,9999.000
202607301948,   0.805,9999.000,9999.000,9999.000,9999.000,9999.000,9999.000,9999.000,9999.000
202607301954,   0.857,9999.000,9999.000,9999.000,9999.000,9999.000,9999.000,9999.000,9999.000
202607302000,   0.915,9999.000,   0.900,   0.077,   1.892,   0.900,   1.892,   1.000,   1.992
202607302006,   0.977,9999.000,9999.000,9999.000,9999.000,9999.000,9999.000,9999.000,9999.000
202607302012,   1.044,9999.000,9999.000,9999.000,9999.000,9999.000,9999.000,9999.000,9999.000
202607302018,   1.115,9999.000,9999.000,9999.000,9999.000,9999.000,9999.000,9999.000,9999.000
202607302024,   1.190,9999.000,9999.000,9999.000,9999.000,9999.000,9999.000,9999.000,9999.000
202607302030,   1.268,9999.000,9999.000,9999.000,9999.000,9999.000,9999.000,9999.000,9999.000
202607302036,   1.350,9999.000,9999.000,9999.000,9999.000,9999.000,9999.000,9999.000,9999.000
202607302042,   1.435,9999.000,9999.000,9999.000,9999.000,9999.000,9999.000,9999.000,9999.000
202607302048,   1.523,9999.000,9999.000,9999.000,9999.000,9999.000,9999.000,9999.000,9999.000
202607302054,   1.613,9999.000,9999.000,9999.000,9999.000,9999.000,9999.000,9999.000,9999.000
202607302100,   1.705,9999.000,   0.900,   0.074,   2.679,   0.900,   2.679,   1.000,   2.779
202607302106,   1.800,9999.000,9999.000,9999.000,9999.000,9999.000,9999.000,9999.000,9999.000
202607302112,   1.895,9999.000,9999.000,9999.000,9999.000,9999.000,9999.000,9999.000,9999.000
202607302118,   1.992,9999.000,9999.000,9999.000,9999.000,9999.000,9999.000,9999.000,9999.000
202607302124,   2.090,9999.000,9999.000,9999.000,9999.000,9999.000,9999.000,9999.000,9999.000
202607302130,   2.189,9999.000,9999.000,9999.000,9999.000,9999.000,9999.000,9999.000,9999.000
202607302136,   2.288,9999.000,9999.000,9999.000,9999.000,9999.000,9999.000,9999.000,9999.000
202607302142,   2.387,9999.000,9999.000,9999.000,9999.000,9999.000,9999.000,9999.000,9999.000
202607302148,   2.486,9999.000,9999.000,9999.000,9999.000,9999.000,9999.000,9999.000,9999.000
202607302154,   2.586,9999.000,9999.000,9999.000,9999.000,9999.000,9999.000,9999.000,9999.000
202607302200,   2.684,9999.000,   0.900,   0.070,   3.654,   0.800,   3.554,   1.000,   3.754
202607302206,   2.783,9999.000,9999.000,9999.000,9999.000,9999.000,9999.000,9999.000,9999.000
202607302212,   2.880,9999.000,9999.000,9999.000,9999.000,9999.000,9999.000,9999.000,9999.000
202607302218,   2.977,9999.000,9999.000,9999.000,9999.000,9999.000,9999.000,9999.000,9999.000
202607302224,   3.073,9999.000,9999.000,9999.000,9999.000,9999.000,9999.000,9999.000,9999.000
202607302230,   3.167,9999.000,9999.000,9999.000,9999.000,9999.000,9999.000,9999.000,9999.000
202607302236,   3.261,9999.000,9999.000,9999.000,9999.000,9999.000,9999.000,9999.000,9999.000
202607302242,   3.353,9999.000,9999.000,9999.000,9999.000,9999.000,9999.000,9999.000,9999.000
202607302248,   3.443,9999.000,9999.000,9999.000,9999.000,9999.000,9999.000,9999.000,9999.000
202607302254,   3.532,9999.000,9999.000,9999.000,9999.000,9999.000,9999.000,9999.000,9999.000
202607302300,   3.619,9999.000,   0.900,   0.067,   4.586,   0.800,   4.486,   1.000,   4.686
202607302306,   3.705,9999.000,9999.000,9999.000,9999.000,9999.000,9999.000,9999.000,9999.000
202607302312,   3.788,9999.000,9999.000,9999.000,9999.000,9999.000,9999.000,9999.000,9999.000
202607302318,   3.870,9999.000,9999.000,9999.000,9999.000,9999.000,9999.000,9999.000,9999.000
202607302324,   3.949,9999.000,9999.000,9999.000,9999.000,9999.000,9999.000,9999.000,9999.000
202607302330,   4.026,9999.000,9999.000,9999.000,9999.000,9999.000,9999.000,9999.000,9999.000
202607302336,   4.100,9999.000,9999.000,9999.000,9999.000,9999.000,9999.000,9999.000,9999.000
202607302342,   4.172,9999.000,9999.000,9999.000,9999.000,9999.000,9999.000,9999.000,9999.000
202607302348,   4.240,9999.000,9999.000,9999.000,9999.000,9999.000,9999.000,9999.000,9999.000
202607302354,   4.306,9999.000,9999.000,9999.000,9999.000,9999.000,9999.000,9999.000,9999.000
202607310000,   4.368,9999.000,   0.900,   0.067,   5.335,   0.900,   5.335,   1.000,   5.435
202607310006,   4.427,9999.000,9999.000,9999.000,9999.000,9999.000,9999.000,9999.000,9999.000
202607310012,   4.481,9999.000,9999.000,9999.000,9999.000,9999.000,9999.000,9999.000,9999.000
202607310018,   4.532,9999.000,9999.000,9999.000,9999.000,9999.000,9999.000,9999.000,9999.000
202607310024,   4.579,9999.000,9999.000,9999.000,9999.000,9999.000,9999.000,9999.000,9999.000
202607310030,   4.620,9999.000,9999.000,9999.000,9999.000,9999.000,9999.000,9999.000,9999.000
202607310036,   4.657,9999.000,9999.000,9999.000,9999.000,9999.000,9999.000,9999.000,9999.000
202607310042,   4.689,9999.000,9999.000,9999.000,9999.000,9999.000,9999.000,9999.000,9999.000
202607310048,   4.716,9999.000,9999.000,9999.000,9999.000,9999.000,9999.000,9999.000,9999.000
202607310054,   4.737,9999.000,9999.000,9999.000,9999.000,9999.000,9999.000,9999.000,9999.000
202607310100,   4.752,9999.000,   0.900,   0.067,   5.719,   0.900,   5.719,   1.000,   5.819
202607310106,   4.761,9999.000,9999.000,9999.000,9999.000,9999.000,9999.000,9999.000,9999.000
202607310112,   4.765,9999.000,9999.000,9999.000,9999.000,9999.000,9999.000,9999.000,9999.000
202607310118,   4.761,9999.000,9999.000,9999.000,9999.000,9999.000,9999.000,9999.000,9999.000
202607310124,   4.752,9999.000,9999.000,9999.000,9999.000,9999.000,9999.000,9999.000,9999.000
202607310130,   4.736,9999.000,9999.000,9999.000,9999.000,9999.000,9999.000,9999.000,9999.000
202607310136,   4.714,9999.000,9999.000,9999.000,9999.000,9999.000,9999.000,9999.000,9999.000
202607310142,   4.685,9999.000,9999.000,9999.000,9999.000,9999.000,9999.000,9999.000,9999.000
202607310148,   4.649,9999.000,9999.000,9999.000,9999.000,9999.000,9999.000,9999.000,9999.000
202607310154,   4.608,9999.000,9999.000,9999.000,9999.000,9999.000,9999.000,9999.000,9999.000
202607310200,   4.560,9999.000,   0.900,   0.067,   5.527,   0.800,   5.427,   1.000,   5.627
202607310206,   4.506,9999.000,9999.000,9999.000,9999.000,9999.000,9999.000,9999.000,9999.000
202607310212,   4.446,9999.000,9999.000,9999.000,9999.000,9999.000,9999.000,9999.000,9999.000
202607310218,   4.380,9999.000,9999.000,9999.000,9999.000,9999.000,9999.000,9999.000,9999.000
202607310224,   4.310,9999.000,9999.000,9999.000,9999.000,9999.000,9999.000,9999.000,9999.000
202607310230,   4.234,9999.000,9999.000,9999.000,9999.000,9999.000,9999.000,9999.000,9999.000
202607310236,   4.153,9999.000,9999.000,9999.000,9999.000,9999.000,9999.000,9999.000,9999.000
202607310242,   4.068,9999.000,9999.000,9999.000,9999.000,9999.000,9999.000,9999.000,9999.000
202607310248,   3.980,9999.000,9999.000,9999.000,9999.000,9999.000,9999.000,9999.000,9999.000
202607310254,   3.887,9999.000,9999.000,9999.000,9999.000,9999.000,9999.000,9999.000,9999.000
202607310300,   3.791,9999.000,   0.900,   0.067,   4.758,   0.800,   4.658,   0.900,   4.758
202607310306,   3.693,9999.000,9999.000,9999.000,9999.000,9999.000,9999.000,9999.000,9999.000
202607310312,   3.592,9999.000,9999.000,9999.000,9999.000,9999.000,9999.000,9999.000,9999.000
202607310318,   3.489,9999.000,9999.000,9999.000,9999.000,9999.000,9999.000,9999.000,9999.000
202607310324,   3.384,9999.000,9999.000,9999.000,9999.000,9999.000,9999.000,9999.000,9999.000
202607310330,   3.278,9999.000,9999.000,9999.000,9999.000,9999.000,9999.000,9999.000,9999.000
202607310336,   3.171,9999.000,9999.000,9999.000,9999.000,9999.000,9999.000,9999.000,9999.000
202607310342,   3.063,9999.000,9999.000,9999.000,9999.000,9999.000,9999.000,9999.000,9999.000
202607310348,   2.955,9999.000,9999.000,9999.000,9999.000,9999.000,9999.000,9999.000,9999.000
202607310354,   2.846,9999.000,9999.000,9999.000,9999.000,9999.000,9999.000,9999.000,9999.000
202607310400,   2.738,9999.000,   0.900,   0.067,   3.705,   0.800,   3.605,   0.900,   3.705
202607310406,   2.630,9999.000,9999.000,9999.000,9999.000,9999.000,9999.000,9999.000,9999.000
202607310412,   2.522,9999.000,9999.000,9999.000,9999.000,9999.000,9999.000,9999.000,9999.000
202607310418,   2.415,9999.000,9999.000,9999.000,9999.000,9999.000,9999.000,9999.000,9999.000
202607310424,   2.309,9999.000,9999.000,9999.000,9999.000,9999.000,9999.000,9999.000,9999.000
202607310430,   2.204,9999.000,9999.000,9999.000,9999.000,9999.000,9999.000,9999.000,9999.000
202607310436,   2.100,9999.000,9999.000,9999.000,9999.000,9999.000,9999.000,9999.000,9999.000
202607310442,   1.997,9999.000,9999.000,9999.000,9999.000,9999.000,9999.000,9999.000,9999.000
202607310448,   1.895,9999.000,9999.000,9999.000,9999.000,9999.000,9999.000,9999.000,9999.000
202607310454,   1.795,9999.000,9999.000,9999.000,9999.000,9999.000,9999.000,9999.000,9999.000
202607310500,   1.696,9999.000,   0.800,   0.067,   2.563,   0.800,   2.563,   0.900,   2.663
202607310506,   1.599,9999.000,9999.000,9999.000,9999.000,9999.000,9999.000,9999.000,9999.000
202607310512,   1.503,9999.000,9999.000,9999.000,9999.000,9999.000,9999.000,9999.000,9999.000
202607310518,   1.409,9999.000,9999.000,9999.000,9999.000,9999.000,9999.000,9999.000,9999.000
202607310524,   1.317,9999.000,9999.000,9999.000,9999.000,9999.000,9999.000,9999.000,9999.000
202607310530,   1.227,9999.000,9999.000,9999.000,9999.000,9999.000,9999.000,9999.000,9999.000
202607310536,   1.139,9999.000,9999.000,9999.000,9999.000,9999.000,9999.000,9999.000,9999.000
202607310542,   1.053,9999.000,9999.000,9999.000,9999.000,9999.000,9999.000,9999.000,9999.000
202607310548,   0.970,9999.000,9999.000,9999.000,9999.000,9999.000,9999.000,9999.000,9999.000
202607310554,   0.890,9999.000,9999.000,9999.000,9999.000,9999.000,9999.000,9999.000,9999.000
202607310600,   0.813,9999.000,   0.800,   0.067,   1.680,   0.700,   1.580,   0.900,   1.780
202607310606,   0.738,9999.000,9999.000,9999.000,9999.000,9999.000,9999.000,9999.000,9999.000
202607310612,   0.668,9999.000,9999.000,9999.000,9999.000,9999.000,9999.000,9999.000,9999.000
202607310618,   0.600,9999.000,9999.000,9999.000,9999.000,9999.000,9999.000,9999.000,9999.000
202607310624,   0.537,9999.000,9999.000,9999.000,9999.000,9999.000,9999.000,9999.000,9999.000
202607310630,   0.478,9999.000,9999.000,9999.000,9999.000,9999.000,9999.000,9999.000,9999.000
202607310636,   0.423,9999.000,9999.000,9999.000,9999.000,9999.000,9999.000,9999.000,9999.000
202607310642,   0.373,9999.000,9999.000,9999.000,9999.000,9999.000,9999.000,9999.000,9999.000
202607310648,   0.327,9999.000,9999.000,9999.000,9999.000,9999.000,9999.000,9999.000,9999.000
202607310654,   0.287,9999.000,9999.000,9999.000,9999.000,9999.000,9999.000,9999.000,9999.000
202607310700,   0.252,9999.000,   0.800,   0.067,   1.119,   0.700,   1.019,   0.900,   1.219
202607310706,   0.222,9999.000,9999.000,9999.000,9999.000,9999.000,9999.000,9999.000,9999.000
202607310712,   0.198,9999.000,9999.000,9999.000,9999.000,9999.000,9999.000,9999.000,9999.000
202607310718,   0.180,9999.000,9999.000,9999.000,9999.000,9999.000,9999.000,9999.000,9999.000
202607310724,   0.168,9999.000,9999.000,9999.000,9999.000,9999.000,9999.000,9999.000,9999.000
202607310730,   0.162,9999.000,9999.000,9999.000,9999.000,9999.000,9999.000,9999.000,9999.000
202607310736,   0.161,9999.000,9999.000,9999.000,9999.000,9999.000,9999.000,9999.000,9999.000
202607310742,   0.167,9999.000,9999.000,9999.000,9999.000,9999.000,9999.000,9999.000,9999.000
202607310748,   0.179,9999.000,9999.000,9999.000,9999.000,9999.000,9999.000,9999.000,9999.000
202607310754,   0.197,9999.000,9999.000,9999.000,9999.000,9999.000,9999.000,9999.000,9999.000
202607310800,   0.221,9999.000,   0.800,   0.067,   1.088,   0.700,   0.988,   0.900,   1.188
202607310806,   0.251,9999.000,9999.000,9999.000,9999.000,9999.000,9999.000,9999.000,9999.000
202607310812,   0.286,9999.000,9999.000,9999.000,9999.000,9999.000,9999.000,9999.000,9999.000
202607310818,   0.327,9999.000,9999.000,9999.000,9999.000,9999.000,9999.000,9999.000,9999.000
202607310824,   0.374,9999.000,9999.000,9999.000,9999.000,9999.000,9999.000,9999.000,9999.000
202607310830,   0.425,9999.000,9999.000,9999.000,9999.000,9999.000,9999.000,9999.000,9999.000
202607310836,   0.482,9999.000,9999.000,9999.000,9999.000,9999.000,9999.000,9999.000,9999.000
202607310842,   0.543,9999.000,9999.000,9999.000,9999.000,9999.000,9999.000,9999.000,9999.000
202607310848,   0.608,9999.000,9999.000,9999.000,9999.000,9999.000,9999.000,9999.000,9999.000
202607310854,   0.678,9999.000,9999.000,9999.000,9999.000,9999.000,9999.000,9999.000,9999.000
202607310900,   0.752,9999.000,   0.800,   0.067,   1.619,   0.700,   1.519,   0.800,   1.619
202607310906,   0.829,9999.000,9999.000,9999.000,9999.000,9999.000,9999.000,9999.000,9999.000
202607310912,   0.909,9999.000,9999.000,9999.000,9999.000,9999.000,9999.000,9999.000,9999.000
202607310918,   0.992,9999.000,9999.000,9999.000,9999.000,9999.000,9999.000,9999.000,9999.000
202607310924,   1.078,9999.000,9999.000,9999.000,9999.000,9999.000,9999.000,9999.000,9999.000
202607310930,   1.165,9999.000,9999.000,9999.000,9999.000,9999.000,9999.000,9999.000,9999.000
202607310936,   1.255,9999.000,9999.000,9999.000,9999.000,9999.000,9999.000,9999.000,9999.000
202607310942,   1.347,9999.000,9999.000,9999.000,9999.000,9999.000,9999.000,9999.000,9999.000
202607310948,   1.440,9999.000,9999.000,9999.000,9999.000,9999.000,9999.000,9999.000,9999.000
202607310954,   1.534,9999.000,9999.000,9999.000,9999.000,9999.000,9999.000,9999.000,9999.000
202607311000,   1.628,9999.000,   0.800,   0.067,   2.495,   0.700,   2.395,   0.800,   2.495
202607311006,   1.724,9999.000,9999.000,9999.000,9999.000,9999.000,9999.000,9999.000,9999.000
202607311012,   1.819,9999.000,9999.000,9999.000,9999.000,9999.000,9999.000,9999.000,9999.000
202607311018,   1.915,9999.000,9999.000,9999.000,9999.000,9999.000,9999.000,9999.000,9999.000
202607311024,   2.011,9999.000,9999.000,9999.000,9999.000,9999.000,9999.000,9999.000,9999.000
202607311030,   2.106,9999.000,9999.000,9999.000,9999.000,9999.000,9999.000,9999.000,9999.000
202607311036,   2.201,9999.000,9999.000,9999.000,9999.000,9999.000,9999.000,9999.000,9999.000
202607311042,   2.296,9999.000,9999.000,9999.000,9999.000,9999.000,9999.000,9999.000,9999.000
202607311048,   2.389,9999.000,9999.000,9999.000,9999.000,9999.000,9999.000,9999.000,9999.000
202607311054,   2.482,9999.000,9999.000,9999.000,9999.000,9999.000,9999.000,9999.000,9999.000
202607311100,   2.574,9999.000,   0.800,   0.067,   3.441,   0.700,   3.341,   0.800,   3.441
202607311106,   2.664,9999.000,9999.000,9999.000,9999.000,9999.000,9999.000,9999.000,9999.000
202607311112,   2.754,9999.000,9999.000,9999.000,9999.000,9999.000,9999.000,9999.000,9999.000
202607311118,   2.841,9999.000,9999.000,9999.000,9999.000,9999.000,9999.000,9999.000,9999.000
202607311124,   2.928,9999.000,9999.000,9999.000,9999.000,9999.000,9999.000,9999.000,9999.000
202607311130,   3.013,9999.000,9999.000,9999.000,9999.000,9999.000,9999.000,9999.000,9999.000
202607311136,   3.096,9999.000,9999.000,9999.000,9999.000,9999.000,9999.000,9999.000,9999.000
202607311142,   3.177,9999.000,9999.000,9999.000,9999.000,9999.000,9999.000,9999.000,9999.000
202607311148,   3.257,9999.000,9999.000,9999.000,9999.000,9999.000,9999.000,9999.000,9999.000
202607311154,   3.334,9999.000,9999.000,9999.000,9999.000,9999.000,9999.000,9999.000,9999.000
202607311200,   3.409,9999.000,   0.700,   0.067,   4.176,   0.700,   4.176,   0.800,   4.276
202607311206,   3.481,9999.000,9999.000,9999.000,9999.000,9999.000,9999.000,9999.000,9999.000
202607311212,   3.551,9999.000,9999.000,9999.000,9999.000,9999.000,9999.000,9999.000,9999.000
202607311218,   3.618,9999.000,9999.000,9999.000,9999.000,9999.000,9999.000,9999.000,9999.000
202607311224,   3.682,9999.000,9999.000,9999.000,9999.000,9999.000,9999.000,9999.000,9999.000
202607311230,   3.743,9999.000,9999.000,9999.000,9999.000,9999.000,9999.000,9999.000,9999.000
202607311236,   3.801,9999.000,9999.000,9999.000,9999.000,9999.000,9999.000,9999.000,9999.000
202607311242,   3.854,9999.000,9999.000,9999.000,9999.000,9999.000,9999.000,9999.000,9999.000
202607311248,   3.904,9999.000,9999.000,9999.000,9999.000,9999.000,9999.000,9999.000,9999.000
202607311254,   3.950,9999.000,9999.000,9999.000,9999.000,9999.000,9999.000,9999.000,9999.000
202607311300,   3.991,9999.000,   0.700,   0.067,   4.758,   0.600,   4.658,   0.800,   4.858
202607311306,   4.028,9999.000,9999.000,9999.000,9999.000,9999.000,9999.000,9999.000,9999.000
202607311312,   4.059,9999.000,9999.000,9999.000,9999.000,9999.000,9999.000,9999.000,9999.000
202607311318,   4.086,9999.000,9999.000,9999.000,9999.000,9999.000,9999.000,9999.000,9999.000
202607311324,   4.107,9999.000,9999.000,9999.000,9999.000,9999.000,9999.000,9999.000,9999.000
202607311330,   4.122,9999.000,9999.000,9999.000,9999.000,9999.000,9999.000,9999.000,9999.000
202607311336,   4.132,9999.000,9999.000,9999.000,9999.000,9999.000,9999.000,9999.000,9999.000
202607311342,   4.136,9999.000,9999.000,9999.000,9999.000,9999.000,9999.000,9999.000,9999.000
202607311348,   4.134,9999.000,9999.000,9999.000,9999.000,9999.000,9999.000,9999.000,9999.000
202607311354,   4.126,9999.000,9999.000,9999.000,9999.000,9999.000,9999.000,9999.000,9999.000
202607311400,   4.112,9999.000,   0.700,   0.067,   4.879,   0.600,   4.779,   0.700,   4.879
202607311406,   4.092,9999.000,9999.000,9999.000,9999.000,9999.000,9999.000,9999.000,9999.000
202607311412,   4.065,9999.000,9999.000,9999.000,9999.000,9999.000,9999.000,9999.000,9999.000
202607311418,   4.033,9999.000,9999.000,9999.000,9999.000,9999.000,9999.000,9999.000,9999.000
202607311424,   3.995,9999.000,9999.000,9999.000,9999.000,9999.000,9999.000,9999.000,9999.000
202607311430,   3.951,9999.000,9999.000,9999.000,9999.000,9999.000,9999.000,9999.000,9999.000
202607311436,   3.902,9999.000,9999.000,9999.000,9999.000,9999.000,9999.000,9999.000,9999.000
202607311442,   3.847,9999.000,9999.000,9999.000,9999.000,9999.000,9999.000,9999.000,9999.000
202607311448,   3.788,9999.000,9999.000,9999.000,9999.000,9999.000,9999.000,9999.000,9999.000
202607311454,   3.724,9999.000,9999.000,9999.000,9999.000,9999.000,9999.000,9999.000,9999.000
202607311500,   3.655,9999.000,   0.700,   0.067,   4.422,   0.600,   4.322,   0.700,   4.422
202607311506,   3.582,9999.000,9999.000,9999.000,9999.000,9999.000,9999.000,9999.000,9999.000
202607311512,   3.506,9999.000,9999.000,9999.000,9999.000,9999.000,9999.000,9999.000,9999.000
202607311518,   3.427,9999.000,9999.000,9999.000,9999.000,9999.000,9999.000,9999.000,9999.000
202607311524,   3.344,9999.000,9999.000,9999.000,9999.000,9999.000,9999.000,9999.000,9999.000
202607311530,   3.259,9999.000,9999.000,9999.000,9999.000,9999.000,9999.000,9999.000,9999.000
202607311536,   3.172,9999.000,9999.000,9999.000,9999.000,9999.000,9999.000,9999.000,9999.000
202607311542,   3.084,9999.000,9999.000,9999.000,9999.000,9999.000,9999.000,9999.000,9999.000
202607311548,   2.993,9999.000,9999.000,9999.000,9999.000,9999.000,9999.000,9999.000,9999.000
202607311554,   2.902,9999.000,9999.000,9999.000,9999.000,9999.000,9999.000,9999.000,9999.000
202607311600,   2.811,9999.000,   0.700,   0.067,   3.578,   0.600,   3.478,   0.700,   3.578
202607311606,   2.719,9999.000,9999.000,9999.000,9999.000,9999.000,9999.000,9999.000,9999.000
202607311612,   2.626,9999.000,9999.000,9999.000,9999.000,9999.000,9999.000,9999.000,9999.000
202607311618,   2.534,9999.000,9999.000,9999.000,9999.000,9999.000,9999.000,9999.000,9999.000
202607311624,   2.443,9999.000,9999.000,9999.000,9999.000,9999.000,9999.000,9999.000,9999.000
202607311630,   2.352,9999.000,9999.000,9999.000,9999.000,9999.000,9999.000,9999.000,9999.000
202607311636,   2.262,9999.000,9999.000,9999.000,9999.000,9999.000,9999.000,9999.000,9999.000
202607311642,   2.173,9999.000,9999.000,9999.000,9999.000,9999.000,9999.000,9999.000,9999.000
202607311648,   2.085,9999.000,9999.000,9999.000,9999.000,9999.000,9999.000,9999.000,9999.000
202607311654,   1.999,9999.000,9999.000,9999.000,9999.000,9999.000,9999.000,9999.000,9999.000
202607311700,   1.914,9999.000,   0.700,   0.067,   2.681,   0.600,   2.581,   0.700,   2.681
202607311706,   1.830,9999.000,9999.000,9999.000,9999.000,9999.000,9999.000,9999.000,9999.000
202607311712,   1.748,9999.000,9999.000,9999.000,9999.000,9999.000,9999.000,9999.000,9999.000
202607311718,   1.667,9999.000,9999.000,9999.000,9999.000,9999.000,9999.000,9999.000,9999.000
202607311724,   1.589,9999.000,9999.000,9999.000,9999.000,9999.000,9999.000,9999.000,9999.000
202607311730,   1.512,9999.000,9999.000,9999.000,9999.000,9999.000,9999.000,9999.000,9999.000
202607311736,   1.437,9999.000,9999.000,9999.000,9999.000,9999.000,9999.000,9999.000,9999.000
202607311742,   1.364,9999.000,9999.000,9999.000,9999.000,9999.000,9999.000,9999.000,9999.000
202607311748,   1.293,9999.000,9999.000,9999.000,9999.000,9999.000,9999.000,9999.000,9999.000
202607311754,   1.224,9999.000,9999.000,9999.000,9999.000,9999.000,9999.000,9999.000,9999.000
202607311800,   1.158,9999.000,   0.700,   0.067,   1.925,   0.600,   1.825,   0.700,   1.925
202607311806,   1.093,9999.000,9999.000,9999.000,9999.000,9999.000,9999.000,9999.000,9999.000
202607311812,   1.032,9999.000,9999.000,9999.000,9999.000,9999.000,9999.000,9999.000,9999.000
202607311818,   0.973,9999.000,9999.000,9999.000,9999.000,9999.000,9999.000,9999.000,9999.000
202607311824,   0.917,9999.000,9999.000,9999.000,9999.000,9999.000,9999.000,9999.000,9999.000
202607311830,   0.865,9999.000,9999.000,9999.000,9999.000,9999.000,9999.000,9999.000,9999.000
202607311836,   0.815,9999.000,9999.000,9999.000,9999.000,9999.000,9999.000,9999.000,9999.000
202607311842,   0.769,9999.000,9999.000,9999.000,9999.000,9999.000,9999.000,9999.000,9999.000
202607311848,   0.727,9999.000,9999.000,9999.000,9999.000,9999.000,9999.000,9999.000,9999.000
202607311854,   0.689,9999.000,9999.000,9999.000,9999.000,9999.000,9999.000,9999.000,9999.000
202607311900,   0.655,9999.000,   0.700,   0.067,   1.422,   0.600,   1.322,   0.700,   1.422
202607311906,   0.626,9999.000,9999.000,9999.000,9999.000,9999.000,9999.000,9999.000,9999.000
202607311912,   0.601,9999.000,9999.000,9999.000,9999.000,9999.000,9999.000,9999.000,9999.000
202607311918,   0.581,9999.000,9999.000,9999.000,9999.000,9999.000,9999.000,9999.000,9999.000
202607311924,   0.566,9999.000,9999.000,9999.000,9999.000,9999.000,9999.000,9999.000,9999.000
202607311930,   0.557,9999.000,9999.000,9999.000,9999.000,9999.000,9999.000,9999.000,9999.000
202607311936,   0.553,9999.000,9999.000,9999.000,9999.000,9999.000,9999.000,9999.000,9999.000
202607311942,   0.554,9999.000,9999.000,9999.000,9999.000,9999.000,9999.000,9999.000,9999.000
202607311948,   0.561,9999.000,9999.000,9999.000,9999.000,9999.000,9999.000,9999.000,9999.000
202607311954,   0.573,9999.000,9999.000,9999.000,9999.000,9999.000,9999.000,9999.000,9999.000
202607312000,   0.592,9999.000,   0.700,   0.067,   1.359,   0.600,   1.259,   0.700,   1.359
202607312006,   0.616,9999.000,9999.000,9999.000,9999.000,9999.000,9999.000,9999.000,9999.000
202607312012,   0.646,9999.000,9999.000,9999.000,9999.000,9999.000,9999.000,9999.000,9999.000
202607312018,   0.682,9999.000,9999.000,9999.000,9999.000,9999.000,9999.000,9999.000,9999.000
202607312024,   0.723,9999.000,9999.000,9999.000,9999.000,9999.000,9999.000,9999.000,9999.000
202607312030,   0.770,9999.000,9999.000,9999.000,9999.000,9999.000,9999.000,9999.000,9999.000
202607312036,   0.823,9999.000,9999.000,9999.000,9999.000,9999.000,9999.000,9999.000,9999.000
202607312042,   0.880,9999.000,9999.000,9999.000,9999.000,9999.000,9999.000,9999.000,9999.000
202607312048,   0.943,9999.000,9999.000,9999.000,9999.000,9999.000,9999.000,9999.000,9999.000
202607312054,   1.010,9999.000,9999.000,9999.000,9999.000,9999.000,9999.000,9999.000,9999.000
202607312100,   1.082,9999.000,   0.700,   0.067,   1.849,   0.600,   1.749,   0.700,   1.849
202607312106,   1.158,9999.000,9999.000,9999.000,9999.000,9999.000,9999.000,9999.000,9999.000
202607312112,   1.239,9999.000,9999.000,9999.000,9999.000,9999.000,9999.000,9999.000,9999.000
202607312118,   1.323,9999.000,9999.000,9999.000,9999.000,9999.000,9999.000,9999.000,9999.000
202607312124,   1.410,9999.000,9999.000,9999.000,9999.000,9999.000,9999.000,9999.000,9999.000
202607312130,   1.500,9999.000,9999.000,9999.000,9999.000,9999.000,9999.000,9999.000,9999.000
202607312136,   1.593,9999.000,9999.000,9999.000,9999.000,9999.000,9999.000,9999.000,9999.000
202607312142,   1.689,9999.000,9999.000,9999.000,9999.000,9999.000,9999.000,9999.000,9999.000
202607312148,   1.786,9999.000,9999.000,9999.000,9999.000,9999.000,9999.000,9999.000,9999.000
202607312154,   1.885,9999.000,9999.000,9999.000,9999.000,9999.000,9999.000,9999.000,9999.000
202607312200,   1.986,9999.000,   0.700,   0.067,   2.753,   0.600,   2.653,   0.700,   2.753
202607312206,   2.087,9999.000,9999.000,9999.000,9999.000,9999.000,9999.000,9999.000,9999.000
202607312212,   2.189,9999.000,9999.000,9999.000,9999.000,9999.000,9999.000,9999.000,9999.000
202607312218,   2.292,9999.000,9999.000,9999.000,9999.000,9999.000,9999.000,9999.000,9999.000
202607312224,   2.394,9999.000,9999.000,9999.000,9999.000,9999.000,9999.000,9999.000,9999.000
202607312230,   2.497,9999.000,9999.000,9999.000,9999.000,9999.000,9999.000,9999.000,9999.000
202607312236,   2.599,9999.000,9999.000,9999.000,9999.000,9999.000,9999.000,9999.000,9999.000
202607312242,   2.701,9999.000,9999.000,9999.000,9999.000,9999.000,9999.000,9999.000,9999.000
202607312248,   2.801,9999.000,9999.000,9999.000,9999.000,9999.000,9999.000,9999.000,9999.000
202607312254,   2.901,9999.000,9999.000,9999.000,9999.000,9999.000,9999.000,9999.000,9999.000
202607312300,   2.999,9999.000,   0.700,   0.067,   3.766,   0.600,   3.666,   0.700,   3.766
202607312306,   3.096,9999.000,9999.000,9999.000,9999.000,9999.000,9999.000,9999.000,9999.000
202607312312,   3.192,9999.000,9999.000,9999.000,9999.000,9999.000,9999.000,9999.000,9999.000
202607312318,   3.285,9999.000,9999.000,9999.000,9999.000,9999.000,9999.000,9999.000,9999.000
202607312324,   3.377,9999.000,9999.000,9999.000,9999.000,9999.000,9999.000,9999.000,9999.000
202607312330,   3.467,9999.000,9999.000,9999.000,9999.000,9999.000,9999.000,9999.000,9999.000
202607312336,   3.555,9999.000,9999.000,9999.000,9999.000,9999.000,9999.000,9999.000,9999.000
202607312342,   3.640,9999.000,9999.000,9999.000,9999.000,9999.000,9999.000,9999.000,9999.000
202607312348,   3.724,9999.000,9999.000,9999.000,9999.000,9999.000,9999.000,9999.000,9999.000
202607312354,   3.805,9999.000,9999.000,9999.000,9999.000,9999.000,9999.000,9999.000,9999.000
202608010000,   3.883,9999.000,   0.700,   0.067,   4.650,   0.600,   4.550,   0.700,   4.650
202608010006,   3.959,9999.000,9999.000,9999.000,9999.000,9999.000,9999.000,9999.000,9999.000
202608010012,   4.033,9999.000,9999.000,9999.000,9999.000,9999.000,9999.000,9999.000,9999.000
202608010018,   4.103,9999.000,9999.000,9999.000,9999.000,9999.000,9999.000,9999.000,9999.000
202608010024,   4.170,9999.000,9999.000,9999.000,9999.000,9999.000,9999.000,9999.000,9999.000
202608010030,   4.235,9999.000,9999.000,9999.000,9999.000,9999.000,9999.000,9999.000,9999.000
202608010036,   4.296,9999.000,9999.000,9999.000,9999.000,9999.000,9999.000,9999.000,9999.000
202608010042,   4.354,9999.000,9999.000,9999.000,9999.000,9999.000,9999.000,9999.000,9999.000
202608010048,   4.408,9999.000,9999.000,9999.000,9999.000,9999.000,9999.000,9999.000,9999.000
202608010054,   4.458,9999.000,9999.000,9999.000,9999.000,9999.000,9999.000,9999.000,9999.000
202608010100,   4.504,9999.000,   0.600,   0.067,   5.171,   0.500,   5.071,   0.700,   5.271
202608010106,   4.546,9999.000,9999.000,9999.000,9999.000,9999.000,9999.000,9999.000,9999.000
202608010112,   4.584,9999.000,9999.000,9999.000,9999.000,9999.000,9999.000,9999.000,9999.000
202608010118,   4.617,9999.000,9999.000,9999.000,9999.000,9999.000,9999.000,9999.000,9999.000
202608010124,   4.645,9999.000,9999.000,9999.000,9999.000,9999.000,9999.000,9999.000,9999.000
202608010130,   4.668,9999.000,9999.000,9999.000,9999.000,9999.000,9999.000,9999.000,9999.000
202608010136,   4.685,9999.000,9999.000,9999.000,9999.000,9999.000,9999.000,9999.000,9999.000
202608010142,   4.697,9999.000,9999.000,9999.000,9999.000,9999.000,9999.000,9999.000,9999.000
202608010148,   4.704,9999.000,9999.000,9999.000,9999.000,9999.000,9999.000,9999.000,9999.000
202608010154,   4.704,9999.000,9999.000,9999.000,9999.000,9999.000,9999.000,9999.000,9999.000
202608010200,   4.698,9999.000,   0.600,   0.067,   5.365,   0.500,   5.265,   0.700,   5.465
202608010206,   4.686,9999.000,9999.000,9999.000,9999.000,9999.000,9999.000,9999.000,9999.000
202608010212,   4.668,9999.000,9999.000,9999.000,9999.000,9999.000,9999.000,9999.000,9999.000
202608010218,   4.643,9999.000,9999.000,9999.000,9999.000,9999.000,9999.000,9999.000,9999.000
202608010224,   4.612,9999.000,9999.000,9999.000,9999.000,9999.000,9999.000,9999.000,9999.000
202608010230,   4.574,9999.000,9999.000,9999.000,9999.000,9999.000,9999.000,9999.000,9999.000
202608010236,   4.530,9999.000,9999.000,9999.000,9999.000,9999.000,9999.000,9999.000,9999.000
202608010242,   4.480,9999.000,9999.000,9999.000,9999.000,9999.000,9999.000,9999.000,9999.000
202608010248,   4.424,9999.000,9999.000,9999.000,9999.000,9999.000,9999.000,9999.000,9999.000
202608010254,   4.361,9999.000,9999.000,9999.000,9999.000,9999.000,9999.000,9999.000,9999.000
202608010300,   4.293,9999.000,   0.600,   0.067,   4.960,   0.500,   4.860,   0.700,   5.060
202608010306,   4.220,9999.000,9999.000,9999.000,9999.000,9999.000,9999.000,9999.000,9999.000
202608010312,   4.141,9999.000,9999.000,9999.000,9999.000,9999.000,9999.000,9999.000,9999.000
202608010318,   4.057,9999.000,9999.000,9999.000,9999.000,9999.000,9999.000,9999.000,9999.000
202608010324,   3.969,9999.000,9999.000,9999.000,9999.000,9999.000,9999.000,9999.000,9999.000
202608010330,   3.877,9999.000,9999.000,9999.000,9999.000,9999.000,9999.000,9999.000,9999.000
202608010336,   3.780,9999.000,9999.000,9999.000,9999.000,9999.000,9999.000,9999.000,9999.000
202608010342,   3.681,9999.000,9999.000,9999.000,9999.000,9999.000,9999.000,9999.000,9999.000
202608010348,   3.578,9999.000,9999.000,9999.000,9999.000,9999.000,9999.000,9999.000,9999.000
202608010354,   3.473,9999.000,9999.000,9999.000,9999.000,9999.000,9999.000,9999.000,9999.000
202608010400,   3.366,9999.000,   0.600,   0.067,   4.033,   0.500,   3.933,   0.600,   4.033
202608010406,   3.257,9999.000,9999.000,9999.000,9999.000,9999.000,9999.000,9999.000,9999.000
202608010412,   3.147,9999.000,9999.000,9999.000,9999.000,9999.000,9999.000,9999.000,9999.000
202608010418,   3.036,9999.000,9999.000,9999.000,9999.000,9999.000,9999.000,9999.000,9999.000
202608010424,   2.924,9999.000,9999.000,9999.000,9999.000,9999.000,9999.000,9999.000,9999.000
202608010430,   2.812,9999.000,9999.000,9999.000,9999.000,9999.000,9999.000,9999.000,9999.000
202608010436,   2.700,9999.000,9999.000,9999.000,9999.000,9999.000,9999.000,9999.000,9999.000
202608010442,   2.588,9999.000,9999.000,9999.000,9999.000,9999.000,9999.000,9999.000,9999.000
202608010448,   2.478,9999.000,9999.000,9999.000,9999.000,9999.000,9999.000,9999.000,9999.000
202608010454,   2.367,9999.000,9999.000,9999.000,9999.000,9999.000,9999.000,9999.000,9999.000
202608010500,   2.259,9999.000,   0.600,   0.067,   2.926,   0.400,   2.726,   0.600,   2.926
202608010506,   2.151,9999.000,9999.000,9999.000,9999.000,9999.000,9999.000,9999.000,9999.000
202608010512,   2.044,9999.000,9999.000,9999.000,9999.000,9999.000,9999.000,9999.000,9999.000
202608010518,   1.940,9999.000,9999.000,9999.000,9999.000,9999.000,9999.000,9999.000,9999.000
202608010524,   1.837,9999.000,9999.000,9999.000,9999.000,9999.000,9999.000,9999.000,9999.000
202608010530,   1.735,9999.000,9999.000,9999.000,9999.000,9999.000,9999.000,9999.000,9999.000
202608010536,   1.636,9999.000,9999.000,9999.000,9999.000,9999.000,9999.000,9999.000,9999.000
202608010542,   1.538,9999.000,9999.000,9999.000,9999.000,9999.000,9999.000,9999.000,9999.000
202608010548,   1.443,9999.000,9999.000,9999.000,9999.000,9999.000,9999.000,9999.000,9999.000
202608010554,   1.350,9999.000,9999.000,9999.000,9999.000,9999.000,9999.000,9999.000,9999.000
202608010600,   1.258,9999.000,   0.500,   0.067,   1.825,   0.400,   1.725,   0.600,   1.925
202608010606,   1.170,9999.000,9999.000,9999.000,9999.000,9999.000,9999.000,9999.000,9999.000
202608010612,   1.083,9999.000,9999.000,9999.000,9999.000,9999.000,9999.000,9999.000,9999.000
202608010618,   0.999,9999.000,9999.000,9999.000,9999.000,9999.000,9999.000,9999.000,9999.000
202608010624,   0.917,9999.000,9999.000,9999.000,9999.000,9999.000,9999.000,9999.000,9999.000
202608010630,   0.839,9999.000,9999.000,9999.000,9999.000,9999.000,9999.000,9999.000,9999.000
202608010636,   0.763,9999.000,9999.000,9999.000,9999.000,9999.000,9999.000,9999.000,9999.000
202608010642,   0.690,9999.000,9999.000,9999.000,9999.000,9999.000,9999.000,9999.000,9999.000
202608010648,   0.620,9999.000,9999.000,9999.000,9999.000,9999.000,9999.000,9999.000,9999.000
202608010654,   0.554,9999.000,9999.000,9999.000,9999.000,9999.000,9999.000,9999.000,9999.000
202608010700,   0.491,9999.000,   0.500,   0.067,   1.058,   0.400,   0.958,   0.600,   1.158
202608010706,   0.432,9999.000,9999.000,9999.000,9999.000,9999.000,9999.000,9999.000,9999.000
202608010712,   0.378,9999.000,9999.000,9999.000,9999.000,9999.000,9999.000,9999.000,9999.000
202608010718,   0.327,9999.000,9999.000,9999.000,9999.000,9999.000,9999.000,9999.000,9999.000
202608010724,   0.281,9999.000,9999.000,9999.000,9999.000,9999.000,9999.000,9999.000,9999.000
202608010730,   0.240,9999.000,9999.000,9999.000,9999.000,9999.000,9999.000,9999.000,9999.000
202608010736,   0.204,9999.000,9999.000,9999.000,9999.000,9999.000,9999.000,9999.000,9999.000
202608010742,   0.173,9999.000,9999.000,9999.000,9999.000,9999.000,9999.000,9999.000,9999.000
202608010748,   0.147,9999.000,9999.000,9999.000,9999.000,9999.000,9999.000,9999.000,9999.000
202608010754,   0.127,9999.000,9999.000,9999.000,9999.000,9999.000,9999.000,9999.000,9999.000
202608010800,   0.113,9999.000,   0.500,   0.067,   0.680,   0.400,   0.580,   0.600,   0.780
202608010806,   0.104,9999.000,9999.000,9999.000,9999.000,9999.000,9999.000,9999.000,9999.000
202608010812,   0.102,9999.000,9999.000,9999.000,9999.000,9999.000,9999.000,9999.000,9999.000
202608010818,   0.106,9999.000,9999.000,9999.000,9999.000,9999.000,9999.000,9999.000,9999.000
202608010824,   0.115,9999.000,9999.000,9999.000,9999.000,9999.000,9999.000,9999.000,9999.000
202608010830,   0.131,9999.000,9999.000,9999.000,9999.000,9999.000,9999.000,9999.000,9999.000
202608010836,   0.154,9999.000,9999.000,9999.000,9999.000,9999.000,9999.000,9999.000,9999.000
202608010842,   0.182,9999.000,9999.000,9999.000,9999.000,9999.000,9999.000,9999.000,9999.000
202608010848,   0.217,9999.000,9999.000,9999.000,9999.000,9999.000,9999.000,9999.000,9999.000
202608010854,   0.257,9999.000,9999.000,9999.000,9999.000,9999.000,9999.000,9999.000,9999.000
202608010900,   0.304,9999.000,   0.500,   0.067,   0.871,   0.400,   0.771,   0.600,   0.971
202608010906,   0.356,9999.000,9999.000,9999.000,9999.000,9999.000,9999.000,9999.000,9999.000
202608010912,   0.413,9999.000,9999.000,9999.000,9999.000,9999.000,9999.000,9999.000,9999.000
202608010918,   0.476,9999.000,9999.000,9999.000,9999.000,9999.000,9999.000,9999.000,9999.000
202608010924,   0.543,9999.000,9999.000,9999.000,9999.000,9999.000,9999.000,9999.000,9999.000
202608010930,   0.616,9999.000,9999.000,9999.000,9999.000,9999.000,9999.000,9999.000,9999.000
202608010936,   0.692,9999.000,9999.000,9999.000,9999.000,9999.000,9999.000,9999.000,9999.000
202608010942,   0.773,9999.000,9999.000,9999.000,9999.000,9999.000,9999.000,9999.000,9999.000
202608010948,   0.858,9999.000,9999.000,9999.000,9999.000,9999.000,9999.000,9999.000,9999.000
202608010954,   0.946,9999.000,9999.000,9999.000,9999.000,9999.000,9999.000,9999.000,9999.000
202608011000,   1.037,9999.000,   0.500,   0.067,   1.604,   0.400,   1.504,   0.600,   1.704
202608011006,   1.130,9999.000,9999.000,9999.000,9999.000,9999.000,9999.000,9999.000,9999.000
202608011012,   1.226,9999.000,9999.000,9999.000,9999.000,9999.000,9999.000,9999.000,9999.000
202608011018,   1.324,9999.000,9999.000,9999.000,9999.000,9999.000,9999.000,9999.000,9999.000
202608011024,   1.424,9999.000,9999.000,9999.000,9999.000,9999.000,9999.000,9999.000,9999.000
202608011030,   1.525,9999.000,9999.000,9999.000,9999.000,9999.000,9999.000,9999.000,9999.000
202608011036,   1.627,9999.000,9999.000,9999.000,9999.000,9999.000,9999.000,9999.000,9999.000
202608011042,   1.729,9999.000,9999.000,9999.000,9999.000,9999.000,9999.000,9999.000,9999.000
202608011048,   1.832,9999.000,9999.000,9999.000,9999.000,9999.000,9999.000,9999.000,9999.000
202608011054,   1.935,9999.000,9999.000,9999.000,9999.000,9999.000,9999.000,9999.000,9999.000
202608011100,   2.037,9999.000,   0.500,   0.067,   2.604,   0.400,   2.504,   0.600,   2.704
202608011106,   2.140,9999.000,9999.000,9999.000,9999.000,9999.000,9999.000,9999.000,9999.000
202608011112,   2.241,9999.000,9999.000,9999.000,9999.000,9999.000,9999.000,9999.000,9999.000
202608011118,   2.342,9999.000,9999.000,9999.000,9999.000,9999.000,9999.000,9999.000,9999.000
202608011124,   2.441,9999.000,9999.000,9999.000,9999.000,9999.000,9999.000,9999.000,9999.000
202608011130,   2.540,9999.000,9999.000,9999.000,9999.000,9999.000,9999.000,9999.000,9999.000
202608011136,   2.637,9999.000,9999.000,9999.000,9999.000,9999.000,9999.000,9999.000,9999.000
202608011142,   2.732,9999.000,9999.000,9999.000,9999.000,9999.000,9999.000,9999.000,9999.000
202608011148,   2.826,9999.000,9999.000,9999.000,9999.000,9999.000,9999.000,9999.000,9999.000
202608011154,   2.917,9999.000,9999.000,9999.000,9999.000,9999.000,9999.000,9999.000,9999.000
202608011200,   3.008,9999.000,   0.500,   0.067,   3.575,   0.400,   3.475,   0.600,   3.675
202608011206,   3.096,9999.000,9999.000,9999.000,9999.000,9999.000,9999.000,9999.000,9999.000
202608011212,   3.181,9999.000,9999.000,9999.000,9999.000,9999.000,9999.000,9999.000,9999.000
202608011218,   3.265,9999.000,9999.000,9999.000,9999.000,9999.000,9999.000,9999.000,9999.000
202608011224,   3.347,9999.000,9999.000,9999.000,9999.000,9999.000,9999.000,9999.000,9999.000
202608011230,   3.426,9999.000,9999.000,9999.000,9999.000,9999.000,9999.000,9999.000,9999.000
202608011236,   3.503,9999.000,9999.000,9999.000,9999.000,9999.000,9999.000,9999.000,9999.000
202608011242,   3.577,9999.000,9999.000,9999.000,9999.000,9999.000,9999.000,9999.000,9999.000
202608011248,   3.648,9999.000,9999.000,9999.000,9999.000,9999.000,9999.000,9999.000,9999.000
202608011254,   3.717,9999.000,9999.000,9999.000,9999.000,9999.000,9999.000,9999.000,9999.000
202608011300,   3.782,9999.000,   0.500,   0.067,   4.349,   0.400,   4.249,   0.600,   4.449
202608011306,   3.845,9999.000,9999.000,9999.000,9999.000,9999.000,9999.000,9999.000,9999.000
202608011312,   3.904,9999.000,9999.000,9999.000,9999.000,9999.000,9999.000,9999.000,9999.000
202608011318,   3.959,9999.000,9999.000,9999.000,9999.000,9999.000,9999.000,9999.000,9999.000
202608011324,   4.011,9999.000,9999.000,9999.000,9999.000,9999.000,9999.000,9999.000,9999.000
202608011330,   4.059,9999.000,9999.000,9999.000,9999.000,9999.000,9999.000,9999.000,9999.000
202608011336,   4.103,9999.000,9999.000,9999.000,9999.000,9999.000,9999.000,9999.000,9999.000
202608011342,   4.143,9999.000,9999.000,9999.000,9999.000,9999.000,9999.000,9999.000,9999.000
202608011348,   4.177,9999.000,9999.000,9999.000,9999.000,9999.000,9999.000,9999.000,9999.000
202608011354,   4.208,9999.000,9999.000,9999.000,9999.000,9999.000,9999.000,9999.000,9999.000
202608011400,   4.233,9999.000,   0.500,   0.067,   4.800,   0.400,   4.700,   0.600,   4.900
202608011406,   4.252,9999.000,9999.000,9999.000,9999.000,9999.000,9999.000,9999.000,9999.000
202608011412,   4.267,9999.000,9999.000,9999.000,9999.000,9999.000,9999.000,9999.000,9999.000
202608011418,   4.275,9999.000,9999.000,9999.000,9999.000,9999.000,9999.000,9999.000,9999.000
202608011424,   4.278,9999.000,9999.000,9999.000,9999.000,9999.000,9999.000,9999.000,9999.000
202608011430,   4.275,9999.000,9999.000,9999.000,9999.000,9999.000,9999.000,9999.000,9999.000
202608011436,   4.266,9999.000,9999.000,9999.000,9999.000,9999.000,9999.000,9999.000,9999.000
202608011442,   4.251,9999.000,9999.000,9999.000,9999.000,9999.000,9999.000,9999.000,9999.000
202608011448,   4.230,9999.000,9999.000,9999.000,9999.000,9999.000,9999.000,9999.000,9999.000
202608011454,   4.202,9999.000,9999.000,9999.000,9999.000,9999.000,9999.000,9999.000,9999.000
202608011500,   4.168,9999.000,   0.500,   0.067,   4.735,   0.400,   4.635,   0.600,   4.835
202608011506,   4.129,9999.000,9999.000,9999.000,9999.000,9999.000,9999.000,9999.000,9999.000
202608011512,   4.083,9999.000,9999.000,9999.000,9999.000,9999.000,9999.000,9999.000,9999.000
202608011518,   4.032,9999.000,9999.000,9999.000,9999.000,9999.000,9999.000,9999.000,9999.000
202608011524,   3.975,9999.000,9999.000,9999.000,9999.000,9999.000,9999.000,9999.000,9999.000
202608011530,   3.913,9999.000,9999.000,9999.000,9999.000,9999.000,9999.000,9999.000,9999.000
202608011536,   3.847,9999.000,9999.000,9999.000,9999.000,9999.000,9999.000,9999.000,9999.000
202608011542,   3.775,9999.000,9999.000,9999.000,9999.000,9999.000,9999.000,9999.000,9999.000
202608011548,   3.699,9999.000,9999.000,9999.000,9999.000,9999.000,9999.000,9999.000,9999.000
202608011554,   3.619,9999.000,9999.000,9999.000,9999.000,9999.000,9999.000,9999.000,9999.000
202608011600,   3.536,9999.000,   0.500,   0.067,   4.103,   0.400,   4.003,   0.600,   4.203
202608011606,   3.449,9999.000,9999.000,9999.000,9999.000,9999.000,9999.000,9999.000,9999.000
202608011612,   3.360,9999.000,9999.000,9999.000,9999.000,9999.000,9999.000,9999.000,9999.000
202608011618,   3.268,9999.000,9999.000,9999.000,9999.000,9999.000,9999.000,9999.000,9999.000
202608011624,   3.175,9999.000,9999.000,9999.000,9999.000,9999.000,9999.000,9999.000,9999.000
202608011630,   3.080,9999.000,9999.000,9999.000,9999.000,9999.000,9999.000,9999.000,9999.000
202608011636,   2.984,9999.000,9999.000,9999.000,9999.000,9999.000,9999.000,9999.000,9999.000
202608011642,   2.887,9999.000,9999.000,9999.000,9999.000,9999.000,9999.000,9999.000,9999.000
202608011648,   2.790,9999.000,9999.000,9999.000,9999.000,9999.000,9999.000,9999.000,9999.000
202608011654,   2.693,9999.000,9999.000,9999.000,9999.000,9999.000,9999.000,9999.000,9999.000
202608011700,   2.596,9999.000,   0.500,   0.067,   3.163,   0.400,   3.063,   0.600,   3.263
202608011706,   2.500,9999.000,9999.000,9999.000,9999.000,9999.000,9999.000,9999.000,9999.000
202608011712,   2.404,9999.000,9999.000,9999.000,9999.000,9999.000,9999.000,9999.000,9999.000
202608011718,   2.310,9999.000,9999.000,9999.000,9999.000,9999.000,9999.000,9999.000,9999.000
202608011724,   2.217,9999.000,9999.000,9999.000,9999.000,9999.000,9999.000,9999.000,9999.000
202608011730,   2.125,9999.000,9999.000,9999.000,9999.000,9999.000,9999.000,9999.000,9999.000
202608011736,   2.035,9999.000,9999.000,9999.000,9999.000,9999.000,9999.000,9999.000,9999.000
202608011742,   1.947,9999.000,9999.000,9999.000,9999.000,9999.000,9999.000,9999.000,9999.000
202608011748,   1.860,9999.000,9999.000,9999.000,9999.000,9999.000,9999.000,9999.000,9999.000
202608011754,   1.775,9999.000,9999.000,9999.000,9999.000,9999.000,9999.000,9999.000,9999.000
202608011800,   1.693,9999.000,   0.500,   0.067,   2.260,   0.400,   2.160,   0.600,   2.360
202608011806,   1.612,9999.000,9999.000,9999.000,9999.000,9999.000,9999.000,9999.000,9999.000
202608011812,   1.533,9999.000,9999.000,9999.000,9999.000,9999.000,9999.000,9999.000,9999.000
202608011818,   1.457,9999.000,9999.000,9999.000,9999.000,9999.000,9999.000,9999.000,9999.000
202608011824,   1.382,9999.000,9999.000,9999.000,9999.000,9999.000,9999.000,9999.000,9999.000
202608011830,   1.310,9999.000,9999.000,9999.000,9999.000,9999.000,9999.000,9999.000,9999.000
202608011836,   1.241,9999.000,9999.000,9999.000,9999.000,9999.000,9999.000,9999.000,9999.000
202608011842,   1.173,9999.000,9999.000,9999.000,9999.000,9999.000,9999.000,9999.000,9999.000
202608011848,   1.109,9999.000,9999.000,9999.000,9999.000,9999.000,9999.000,9999.000,9999.000
202608011854,   1.046,9999.000,9999.000,9999.000,9999.000,9999.000,9999.000,9999.000,9999.000
202608011900,   0.987,9999.000,   0.500,   0.067,   1.554,   0.400,   1.454,   0.600,   1.654
202608011906,   0.930,9999.000,9999.000,9999.000,9999.000,9999.000,9999.000,9999.000,9999.000
202608011912,   0.877,9999.000,9999.000,9999.000,9999.000,9999.000,9999.000,9999.000,9999.000
202608011918,   0.826,9999.000,9999.000,9999.000,9999.000,9999.000,9999.000,9999.000,9999.000
202608011924,   0.780,9999.000,9999.000,9999.000,9999.000,9999.000,9999.000,9999.000,9999.000
202608011930,   0.736,9999.000,9999.000,9999.000,9999.000,9999.000,9999.000,9999.000,9999.000
202608011936,   0.697,9999.000,9999.000,9999.000,9999.000,9999.000,9999.000,9999.000,9999.000
202608011942,   0.662,9999.000,9999.000,9999.000,9999.000,9999.000,9999.000,9999.000,9999.000
202608011948,   0.631,9999.000,9999.000,9999.000,9999.000,9999.000,9999.000,9999.000,9999.000
202608011954,   0.604,9999.000,9999.000,9999.000,9999.000,9999.000,9999.000,9999.000,9999.000
202608012000,   0.582,9999.000,   0.500,   0.067,   1.149,   0.500,   1.149,   0.600,   1.249
202608012006,   0.565,9999.000,9999.000,9999.000,9999.000,9999.000,9999.000,9999.000,9999.000
202608012012,   0.553,9999.000,9999.000,9999.000,9999.000,9999.000,9999.000,9999.000,9999.000
202608012018,   0.547,9999.000,9999.000,9999.000,9999.000,9999.000,9999.000,9999.000,9999.000
202608012024,   0.546,9999.000,9999.000,9999.000,9999.000,9999.000,9999.000,9999.000,9999.000
202608012030,   0.551,9999.000,9999.000,9999.000,9999.000,9999.000,9999.000,9999.000,9999.000
202608012036,   0.561,9999.000,9999.000,9999.000,9999.000,9999.000,9999.000,9999.000,9999.000
202608012042,   0.577,9999.000,9999.000,9999.000,9999.000,9999.000,9999.000,9999.000,9999.000
202608012048,   0.599,9999.000,9999.000,9999.000,9999.000,9999.000,9999.000,9999.000,9999.000
202608012054,   0.627,9999.000,9999.000,9999.000,9999.000,9999.000,9999.000,9999.000,9999.000
202608012100,   0.661,9999.000,   0.600,   0.067,   1.328,   0.500,   1.228,   0.600,   1.328
202608012106,   0.700,9999.000,9999.000,9999.000,9999.000,9999.000,9999.000,9999.000,9999.000
202608012112,   0.746,9999.000,9999.000,9999.000,9999.000,9999.000,9999.000,9999.000,9999.000
202608012118,   0.797,9999.000,9999.000,9999.000,9999.000,9999.000,9999.000,9999.000,9999.000
202608012124,   0.853,9999.000,9999.000,9999.000,9999.000,9999.000,9999.000,9999.000,9999.000
202608012130,   0.915,9999.000,9999.000,9999.000,9999.000,9999.000,9999.000,9999.000,9999.000
202608012136,   0.982,9999.000,9999.000,9999.000,9999.000,9999.000,9999.000,9999.000,9999.000
202608012142,   1.053,9999.000,9999.000,9999.000,9999.000,9999.000,9999.000,9999.000,9999.000
202608012148,   1.129,9999.000,9999.000,9999.000,9999.000,9999.000,9999.000,9999.000,9999.000
202608012154,   1.209,9999.000,9999.000,9999.000,9999.000,9999.000,9999.000,9999.000,9999.000
202608012200,   1.294,9999.000,   0.600,   0.067,   1.961,   0.500,   1.861,   0.600,   1.961
202608012206,   1.381,9999.000,9999.000,9999.000,9999.000,9999.000,9999.000,9999.000,9999.000
202608012212,   1.472,9999.000,9999.000,9999.000,9999.000,9999.000,9999.000,9999.000,9999.000
202608012218,   1.566,9999.000,9999.000,9999.000,9999.000,9999.000,9999.000,9999.000,9999.000
202608012224,   1.662,9999.000,9999.000,9999.000,9999.000,9999.000,9999.000,9999.000,9999.000
202608012230,   1.761,9999.000,9999.000,9999.000,9999.000,9999.000,9999.000,9999.000,9999.000
202608012236,   1.861,9999.000,9999.000,9999.000,9999.000,9999.000,9999.000,9999.000,9999.000
202608012242,   1.962,9999.000,9999.000,9999.000,9999.000,9999.000,9999.000,9999.000,9999.000
202608012248,   2.065,9999.000,9999.000,9999.000,9999.000,9999.000,9999.000,9999.000,9999.000
202608012254,   2.168,9999.000,9999.000,9999.000,9999.000,9999.000,9999.000,9999.000,9999.000
202608012300,   2.271,9999.000,   0.600,   0.067,   2.938,   0.500,   2.838,   0.700,   3.038
202608012306,   2.375,9999.000,9999.000,9999.000,9999.000,9999.000,9999.000,9999.000,9999.000
202608012312,   2.478,9999.000,9999.000,9999.000,9999.000,9999.000,9999.000,9999.000,9999.000
202608012318,   2.581,9999.000,9999.000,9999.000,9999.000,9999.000,9999.000,9999.000,9999.000
202608012324,   2.682,9999.000,9999.000,9999.000,9999.000,9999.000,9999.000,9999.000,9999.000
202608012330,   2.783,9999.000,9999.000,9999.000,9999.000,9999.000,9999.000,9999.000,9999.000
202608012336,   2.882,9999.000,9999.000,9999.000,9999.000,9999.000,9999.000,9999.000,9999.000
202608012342,   2.980,9999.000,9999.000,9999.000,9999.000,9999.000,9999.000,9999.000,9999.000
202608012348,   3.075,9999.000,9999.000,9999.000,9999.000,9999.000,9999.000,9999.000,9999.000
202608012354,   3.169,9999.000,9999.000,9999.000,9999.000,9999.000,9999.000,9999.000,9999.000
202608020000,   3.261,9999.000,   0.600,   0.067,   3.928,   0.500,   3.828,   0.600,   3.928
202608020006,   3.351,9999.000,9999.000,9999.000,9999.000,9999.000,9999.000,9999.000,9999.000
202608020012,   3.439,9999.000,9999.000,9999.000,9999.000,9999.000,9999.000,9999.000,9999.000
202608020018,   3.524,9999.000,9999.000,9999.000,9999.000,9999.000,9999.000,9999.000,9999.000
202608020024,   3.606,9999.000,9999.000,9999.000,9999.000,9999.000,9999.000,9999.000,9999.000
202608020030,   3.686,9999.000,9999.000,9999.000,9999.000,9999.000,9999.000,9999.000,9999.000
202608020036,   3.764,9999.000,9999.000,9999.000,9999.000,9999.000,9999.000,9999.000,9999.000
202608020042,   3.838,9999.000,9999.000,9999.000,9999.000,9999.000,9999.000,9999.000,9999.000
202608020048,   3.910,9999.000,9999.000,9999.000,9999.000,9999.000,9999.000,9999.000,9999.000
202608020054,   3.979,9999.000,9999.000,9999.000,9999.000,9999.000,9999.000,9999.000,9999.000
202608020100,   4.045,9999.000,   0.500,   0.067,   4.612,   0.500,   4.612,   0.600,   4.712
202608020106,   4.108,9999.000,9999.000,9999.000,9999.000,9999.000,9999.000,9999.000,9999.000
202608020112,   4.168,9999.000,9999.000,9999.000,9999.000,9999.000,9999.000,9999.000,9999.000
202608020118,   4.225,9999.000,9999.000,9999.000,9999.000,9999.000,9999.000,9999.000,9999.000
202608020124,   4.278,9999.000,9999.000,9999.000,9999.000,9999.000,9999.000,9999.000,9999.000
202608020130,   4.328,9999.000,9999.000,9999.000,9999.000,9999.000,9999.000,9999.000,9999.000
202608020136,   4.374,9999.000,9999.000,9999.000,9999.000,9999.000,9999.000,9999.000,9999.000
202608020142,   4.416,9999.000,9999.000,9999.000,9999.000,9999.000,9999.000,9999.000,9999.000
202608020148,   4.454,9999.000,9999.000,9999.000,9999.000,9999.000,9999.000,9999.000,9999.000
202608020154,   4.488,9999.000,9999.000,9999.000,9999.000,9999.000,9999.000,9999.000,9999.000
202608020200,   4.517,9999.000,   0.500,   0.067,   5.084,   0.400,   4.984,   0.600,   5.184
202608020206,   4.542,9999.000,9999.000,9999.000,9999.000,9999.000,9999.000,9999.000,9999.000
202608020212,   4.562,9999.000,9999.000,9999.000,9999.000,9999.000,9999.000,9999.000,9999.000
202608020218,   4.576,9999.000,9999.000,9999.000,9999.000,9999.000,9999.000,9999.000,9999.000
202608020224,   4.586,9999.000,9999.000,9999.000,9999.000,9999.000,9999.000,9999.000,9999.000
202608020230,   4.590,9999.000,9999.000,9999.000,9999.000,9999.000,9999.000,9999.000,9999.000
202608020236,   4.588,9999.000,9999.000,9999.000,9999.000,9999.000,9999.000,9999.000,9999.000
202608020242,   4.581,9999.000,9999.000,9999.000,9999.000,9999.000,9999.000,9999.000,9999.000
202608020248,   4.567,9999.000,9999.000,9999.000,9999.000,9999.000,9999.000,9999.000,9999.000
202608020254,   4.548,9999.000,9999.000,9999.000,9999.000,9999.000,9999.000,9999.000,9999.000
202608020300,   4.522,9999.000,   0.500,   0.067,   5.089,   0.400,   4.989,   0.600,   5.189
202608020306,   4.490,9999.000,9999.000,9999.000,9999.000,9999.000,9999.000,9999.000,9999.000
202608020312,   4.452,9999.000,9999.000,9999.000,9999.000,9999.000,9999.000,9999.000,9999.000
202608020318,   4.408,9999.000,9999.000,9999.000,9999.000,9999.000,9999.000,9999.000,9999.000
202608020324,   4.357,9999.000,9999.000,9999.000,9999.000,9999.000,9999.000,9999.000,9999.000
202608020330,   4.300,9999.000,9999.000,9999.000,9999.000,9999.000,9999.000,9999.000,9999.000
202608020336,   4.238,9999.000,9999.000,9999.000,9999.000,9999.000,9999.000,9999.000,9999.000
202608020342,   4.169,9999.000,9999.000,9999.000,9999.000,9999.000,9999.000,9999.000,9999.000
202608020348,   4.095,9999.000,9999.000,9999.000,9999.000,9999.000,9999.000,9999.000,9999.000
202608020354,   4.016,9999.000,9999.000,9999.000,9999.000,9999.000,9999.000,9999.000,9999.000
202608020400,   3.932,9999.000,   0.500,   0.067,   4.499,   0.400,   4.399,   0.600,   4.599
202608020406,   3.843,9999.000,9999.000,9999.000,9999.000,9999.000,9999.000,9999.000,9999.000
202608020412,   3.750,9999.000,9999.000,9999.000,9999.000,9999.000,9999.000,9999.000,9999.000
202608020418,   3.653,9999.000,9999.000,9999.000,9999.000,9999.000,9999.000,9999.000,9999.000
202608020424,   3.553,9999.000,9999.000,9999.000,9999.000,9999.000,9999.000,9999.000,9999.000
202608020430,   3.450,9999.000,9999.000,9999.000,9999.000,9999.000,9999.000,9999.000,9999.000
202608020436,   3.344,9999.000,9999.000,9999.000,9999.000,9999.000,9999.000,9999.000,9999.000
202608020442,   3.236,9999.000,9999.000,9999.000,9999.000,9999.000,9999.000,9999.000,9999.000
202608020448,   3.126,9999.000,9999.000,9999.000,9999.000,9999.000,9999.000,9999.000,9999.000
202608020454,   3.015,9999.000,9999.000,9999.000,9999.000,9999.000,9999.000,9999.000,9999.000
202608020500,   2.903,9999.000,   0.500,   0.067,   3.470,   0.400,   3.370,   0.600,   3.570
202608020506,   2.790,9999.000,9999.000,9999.000,9999.000,9999.000,9999.000,9999.000,9999.000
202608020512,   2.677,9999.000,9999.000,9999.000,9999.000,9999.000,9999.000,9999.000,9999.000
202608020518,   2.565,9999.000,9999.000,9999.000,9999.000,9999.000,9999.000,9999.000,9999.000
202608020524,   2.453,9999.000,9999.000,9999.000,9999.000,9999.000,9999.000,9999.000,9999.000
202608020530,   2.342,9999.000,9999.000,9999.000,9999.000,9999.000,9999.000,9999.000,9999.000
202608020536,   2.232,9999.000,9999.000,9999.000,9999.000,9999.000,9999.000,9999.000,9999.000
202608020542,   2.124,9999.000,9999.000,9999.000,9999.000,9999.000,9999.000,9999.000,9999.000
202608020548,   2.017,9999.000,9999.000,9999.000,9999.000,9999.000,9999.000,9999.000,9999.000
202608020554,   1.911,9999.000,9999.000,9999.000,9999.000,9999.000,9999.000,9999.000,9999.000
202608020600,   1.808,9999.000,   0.500,   0.067,   2.375,   0.400,   2.275,   0.600,   2.475
202608020606,   1.707,9999.000,9999.000,9999.000,9999.000,9999.000,9999.000,9999.000,9999.000
202608020612,   1.607,9999.000,9999.000,9999.000,9999.000,9999.000,9999.000,9999.000,9999.000
202608020618,   1.510,9999.000,9999.000,9999.000,9999.000,9999.000,9999.000,9999.000,9999.000
202608020624,   1.415,9999.000,9999.000,9999.000,9999.000,9999.000,9999.000,9999.000,9999.000
202608020630,   1.323,9999.000,9999.000,9999.000,9999.000,9999.000,9999.000,9999.000,9999.000
202608020636,   1.233,9999.000,9999.000,9999.000,9999.000,9999.000,9999.000,9999.000,9999.000
202608020642,   1.146,9999.000,9999.000,9999.000,9999.000,9999.000,9999.000,9999.000,9999.000
202608020648,   1.060,9999.000,9999.000,9999.000,9999.000,9999.000,9999.000,9999.000,9999.000
202608020654,   0.978,9999.000,9999.000,9999.000,9999.000,9999.000,9999.000,9999.000,9999.000
202608020700,   0.898,9999.000,   0.500,   0.067,   1.465,   0.400,   1.365,   0.600,   1.565
202608020706,   0.821,9999.000,9999.000,9999.000,9999.000,9999.000,9999.000,9999.000,9999.000
202608020712,   0.747,9999.000,9999.000,9999.000,9999.000,9999.000,9999.000,9999.000,9999.000
202608020718,   0.676,9999.000,9999.000,9999.000,9999.000,9999.000,9999.000,9999.000,9999.000
202608020724,   0.607,9999.000,9999.000,9999.000,9999.000,9999.000,9999.000,9999.000,9999.000
202608020730,   0.542,9999.000,9999.000,9999.000,9999.000,9999.000,9999.000,9999.000,9999.000
202608020736,   0.481,9999.000,9999.000,9999.000,9999.000,9999.000,9999.000,9999.000,9999.000
202608020742,   0.423,9999.000,9999.000,9999.000,9999.000,9999.000,9999.000,9999.000,9999.000
202608020748,   0.369,9999.000,9999.000,9999.000,9999.000,9999.000,9999.000,9999.000,9999.000
202608020754,   0.318,9999.000,9999.000,9999.000,9999.000,9999.000,9999.000,9999.000,9999.000
202608020800,   0.272,9999.000,   0.500,   0.067,   0.839,   0.400,   0.739,   0.600,   0.939
202608020806,   0.231,9999.000,9999.000,9999.000,9999.000,9999.000,9999.000,9999.000,9999.000
202608020812,   0.194,9999.000,9999.000,9999.000,9999.000,9999.000,9999.000,9999.000,9999.000
202608020818,   0.162,9999.000,9999.000,9999.000,9999.000,9999.000,9999.000,9999.000,9999.000
202608020824,   0.135,9999.000,9999.000,9999.000,9999.000,9999.000,9999.000,9999.000,9999.000
202608020830,   0.113,9999.000,9999.000,9999.000,9999.000,9999.000,9999.000,9999.000,9999.000
202608020836,   0.097,9999.000,9999.000,9999.000,9999.000,9999.000,9999.000,9999.000,9999.000
202608020842,   0.087,9999.000,9999.000,9999.000,9999.000,9999.000,9999.000,9999.000,9999.000
202608020848,   0.082,9999.000,9999.000,9999.000,9999.000,9999.000,9999.000,9999.000,9999.000
202608020854,   0.084,9999.000,9999.000,9999.000,9999.000,9999.000,9999.000,9999.000,9999.000
202608020900,   0.091,9999.000,   0.500,   0.067,   0.658,   0.400,   0.558,   0.600,   0.758
202608020906,   0.105,9999.000,9999.000,9999.000,9999.000,9999.000,9999.000,9999.000,9999.000
202608020912,   0.125,9999.000,9999.000,9999.000,9999.000,9999.000,9999.000,9999.000,9999.000
202608020918,   0.151,9999.000,9999.000,9999.000,9999.000,9999.000,9999.000,9999.000,9999.000
202608020924,   0.184,9999.000,9999.000,9999.000,9999.000,9999.000,9999.000,9999.000,9999.000
202608020930,   0.223,9999.000,9999.000,9999.000,9999.000,9999.000,9999.000,9999.000,9999.000
202608020936,   0.268,9999.000,9999.000,9999.000,9999.000,9999.000,9999.000,9999.000,9999.000
202608020942,   0.318,9999.000,9999.000,9999.000,9999.000,9999.000,9999.000,9999.000,9999.000
202608020948,   0.375,9999.000,9999.000,9999.000,9999.000,9999.000,9999.000,9999.000,9999.000
202608020954,   0.437,9999.000,9999.000,9999.000,9999.000,9999.000,9999.000,9999.000,9999.000
202608021000,   0.505,9999.000,   0.500,   0.067,   1.072,   0.400,   0.972,   0.600,   1.172
202608021006,   0.577,9999.000,9999.000,9999.000,9999.000,9999.000,9999.000,9999.000,9999.000
202608021012,   0.655,9999.000,9999.000,9999.000,9999.000,9999.000,9999.000,9999.000,9999.000
202608021018,   0.737,9999.000,9999.000,9999.000,9999.000,9999.000,9999.000,9999.000,9999.000
202608021024,   0.823,9999.000,9999.000,9999.000,9999.000,9999.000,9999.000,9999.000,9999.000
202608021030,   0.913,9999.000,9999.000,9999.000,9999.000,9999.000,9999.000,9999.000,9999.000
202608021036,   1.007,9999.000,9999.000,9999.000,9999.000,9999.000,9999.000,9999.000,9999.000
202608021042,   1.103,9999.000,9999.000,9999.000,9999.000,9999.000,9999.000,9999.000,9999.000
202608021048,   1.202,9999.000,9999.000,9999.000,9999.000,9999.000,9999.000,9999.000,9999.000
202608021054,   1.304,9999.000,9999.000,9999.000,9999.000,9999.000,9999.000,9999.000,9999.000
202608021100,   1.408,9999.000,   0.500,   0.067,   1.975,   0.400,   1.875,   0.600,   2.075
202608021106,   1.513,9999.000,9999.000,9999.000,9999.000,9999.000,9999.000,9999.000,9999.000
202608021112,   1.619,9999.000,9999.000,9999.000,9999.000,9999.000,9999.000,9999.000,9999.000
202608021118,   1.726,9999.000,9999.000,9999.000,9999.000,9999.000,9999.000,9999.000,9999.000
202608021124,   1.833,9999.000,9999.000,9999.000,9999.000,9999.000,9999.000,9999.000,9999.000
202608021130,   1.941,9999.000,9999.000,9999.000,9999.000,9999.000,9999.000,9999.000,9999.000
202608021136,   2.049,9999.000,9999.000,9999.000,9999.000,9999.000,9999.000,9999.000,9999.000
202608021142,   2.156,9999.000,9999.000,9999.000,9999.000,9999.000,9999.000,9999.000,9999.000
202608021148,   2.262,9999.000,9999.000,9999.000,9999.000,9999.000,9999.000,9999.000,9999.000
202608021154,   2.367,9999.000,9999.000,9999.000,9999.000,9999.000,9999.000,9999.000,9999.000
202608021200,   2.471,9999.000,   0.500,   0.067,   3.038,   0.400,   2.938,   0.600,   3.138
202608021206,   2.574,9999.000,9999.000,9999.000,9999.000,9999.000,9999.000,9999.000,9999.000
202608021212,   2.675,9999.000,9999.000,9999.000,9999.000,9999.000,9999.000,9999.000,9999.000
202608021218,   2.775,9999.000,9999.000,9999.000,9999.000,9999.000,9999.000,9999.000,9999.000
202608021224,   2.872,9999.000,9999.000,9999.000,9999.000,9999.000,9999.000,9999.000,9999.000
202608021230,   2.967,9999.000,9999.000,9999.000,9999.000,9999.000,9999.000,9999.000,9999.000
202608021236,   3.061,9999.000,9999.000,9999.000,9999.000,9999.000,9999.000,9999.000,9999.000
202608021242,   3.152,9999.000,9999.000,9999.000,9999.000,9999.000,9999.000,9999.000,9999.000
202608021248,   3.241,9999.000,9999.000,9999.000,9999.000,9999.000,9999.000,9999.000,9999.000
202608021254,   3.327,9999.000,9999.000,9999.000,9999.000,9999.000,9999.000,9999.000,9999.000
202608021300,   3.411,9999.000,   0.500,   0.067,   3.978,   0.400,   3.878,   0.600,   4.078
202608021306,   3.492,9999.000,9999.000,9999.000,9999.000,9999.000,9999.000,9999.000,9999.000
202608021312,   3.571,9999.000,9999.000,9999.000,9999.000,9999.000,9999.000,9999.000,9999.000
202608021318,   3.647,9999.000,9999.000,9999.000,9999.000,9999.000,9999.000,9999.000,9999.000
202608021324,   3.720,9999.000,9999.000,9999.000,9999.000,9999.000,9999.000,9999.000,9999.000
202608021330,   3.790,9999.000,9999.000,9999.000,9999.000,9999.000,9999.000,9999.000,9999.000
202608021336,   3.857,9999.000,9999.000,9999.000,9999.000,9999.000,9999.000,9999.000,9999.000
202608021342,   3.922,9999.000,9999.000,9999.000,9999.000,9999.000,9999.000,9999.000,9999.000
202608021348,   3.983,9999.000,9999.000,9999.000,9999.000,9999.000,9999.000,9999.000,9999.000
202608021354,   4.040,9999.000,9999.000,9999.000,9999.000,9999.000,9999.000,9999.000,9999.000
202608021400,   4.095,9999.000,   0.500,   0.067,   4.662,   0.300,   4.462,   0.600,   4.762
202608021406,   4.145,9999.000,9999.000,9999.000,9999.000,9999.000,9999.000,9999.000,9999.000
202608021412,   4.192,9999.000,9999.000,9999.000,9999.000,9999.000,9999.000,9999.000,9999.000
202608021418,   4.234,9999.000,9999.000,9999.000,9999.000,9999.000,9999.000,9999.000,9999.000
202608021424,   4.273,9999.000,9999.000,9999.000,9999.000,9999.000,9999.000,9999.000,9999.000
202608021430,   4.307,9999.000,9999.000,9999.000,9999.000,9999.000,9999.000,9999.000,9999.000
202608021436,   4.336,9999.000,9999.000,9999.000,9999.000,9999.000,9999.000,9999.000,9999.000
202608021442,   4.360,9999.000,9999.000,9999.000,9999.000,9999.000,9999.000,9999.000,9999.000
202608021448,   4.379,9999.000,9999.000,9999.000,9999.000,9999.000,9999.000,9999.000,9999.000
202608021454,   4.393,9999.000,9999.000,9999.000,9999.000,9999.000,9999.000,9999.000,9999.000
202608021500,   4.401,9999.000,   0.500,   0.067,   4.968,   0.300,   4.768,   0.600,   5.068
202608021506,   4.404,9999.000,9999.000,9999.000,9999.000,9999.000,9999.000,9999.000,9999.000
202608021512,   4.401,9999.000,9999.000,9999.000,9999.000,9999.000,9999.000,9999.000,9999.000
202608021518,   4.392,9999.000,9999.000,9999.000,9999.000,9999.000,9999.000,9999.000,9999.000
202608021524,   4.377,9999.000,9999.000,9999.000,9999.000,9999.000,9999.000,9999.000,9999.000
202608021530,   4.356,9999.000,9999.000,9999.000,9999.000,9999.000,9999.000,9999.000,9999.000
202608021536,   4.328,9999.000,9999.000,9999.000,9999.000,9999.000,9999.000,9999.000,9999.000
202608021542,   4.295,9999.000,9999.000,9999.000,9999.000,9999.000,9999.000,9999.000,9999.000
202608021548,   4.255,9999.000,9999.000,9999.000,9999.000,9999.000,9999.000,9999.000,9999.000
202608021554,   4.210,9999.000,9999.000,9999.000,9999.000,9999.000,9999.000,9999.000,9999.000
202608021600,   4.159,9999.000,   0.500,   0.067,   4.726,   0.400,   4.626,   0.600,   4.826
202608021606,   4.102,9999.000,9999.000,9999.000,9999.000,9999.000,9999.000,9999.000,9999.000
202608021612,   4.040,9999.000,9999.000,9999.000,9999.000,9999.000,9999.000,9999.000,9999.000
202608021618,   3.973,9999.000,9999.000,9999.000,9999.000,9999.000,9999.000,9999.000,9999.000
202608021624,   3.900,9999.000,9999.000,9999.000,9999.000,9999.000,9999.000,9999.000,9999.000
202608021630,   3.824,9999.000,9999.000,9999.000,9999.000,9999.000,9999.000,9999.000,9999.000
202608021636,   3.743,9999.000,9999.000,9999.000,9999.000,9999.000,9999.000,9999.000,9999.000
202608021642,   3.658,9999.000,9999.000,9999.000,9999.000,9999.000,9999.000,9999.000,9999.000
202608021648,   3.570,9999.000,9999.000,9999.000,9999.000,9999.000,9999.000,9999.000,9999.000
202608021654,   3.479,9999.000,9999.000,9999.000,9999.000,9999.000,9999.000,9999.000,9999.000
202608021700,   3.386,9999.000,   0.500,   0.067,   3.953,   0.400,   3.853,   0.600,   4.053
202608021706,   3.290,9999.000,9999.000,9999.000,9999.000,9999.000,9999.000,9999.000,9999.000
202608021712,   3.193,9999.000,9999.000,9999.000,9999.000,9999.000,9999.000,9999.000,9999.000
202608021718,   3.094,9999.000,9999.000,9999.000,9999.000,9999.000,9999.000,9999.000,9999.000
202608021724,   2.995,9999.000,9999.000,9999.000,9999.000,9999.000,9999.000,9999.000,9999.000
202608021730,   2.895,9999.000,9999.000,9999.000,9999.000,9999.000,9999.000,9999.000,9999.000
202608021736,   2.795,9999.000,9999.000,9999.000,9999.000,9999.000,9999.000,9999.000,9999.000
202608021742,   2.695,9999.000,9999.000,9999.000,9999.000,9999.000,9999.000,9999.000,9999.000
202608021748,   2.595,9999.000,9999.000,9999.000,9999.000,9999.000,9999.000,9999.000,9999.000
202608021754,   2.497,9999.000,9999.000,9999.000,9999.000,9999.000,9999.000,9999.000,9999.000
202608021800,   2.399,9999.000,   0.500,   0.067,   2.966,   0.400,   2.866,   0.600,   3.066
202608021806,   2.303,9999.000,9999.000,9999.000,9999.000,9999.000,9999.000,9999.000,9999.000
202608021812,   2.209,9999.000,9999.000,9999.000,9999.000,9999.000,9999.000,9999.000,9999.000
202608021818,   2.116,9999.000,9999.000,9999.000,9999.000,9999.000,9999.000,9999.000,9999.000
202608021824,   2.024,9999.000,9999.000,9999.000,9999.000,9999.000,9999.000,9999.000,9999.000
202608021830,   1.935,9999.000,9999.000,9999.000,9999.000,9999.000,9999.000,9999.000,9999.000
202608021836,   1.848,9999.000,9999.000,9999.000,9999.000,9999.000,9999.000,9999.000,9999.000
202608021842,   1.763,9999.000,9999.000,9999.000,9999.000,9999.000,9999.000,9999.000,9999.000
202608021848,   1.679,9999.000,9999.000,9999.000,9999.000,9999.000,9999.000,9999.000,9999.000
202608021854,   1.599,9999.000,9999.000,9999.000,9999.000,9999.000,9999.000,9999.000,9999.000
202608021900,   1.520,9999.000,   0.500,   0.067,   2.087,   0.400,   1.987,   0.600,   2.187
202608021906,   1.444,9999.000,9999.000,9999.000,9999.000,9999.000,9999.000,9999.000,9999.000
202608021912,   1.370,9999.000,9999.000,9999.000,9999.000,9999.000,9999.000,9999.000,9999.000
202608021918,   1.298,9999.000,9999.000,9999.000,9999.000,9999.000,9999.000,9999.000,9999.000
202608021924,   1.229,9999.000,9999.000,9999.000,9999.000,9999.000,9999.000,9999.000,9999.000
202608021930,   1.162,9999.000,9999.000,9999.000,9999.000,9999.000,9999.000,9999.000,9999.000
202608021936,   1.098,9999.000,9999.000,9999.000,9999.000,9999.000,9999.000,9999.000,9999.000
202608021942,   1.037,9999.000,9999.000,9999.000,9999.000,9999.000,9999.000,9999.000,9999.000
202608021948,   0.978,9999.000,9999.000,9999.000,9999.000,9999.000,9999.000,9999.000,9999.000
202608021954,   0.923,9999.000,9999.000,9999.000,9999.000,9999.000,9999.000,9999.000,9999.000
202608022000,   0.871,9999.000,   0.500,   0.067,   1.438,   0.400,   1.338,   0.600,   1.538
202608022006,   0.822,9999.000,9999.000,9999.000,9999.000,9999.000,9999.000,9999.000,9999.000
202608022012,   0.776,9999.000,9999.000,9999.000,9999.000,9999.000,9999.000,9999.000,9999.000
202608022018,   0.734,9999.000,9999.000,9999.000,9999.000,9999.000,9999.000,9999.000,9999.000
202608022024,   0.697,9999.000,9999.000,9999.000,9999.000,9999.000,9999.000,9999.000,9999.000
202608022030,   0.663,9999.000,9999.000,9999.000,9999.000,9999.000,9999.000,9999.000,9999.000
202608022036,   0.634,9999.000,9999.000,9999.000,9999.000,9999.000,9999.000,9999.000,9999.000
202608022042,   0.609,9999.000,9999.000,9999.000,9999.000,9999.000,9999.000,9999.000,9999.000
202608022048,   0.589,9999.000,9999.000,9999.000,9999.000,9999.000,9999.000,9999.000,9999.000
202608022054,   0.574,9999.000,9999.000,9999.000,9999.000,9999.000,9999.000,9999.000,9999.000
202608022100,   0.564,9999.000,   0.500,   0.067,   1.131,   0.400,   1.031,   0.600,   1.231
202608022106,   0.560,9999.000,9999.000,9999.000,9999.000,9999.000,9999.000,9999.000,9999.000
202608022112,   0.561,9999.000,9999.000,9999.000,9999.000,9999.000,9999.000,9999.000,9999.000
202608022118,   0.568,9999.000,9999.000,9999.000,9999.000,9999.000,9999.000,9999.000,9999.000
202608022124,   0.580,9999.000,9999.000,9999.000,9999.000,9999.000,9999.000,9999.000,9999.000
202608022130,   0.599,9999.000,9999.000,9999.000,9999.000,9999.000,9999.000,9999.000,9999.000
202608022136,   0.623,9999.000,9999.000,9999.000,9999.000,9999.000,9999.000,9999.000,9999.000
202608022142,   0.653,9999.000,9999.000,9999.000,9999.000,9999.000,9999.000,9999.000,9999.000
202608022148,   0.689,9999.000,9999.000,9999.000,9999.000,9999.000,9999.000,9999.000,9999.000
202608022154,   0.731,9999.000,9999.000,9999.000,9999.000,9999.000,9999.000,9999.000,9999.000
202608022200,   0.778,9999.000,   0.500,   0.067,   1.345,   0.400,   1.245,   0.600,   1.445
202608022206,   0.831,9999.000,9999.000,9999.000,9999.000,9999.000,9999.000,9999.000,9999.000
202608022212,   0.890,9999.000,9999.000,9999.000,9999.000,9999.000,9999.000,9999.000,9999.000
202608022218,   0.953,9999.000,9999.000,9999.000,9999.000,9999.000,9999.000,9999.000,9999.000
202608022224,   1.021,9999.000,9999.000,9999.000,9999.000,9999.000,9999.000,9999.000,9999.000
202608022230,   1.094,9999.000,9999.000,9999.000,9999.000,9999.000,9999.000,9999.000,9999.000
202608022236,   1.171,9999.000,9999.000,9999.000,9999.000,9999.000,9999.000,9999.000,9999.000
202608022242,   1.253,9999.000,9999.000,9999.000,9999.000,9999.000,9999.000,9999.000,9999.000
202608022248,   1.338,9999.000,9999.000,9999.000,9999.000,9999.000,9999.000,9999.000,9999.000
202608022254,   1.426,9999.000,9999.000,9999.000,9999.000,9999.000,9999.000,9999.000,9999.000
202608022300,   1.517,9999.000,   0.500,   0.067,   2.084,   0.400,   1.984,   0.600,   2.184
202608022306,   1.611,9999.000,9999.000,9999.000,9999.000,9999.000,9999.000,9999.000,9999.000
202608022312,   1.707,9999.000,9999.000,9999.000,9999.000,9999.000,9999.000,9999.000,9999.000
202608022318,   1.804,9999.000,9999.000,9999.000,9999.000,9999.000,9999.000,9999.000,9999.000
202608022324,   1.904,9999.000,9999.000,9999.000,9999.000,9999.000,9999.000,9999.000,9999.000
202608022330,   2.004,9999.000,9999.000,9999.000,9999.000,9999.000,9999.000,9999.000,9999.000
202608022336,   2.105,9999.000,9999.000,9999.000,9999.000,9999.000,9999.000,9999.000,9999.000
202608022342,   2.206,9999.000,9999.000,9999.000,9999.000,9999.000,9999.000,9999.000,9999.000
202608022348,   2.307,9999.000,9999.000,9999.000,9999.000,9999.000,9999.000,9999.000,9999.000
202608022354,   2.408,9999.000,9999.000,9999.000,9999.000,9999.000,9999.000,9999.000,9999.000
202608030000,   2.508,9999.000,   0.500,   0.067,   3.075,   0.400,   2.975,   0.600,   3.175
202608030006,   2.607,9999.000,9999.000,9999.000,9999.000,9999.000,9999.000,9999.000,9999.000
202608030012,   2.705,9999.000,9999.000,9999.000,9999.000,9999.000,9999.000,9999.000,9999.000
202608030018,   2.802,9999.000,9999.000,9999.000,9999.000,9999.000,9999.000,9999.000,9999.000
202608030024,   2.897,9999.000,9999.000,9999.000,9999.000,9999.000,9999.000,9999.000,9999.000
202608030030,   2.990,9999.000,9999.000,9999.000,9999.000,9999.000,9999.000,9999.000,9999.000
202608030036,   3.081,9999.000,9999.000,9999.000,9999.000,9999.000,9999.000,9999.000,9999.000
202608030042,   3.170,9999.000,9999.000,9999.000,9999.000,9999.000,9999.000,9999.000,9999.000
202608030048,   3.257,9999.000,9999.000,9999.000,9999.000,9999.000,9999.000,9999.000,9999.000
202608030054,   3.341,9999.000,9999.000,9999.000,9999.000,9999.000,9999.000,9999.000,9999.000
202608030100,   3.423,9999.000,   0.500,   0.067,   3.990,   0.400,   3.890,   0.600,   4.090
202608030106,   3.502,9999.000,9999.000,9999.000,9999.000,9999.000,9999.000,9999.000,9999.000
202608030112,   3.579,9999.000,9999.000,9999.000,9999.000,9999.000,9999.000,9999.000,9999.000
202608030118,   3.653,9999.000,9999.000,9999.000,9999.000,9999.000,9999.000,9999.000,9999.000
202608030124,   3.724,9999.000,9999.000,9999.000,9999.000,9999.000,9999.000,9999.000,9999.000
202608030130,   3.792,9999.000,9999.000,9999.000,9999.000,9999.000,9999.000,9999.000,9999.000
202608030136,   3.857,9999.000,9999.000,9999.000,9999.000,9999.000,9999.000,9999.000,9999.000
202608030142,   3.920,9999.000,9999.000,9999.000,9999.000,9999.000,9999.000,9999.000,9999.000
202608030148,   3.979,9999.000,9999.000,9999.000,9999.000,9999.000,9999.000,9999.000,9999.000
202608030154,   4.035,9999.000,9999.000,9999.000,9999.000,9999.000,9999.000,9999.000,9999.000
202608030200,   4.088,9999.000,   0.500,   0.067,   4.655,   0.300,   4.455,   0.600,   4.755
202608030206,   4.138,9999.000,9999.000,9999.000,9999.000,9999.000,9999.000,9999.000,9999.000
202608030212,   4.184,9999.000,9999.000,9999.000,9999.000,9999.000,9999.000,9999.000,9999.000
202608030218,   4.227,9999.000,9999.000,9999.000,9999.000,9999.000,9999.000,9999.000,9999.000
202608030224,   4.266,9999.000,9999.000,9999.000,9999.000,9999.000,9999.000,9999.000,9999.000
202608030230,   4.302,9999.000,9999.000,9999.000,9999.000,9999.000,9999.000,9999.000,9999.000
202608030236,   4.333,9999.000,9999.000,9999.000,9999.000,9999.000,9999.000,9999.000,9999.000
202608030242,   4.360,9999.000,9999.000,9999.000,9999.000,9999.000,9999.000,9999.000,9999.000
202608030248,   4.383,9999.000,9999.000,9999.000,9999.000,9999.000,9999.000,9999.000,9999.000
202608030254,   4.402,9999.000,9999.000,9999.000,9999.000,9999.000,9999.000,9999.000,9999.000
202608030300,   4.415,9999.000,   0.500,   0.067,   4.982,   0.300,   4.782,   0.600,   5.082
202608030306,   4.424,9999.000,9999.000,9999.000,9999.000,9999.000,9999.000,9999.000,9999.000
202608030312,   4.428,9999.000,9999.000,9999.000,9999.000,9999.000,9999.000,9999.000,9999.000
202608030318,   4.426,9999.000,9999.000,9999.000,9999.000,9999.000,9999.000,9999.000,9999.000
202608030324,   4.419,9999.000,9999.000,9999.000,9999.000,9999.000,9999.000,9999.000,9999.000
202608030330,   4.406,9999.000,9999.000,9999.000,9999.000,9999.000,9999.000,9999.000,9999.000
202608030336,   4.388,9999.000,9999.000,9999.000,9999.000,9999.000,9999.000,9999.000,9999.000
202608030342,   4.364,9999.000,9999.000,9999.000,9999.000,9999.000,9999.000,9999.000,9999.000
202608030348,   4.333,9999.000,9999.000,9999.000,9999.000,9999.000,9999.000,9999.000,9999.000
202608030354,   4.297,9999.000,9999.000,9999.000,9999.000,9999.000,9999.000,9999.000,9999.000
202608030400,   4.255,9999.000,   0.500,   0.067,   4.822,   0.300,   4.622,   0.600,   4.922
202608030406,   4.207,9999.000,9999.000,9999.000,9999.000,9999.000,9999.000,9999.000,9999.000
202608030412,   4.153,9999.000,9999.000,9999.000,9999.000,9999.000,9999.000,9999.000,9999.000
202608030418,   4.093,9999.000,9999.000,9999.000,9999.000,9999.000,9999.000,9999.000,9999.000
202608030424,   4.028,9999.000,9999.000,9999.000,9999.000,9999.000,9999.000,9999.000,9999.000
202608030430,   3.957,9999.000,9999.000,9999.000,9999.000,9999.000,9999.000,9999.000,9999.000
202608030436,   3.882,9999.000,9999.000,9999.000,9999.000,9999.000,9999.000,9999.000,9999.000
202608030442,   3.801,9999.000,9999.000,9999.000,9999.000,9999.000,9999.000,9999.000,9999.000
202608030448,   3.715,9999.000,9999.000,9999.000,9999.000,9999.000,9999.000,9999.000,9999.000
202608030454,   3.626,9999.000,9999.000,9999.000,9999.000,9999.000,9999.000,9999.000,9999.000
202608030500,   3.532,9999.000,   0.500,   0.067,   4.099,   0.300,   3.899,   0.600,   4.199
202608030506,   3.435,9999.000,9999.000,9999.000,9999.000,9999.000,9999.000,9999.000,9999.000
202608030512,   3.334,9999.000,9999.000,9999.000,9999.000,9999.000,9999.000,9999.000,9999.000
202608030518,   3.231,9999.000,9999.000,9999.000,9999.000,9999.000,9999.000,9999.000,9999.000
202608030524,   3.126,9999.000,9999.000,9999.000,9999.000,9999.000,9999.000,9999.000,9999.000
202608030530,   3.019,9999.000,9999.000,9999.000,9999.000,9999.000,9999.000,9999.000,9999.000
202608030536,   2.910,9999.000,9999.000,9999.000,9999.000,9999.000,9999.000,9999.000,9999.000
202608030542,   2.801,9999.000,9999.000,9999.000,9999.000,9999.000,9999.000,9999.000,9999.000
202608030548,   2.691,9999.000,9999.000,9999.000,9999.000,9999.000,9999.000,9999.000,9999.000
202608030554,   2.580,9999.000,9999.000,9999.000,9999.000,9999.000,9999.000,9999.000,9999.000
202608030600,   2.470,9999.000,   0.500,   0.067,   3.037,   0.300,   2.837,   0.600,   3.137
202608030606,   2.360,9999.000,9999.000,9999.000,9999.000,9999.000,9999.000,9999.000,9999.000
202608030612,   2.251,9999.000,9999.000,9999.000,9999.000,9999.000,9999.000,9999.000,9999.000
202608030618,   2.144,9999.000,9999.000,9999.000,9999.000,9999.000,9999.000,9999.000,9999.000
202608030624,   2.037,9999.000,9999.000,9999.000,9999.000,9999.000,9999.000,9999.000,9999.000
202608030630,   1.932,9999.000,9999.000,9999.000,9999.000,9999.000,9999.000,9999.000,9999.000
202608030636,   1.829,9999.000,9999.000,9999.000,9999.000,9999.000,9999.000,9999.000,9999.000
202608030642,   1.728,9999.000,9999.000,9999.000,9999.000,9999.000,9999.000,9999.000,9999.000
202608030648,   1.630,9999.000,9999.000,9999.000,9999.000,9999.000,9999.000,9999.000,9999.000
202608030654,   1.533,9999.000,9999.000,9999.000,9999.000,9999.000,9999.000,9999.000,9999.000
202608030700,   1.439,9999.000,   0.500,   0.067,   2.006,   0.300,   1.806,   0.600,   2.106
202608030706,   1.347,9999.000,9999.000,9999.000,9999.000,9999.000,9999.000,9999.000,9999.000
202608030712,   1.257,9999.000,9999.000,9999.000,9999.000,9999.000,9999.000,9999.000,9999.000
202608030718,   1.171,9999.000,9999.000,9999.000,9999.000,9999.000,9999.000,9999.000,9999.000
202608030724,   1.087,9999.000,9999.000,9999.000,9999.000,9999.000,9999.000,9999.000,9999.000
202608030730,   1.005,9999.000,9999.000,9999.000,9999.000,9999.000,9999.000,9999.000,9999.000
202608030736,   0.926,9999.000,9999.000,9999.000,9999.000,9999.000,9999.000,9999.000,9999.000
202608030742,   0.850,9999.000,9999.000,9999.000,9999.000,9999.000,9999.000,9999.000,9999.000
202608030748,   0.777,9999.000,9999.000,9999.000,9999.000,9999.000,9999.000,9999.000,9999.000
202608030754,   0.707,9999.000,9999.000,9999.000,9999.000,9999.000,9999.000,9999.000,9999.000
202608030800,   0.640,9999.000,   0.500,   0.067,   1.207,   0.300,   1.007,   0.600,   1.307
202608030806,   0.576,9999.000,9999.000,9999.000,9999.000,9999.000,9999.000,9999.000,9999.000
202608030812,   0.515,9999.000,9999.000,9999.000,9999.000,9999.000,9999.000,9999.000,9999.000
202608030818,   0.458,9999.000,9999.000,9999.000,9999.000,9999.000,9999.000,9999.000,9999.000
202608030824,   0.404,9999.000,9999.000,9999.000,9999.000,9999.000,9999.000,9999.000,9999.000
202608030830,   0.354,9999.000,9999.000,9999.000,9999.000,9999.000,9999.000,9999.000,9999.000
202608030836,   0.308,9999.000,9999.000,9999.000,9999.000,9999.000,9999.000,9999.000,9999.000
202608030842,   0.266,9999.000,9999.000,9999.000,9999.000,9999.000,9999.000,9999.000,9999.000
202608030848,   0.228,9999.000,9999.000,9999.000,9999.000,9999.000,9999.000,9999.000,9999.000
202608030854,   0.195,9999.000,9999.000,9999.000,9999.000,9999.000,9999.000,9999.000,9999.000
202608030900,   0.166,9999.000,   0.500,   0.067,   0.733,   0.300,   0.533,   0.600,   0.833
202608030906,   0.143,9999.000,9999.000,9999.000,9999.000,9999.000,9999.000,9999.000,9999.000
202608030912,   0.125,9999.000,9999.000,9999.000,9999.000,9999.000,9999.000,9999.000,9999.000
202608030918,   0.112,9999.000,9999.000,9999.000,9999.000,9999.000,9999.000,9999.000,9999.000
202608030924,   0.104,9999.000,9999.000,9999.000,9999.000,9999.000,9999.000,9999.000,9999.000
202608030930,   0.103,9999.000,9999.000,9999.000,9999.000,9999.000,9999.000,9999.000,9999.000
202608030936,   0.107,9999.000,9999.000,9999.000,9999.000,9999.000,9999.000,9999.000,9999.000
202608030942,   0.117,9999.000,9999.000,9999.000,9999.000,9999.000,9999.000,9999.000,9999.000
202608030948,   0.133,9999.000,9999.000,9999.000,9999.000,9999.000,9999.000,9999.000,9999.000
202608030954,   0.156,9999.000,9999.000,9999.000,9999.000,9999.000,9999.000,9999.000,9999.000
202608031000,   0.184,9999.000,   0.400,   0.067,   0.651,   0.300,   0.551,   0.600,   0.851
202608031006,   0.219,9999.000,9999.000,9999.000,9999.000,9999.000,9999.000,9999.000,9999.000
202608031012,   0.260,9999.000,9999.000,9999.000,9999.000,9999.000,9999.000,9999.000,9999.000
202608031018,   0.307,9999.000,9999.000,9999.000,9999.000,9999.000,9999.000,9999.000,9999.000
202608031024,   0.359,9999.000,9999.000,9999.000,9999.000,9999.000,9999.000,9999.000,9999.000
202608031030,   0.418,9999.000,9999.000,9999.000,9999.000,9999.000,9999.000,9999.000,9999.000
202608031036,   0.482,9999.000,9999.000,9999.000,9999.000,9999.000,9999.000,9999.000,9999.000
202608031042,   0.551,9999.000,9999.000,9999.000,9999.000,9999.000,9999.000,9999.000,9999.000
202608031048,   0.626,9999.000,9999.000,9999.000,9999.000,9999.000,9999.000,9999.000,9999.000
202608031054,   0.705,9999.000,9999.000,9999.000,9999.000,9999.000,9999.000,9999.000,9999.000
202608031100,   0.789,9999.000,   0.400,   0.067,   1.256,   0.300,   1.156,   0.600,   1.456
202608031106,   0.877,9999.000,9999.000,9999.000,9999.000,9999.000,9999.000,9999.000,9999.000
202608031112,   0.969,9999.000,9999.000,9999.000,9999.000,9999.000,9999.000,9999.000,9999.000
202608031118,   1.064,9999.000,9999.000,9999.000,9999.000,9999.000,9999.000,9999.000,9999.000
202608031124,   1.162,9999.000,9999.000,9999.000,9999.000,9999.000,9999.000,9999.000,9999.000
202608031130,   1.263,9999.000,9999.000,9999.000,9999.000,9999.000,9999.000,9999.000,9999.000
202608031136,   1.367,9999.000,9999.000,9999.000,9999.000,9999.000,9999.000,9999.000,9999.000
202608031142,   1.472,9999.000,9999.000,9999.000,9999.000,9999.000,9999.000,9999.000,9999.000
202608031148,   1.580,9999.000,9999.000,9999.000,9999.000,9999.000,9999.000,9999.000,9999.000
202608031154,   1.688,9999.000,9999.000,9999.000,9999.000,9999.000,9999.000,9999.000,9999.000
202608031200,   1.797,9999.000,   0.400,   0.067,   2.264,   0.200,   2.064,   0.600,   2.464
