        TIME,    TIDE,      OB,   SURGE,    BIAS,     TWL,SURGE90p,  TWL90p,SURGE10p,   TWL10p
202608060600,   2.920,9999.000,   0.600,9999.000,   3.520,   0.600,   3.520,   0.600,   3.520
202608060606,   2.830,9999.000,9999.000,9999.000,9999.000,9999.000,9999.000,9999.000,9999.000
202608060612,   2.740,9999.000,9999.000,9999.000,9999.000,9999.000,9999.000,9999.000,9999.000
202608060618,   2.651,9999.000,9999.000,9999.000,9999.000,9999.000,9999.000,9999.000,9999.000
202608060624,   2.564,9999.000,9999.000,9999.000,9999.000,9999.000,9999.000,9999.000,9999.000
202608060630,   2.478,9999.000,9999.000,9999.000,9999.000,9999.000,9999.000,9999.000,9999.000
202608060636,   2.394,9999.000,9999.000,9999.000,9999.000,9999.000,9999.000,9999.000,9999.000
202608060642,   2.312,9999.000,9999.000,9999.000,9999.000,9999.000,9999.000,9999.000,9999.000
202608060648,   2.232,9999.000,9999.000,9999.000,9999.000,9999.000,9999.000,9999.000,9999.000
202608060654,   2.154,9999.000,9999.000,9999.000,9999.000,9999.000,9999.000,9999.000,9999.000
202608060700,   2.079,   2.420,   0.600,  -0.259,   2.420,   0.600,   2.420,   0.600,   2.420
202608060706,   2.006,9999.000,9999.000,9999.000,9999.000,9999.000,9999.000,9999.000,9999.000
202608060712,   1.935,   2.259,9999.000,9999.000,9999.000,9999.000,9999.000,9999.000,9999.000
202608060718,   1.868,   2.210,9999.000,9999.000,9999.000,9999.000,9999.000,9999.000,9999.000
202608060724,   1.803,   2.128,9999.000,9999.000,9999.000,9999.000,9999.000,9999.000,9999.000
202608060730,   1.740,   2.069,9999.000,9999.000,9999.000,9999.000,9999.000,9999.000,9999.000
202608060736,   1.681,   2.000,9999.000,9999.000,9999.000,9999.000,9999.000,9999.000,9999.000
202608060742,   1.624,   1.918,9999.000,9999.000,9999.000,9999.000,9999.000,9999.000,9999.000
202608060748,   1.571,   1.869,9999.000,9999.000,9999.000,9999.000,9999.000,9999.000,9999.000
202608060754,   1.519,   1.810,9999.000,9999.000,9999.000,9999.000,9999.000,9999.000,9999.000
202608060800,   1.471,   1.758,   0.600,  -0.313,   1.758,   0.600,   1.758,   0.600,   1.758
202608060806,   1.426,   1.718,9999.000,9999.000,9999.000,9999.000,9999.000,9999.000,9999.000
202608060812,   1.383,   1.659,9999.000,9999.000,9999.000,9999.000,9999.000,9999.000,9999.000
202608060818,   1.342,   1.610,9999.000,9999.000,9999.000,9999.000,9999.000,9999.000,9999.000
202608060824,   1.304,   1.557,9999.000,9999.000,9999.000,9999.000,9999.000,9999.000,9999.000
202608060830,   1.269,   1.498,9999.000,9999.000,9999.000,9999.000,9999.000,9999.000,9999.000
202608060836,   1.235,   1.459,9999.000,9999.000,9999.000,9999.000,9999.000,9999.000,9999.000
202608060842,   1.204,   1.420,9999.000,9999.000,9999.000,9999.000,9999.000,9999.000,9999.000
202608060848,   1.176,   1.371,9999.000,9999.000,9999.000,9999.000,9999.000,9999.000,9999.000
202608060854,   1.149,   1.318,9999.000,9999.000,9999.000,9999.000,9999.000,9999.000,9999.000
202608060900,   1.124,   1.269,   0.600,  -0.455,   1.269,   0.600,   1.269,   0.600,   1.269
202608060906,   1.102,   1.220,9999.000,9999.000,9999.000,9999.000,9999.000,9999.000,9999.000
202608060912,   1.081,   1.180,9999.000,9999.000,9999.000,9999.000,9999.000,9999.000,9999.000
202608060918,   1.062,   1.151,9999.000,9999.000,9999.000,9999.000,9999.000,9999.000,9999.000
202608060924,   1.045,   1.118,9999.000,9999.000,9999.000,9999.000,9999.000,9999.000,9999.000
202608060930,   1.030,   1.098,9999.000,9999.000,9999.000,9999.000,9999.000,9999.000,9999.000
202608060936,   1.018,9999.000,9999.000,9999.000,9999.000,9999.000,9999.000,9999.000,9999.000
202608060942,   1.007,   1.039,9999.000,9999.000,9999.000,9999.000,9999.000,9999.000,9999.000
202608060948,   0.998,   1.010,9999.000,9999.000,9999.000,9999.000,9999.000,9999.000,9999.000
202608060954,   0.991,   0.990,9999.000,9999.000,9999.000,9999.000,9999.000,9999.000,9999.000
202608061000,   0.987,   0.951,   0.600,  -0.636,   0.951,   0.600,   0.951,   0.600,   0.951
202608061006,   0.985,9999.000,9999.000,9999.000,9999.000,9999.000,9999.000,9999.000,9999.000
202608061012,   0.985,   0.918,9999.000,9999.000,9999.000,9999.000,9999.000,9999.000,9999.000
202608061018,   0.988,9999.000,9999.000,9999.000,9999.000,9999.000,9999.000,9999.000,9999.000
202608061024,   0.993,   0.928,9999.000,9999.000,9999.000,9999.000,9999.000,9999.000,9999.000
202608061030,   1.001,   0.928,9999.000,9999.000,9999.000,9999.000,9999.000,9999.000,9999.000
202608061036,   1.012,   0.918,9999.000,9999.000,9999.000,9999.000,9999.000,9999.000,9999.000
202608061042,   1.026,   0.941,9999.000,9999.000,9999.000,9999.000,9999.000,9999.000,9999.000
202608061048,   1.043,   0.928,9999.000,9999.000,9999.000,9999.000,9999.000,9999.000,9999.000
202608061054,   1.063,   0.951,9999.000,9999.000,9999.000,9999.000,9999.000,9999.000,9999.000
202608061100,   1.086,   0.951,   0.600,  -0.735,   0.951,   0.600,   0.951,   0.600,   0.951
202608061106,   1.113,   1.010,9999.000,9999.000,9999.000,9999.000,9999.000,9999.000,9999.000
202608061112,   1.142,   1.039,9999.000,9999.000,9999.000,9999.000,9999.000,9999.000,9999.000
202608061118,   1.175,9999.000,9999.000,9999.000,9999.000,9999.000,9999.000,9999.000,9999.000
202608061124,   1.210,   1.108,9999.000,9999.000,9999.000,9999.000,9999.000,9999.000,9999.000
202608061130,   1.249,9999.000,9999.000,9999.000,9999.000,9999.000,9999.000,9999.000,9999.000
202608061136,   1.290,   1.210,9999.000,9999.000,9999.000,9999.000,9999.000,9999.000,9999.000
202608061142,   1.335,   1.259,9999.000,9999.000,9999.000,9999.000,9999.000,9999.000,9999.000
202608061148,   1.382,   1.318,9999.000,9999.000,9999.000,9999.000,9999.000,9999.000,9999.000
202608061154,   1.431,   1.390,9999.000,9999.000,9999.000,9999.000,9999.000,9999.000,9999.000
202608061200,   1.483,   1.459,   0.500,  -0.524,   1.459,   0.500,   1.459,   0.500,   1.459
202608061206,   1.536,   1.538,9999.000,9999.000,9999.000,9999.000,9999.000,9999.000,9999.000
202608061212,   1.592,   1.630,9999.000,9999.000,9999.000,9999.000,9999.000,9999.000,9999.000
202608061218,   1.649,   1.699,9999.000,9999.000,9999.000,9999.000,9999.000,9999.000,9999.000
202608061224,   1.707,   1.767,9999.000,9999.000,9999.000,9999.000,9999.000,9999.000,9999.000
202608061230,   1.766,   1.849,9999.000,9999.000,9999.000,9999.000,9999.000,9999.000,9999.000
202608061236,   1.826,   1.948,9999.000,9999.000,9999.000,9999.000,9999.000,9999.000,9999.000
202608061242,   1.887,   2.030,9999.000,9999.000,9999.000,9999.000,9999.000,9999.000,9999.000
202608061248,   1.948,   2.109,9999.000,9999.000,9999.000,9999.000,9999.000,9999.000,9999.000
202608061254,   2.009,   2.191,9999.000,9999.000,9999.000,9999.000,9999.000,9999.000,9999.000
202608061300,   2.069,   2.269,   0.500,  -0.300,   2.269,   0.500,   2.269,   0.500,   2.269
202608061306,   2.129,   2.368,9999.000,9999.000,9999.000,9999.000,9999.000,9999.000,9999.000
202608061312,   2.189,   2.450,9999.000,9999.000,9999.000,9999.000,9999.000,9999.000,9999.000
202608061318,   2.248,   2.519,9999.000,9999.000,9999.000,9999.000,9999.000,9999.000,9999.000
202608061324,   2.305,   2.587,9999.000,9999.000,9999.000,9999.000,9999.000,9999.000,9999.000
202608061330,   2.362,   2.660,9999.000,9999.000,9999.000,9999.000,9999.000,9999.000,9999.000
202608061336,   2.417,   2.738,9999.000,9999.000,9999.000,9999.000,9999.000,9999.000,9999.000
202608061342,   2.470,   2.807,9999.000,9999.000,9999.000,9999.000,9999.000,9999.000,9999.000
202608061348,   2.523,   2.879,9999.000,9999.000,9999.000,9999.000,9999.000,9999.000,9999.000
202608061354,   2.573,   2.958,9999.000,9999.000,9999.000,9999.000,9999.000,9999.000,9999.000
202608061400,   2.622,   3.007,   0.500,  -0.115,   3.007,   0.500,   3.007,   0.500,   3.007
202608061406,   2.670,   3.089,9999.000,9999.000,9999.000,9999.000,9999.000,9999.000,9999.000
202608061412,   2.715,   3.148,9999.000,9999.000,9999.000,9999.000,9999.000,9999.000,9999.000
202608061418,   2.759,   3.197,9999.000,9999.000,9999.000,9999.000,9999.000,9999.000,9999.000
202608061424,   2.801,   3.240,9999.000,9999.000,9999.000,9999.000,9999.000,9999.000,9999.000
202608061430,   2.842,   3.299,9999.000,9999.000,9999.000,9999.000,9999.000,9999.000,9999.000
202608061436,   2.881,   3.348,9999.000,9999.000,9999.000,9999.000,9999.000,9999.000,9999.000
202608061442,   2.918,9999.000,9999.000,9999.000,9999.000,9999.000,9999.000,9999.000,9999.000
202608061448,   2.953,   3.427,9999.000,9999.000,9999.000,9999.000,9999.000,9999.000,9999.000
202608061454,   2.987,   3.460,9999.000,9999.000,9999.000,9999.000,9999.000,9999.000,9999.000
202608061500,   3.018,   3.519,   0.500,   0.001,   3.519,   0.500,   3.519,   0.500,   3.519
202608061506,   3.048,   3.548,9999.000,9999.000,9999.000,9999.000,9999.000,9999.000,9999.000
202608061512,   3.076,   3.568,9999.000,9999.000,9999.000,9999.000,9999.000,9999.000,9999.000
202608061518,   3.102,   3.578,9999.000,9999.000,9999.000,9999.000,9999.000,9999.000,9999.000
202608061524,   3.126,   3.607,9999.000,9999.000,9999.000,9999.000,9999.000,9999.000,9999.000
202608061530,   3.148,   3.650,9999.000,9999.000,9999.000,9999.000,9999.000,9999.000,9999.000
202608061536,   3.168,   3.650,9999.000,9999.000,9999.000,9999.000,9999.000,9999.000,9999.000
202608061542,   3.185,   3.650,9999.000,9999.000,9999.000,9999.000,9999.000,9999.000,9999.000
202608061548,   3.201,   3.670,9999.000,9999.000,9999.000,9999.000,9999.000,9999.000,9999.000
202608061554,   3.213,   3.689,9999.000,9999.000,9999.000,9999.000,9999.000,9999.000,9999.000
202608061600,   3.224,   3.689,   0.500,  -0.035,   3.689,   0.500,   3.689,   0.500,   3.689
202608061606,   3.231,   3.670,9999.000,9999.000,9999.000,9999.000,9999.000,9999.000,9999.000
202608061612,   3.236,   3.680,9999.000,9999.000,9999.000,9999.000,9999.000,9999.000,9999.000
202608061618,   3.238,   3.689,9999.000,9999.000,9999.000,9999.000,9999.000,9999.000,9999.000
202608061624,   3.237,   3.689,9999.000,9999.000,9999.000,9999.000,9999.000,9999.000,9999.000
202608061630,   3.234,   3.670,9999.000,9999.000,9999.000,9999.000,9999.000,9999.000,9999.000
202608061636,   3.227,   3.650,9999.000,9999.000,9999.000,9999.000,9999.000,9999.000,9999.000
202608061642,   3.217,   3.650,9999.000,9999.000,9999.000,9999.000,9999.000,9999.000,9999.000
202608061648,   3.204,   3.627,9999.000,9999.000,9999.000,9999.000,9999.000,9999.000,9999.000
202608061654,   3.187,   3.607,9999.000,9999.000,9999.000,9999.000,9999.000,9999.000,9999.000
202608061700,   3.168,   3.588,   0.500,  -0.080,   3.588,   0.500,   3.588,   0.500,   3.588
202608061706,   3.145,   3.558,9999.000,9999.000,9999.000,9999.000,9999.000,9999.000,9999.000
202608061712,   3.119,   3.539,9999.000,9999.000,9999.000,9999.000,9999.000,9999.000,9999.000
202608061718,   3.091,   3.499,9999.000,9999.000,9999.000,9999.000,9999.000,9999.000,9999.000
202608061724,   3.059,   3.470,9999.000,9999.000,9999.000,9999.000,9999.000,9999.000,9999.000
202608061730,   3.024,   3.440,9999.000,9999.000,9999.000,9999.000,9999.000,9999.000,9999.000
202608061736,   2.987,   3.407,9999.000,9999.000,9999.000,9999.000,9999.000,9999.000,9999.000
202608061742,   2.947,   3.388,9999.000,9999.000,9999.000,9999.000,9999.000,9999.000,9999.000
202608061748,   2.905,   3.348,9999.000,9999.000,9999.000,9999.000,9999.000,9999.000,9999.000
202608061754,   2.861,   3.319,9999.000,9999.000,9999.000,9999.000,9999.000,9999.000,9999.000
202608061800,   2.814,   3.270,   0.400,   0.056,   3.270,   0.400,   3.270,   0.400,   3.270
202608061806,   2.766,   3.240,9999.000,9999.000,9999.000,9999.000,9999.000,9999.000,9999.000
202608061812,   2.716,   3.207,9999.000,9999.000,9999.000,9999.000,9999.000,9999.000,9999.000
202608061818,   2.666,   3.168,9999.000,9999.000,9999.000,9999.000,9999.000,9999.000,9999.000
202608061824,   2.614,   3.138,9999.000,9999.000,9999.000,9999.000,9999.000,9999.000,9999.000
202608061830,   2.561,   3.099,9999.000,9999.000,9999.000,9999.000,9999.000,9999.000,9999.000
202608061836,   2.508,   3.060,9999.000,9999.000,9999.000,9999.000,9999.000,9999.000,9999.000
202608061842,   2.454,   3.017,9999.000,9999.000,9999.000,9999.000,9999.000,9999.000,9999.000
202608061848,   2.401,   2.978,9999.000,9999.000,9999.000,9999.000,9999.000,9999.000,9999.000
202608061854,   2.349,   2.938,9999.000,9999.000,9999.000,9999.000,9999.000,9999.000,9999.000
202608061900,   2.297,   2.889,   0.400,   0.192,   2.889,   0.400,   2.889,   0.400,   2.889
202608061906,   2.246,   2.840,9999.000,9999.000,9999.000,9999.000,9999.000,9999.000,9999.000
202608061912,   2.196,   2.787,9999.000,9999.000,9999.000,9999.000,9999.000,9999.000,9999.000
202608061918,   2.148,   2.768,9999.000,9999.000,9999.000,9999.000,9999.000,9999.000,9999.000
202608061924,   2.102,   2.748,9999.000,9999.000,9999.000,9999.000,9999.000,9999.000,9999.000
202608061930,   2.058,   2.709,9999.000,9999.000,9999.000,9999.000,9999.000,9999.000,9999.000
202608061936,   2.016,   2.689,9999.000,9999.000,9999.000,9999.000,9999.000,9999.000,9999.000
202608061942,   1.977,   2.660,9999.000,9999.000,9999.000,9999.000,9999.000,9999.000,9999.000
202608061948,   1.940,   2.630,9999.000,9999.000,9999.000,9999.000,9999.000,9999.000,9999.000
202608061954,   1.906,   2.597,9999.000,9999.000,9999.000,9999.000,9999.000,9999.000,9999.000
202608062000,   1.876,   2.578,   0.400,   0.302,   2.578,   0.400,   2.578,   0.400,   2.578
202608062006,   1.848,   2.558,9999.000,9999.000,9999.000,9999.000,9999.000,9999.000,9999.000
202608062012,   1.824,   2.548,9999.000,9999.000,9999.000,9999.000,9999.000,9999.000,9999.000
202608062018,   1.804,   2.528,9999.000,9999.000,9999.000,9999.000,9999.000,9999.000,9999.000
202608062024,   1.787,   2.519,9999.000,9999.000,9999.000,9999.000,9999.000,9999.000,9999.000
202608062030,   1.774,   2.519,9999.000,9999.000,9999.000,9999.000,9999.000,9999.000,9999.000
202608062036,   1.764,   2.519,9999.000,9999.000,9999.000,9999.000,9999.000,9999.000,9999.000
202608062042,   1.758,   2.519,9999.000,9999.000,9999.000,9999.000,9999.000,9999.000,9999.000
202608062048,   1.755,   2.499,9999.000,9999.000,9999.000,9999.000,9999.000,9999.000,9999.000
202608062054,   1.757,   2.620,9999.000,9999.000,9999.000,9999.000,9999.000,9999.000,9999.000
202608062100,   1.762,   2.620,   0.400,   0.458,   2.620,   0.400,   2.620,   0.400,   2.620
202608062106,   1.770,9999.000,9999.000,9999.000,9999.000,9999.000,9999.000,9999.000,9999.000
202608062112,   1.783,   2.597,9999.000,9999.000,9999.000,9999.000,9999.000,9999.000,9999.000
202608062118,   1.799,   2.620,9999.000,9999.000,9999.000,9999.000,9999.000,9999.000,9999.000
202608062124,   1.818,   2.906,9999.000,9999.000,9999.000,9999.000,9999.000,9999.000,9999.000
202608062130,   1.841,9999.000,9999.000,9999.000,9999.000,9999.000,9999.000,9999.000,9999.000
202608062136,   1.868,9999.000,9999.000,9999.000,9999.000,9999.000,9999.000,9999.000,9999.000
202608062142,   1.898,9999.000,9999.000,9999.000,9999.000,9999.000,9999.000,9999.000,9999.000
202608062148,   1.931,   2.807,9999.000,9999.000,9999.000,9999.000,9999.000,9999.000,9999.000
202608062154,   1.968,   2.850,9999.000,9999.000,9999.000,9999.000,9999.000,9999.000,9999.000
202608062200,   2.009,   2.909,   0.400,   0.500,   2.909,   0.400,   2.909,   0.400,   2.909
202608062206,   2.052,   2.958,9999.000,9999.000,9999.000,9999.000,9999.000,9999.000,9999.000
202608062212,   2.099,   3.017,9999.000,9999.000,9999.000,9999.000,9999.000,9999.000,9999.000
202608062218,   2.150,   3.089,9999.000,9999.000,9999.000,9999.000,9999.000,9999.000,9999.000
202608062224,   2.204,   3.158,9999.000,9999.000,9999.000,9999.000,9999.000,9999.000,9999.000
202608062230,   2.261,9999.000,9999.000,9999.000,9999.000,9999.000,9999.000,9999.000,9999.000
202608062236,   2.321,9999.000,9999.000,9999.000,9999.000,9999.000,9999.000,9999.000,9999.000
202608062242,   2.385,   3.339,9999.000,9999.000,9999.000,9999.000,9999.000,9999.000,9999.000
202608062248,   2.452,   3.417,9999.000,9999.000,9999.000,9999.000,9999.000,9999.000,9999.000
202608062254,   2.522,   3.489,9999.000,9999.000,9999.000,9999.000,9999.000,9999.000,9999.000
202608062300,   2.596,   3.558,   0.400,   0.562,   3.558,   0.400,   3.558,   0.400,   3.558
202608062306,   2.672,   3.650,9999.000,9999.000,9999.000,9999.000,9999.000,9999.000,9999.000
202608062312,   2.752,   3.709,9999.000,9999.000,9999.000,9999.000,9999.000,9999.000,9999.000
202608062318,   2.834,   3.798,9999.000,9999.000,9999.000,9999.000,9999.000,9999.000,9999.000
202608062324,   2.919,   3.860,9999.000,9999.000,9999.000,9999.000,9999.000,9999.000,9999.000
202608062330,   3.007,   3.939,9999.000,9999.000,9999.000,9999.000,9999.000,9999.000,9999.000
202608062336,   3.098,   4.008,9999.000,9999.000,9999.000,9999.000,9999.000,9999.000,9999.000
202608062342,   3.190,   4.090,9999.000,9999.000,9999.000,9999.000,9999.000,9999.000,9999.000
202608062348,   3.285,9999.000,9999.000,9999.000,9999.000,9999.000,9999.000,9999.000,9999.000
202608062354,   3.382,   4.227,9999.000,9999.000,9999.000,9999.000,9999.000,9999.000,9999.000
202608070000,   3.480,   4.300,   0.500,   0.320,   4.300,   0.500,   4.300,   0.500,   4.300
202608070006,   3.579,   4.378,9999.000,9999.000,9999.000,9999.000,9999.000,9999.000,9999.000
202608070012,   3.679,   4.437,9999.000,9999.000,9999.000,9999.000,9999.000,9999.000,9999.000
202608070018,   3.780,   4.500,9999.000,9999.000,9999.000,9999.000,9999.000,9999.000,9999.000
202608070024,   3.881,   4.578,9999.000,9999.000,9999.000,9999.000,9999.000,9999.000,9999.000
202608070030,   3.981,   4.657,9999.000,9999.000,9999.000,9999.000,9999.000,9999.000,9999.000
202608070036,   4.081,   4.729,9999.000,9999.000,9999.000,9999.000,9999.000,9999.000,9999.000
202608070042,   4.180,9999.000,9999.000,9999.000,9999.000,9999.000,9999.000,9999.000,9999.000
202608070048,   4.278,   4.837,9999.000,9999.000,9999.000,9999.000,9999.000,9999.000,9999.000
202608070054,   4.374,   4.887,9999.000,9999.000,9999.000,9999.000,9999.000,9999.000,9999.000
202608070100,   4.467,   4.949,   0.500,  -0.018,   4.949,   0.500,   4.949,   0.500,   4.949
202608070106,   4.558,9999.000,9999.000,9999.000,9999.000,9999.000,9999.000,9999.000,9999.000
202608070112,   4.646,   5.057,9999.000,9999.000,9999.000,9999.000,9999.000,9999.000,9999.000
202608070118,   4.731,   5.110,9999.000,9999.000,9999.000,9999.000,9999.000,9999.000,9999.000
202608070124,   4.812,   5.159,9999.000,9999.000,9999.000,9999.000,9999.000,9999.000,9999.000
202608070130,   4.889,9999.000,9999.000,9999.000,9999.000,9999.000,9999.000,9999.000,9999.000
202608070136,   4.962,   5.247,9999.000,9999.000,9999.000,9999.000,9999.000,9999.000,9999.000
202608070142,   5.030,   5.277,9999.000,9999.000,9999.000,9999.000,9999.000,9999.000,9999.000
202608070148,   5.094,   5.329,9999.000,9999.000,9999.000,9999.000,9999.000,9999.000,9999.000
202608070154,   5.153,   5.359,9999.000,9999.000,9999.000,9999.000,9999.000,9999.000,9999.000
202608070200,   5.207,   5.398,   0.500,  -0.309,   5.398,   0.500,   5.398,   0.600,   5.498
202608070206,   5.256,9999.000,9999.000,9999.000,9999.000,9999.000,9999.000,9999.000,9999.000
202608070212,   5.300,   5.467,9999.000,9999.000,9999.000,9999.000,9999.000,9999.000,9999.000
202608070218,   5.339,   5.487,9999.000,9999.000,9999.000,9999.000,9999.000,9999.000,9999.000
202608070224,   5.372,   5.618,9999.000,9999.000,9999.000,9999.000,9999.000,9999.000,9999.000
202608070230,   5.401,   5.539,9999.000,9999.000,9999.000,9999.000,9999.000,9999.000,9999.000
202608070236,   5.424,   5.569,9999.000,9999.000,9999.000,9999.000,9999.000,9999.000,9999.000
202608070242,   5.442,   5.598,9999.000,9999.000,9999.000,9999.000,9999.000,9999.000,9999.000
202608070248,   5.455,   5.618,9999.000,9999.000,9999.000,9999.000,9999.000,9999.000,9999.000
202608070254,   5.463,   5.677,9999.000,9999.000,9999.000,9999.000,9999.000,9999.000,9999.000
202608070300,   5.467,   5.677,   0.500,  -0.290,   5.677,   0.500,   5.677,   0.600,   5.777
202608070306,   5.466,9999.000,9999.000,9999.000,9999.000,9999.000,9999.000,9999.000,9999.000
202608070312,   5.460,9999.000,9999.000,9999.000,9999.000,9999.000,9999.000,9999.000,9999.000
202608070318,   5.450,   5.687,9999.000,9999.000,9999.000,9999.000,9999.000,9999.000,9999.000
202608070324,   5.436,   5.677,9999.000,9999.000,9999.000,9999.000,9999.000,9999.000,9999.000
202608070330,   5.418,9999.000,9999.000,9999.000,9999.000,9999.000,9999.000,9999.000,9999.000
202608070336,   5.396,   5.667,9999.000,9999.000,9999.000,9999.000,9999.000,9999.000,9999.000
202608070342,   5.369,   5.648,9999.000,9999.000,9999.000,9999.000,9999.000,9999.000,9999.000
202608070348,   5.339,   5.638,9999.000,9999.000,9999.000,9999.000,9999.000,9999.000,9999.000
202608070354,   5.306,   5.608,9999.000,9999.000,9999.000,9999.000,9999.000,9999.000,9999.000
202608070400,   5.269,   5.608,   0.500,  -0.161,   5.608,   0.500,   5.608,   0.600,   5.708
202608070406,   5.228,   5.559,9999.000,9999.000,9999.000,9999.000,9999.000,9999.000,9999.000
202608070412,   5.184,   5.507,9999.000,9999.000,9999.000,9999.000,9999.000,9999.000,9999.000
202608070418,   5.137,   5.467,9999.000,9999.000,9999.000,9999.000,9999.000,9999.000,9999.000
202608070424,   5.087,   5.034,9999.000,9999.000,9999.000,9999.000,9999.000,9999.000,9999.000
202608070430,   5.033,   5.369,9999.000,9999.000,9999.000,9999.000,9999.000,9999.000,9999.000
202608070436,   4.977,   5.320,9999.000,9999.000,9999.000,9999.000,9999.000,9999.000,9999.000
202608070442,   4.918,   5.257,9999.000,9999.000,9999.000,9999.000,9999.000,9999.000,9999.000
202608070448,   4.856,   5.188,9999.000,9999.000,9999.000,9999.000,9999.000,9999.000,9999.000
202608070454,   4.791,   5.120,9999.000,9999.000,9999.000,9999.000,9999.000,9999.000,9999.000
202608070500,   4.723,   5.038,   0.500,  -0.185,   5.038,   0.500,   5.038,   0.600,   5.138
202608070506,   4.653,9999.000,9999.000,9999.000,9999.000,9999.000,9999.000,9999.000,9999.000
202608070512,   4.580,   4.887,9999.000,9999.000,9999.000,9999.000,9999.000,9999.000,9999.000
202608070518,   4.505,   4.798,9999.000,9999.000,9999.000,9999.000,9999.000,9999.000,9999.000
202608070524,   4.428,   4.700,9999.000,9999.000,9999.000,9999.000,9999.000,9999.000,9999.000
202608070530,   4.348,   4.608,9999.000,9999.000,9999.000,9999.000,9999.000,9999.000,9999.000
202608070536,   4.266,   4.519,9999.000,9999.000,9999.000,9999.000,9999.000,9999.000,9999.000
202608070542,   4.183,   4.418,9999.000,9999.000,9999.000,9999.000,9999.000,9999.000,9999.000
202608070548,   4.098,   4.319,9999.000,9999.000,9999.000,9999.000,9999.000,9999.000,9999.000
202608070554,   4.011,   4.227,9999.000,9999.000,9999.000,9999.000,9999.000,9999.000,9999.000
202608070600,   3.923,   4.129,   0.600,  -0.394,   4.129,   0.600,   4.129,   0.600,   4.129
202608070606,   3.833,   4.017,9999.000,9999.000,9999.000,9999.000,9999.000,9999.000,9999.000
202608070612,   3.743,   3.899,9999.000,9999.000,9999.000,9999.000,9999.000,9999.000,9999.000
202608070618,   3.651,   3.827,9999.000,9999.000,9999.000,9999.000,9999.000,9999.000,9999.000
202608070624,   3.559,   3.739,9999.000,9999.000,9999.000,9999.000,9999.000,9999.000,9999.000
202608070630,   3.467,   3.660,9999.000,9999.000,9999.000,9999.000,9999.000,9999.000,9999.000
202608070636,   3.374,   3.558,9999.000,9999.000,9999.000,9999.000,9999.000,9999.000,9999.000
202608070642,   3.281,   3.470,9999.000,9999.000,9999.000,9999.000,9999.000,9999.000,9999.000
202608070648,   3.189,   3.378,9999.000,9999.000,9999.000,9999.000,9999.000,9999.000,9999.000
202608070654,   3.097,   3.289,9999.000,9999.000,9999.000,9999.000,9999.000,9999.000,9999.000
202608070700,   3.005,   3.207,   0.600,  -0.398,   3.207,   0.600,   3.207,   0.600,   3.207
202608070706,   2.914,   3.129,9999.000,9999.000,9999.000,9999.000,9999.000,9999.000,9999.000
202608070712,   2.824,   3.040,9999.000,9999.000,9999.000,9999.000,9999.000,9999.000,9999.000
202608070718,   2.735,   2.938,9999.000,9999.000,9999.000,9999.000,9999.000,9999.000,9999.000
202608070724,   2.648,   2.840,9999.000,9999.000,9999.000,9999.000,9999.000,9999.000,9999.000
202608070730,   2.562,   2.758,9999.000,9999.000,9999.000,9999.000,9999.000,9999.000,9999.000
202608070736,   2.478,   2.689,9999.000,9999.000,9999.000,9999.000,9999.000,9999.000,9999.000
202608070742,   2.395,   2.620,9999.000,9999.000,9999.000,9999.000,9999.000,9999.000,9999.000
202608070748,   2.314,   2.538,9999.000,9999.000,9999.000,9999.000,9999.000,9999.000,9999.000
202608070754,   2.236,   2.489,9999.000,9999.000,9999.000,9999.000,9999.000,9999.000,9999.000
202608070800,   2.159,   2.489,   0.600,  -0.270,   2.489,   0.600,   2.489,   0.600,   2.489
202608070806,   2.085,   2.348,9999.000,9999.000,9999.000,9999.000,9999.000,9999.000,9999.000
202608070812,   2.013,   2.289,9999.000,9999.000,9999.000,9999.000,9999.000,9999.000,9999.000
202608070818,   1.943,   2.210,9999.000,9999.000,9999.000,9999.000,9999.000,9999.000,9999.000
202608070824,   1.875,   2.138,9999.000,9999.000,9999.000,9999.000,9999.000,9999.000,9999.000
202608070830,   1.810,   2.069,9999.000,9999.000,9999.000,9999.000,9999.000,9999.000,9999.000
202608070836,   1.747,   2.010,9999.000,9999.000,9999.000,9999.000,9999.000,9999.000,9999.000
202608070842,   1.686,9999.000,9999.000,9999.000,9999.000,9999.000,9999.000,9999.000,9999.000
202608070848,   1.628,   1.879,9999.000,9999.000,9999.000,9999.000,9999.000,9999.000,9999.000
202608070854,   1.572,   1.840,9999.000,9999.000,9999.000,9999.000,9999.000,9999.000,9999.000
202608070900,   1.517,   1.800,   0.600,  -0.317,   1.800,   0.600,   1.800,   0.600,   1.800
202608070906,   1.465,   1.738,9999.000,9999.000,9999.000,9999.000,9999.000,9999.000,9999.000
202608070912,   1.415,   1.669,9999.000,9999.000,9999.000,9999.000,9999.000,9999.000,9999.000
202608070918,   1.367,   1.620,9999.000,9999.000,9999.000,9999.000,9999.000,9999.000,9999.000
202608070924,   1.321,   1.557,9999.000,9999.000,9999.000,9999.000,9999.000,9999.000,9999.000
202608070930,   1.276,   1.528,9999.000,9999.000,9999.000,9999.000,9999.000,9999.000,9999.000
202608070936,   1.233,   1.469,9999.000,9999.000,9999.000,9999.000,9999.000,9999.000,9999.000
202608070942,   1.192,9999.000,9999.000,9999.000,9999.000,9999.000,9999.000,9999.000,9999.000
202608070948,   1.152,   1.380,9999.000,9999.000,9999.000,9999.000,9999.000,9999.000,9999.000
202608070954,   1.114,   1.328,9999.000,9999.000,9999.000,9999.000,9999.000,9999.000,9999.000
202608071000,   1.078,   1.279,   0.600,  -0.399,   1.279,   0.600,   1.279,   0.600,   1.279
202608071006,   1.043,   1.229,9999.000,9999.000,9999.000,9999.000,9999.000,9999.000,9999.000
202608071012,   1.010,   1.170,9999.000,9999.000,9999.000,9999.000,9999.000,9999.000,9999.000
202608071018,   0.978,   1.138,9999.000,9999.000,9999.000,9999.000,9999.000,9999.000,9999.000
202608071024,   0.948,   1.059,9999.000,9999.000,9999.000,9999.000,9999.000,9999.000,9999.000
202608071030,   0.919,   1.010,9999.000,9999.000,9999.000,9999.000,9999.000,9999.000,9999.000
202608071036,   0.893,   0.970,9999.000,9999.000,9999.000,9999.000,9999.000,9999.000,9999.000
202608071042,   0.868,   0.951,9999.000,9999.000,9999.000,9999.000,9999.000,9999.000,9999.000
202608071048,   0.845,   0.918,9999.000,9999.000,9999.000,9999.000,9999.000,9999.000,9999.000
202608071054,   0.825,   0.879,9999.000,9999.000,9999.000,9999.000,9999.000,9999.000,9999.000
202608071100,   0.807,   0.849,   0.600,  -0.558,   0.849,   0.600,   0.849,   0.600,   0.849
202608071106,   0.791,   0.800,9999.000,9999.000,9999.000,9999.000,9999.000,9999.000,9999.000
202608071112,   0.778,   0.770,9999.000,9999.000,9999.000,9999.000,9999.000,9999.000,9999.000
202608071118,   0.767,   0.741,9999.000,9999.000,9999.000,9999.000,9999.000,9999.000,9999.000
202608071124,   0.760,   0.718,9999.000,9999.000,9999.000,9999.000,9999.000,9999.000,9999.000
202608071130,   0.755,   0.698,9999.000,9999.000,9999.000,9999.000,9999.000,9999.000,9999.000
202608071136,   0.754,   0.688,9999.000,9999.000,9999.000,9999.000,9999.000,9999.000,9999.000
202608071142,   0.756,   0.688,9999.000,9999.000,9999.000,9999.000,9999.000,9999.000,9999.000
202608071148,   0.762,   0.669,9999.000,9999.000,9999.000,9999.000,9999.000,9999.000,9999.000
202608071154,   0.771,   0.659,9999.000,9999.000,9999.000,9999.000,9999.000,9999.000,9999.000
202608071200,   0.784,   0.669,   0.400,  -0.515,   0.669,   0.400,   0.669,   0.500,   0.769
202608071206,   0.800,   0.698,9999.000,9999.000,9999.000,9999.000,9999.000,9999.000,9999.000
202608071212,   0.820,   0.718,9999.000,9999.000,9999.000,9999.000,9999.000,9999.000,9999.000
202608071218,   0.844,   0.731,9999.000,9999.000,9999.000,9999.000,9999.000,9999.000,9999.000
202608071224,   0.872,   0.760,9999.000,9999.000,9999.000,9999.000,9999.000,9999.000,9999.000
202608071230,   0.903,   0.790,9999.000,9999.000,9999.000,9999.000,9999.000,9999.000,9999.000
202608071236,   0.937,   0.829,9999.000,9999.000,9999.000,9999.000,9999.000,9999.000,9999.000
202608071242,   0.975,   0.879,9999.000,9999.000,9999.000,9999.000,9999.000,9999.000,9999.000
202608071248,   1.016,   0.918,9999.000,9999.000,9999.000,9999.000,9999.000,9999.000,9999.000
202608071254,   1.060,   0.980,9999.000,9999.000,9999.000,9999.000,9999.000,9999.000,9999.000
202608071300,   1.107,   1.029,   0.400,  -0.478,   1.029,   0.400,   1.029,   0.500,   1.129
202608071306,   1.156,   1.098,9999.000,9999.000,9999.000,9999.000,9999.000,9999.000,9999.000
202608071312,   1.208,   1.180,9999.000,9999.000,9999.000,9999.000,9999.000,9999.000,9999.000
202608071318,   1.262,   1.249,9999.000,9999.000,9999.000,9999.000,9999.000,9999.000,9999.000
202608071324,   1.318,   1.876,9999.000,9999.000,9999.000,9999.000,9999.000,9999.000,9999.000
202608071330,   1.376,   1.430,9999.000,9999.000,9999.000,9999.000,9999.000,9999.000,9999.000
202608071336,   1.435,   1.508,9999.000,9999.000,9999.000,9999.000,9999.000,9999.000,9999.000
202608071342,   1.495,   1.590,9999.000,9999.000,9999.000,9999.000,9999.000,9999.000,9999.000
202608071348,   1.557,   1.679,9999.000,9999.000,9999.000,9999.000,9999.000,9999.000,9999.000
202608071354,   1.619,   1.767,9999.000,9999.000,9999.000,9999.000,9999.000,9999.000,9999.000
202608071400,   1.682,   1.879,   0.400,  -0.203,   1.879,   0.400,   1.879,   0.500,   1.979
202608071406,   1.745,   1.981,9999.000,9999.000,9999.000,9999.000,9999.000,9999.000,9999.000
202608071412,   1.808,   2.059,9999.000,9999.000,9999.000,9999.000,9999.000,9999.000,9999.000
202608071418,   1.872,   2.158,9999.000,9999.000,9999.000,9999.000,9999.000,9999.000,9999.000
202608071424,   1.935,   2.240,9999.000,9999.000,9999.000,9999.000,9999.000,9999.000,9999.000
202608071430,   1.998,   2.338,9999.000,9999.000,9999.000,9999.000,9999.000,9999.000,9999.000
202608071436,   2.060,   2.420,9999.000,9999.000,9999.000,9999.000,9999.000,9999.000,9999.000
202608071442,   2.123,   2.509,9999.000,9999.000,9999.000,9999.000,9999.000,9999.000,9999.000
202608071448,   2.184,   2.587,9999.000,9999.000,9999.000,9999.000,9999.000,9999.000,9999.000
202608071454,   2.245,   2.660,9999.000,9999.000,9999.000,9999.000,9999.000,9999.000,9999.000
202608071500,   2.305,   2.748,   0.400,   0.043,   2.748,   0.400,   2.748,   0.400,   2.748
202608071506,   2.365,   2.820,9999.000,9999.000,9999.000,9999.000,9999.000,9999.000,9999.000
202608071512,   2.423,   2.899,9999.000,9999.000,9999.000,9999.000,9999.000,9999.000,9999.000
202608071518,   2.481,9999.000,9999.000,9999.000,9999.000,9999.000,9999.000,9999.000,9999.000
202608071524,   2.538,   3.040,9999.000,9999.000,9999.000,9999.000,9999.000,9999.000,9999.000
202608071530,   2.593,9999.000,9999.000,9999.000,9999.000,9999.000,9999.000,9999.000,9999.000
202608071536,   2.648,   3.168,9999.000,9999.000,9999.000,9999.000,9999.000,9999.000,9999.000
202608071542,   2.701,   3.250,9999.000,9999.000,9999.000,9999.000,9999.000,9999.000,9999.000
202608071548,   2.754,   3.319,9999.000,9999.000,9999.000,9999.000,9999.000,9999.000,9999.000
202608071554,   2.805,   3.368,9999.000,9999.000,9999.000,9999.000,9999.000,9999.000,9999.000
202608071600,   2.854,   3.378,   0.400,   0.124,   3.378,   0.400,   3.378,   0.400,   3.378
202608071606,   2.902,   3.480,9999.000,9999.000,9999.000,9999.000,9999.000,9999.000,9999.000
202608071612,   2.949,   3.539,9999.000,9999.000,9999.000,9999.000,9999.000,9999.000,9999.000
202608071618,   2.994,   3.578,9999.000,9999.000,9999.000,9999.000,9999.000,9999.000,9999.000
202608071624,   3.036,   3.627,9999.000,9999.000,9999.000,9999.000,9999.000,9999.000,9999.000
202608071630,   3.077,   3.650,9999.000,9999.000,9999.000,9999.000,9999.000,9999.000,9999.000
202608071636,   3.116,   3.689,9999.000,9999.000,9999.000,9999.000,9999.000,9999.000,9999.000
202608071642,   3.152,   3.719,9999.000,9999.000,9999.000,9999.000,9999.000,9999.000,9999.000
202608071648,   3.186,   3.739,9999.000,9999.000,9999.000,9999.000,9999.000,9999.000,9999.000
202608071654,   3.217,   3.768,9999.000,9999.000,9999.000,9999.000,9999.000,9999.000,9999.000
202608071700,   3.246,   3.798,   0.400,   0.152,   3.798,   0.400,   3.798,   0.400,   3.798
202608071706,   3.271,   3.827,9999.000,9999.000,9999.000,9999.000,9999.000,9999.000,9999.000
202608071712,   3.294,   3.837,9999.000,9999.000,9999.000,9999.000,9999.000,9999.000,9999.000
202608071718,   3.313,   3.847,9999.000,9999.000,9999.000,9999.000,9999.000,9999.000,9999.000
202608071724,   3.329,   3.847,9999.000,9999.000,9999.000,9999.000,9999.000,9999.000,9999.000
202608071730,   3.341,   3.870,9999.000,9999.000,9999.000,9999.000,9999.000,9999.000,9999.000
202608071736,   3.350,   3.870,9999.000,9999.000,9999.000,9999.000,9999.000,9999.000,9999.000
202608071742,   3.355,   3.880,9999.000,9999.000,9999.000,9999.000,9999.000,9999.000,9999.000
202608071748,   3.357,   3.870,9999.000,9999.000,9999.000,9999.000,9999.000,9999.000,9999.000
202608071754,   3.355,   3.880,9999.000,9999.000,9999.000,9999.000,9999.000,9999.000,9999.000
202608071800,   3.349,   3.860,   0.300,   0.211,   3.860,   0.300,   3.860,   0.400,   3.960
202608071806,   3.340,   3.870,9999.000,9999.000,9999.000,9999.000,9999.000,9999.000,9999.000
202608071812,   3.327,   3.847,9999.000,9999.000,9999.000,9999.000,9999.000,9999.000,9999.000
202608071818,   3.311,   3.847,9999.000,9999.000,9999.000,9999.000,9999.000,9999.000,9999.000
202608071824,   3.291,   3.827,9999.000,9999.000,9999.000,9999.000,9999.000,9999.000,9999.000
202608071830,   3.268,   3.817,9999.000,9999.000,9999.000,9999.000,9999.000,9999.000,9999.000
202608071836,   3.242,   3.798,9999.000,9999.000,9999.000,9999.000,9999.000,9999.000,9999.000
202608071842,   3.213,9999.000,9999.000,9999.000,9999.000,9999.000,9999.000,9999.000,9999.000
202608071848,   3.181,   3.768,9999.000,9999.000,9999.000,9999.000,9999.000,9999.000,9999.000
202608071854,   3.146,   3.749,9999.000,9999.000,9999.000,9999.000,9999.000,9999.000,9999.000
202608071900,   3.109,   3.699,   0.300,   0.290,   3.699,   0.300,   3.699,   0.400,   3.799
202608071906,   3.070,9999.000,9999.000,9999.000,9999.000,9999.000,9999.000,9999.000,9999.000
202608071912,   3.029,   3.650,9999.000,9999.000,9999.000,9999.000,9999.000,9999.000,9999.000
202608071918,   2.987,9999.000,9999.000,9999.000,9999.000,9999.000,9999.000,9999.000,9999.000
202608071924,   2.943,   3.598,9999.000,9999.000,9999.000,9999.000,9999.000,9999.000,9999.000
202608071930,   2.898,9999.000,9999.000,9999.000,9999.000,9999.000,9999.000,9999.000,9999.000
202608071936,   2.852,9999.000,9999.000,9999.000,9999.000,9999.000,9999.000,9999.000,9999.000
202608071942,   2.806,   3.499,9999.000,9999.000,9999.000,9999.000,9999.000,9999.000,9999.000
202608071948,   2.760,   3.480,9999.000,9999.000,9999.000,9999.000,9999.000,9999.000,9999.000
202608071954,   2.714,   3.460,9999.000,9999.000,9999.000,9999.000,9999.000,9999.000,9999.000
202608072000,   2.668,   3.427,   0.300,   0.459,   3.427,   0.300,   3.427,   0.400,   3.527
202608072006,   2.623,   3.398,9999.000,9999.000,9999.000,9999.000,9999.000,9999.000,9999.000
202608072012,   2.579,   3.368,9999.000,9999.000,9999.000,9999.000,9999.000,9999.000,9999.000
202608072018,   2.536,   3.339,9999.000,9999.000,9999.000,9999.000,9999.000,9999.000,9999.000
202608072024,   2.494,   3.299,9999.000,9999.000,9999.000,9999.000,9999.000,9999.000,9999.000
202608072030,   2.455,   3.270,9999.000,9999.000,9999.000,9999.000,9999.000,9999.000,9999.000
202608072036,   2.417,   3.217,9999.000,9999.000,9999.000,9999.000,9999.000,9999.000,9999.000
202608072042,   2.381,   3.188,9999.000,9999.000,9999.000,9999.000,9999.000,9999.000,9999.000
202608072048,   2.348,   3.158,9999.000,9999.000,9999.000,9999.000,9999.000,9999.000,9999.000
202608072054,   2.317,   3.119,9999.000,9999.000,9999.000,9999.000,9999.000,9999.000,9999.000
202608072100,   2.289,   3.119,   0.300,   0.530,   3.119,   0.300,   3.119,   0.400,   3.219
202608072106,   2.264,   3.060,9999.000,9999.000,9999.000,9999.000,9999.000,9999.000,9999.000
202608072112,   2.241,   3.030,9999.000,9999.000,9999.000,9999.000,9999.000,9999.000,9999.000
202608072118,   2.222,   3.007,9999.000,9999.000,9999.000,9999.000,9999.000,9999.000,9999.000
202608072124,   2.205,   2.997,9999.000,9999.000,9999.000,9999.000,9999.000,9999.000,9999.000
202608072130,   2.192,   2.978,9999.000,9999.000,9999.000,9999.000,9999.000,9999.000,9999.000
202608072136,   2.181,9999.000,9999.000,9999.000,9999.000,9999.000,9999.000,9999.000,9999.000
202608072142,   2.174,   2.948,9999.000,9999.000,9999.000,9999.000,9999.000,9999.000,9999.000
202608072148,   2.170,   2.958,9999.000,9999.000,9999.000,9999.000,9999.000,9999.000,9999.000
202608072154,   2.170,   2.968,9999.000,9999.000,9999.000,9999.000,9999.000,9999.000,9999.000
202608072200,   2.172,   2.958,   0.300,   0.486,   2.958,   0.300,   2.958,   0.400,   3.058
202608072206,   2.178,   2.948,9999.000,9999.000,9999.000,9999.000,9999.000,9999.000,9999.000
202608072212,   2.187,   2.948,9999.000,9999.000,9999.000,9999.000,9999.000,9999.000,9999.000
202608072218,   2.199,9999.000,9999.000,9999.000,9999.000,9999.000,9999.000,9999.000,9999.000
202608072224,   2.214,   2.978,9999.000,9999.000,9999.000,9999.000,9999.000,9999.000,9999.000
202608072230,   2.233,   2.997,9999.000,9999.000,9999.000,9999.000,9999.000,9999.000,9999.000
202608072236,   2.254,   3.007,9999.000,9999.000,9999.000,9999.000,9999.000,9999.000,9999.000
202608072242,   2.279,   3.030,9999.000,9999.000,9999.000,9999.000,9999.000,9999.000,9999.000
202608072248,   2.307,   3.079,9999.000,9999.000,9999.000,9999.000,9999.000,9999.000,9999.000
202608072254,   2.339,   3.109,9999.000,9999.000,9999.000,9999.000,9999.000,9999.000,9999.000
202608072300,   2.373,   3.158,   0.300,   0.485,   3.158,   0.300,   3.158,   0.300,   3.158
202608072306,   2.411,9999.000,9999.000,9999.000,9999.000,9999.000,9999.000,9999.000,9999.000
202608072312,   2.452,   3.250,9999.000,9999.000,9999.000,9999.000,9999.000,9999.000,9999.000
202608072318,   2.496,   3.279,9999.000,9999.000,9999.000,9999.000,9999.000,9999.000,9999.000
202608072324,   2.544,   3.348,9999.000,9999.000,9999.000,9999.000,9999.000,9999.000,9999.000
202608072330,   2.594,   3.407,9999.000,9999.000,9999.000,9999.000,9999.000,9999.000,9999.000
202608072336,   2.649,   3.480,9999.000,9999.000,9999.000,9999.000,9999.000,9999.000,9999.000
202608072342,   2.706,   3.539,9999.000,9999.000,9999.000,9999.000,9999.000,9999.000,9999.000
202608072348,   2.767,9999.000,9999.000,9999.000,9999.000,9999.000,9999.000,9999.000,9999.000
202608072354,   2.831,   3.650,9999.000,9999.000,9999.000,9999.000,9999.000,9999.000,9999.000
202608080000,   2.899,   3.699,   0.500,   0.300,   3.699,   0.400,   3.599,   0.500,   3.699
202608080006,   2.969,   3.768,9999.000,9999.000,9999.000,9999.000,9999.000,9999.000,9999.000
202608080012,   3.043,   3.837,9999.000,9999.000,9999.000,9999.000,9999.000,9999.000,9999.000
202608080018,   3.120,   3.899,9999.000,9999.000,9999.000,9999.000,9999.000,9999.000,9999.000
202608080024,   3.199,   3.978,9999.000,9999.000,9999.000,9999.000,9999.000,9999.000,9999.000
202608080030,   3.282,   4.057,9999.000,9999.000,9999.000,9999.000,9999.000,9999.000,9999.000
202608080036,   3.367,   4.129,9999.000,9999.000,9999.000,9999.000,9999.000,9999.000,9999.000
202608080042,   3.454,   4.218,9999.000,9999.000,9999.000,9999.000,9999.000,9999.000,9999.000
202608080048,   3.543,   4.290,9999.000,9999.000,9999.000,9999.000,9999.000,9999.000,9999.000
202608080054,   3.634,   4.359,9999.000,9999.000,9999.000,9999.000,9999.000,9999.000,9999.000
202608080100,   3.727,   4.427,   0.500,   0.200,   4.427,   0.400,   4.327,   0.500,   4.427
202608080106,   3.821,   4.500,9999.000,9999.000,9999.000,9999.000,9999.000,9999.000,9999.000
202608080112,   3.915,   4.588,9999.000,9999.000,9999.000,9999.000,9999.000,9999.000,9999.000
202608080118,   4.010,   4.647,9999.000,9999.000,9999.000,9999.000,9999.000,9999.000,9999.000
202608080124,   4.106,   4.719,9999.000,9999.000,9999.000,9999.000,9999.000,9999.000,9999.000
202608080130,   4.201,   4.788,9999.000,9999.000,9999.000,9999.000,9999.000,9999.000,9999.000
202608080136,   4.295,   4.847,9999.000,9999.000,9999.000,9999.000,9999.000,9999.000,9999.000
202608080142,   4.388,   4.919,9999.000,9999.000,9999.000,9999.000,9999.000,9999.000,9999.000
202608080148,   4.480,9999.000,9999.000,9999.000,9999.000,9999.000,9999.000,9999.000,9999.000
202608080154,   4.570,   5.047,9999.000,9999.000,9999.000,9999.000,9999.000,9999.000,9999.000
202608080200,   4.657,   5.110,   0.500,  -0.047,   5.110,   0.500,   5.110,   0.500,   5.110
202608080206,   4.742,   5.169,9999.000,9999.000,9999.000,9999.000,9999.000,9999.000,9999.000
202608080212,   4.825,   5.228,9999.000,9999.000,9999.000,9999.000,9999.000,9999.000,9999.000
202608080218,   4.904,   5.297,9999.000,9999.000,9999.000,9999.000,9999.000,9999.000,9999.000
202608080224,   4.979,   5.605,9999.000,9999.000,9999.000,9999.000,9999.000,9999.000,9999.000
202608080230,   5.051,   5.408,9999.000,9999.000,9999.000,9999.000,9999.000,9999.000,9999.000
202608080236,   5.118,9999.000,9999.000,9999.000,9999.000,9999.000,9999.000,9999.000,9999.000
202608080242,   5.182,   5.487,9999.000,9999.000,9999.000,9999.000,9999.000,9999.000,9999.000
202608080248,   5.241,   5.530,9999.000,9999.000,9999.000,9999.000,9999.000,9999.000,9999.000
202608080254,   5.295,   5.569,9999.000,9999.000,9999.000,9999.000,9999.000,9999.000,9999.000
202608080300,   5.345,   5.608,   0.500,  -0.237,   5.608,   0.500,   5.608,   0.500,   5.608
202608080306,   5.391,   5.638,9999.000,9999.000,9999.000,9999.000,9999.000,9999.000,9999.000
202608080312,   5.431,   5.677,9999.000,9999.000,9999.000,9999.000,9999.000,9999.000,9999.000
202608080318,   5.467,   5.717,9999.000,9999.000,9999.000,9999.000,9999.000,9999.000,9999.000
202608080324,   5.498,   5.749,9999.000,9999.000,9999.000,9999.000,9999.000,9999.000,9999.000
202608080330,   5.524,   5.759,9999.000,9999.000,9999.000,9999.000,9999.000,9999.000,9999.000
202608080336,   5.545,   5.779,9999.000,9999.000,9999.000,9999.000,9999.000,9999.000,9999.000
202608080342,   5.562,   5.799,9999.000,9999.000,9999.000,9999.000,9999.000,9999.000,9999.000
202608080348,   5.575,   5.818,9999.000,9999.000,9999.000,9999.000,9999.000,9999.000,9999.000
202608080354,   5.583,   5.828,9999.000,9999.000,9999.000,9999.000,9999.000,9999.000,9999.000
202608080400,   5.586,   5.848,   0.500,  -0.238,   5.848,   0.500,   5.848,   0.500,   5.848
202608080406,   5.585,   5.867,9999.000,9999.000,9999.000,9999.000,9999.000,9999.000,9999.000
202608080412,   5.580,   5.887,9999.000,9999.000,9999.000,9999.000,9999.000,9999.000,9999.000
202608080418,   5.571,   5.897,9999.000,9999.000,9999.000,9999.000,9999.000,9999.000,9999.000
202608080424,   5.559,   5.887,9999.000,9999.000,9999.000,9999.000,9999.000,9999.000,9999.000
202608080430,   5.542,   5.877,9999.000,9999.000,9999.000,9999.000,9999.000,9999.000,9999.000
202608080436,   5.521,   5.867,9999.000,9999.000,9999.000,9999.000,9999.000,9999.000,9999.000
202608080442,   5.497,   5.848,9999.000,9999.000,9999.000,9999.000,9999.000,9999.000,9999.000
202608080448,   5.469,   5.828,9999.000,9999.000,9999.000,9999.000,9999.000,9999.000,9999.000
202608080454,   5.437,   5.808,9999.000,9999.000,9999.000,9999.000,9999.000,9999.000,9999.000
202608080500,   5.402,   5.789,   0.500,  -0.113,   5.789,   0.500,   5.789,   0.500,   5.789
202608080506,   5.364,   5.749,9999.000,9999.000,9999.000,9999.000,9999.000,9999.000,9999.000
202608080512,   5.322,   5.707,9999.000,9999.000,9999.000,9999.000,9999.000,9999.000,9999.000
202608080518,   5.277,   5.677,9999.000,9999.000,9999.000,9999.000,9999.000,9999.000,9999.000
202608080524,   5.229,   5.638,9999.000,9999.000,9999.000,9999.000,9999.000,9999.000,9999.000
202608080530,   5.177,   5.598,9999.000,9999.000,9999.000,9999.000,9999.000,9999.000,9999.000
202608080536,   5.122,   5.559,9999.000,9999.000,9999.000,9999.000,9999.000,9999.000,9999.000
202608080542,   5.065,   5.516,9999.000,9999.000,9999.000,9999.000,9999.000,9999.000,9999.000
202608080548,   5.004,   5.438,9999.000,9999.000,9999.000,9999.000,9999.000,9999.000,9999.000
202608080554,   4.940,   5.379,9999.000,9999.000,9999.000,9999.000,9999.000,9999.000,9999.000
202608080600,   4.873,   5.307,   0.600,  -0.166,   5.307,   0.600,   5.307,   0.600,   5.307
202608080606,   4.804,   5.218,9999.000,9999.000,9999.000,9999.000,9999.000,9999.000,9999.000
202608080612,   4.732,   5.139,9999.000,9999.000,9999.000,9999.000,9999.000,9999.000,9999.000
202608080618,   4.657,   5.047,9999.000,9999.000,9999.000,9999.000,9999.000,9999.000,9999.000
202608080624,   4.580,   4.969,9999.000,9999.000,9999.000,9999.000,9999.000,9999.000,9999.000
202608080630,   4.501,   4.877,9999.000,9999.000,9999.000,9999.000,9999.000,9999.000,9999.000
202608080636,   4.419,   4.778,9999.000,9999.000,9999.000,9999.000,9999.000,9999.000,9999.000
202608080642,   4.335,   4.690,9999.000,9999.000,9999.000,9999.000,9999.000,9999.000,9999.000
202608080648,   4.250,   4.588,9999.000,9999.000,9999.000,9999.000,9999.000,9999.000,9999.000
202608080654,   4.162,   4.500,9999.000,9999.000,9999.000,9999.000,9999.000,9999.000,9999.000
202608080700,   4.073,   4.398,   0.600,  -0.275,   4.398,   0.600,   4.398,   0.600,   4.398
202608080706,   3.983,   4.309,9999.000,9999.000,9999.000,9999.000,9999.000,9999.000,9999.000
202608080712,   3.892,   4.198,9999.000,9999.000,9999.000,9999.000,9999.000,9999.000,9999.000
202608080718,   3.799,   4.099,9999.000,9999.000,9999.000,9999.000,9999.000,9999.000,9999.000
202608080724,   3.706,   3.998,9999.000,9999.000,9999.000,9999.000,9999.000,9999.000,9999.000
202608080730,   3.612,   3.899,9999.000,9999.000,9999.000,9999.000,9999.000,9999.000,9999.000
202608080736,   3.518,   3.808,9999.000,9999.000,9999.000,9999.000,9999.000,9999.000,9999.000
202608080742,   3.423,   3.709,9999.000,9999.000,9999.000,9999.000,9999.000,9999.000,9999.000
202608080748,   3.329,   3.617,9999.000,9999.000,9999.000,9999.000,9999.000,9999.000,9999.000
202608080754,   3.235,   3.519,9999.000,9999.000,9999.000,9999.000,9999.000,9999.000,9999.000
202608080800,   3.141,   3.440,   0.600,  -0.301,   3.440,   0.600,   3.440,   0.600,   3.440
202608080806,   3.047,   3.339,9999.000,9999.000,9999.000,9999.000,9999.000,9999.000,9999.000
202608080812,   2.955,   3.260,9999.000,9999.000,9999.000,9999.000,9999.000,9999.000,9999.000
202608080818,   2.863,   3.148,9999.000,9999.000,9999.000,9999.000,9999.000,9999.000,9999.000
202608080824,   2.773,   3.079,9999.000,9999.000,9999.000,9999.000,9999.000,9999.000,9999.000
202608080830,   2.684,   2.988,9999.000,9999.000,9999.000,9999.000,9999.000,9999.000,9999.000
202608080836,   2.596,   2.899,9999.000,9999.000,9999.000,9999.000,9999.000,9999.000,9999.000
202608080842,   2.509,   2.830,9999.000,9999.000,9999.000,9999.000,9999.000,9999.000,9999.000
202608080848,   2.425,9999.000,9999.000,9999.000,9999.000,9999.000,9999.000,9999.000,9999.000
202608080854,   2.341,   2.250,9999.000,9999.000,9999.000,9999.000,9999.000,9999.000,9999.000
202608080900,   2.260,   2.597,   0.600,  -0.263,   2.597,   0.600,   2.597,   0.600,   2.597
202608080906,   2.180,   2.519,9999.000,9999.000,9999.000,9999.000,9999.000,9999.000,9999.000
202608080912,   2.102,9999.000,9999.000,9999.000,9999.000,9999.000,9999.000,9999.000,9999.000
202608080918,   2.026,   2.377,9999.000,9999.000,9999.000,9999.000,9999.000,9999.000,9999.000
202608080924,   1.952,   2.299,9999.000,9999.000,9999.000,9999.000,9999.000,9999.000,9999.000
202608080930,   1.879,   2.250,9999.000,9999.000,9999.000,9999.000,9999.000,9999.000,9999.000
202608080936,   1.808,   2.191,9999.000,9999.000,9999.000,9999.000,9999.000,9999.000,9999.000
202608080942,   1.739,   2.118,9999.000,9999.000,9999.000,9999.000,9999.000,9999.000,9999.000
202608080948,   1.672,   2.069,9999.000,9999.000,9999.000,9999.000,9999.000,9999.000,9999.000
202608080954,   1.606,   1.626,9999.000,9999.000,9999.000,9999.000,9999.000,9999.000,9999.000
202608081000,   1.542,   1.928,   0.600,  -0.214,   1.928,   0.600,   1.928,   0.600,   1.928
202608081006,   1.480,   1.859,9999.000,9999.000,9999.000,9999.000,9999.000,9999.000,9999.000
202608081012,   1.419,9999.000,9999.000,9999.000,9999.000,9999.000,9999.000,9999.000,9999.000
202608081018,   1.359,   1.758,9999.000,9999.000,9999.000,9999.000,9999.000,9999.000,9999.000
202608081024,   1.301,   1.699,9999.000,9999.000,9999.000,9999.000,9999.000,9999.000,9999.000
202608081030,   1.244,   1.630,9999.000,9999.000,9999.000,9999.000,9999.000,9999.000,9999.000
202608081036,   1.188,9999.000,9999.000,9999.000,9999.000,9999.000,9999.000,9999.000,9999.000
202608081042,   1.134,   1.489,9999.000,9999.000,9999.000,9999.000,9999.000,9999.000,9999.000
202608081048,   1.081,   1.439,9999.000,9999.000,9999.000,9999.000,9999.000,9999.000,9999.000
202608081054,   1.029,   1.410,9999.000,9999.000,9999.000,9999.000,9999.000,9999.000,9999.000
202608081100,   0.979,   1.338,   0.600,  -0.241,   1.338,   0.600,   1.338,   0.600,   1.338
202608081106,   0.930,   1.289,9999.000,9999.000,9999.000,9999.000,9999.000,9999.000,9999.000
202608081112,   0.882,   1.220,9999.000,9999.000,9999.000,9999.000,9999.000,9999.000,9999.000
202608081118,   0.837,9999.000,9999.000,9999.000,9999.000,9999.000,9999.000,9999.000,9999.000
202608081124,   0.792,   1.118,9999.000,9999.000,9999.000,9999.000,9999.000,9999.000,9999.000
202608081130,   0.750,   1.059,9999.000,9999.000,9999.000,9999.000,9999.000,9999.000,9999.000
202608081136,   0.710,   1.000,9999.000,9999.000,9999.000,9999.000,9999.000,9999.000,9999.000
202608081142,   0.672,   0.928,9999.000,9999.000,9999.000,9999.000,9999.000,9999.000,9999.000
202608081148,   0.636,   0.898,9999.000,9999.000,9999.000,9999.000,9999.000,9999.000,9999.000
202608081154,   0.602,   0.859,9999.000,9999.000,9999.000,9999.000,9999.000,9999.000,9999.000
202608081200,   0.572,   0.810,   0.500,  -0.262,   0.810,   0.500,   0.810,   0.500,   0.810
202608081206,   0.544,   0.770,9999.000,9999.000,9999.000,9999.000,9999.000,9999.000,9999.000
202608081212,   0.520,   0.718,9999.000,9999.000,9999.000,9999.000,9999.000,9999.000,9999.000
202608081218,   0.499,   0.698,9999.000,9999.000,9999.000,9999.000,9999.000,9999.000,9999.000
202608081224,   0.481,   0.639,9999.000,9999.000,9999.000,9999.000,9999.000,9999.000,9999.000
202608081230,   0.468,   0.629,9999.000,9999.000,9999.000,9999.000,9999.000,9999.000,9999.000
202608081236,   0.458,   0.590,9999.000,9999.000,9999.000,9999.000,9999.000,9999.000,9999.000
202608081242,   0.452,   0.560,9999.000,9999.000,9999.000,9999.000,9999.000,9999.000,9999.000
202608081248,   0.451,   0.560,9999.000,9999.000,9999.000,9999.000,9999.000,9999.000,9999.000
202608081254,   0.453,   0.541,9999.000,9999.000,9999.000,9999.000,9999.000,9999.000,9999.000
202608081300,   0.460,   0.518,   0.500,  -0.442,   0.518,   0.500,   0.518,   0.500,   0.518
202608081306,   0.472,   0.531,9999.000,9999.000,9999.000,9999.000,9999.000,9999.000,9999.000
202608081312,   0.488,   0.541,9999.000,9999.000,9999.000,9999.000,9999.000,9999.000,9999.000
202608081318,   0.508,   0.551,9999.000,9999.000,9999.000,9999.000,9999.000,9999.000,9999.000
202608081324,   0.532,   0.570,9999.000,9999.000,9999.000,9999.000,9999.000,9999.000,9999.000
202608081330,   0.561,   0.580,9999.000,9999.000,9999.000,9999.000,9999.000,9999.000,9999.000
202608081336,   0.594,   0.610,9999.000,9999.000,9999.000,9999.000,9999.000,9999.000,9999.000
202608081342,   0.632,   0.619,9999.000,9999.000,9999.000,9999.000,9999.000,9999.000,9999.000
202608081348,   0.673,   0.659,9999.000,9999.000,9999.000,9999.000,9999.000,9999.000,9999.000
202608081354,   0.717,   0.698,9999.000,9999.000,9999.000,9999.000,9999.000,9999.000,9999.000
202608081400,   0.766,   0.760,   0.500,  -0.506,   0.760,   0.500,   0.760,   0.500,   0.760
202608081406,   0.817,   0.829,9999.000,9999.000,9999.000,9999.000,9999.000,9999.000,9999.000
202608081412,   0.872,   0.898,9999.000,9999.000,9999.000,9999.000,9999.000,9999.000,9999.000
202608081418,   0.929,   0.970,9999.000,9999.000,9999.000,9999.000,9999.000,9999.000,9999.000
202608081424,   0.989,   1.049,9999.000,9999.000,9999.000,9999.000,9999.000,9999.000,9999.000
202608081430,   1.052,   1.138,9999.000,9999.000,9999.000,9999.000,9999.000,9999.000,9999.000
202608081436,   1.117,9999.000,9999.000,9999.000,9999.000,9999.000,9999.000,9999.000,9999.000
202608081442,   1.183,   1.328,9999.000,9999.000,9999.000,9999.000,9999.000,9999.000,9999.000
202608081448,   1.251,   1.439,9999.000,9999.000,9999.000,9999.000,9999.000,9999.000,9999.000
202608081454,   1.321,   1.538,9999.000,9999.000,9999.000,9999.000,9999.000,9999.000,9999.000
202608081500,   1.392,   1.649,   0.500,  -0.243,   1.649,   0.500,   1.649,   0.500,   1.649
202608081506,   1.464,   1.758,9999.000,9999.000,9999.000,9999.000,9999.000,9999.000,9999.000
202608081512,   1.537,   1.869,9999.000,9999.000,9999.000,9999.000,9999.000,9999.000,9999.000
202608081518,   1.611,   1.967,9999.000,9999.000,9999.000,9999.000,9999.000,9999.000,9999.000
202608081524,   1.685,   2.089,9999.000,9999.000,9999.000,9999.000,9999.000,9999.000,9999.000
202608081530,   1.760,   2.191,9999.000,9999.000,9999.000,9999.000,9999.000,9999.000,9999.000
202608081536,   1.835,   2.299,9999.000,9999.000,9999.000,9999.000,9999.000,9999.000,9999.000
202608081542,   1.911,   2.420,9999.000,9999.000,9999.000,9999.000,9999.000,9999.000,9999.000
202608081548,   1.986,   2.519,9999.000,9999.000,9999.000,9999.000,9999.000,9999.000,9999.000
202608081554,   2.061,   2.630,9999.000,9999.000,9999.000,9999.000,9999.000,9999.000,9999.000
202608081600,   2.136,   2.728,   0.500,   0.092,   2.728,   0.500,   2.728,   0.500,   2.728
202608081606,   2.211,   2.820,9999.000,9999.000,9999.000,9999.000,9999.000,9999.000,9999.000
202608081612,   2.286,   2.909,9999.000,9999.000,9999.000,9999.000,9999.000,9999.000,9999.000
202608081618,   2.360,   3.007,9999.000,9999.000,9999.000,9999.000,9999.000,9999.000,9999.000
202608081624,   2.433,   3.089,9999.000,9999.000,9999.000,9999.000,9999.000,9999.000,9999.000
202608081630,   2.506,   3.197,9999.000,9999.000,9999.000,9999.000,9999.000,9999.000,9999.000
202608081636,   2.578,   3.270,9999.000,9999.000,9999.000,9999.000,9999.000,9999.000,9999.000
202608081642,   2.649,   3.348,9999.000,9999.000,9999.000,9999.000,9999.000,9999.000,9999.000
202608081648,   2.719,   3.440,9999.000,9999.000,9999.000,9999.000,9999.000,9999.000,9999.000
202608081654,   2.788,   3.499,9999.000,9999.000,9999.000,9999.000,9999.000,9999.000,9999.000
202608081700,   2.855,   3.578,   0.500,   0.223,   3.578,   0.500,   3.578,   0.500,   3.578
202608081706,   2.921,   3.637,9999.000,9999.000,9999.000,9999.000,9999.000,9999.000,9999.000
202608081712,   2.985,   3.699,9999.000,9999.000,9999.000,9999.000,9999.000,9999.000,9999.000
202608081718,   3.047,   3.758,9999.000,9999.000,9999.000,9999.000,9999.000,9999.000,9999.000
202608081724,   3.106,   3.808,9999.000,9999.000,9999.000,9999.000,9999.000,9999.000,9999.000
202608081730,   3.164,   3.860,9999.000,9999.000,9999.000,9999.000,9999.000,9999.000,9999.000
202608081736,   3.218,   3.919,9999.000,9999.000,9999.000,9999.000,9999.000,9999.000,9999.000
202608081742,   3.270,   3.949,9999.000,9999.000,9999.000,9999.000,9999.000,9999.000,9999.000
202608081748,   3.319,   3.988,9999.000,9999.000,9999.000,9999.000,9999.000,9999.000,9999.000
202608081754,   3.365,   4.037,9999.000,9999.000,9999.000,9999.000,9999.000,9999.000,9999.000
202608081800,   3.407,   4.027,   0.400,   0.220,   4.027,   0.400,   4.027,   0.400,   4.027
202608081806,   3.446,   4.090,9999.000,9999.000,9999.000,9999.000,9999.000,9999.000,9999.000
202608081812,   3.481,   4.129,9999.000,9999.000,9999.000,9999.000,9999.000,9999.000,9999.000
202608081818,   3.512,   4.129,9999.000,9999.000,9999.000,9999.000,9999.000,9999.000,9999.000
202608081824,   3.540,   4.159,9999.000,9999.000,9999.000,9999.000,9999.000,9999.000,9999.000
202608081830,   3.563,   4.168,9999.000,9999.000,9999.000,9999.000,9999.000,9999.000,9999.000
202608081836,   3.582,   4.208,9999.000,9999.000,9999.000,9999.000,9999.000,9999.000,9999.000
202608081842,   3.597,   4.208,9999.000,9999.000,9999.000,9999.000,9999.000,9999.000,9999.000
202608081848,   3.607,   4.218,9999.000,9999.000,9999.000,9999.000,9999.000,9999.000,9999.000
202608081854,   3.613,   4.218,9999.000,9999.000,9999.000,9999.000,9999.000,9999.000,9999.000
202608081900,   3.615,   4.218,   0.400,   0.203,   4.218,   0.400,   4.218,   0.400,   4.218
202608081906,   3.613,   4.218,9999.000,9999.000,9999.000,9999.000,9999.000,9999.000,9999.000
202608081912,   3.606,   4.208,9999.000,9999.000,9999.000,9999.000,9999.000,9999.000,9999.000
202608081918,   3.596,   4.208,9999.000,9999.000,9999.000,9999.000,9999.000,9999.000,9999.000
202608081924,   3.581,   4.208,9999.000,9999.000,9999.000,9999.000,9999.000,9999.000,9999.000
202608081930,   3.563,   4.198,9999.000,9999.000,9999.000,9999.000,9999.000,9999.000,9999.000
202608081936,   3.541,   4.198,9999.000,9999.000,9999.000,9999.000,9999.000,9999.000,9999.000
202608081942,   3.516,   4.188,9999.000,9999.000,9999.000,9999.000,9999.000,9999.000,9999.000
202608081948,   3.487,   4.178,9999.000,9999.000,9999.000,9999.000,9999.000,9999.000,9999.000
202608081954,   3.455,   4.149,9999.000,9999.000,9999.000,9999.000,9999.000,9999.000,9999.000
202608082000,   3.421,   4.139,   0.400,   0.318,   4.139,   0.400,   4.139,   0.400,   4.139
202608082006,   3.384,   4.139,9999.000,9999.000,9999.000,9999.000,9999.000,9999.000,9999.000
202608082012,   3.345,   4.119,9999.000,9999.000,9999.000,9999.000,9999.000,9999.000,9999.000
202608082018,   3.304,   4.080,9999.000,9999.000,9999.000,9999.000,9999.000,9999.000,9999.000
202608082024,   3.262,   4.057,9999.000,9999.000,9999.000,9999.000,9999.000,9999.000,9999.000
202608082030,   3.218,   4.027,9999.000,9999.000,9999.000,9999.000,9999.000,9999.000,9999.000
202608082036,   3.173,   3.998,9999.000,9999.000,9999.000,9999.000,9999.000,9999.000,9999.000
202608082042,   3.127,   3.968,9999.000,9999.000,9999.000,9999.000,9999.000,9999.000,9999.000
202608082048,   3.081,   3.929,9999.000,9999.000,9999.000,9999.000,9999.000,9999.000,9999.000
202608082054,   3.035,   3.899,9999.000,9999.000,9999.000,9999.000,9999.000,9999.000,9999.000
202608082100,   2.989,   3.870,   0.400,   0.481,   3.870,   0.400,   3.870,   0.400,   3.870
202608082106,   2.943,9999.000,9999.000,9999.000,9999.000,9999.000,9999.000,9999.000,9999.000
202608082112,   2.898,   3.798,9999.000,9999.000,9999.000,9999.000,9999.000,9999.000,9999.000
202608082118,   2.854,   3.749,9999.000,9999.000,9999.000,9999.000,9999.000,9999.000,9999.000
202608082124,   2.811,   3.709,9999.000,9999.000,9999.000,9999.000,9999.000,9999.000,9999.000
202608082130,   2.769,   3.670,9999.000,9999.000,9999.000,9999.000,9999.000,9999.000,9999.000
202608082136,   2.730,   3.637,9999.000,9999.000,9999.000,9999.000,9999.000,9999.000,9999.000
202608082142,   2.692,   3.588,9999.000,9999.000,9999.000,9999.000,9999.000,9999.000,9999.000
202608082148,   2.655,   3.548,9999.000,9999.000,9999.000,9999.000,9999.000,9999.000,9999.000
202608082154,   2.622,   3.499,9999.000,9999.000,9999.000,9999.000,9999.000,9999.000,9999.000
202608082200,   2.590,   3.470,   0.400,   0.480,   3.470,   0.400,   3.470,   0.400,   3.470
202608082206,   2.561,   3.440,9999.000,9999.000,9999.000,9999.000,9999.000,9999.000,9999.000
202608082212,   2.534,   3.398,9999.000,9999.000,9999.000,9999.000,9999.000,9999.000,9999.000
202608082218,   2.510,   3.358,9999.000,9999.000,9999.000,9999.000,9999.000,9999.000,9999.000
202608082224,   2.488,   3.329,9999.000,9999.000,9999.000,9999.000,9999.000,9999.000,9999.000
202608082230,   2.470,   3.299,9999.000,9999.000,9999.000,9999.000,9999.000,9999.000,9999.000
202608082236,   2.454,   3.270,9999.000,9999.000,9999.000,9999.000,9999.000,9999.000,9999.000
202608082242,   2.440,   3.250,9999.000,9999.000,9999.000,9999.000,9999.000,9999.000,9999.000
202608082248,   2.430,   3.230,9999.000,9999.000,9999.000,9999.000,9999.000,9999.000,9999.000
202608082254,   2.423,   3.197,9999.000,9999.000,9999.000,9999.000,9999.000,9999.000,9999.000
202608082300,   2.418,   3.197,   0.400,   0.379,   3.197,   0.400,   3.197,   0.400,   3.197
202608082306,   2.417,9999.000,9999.000,9999.000,9999.000,9999.000,9999.000,9999.000,9999.000
202608082312,   2.418,9999.000,9999.000,9999.000,9999.000,9999.000,9999.000,9999.000,9999.000
202608082318,   2.423,   3.178,9999.000,9999.000,9999.000,9999.000,9999.000,9999.000,9999.000
202608082324,   2.430,   3.188,9999.000,9999.000,9999.000,9999.000,9999.000,9999.000,9999.000
202608082330,   2.441,   3.188,9999.000,9999.000,9999.000,9999.000,9999.000,9999.000,9999.000
202608082336,   2.454,   3.197,9999.000,9999.000,9999.000,9999.000,9999.000,9999.000,9999.000
202608082342,   2.471,   3.207,9999.000,9999.000,9999.000,9999.000,9999.000,9999.000,9999.000
202608082348,   2.491,   3.240,9999.000,9999.000,9999.000,9999.000,9999.000,9999.000,9999.000
202608082354,   2.514,   3.270,9999.000,9999.000,9999.000,9999.000,9999.000,9999.000,9999.000
202608090000,   2.541,   3.309,   0.500,   0.268,   3.309,   0.500,   3.309,   0.500,   3.309
202608090006,   2.571,   3.339,9999.000,9999.000,9999.000,9999.000,9999.000,9999.000,9999.000
202608090012,   2.604,   3.378,9999.000,9999.000,9999.000,9999.000,9999.000,9999.000,9999.000
202608090018,   2.641,9999.000,9999.000,9999.000,9999.000,9999.000,9999.000,9999.000,9999.000
202608090024,   2.681,   3.460,9999.000,9999.000,9999.000,9999.000,9999.000,9999.000,9999.000
202608090030,   2.725,   3.499,9999.000,9999.000,9999.000,9999.000,9999.000,9999.000,9999.000
202608090036,   2.773,   3.558,9999.000,9999.000,9999.000,9999.000,9999.000,9999.000,9999.000
202608090042,   2.824,   3.617,9999.000,9999.000,9999.000,9999.000,9999.000,9999.000,9999.000
202608090048,   2.879,   3.670,9999.000,9999.000,9999.000,9999.000,9999.000,9999.000,9999.000
202608090054,   2.938,   3.729,9999.000,9999.000,9999.000,9999.000,9999.000,9999.000,9999.000
202608090100,   3.000,   3.808,   0.500,   0.308,   3.808,   0.500,   3.808,   0.500,   3.808
202608090106,   3.066,9999.000,9999.000,9999.000,9999.000,9999.000,9999.000,9999.000,9999.000
202608090112,   3.135,   3.929,9999.000,9999.000,9999.000,9999.000,9999.000,9999.000,9999.000
202608090118,   3.208,   4.017,9999.000,9999.000,9999.000,9999.000,9999.000,9999.000,9999.000
202608090124,   3.284,   4.099,9999.000,9999.000,9999.000,9999.000,9999.000,9999.000,9999.000
202608090130,   3.363,   4.178,9999.000,9999.000,9999.000,9999.000,9999.000,9999.000,9999.000
202608090136,   3.444,   4.247,9999.000,9999.000,9999.000,9999.000,9999.000,9999.000,9999.000
202608090142,   3.529,   4.319,9999.000,9999.000,9999.000,9999.000,9999.000,9999.000,9999.000
202608090148,   3.615,   4.398,9999.000,9999.000,9999.000,9999.000,9999.000,9999.000,9999.000
202608090154,   3.704,   4.467,9999.000,9999.000,9999.000,9999.000,9999.000,9999.000,9999.000
202608090200,   3.794,   4.549,   0.500,   0.255,   4.549,   0.500,   4.549,   0.600,   4.649
202608090206,   3.886,   4.647,9999.000,9999.000,9999.000,9999.000,9999.000,9999.000,9999.000
202608090212,   3.978,   4.719,9999.000,9999.000,9999.000,9999.000,9999.000,9999.000,9999.000
202608090218,   4.072,   4.798,9999.000,9999.000,9999.000,9999.000,9999.000,9999.000,9999.000
202608090224,   4.165,   4.877,9999.000,9999.000,9999.000,9999.000,9999.000,9999.000,9999.000
202608090230,   4.259,   4.939,9999.000,9999.000,9999.000,9999.000,9999.000,9999.000,9999.000
202608090236,   4.351,   5.008,9999.000,9999.000,9999.000,9999.000,9999.000,9999.000,9999.000
202608090242,   4.443,   5.077,9999.000,9999.000,9999.000,9999.000,9999.000,9999.000,9999.000
202608090248,   4.534,   5.159,9999.000,9999.000,9999.000,9999.000,9999.000,9999.000,9999.000
202608090254,   4.623,   5.228,9999.000,9999.000,9999.000,9999.000,9999.000,9999.000,9999.000
202608090300,   4.709,   5.297,   0.500,   0.088,   5.297,   0.500,   5.297,   0.600,   5.397
202608090306,   4.794,   5.369,9999.000,9999.000,9999.000,9999.000,9999.000,9999.000,9999.000
202608090312,   4.875,   5.418,9999.000,9999.000,9999.000,9999.000,9999.000,9999.000,9999.000
202608090318,   4.954,   5.467,9999.000,9999.000,9999.000,9999.000,9999.000,9999.000,9999.000
202608090324,   5.029,   5.516,9999.000,9999.000,9999.000,9999.000,9999.000,9999.000,9999.000
202608090330,   5.101,   5.579,9999.000,9999.000,9999.000,9999.000,9999.000,9999.000,9999.000
202608090336,   5.169,   5.628,9999.000,9999.000,9999.000,9999.000,9999.000,9999.000,9999.000
202608090342,   5.233,   5.677,9999.000,9999.000,9999.000,9999.000,9999.000,9999.000,9999.000
202608090348,   5.293,   5.717,9999.000,9999.000,9999.000,9999.000,9999.000,9999.000,9999.000
202608090354,   5.349,   5.956,9999.000,9999.000,9999.000,9999.000,9999.000,9999.000,9999.000
202608090400,   5.401,   5.799,   0.500,  -0.102,   5.799,   0.500,   5.799,   0.600,   5.899
202608090406,   5.448,   5.838,9999.000,9999.000,9999.000,9999.000,9999.000,9999.000,9999.000
202608090412,   5.491,   5.867,9999.000,9999.000,9999.000,9999.000,9999.000,9999.000,9999.000
202608090418,   5.530,   5.897,9999.000,9999.000,9999.000,9999.000,9999.000,9999.000,9999.000
202608090424,   5.564,   5.926,9999.000,9999.000,9999.000,9999.000,9999.000,9999.000,9999.000
202608090430,   5.593,   5.959,9999.000,9999.000,9999.000,9999.000,9999.000,9999.000,9999.000
202608090436,   5.619,   5.979,9999.000,9999.000,9999.000,9999.000,9999.000,9999.000,9999.000
202608090442,   5.639,   6.018,9999.000,9999.000,9999.000,9999.000,9999.000,9999.000,9999.000
202608090448,   5.656,   6.018,9999.000,9999.000,9999.000,9999.000,9999.000,9999.000,9999.000
202608090454,   5.668,   6.038,9999.000,9999.000,9999.000,9999.000,9999.000,9999.000,9999.000
202608090500,   5.677,   6.058,   0.500,  -0.119,   6.058,   0.500,   6.058,   0.600,   6.158
202608090506,   5.681,   6.077,9999.000,9999.000,9999.000,9999.000,9999.000,9999.000,9999.000
202608090512,   5.681,   6.087,9999.000,9999.000,9999.000,9999.000,9999.000,9999.000,9999.000
202608090518,   5.677,   6.087,9999.000,9999.000,9999.000,9999.000,9999.000,9999.000,9999.000
202608090524,   5.669,   6.087,9999.000,9999.000,9999.000,9999.000,9999.000,9999.000,9999.000
202608090530,   5.657,   6.087,9999.000,9999.000,9999.000,9999.000,9999.000,9999.000,9999.000
202608090536,   5.641,   6.067,9999.000,9999.000,9999.000,9999.000,9999.000,9999.000,9999.000
202608090542,   5.622,   6.058,9999.000,9999.000,9999.000,9999.000,9999.000,9999.000,9999.000
202608090548,   5.599,   6.038,9999.000,9999.000,9999.000,9999.000,9999.000,9999.000,9999.000
202608090554,   5.572,   6.028,9999.000,9999.000,9999.000,9999.000,9999.000,9999.000,9999.000
202608090600,   5.541,   6.008,   0.600,  -0.133,   6.008,   0.600,   6.008,   0.700,   6.108
202608090606,   5.506,   5.979,9999.000,9999.000,9999.000,9999.000,9999.000,9999.000,9999.000
202608090612,   5.468,   5.959,9999.000,9999.000,9999.000,9999.000,9999.000,9999.000,9999.000
202608090618,   5.427,   5.907,9999.000,9999.000,9999.000,9999.000,9999.000,9999.000,9999.000
202608090624,   5.381,   5.858,9999.000,9999.000,9999.000,9999.000,9999.000,9999.000,9999.000
202608090630,   5.332,   5.828,9999.000,9999.000,9999.000,9999.000,9999.000,9999.000,9999.000
202608090636,   5.280,   5.789,9999.000,9999.000,9999.000,9999.000,9999.000,9999.000,9999.000
202608090642,   5.224,   5.730,9999.000,9999.000,9999.000,9999.000,9999.000,9999.000,9999.000
202608090648,   5.165,   5.677,9999.000,9999.000,9999.000,9999.000,9999.000,9999.000,9999.000
202608090654,   5.102,   5.618,9999.000,9999.000,9999.000,9999.000,9999.000,9999.000,9999.000
202608090700,   5.036,   5.539,   0.600,  -0.097,   5.539,   0.600,   5.539,   0.700,   5.639
202608090706,   4.967,   5.438,9999.000,9999.000,9999.000,9999.000,9999.000,9999.000,9999.000
202608090712,   4.895,   5.359,9999.000,9999.000,9999.000,9999.000,9999.000,9999.000,9999.000
202608090718,   4.820,9999.000,9999.000,9999.000,9999.000,9999.000,9999.000,9999.000,9999.000
202608090724,   4.742,   5.179,9999.000,9999.000,9999.000,9999.000,9999.000,9999.000,9999.000
202608090730,   4.662,   5.057,9999.000,9999.000,9999.000,9999.000,9999.000,9999.000,9999.000
202608090736,   4.578,   4.979,9999.000,9999.000,9999.000,9999.000,9999.000,9999.000,9999.000
202608090742,   4.493,   4.877,9999.000,9999.000,9999.000,9999.000,9999.000,9999.000,9999.000
202608090748,   4.405,   4.759,9999.000,9999.000,9999.000,9999.000,9999.000,9999.000,9999.000
202608090754,   4.316,   4.647,9999.000,9999.000,9999.000,9999.000,9999.000,9999.000,9999.000
202608090800,   4.224,   4.549,   0.600,  -0.275,   4.549,   0.600,   4.549,   0.700,   4.649
202608090806,   4.131,   4.437,9999.000,9999.000,9999.000,9999.000,9999.000,9999.000,9999.000
202608090812,   4.036,   4.329,9999.000,9999.000,9999.000,9999.000,9999.000,9999.000,9999.000
202608090818,   3.940,   4.227,9999.000,9999.000,9999.000,9999.000,9999.000,9999.000,9999.000
202608090824,   3.844,   3.591,9999.000,9999.000,9999.000,9999.000,9999.000,9999.000,9999.000
202608090830,   3.746,   4.008,9999.000,9999.000,9999.000,9999.000,9999.000,9999.000,9999.000
202608090836,   3.648,9999.000,9999.000,9999.000,9999.000,9999.000,9999.000,9999.000,9999.000
202608090842,   3.549,   3.798,9999.000,9999.000,9999.000,9999.000,9999.000,9999.000,9999.000
202608090848,   3.450,   3.689,9999.000,9999.000,9999.000,9999.000,9999.000,9999.000,9999.000
202608090854,   3.351,   3.588,9999.000,9999.000,9999.000,9999.000,9999.000,9999.000,9999.000
202608090900,   3.253,   3.588,   0.600,  -0.265,   3.588,   0.600,   3.588,   0.700,   3.688
202608090906,   3.154,   3.417,9999.000,9999.000,9999.000,9999.000,9999.000,9999.000,9999.000
202608090912,   3.057,   3.319,9999.000,9999.000,9999.000,9999.000,9999.000,9999.000,9999.000
202608090918,   2.960,   3.230,9999.000,9999.000,9999.000,9999.000,9999.000,9999.000,9999.000
202608090924,   2.863,   3.138,9999.000,9999.000,9999.000,9999.000,9999.000,9999.000,9999.000
202608090930,   2.768,   3.050,9999.000,9999.000,9999.000,9999.000,9999.000,9999.000,9999.000
202608090936,   2.674,   2.968,9999.000,9999.000,9999.000,9999.000,9999.000,9999.000,9999.000
202608090942,   2.581,9999.000,9999.000,9999.000,9999.000,9999.000,9999.000,9999.000,9999.000
202608090948,   2.489,   2.820,9999.000,9999.000,9999.000,9999.000,9999.000,9999.000,9999.000
202608090954,   2.399,   2.728,9999.000,9999.000,9999.000,9999.000,9999.000,9999.000,9999.000
202608091000,   2.310,   2.650,   0.600,  -0.260,   2.650,   0.600,   2.650,   0.700,   2.750
202608091006,   2.222,   2.568,9999.000,9999.000,9999.000,9999.000,9999.000,9999.000,9999.000
202608091012,   2.136,   2.499,9999.000,9999.000,9999.000,9999.000,9999.000,9999.000,9999.000
202608091018,   2.051,   2.430,9999.000,9999.000,9999.000,9999.000,9999.000,9999.000,9999.000
202608091024,   1.968,   2.358,9999.000,9999.000,9999.000,9999.000,9999.000,9999.000,9999.000
202608091030,   1.886,9999.000,9999.000,9999.000,9999.000,9999.000,9999.000,9999.000,9999.000
202608091036,   1.805,   2.230,9999.000,9999.000,9999.000,9999.000,9999.000,9999.000,9999.000
202608091042,   1.726,9999.000,9999.000,9999.000,9999.000,9999.000,9999.000,9999.000,9999.000
202608091048,   1.648,   2.109,9999.000,9999.000,9999.000,9999.000,9999.000,9999.000,9999.000
202608091054,   1.572,   2.049,9999.000,9999.000,9999.000,9999.000,9999.000,9999.000,9999.000
202608091100,   1.497,   1.990,   0.600,  -0.107,   1.990,   0.600,   1.990,   0.700,   2.090
202608091106,   1.423,   1.918,9999.000,9999.000,9999.000,9999.000,9999.000,9999.000,9999.000
202608091112,   1.350,   1.849,9999.000,9999.000,9999.000,9999.000,9999.000,9999.000,9999.000
202608091118,   1.278,   1.790,9999.000,9999.000,9999.000,9999.000,9999.000,9999.000,9999.000
202608091124,   1.208,   1.718,9999.000,9999.000,9999.000,9999.000,9999.000,9999.000,9999.000
202608091130,   1.139,   1.659,9999.000,9999.000,9999.000,9999.000,9999.000,9999.000,9999.000
202608091136,   1.071,   1.600,9999.000,9999.000,9999.000,9999.000,9999.000,9999.000,9999.000
202608091142,   1.004,9999.000,9999.000,9999.000,9999.000,9999.000,9999.000,9999.000,9999.000
202608091148,   0.938,   1.479,9999.000,9999.000,9999.000,9999.000,9999.000,9999.000,9999.000
202608091154,   0.874,   1.410,9999.000,9999.000,9999.000,9999.000,9999.000,9999.000,9999.000
202608091200,   0.812,   1.338,   0.500,   0.026,   1.338,   0.500,   1.338,   0.600,   1.438
202608091206,   0.751,   1.269,9999.000,9999.000,9999.000,9999.000,9999.000,9999.000,9999.000
202608091212,   0.692,   1.210,9999.000,9999.000,9999.000,9999.000,9999.000,9999.000,9999.000
202608091218,   0.634,   1.128,9999.000,9999.000,9999.000,9999.000,9999.000,9999.000,9999.000
202608091224,   0.579,   1.079,9999.000,9999.000,9999.000,9999.000,9999.000,9999.000,9999.000
202608091230,   0.527,   1.010,9999.000,9999.000,9999.000,9999.000,9999.000,9999.000,9999.000
202608091236,   0.476,   0.951,9999.000,9999.000,9999.000,9999.000,9999.000,9999.000,9999.000
202608091242,   0.429,   0.908,9999.000,9999.000,9999.000,9999.000,9999.000,9999.000,9999.000
202608091248,   0.384,   0.849,9999.000,9999.000,9999.000,9999.000,9999.000,9999.000,9999.000
202608091254,   0.343,   0.810,9999.000,9999.000,9999.000,9999.000,9999.000,9999.000,9999.000
202608091300,   0.305,   0.760,   0.500,  -0.045,   0.760,   0.500,   0.760,   0.600,   0.860
202608091306,   0.271,   0.698,9999.000,9999.000,9999.000,9999.000,9999.000,9999.000,9999.000
202608091312,   0.241,   0.669,9999.000,9999.000,9999.000,9999.000,9999.000,9999.000,9999.000
202608091318,   0.216,   0.629,9999.000,9999.000,9999.000,9999.000,9999.000,9999.000,9999.000
202608091324,   0.194,   0.600,9999.000,9999.000,9999.000,9999.000,9999.000,9999.000,9999.000
202608091330,   0.178,   0.560,9999.000,9999.000,9999.000,9999.000,9999.000,9999.000,9999.000
202608091336,   0.166,   0.541,9999.000,9999.000,9999.000,9999.000,9999.000,9999.000,9999.000
202608091342,   0.159,   0.508,9999.000,9999.000,9999.000,9999.000,9999.000,9999.000,9999.000
202608091348,   0.156,   0.478,9999.000,9999.000,9999.000,9999.000,9999.000,9999.000,9999.000
202608091354,   0.160,   0.469,9999.000,9999.000,9999.000,9999.000,9999.000,9999.000,9999.000
202608091400,   0.168,   0.459,   0.500,  -0.209,   0.459,   0.500,   0.459,   0.600,   0.559
202608091406,   0.181,   0.449,9999.000,9999.000,9999.000,9999.000,9999.000,9999.000,9999.000
202608091412,   0.200,   0.429,9999.000,9999.000,9999.000,9999.000,9999.000,9999.000,9999.000
202608091418,   0.224,   0.439,9999.000,9999.000,9999.000,9999.000,9999.000,9999.000,9999.000
202608091424,   0.253,   0.439,9999.000,9999.000,9999.000,9999.000,9999.000,9999.000,9999.000
202608091430,   0.286,9999.000,9999.000,9999.000,9999.000,9999.000,9999.000,9999.000,9999.000
202608091436,   0.325,   0.498,9999.000,9999.000,9999.000,9999.000,9999.000,9999.000,9999.000
202608091442,   0.368,   0.531,9999.000,9999.000,9999.000,9999.000,9999.000,9999.000,9999.000
202608091448,   0.416,   0.570,9999.000,9999.000,9999.000,9999.000,9999.000,9999.000,9999.000
202608091454,   0.468,   0.610,9999.000,9999.000,9999.000,9999.000,9999.000,9999.000,9999.000
202608091500,   0.524,   0.669,   0.500,  -0.355,   0.669,   0.500,   0.669,   0.600,   0.769
202608091506,   0.584,   0.741,9999.000,9999.000,9999.000,9999.000,9999.000,9999.000,9999.000
202608091512,   0.648,   0.810,9999.000,9999.000,9999.000,9999.000,9999.000,9999.000,9999.000
202608091518,   0.715,   0.898,9999.000,9999.000,9999.000,9999.000,9999.000,9999.000,9999.000
202608091524,   0.785,   0.990,9999.000,9999.000,9999.000,9999.000,9999.000,9999.000,9999.000
202608091530,   0.858,   1.088,9999.000,9999.000,9999.000,9999.000,9999.000,9999.000,9999.000
202608091536,   0.933,   1.200,9999.000,9999.000,9999.000,9999.000,9999.000,9999.000,9999.000
202608091542,   1.011,   1.308,9999.000,9999.000,9999.000,9999.000,9999.000,9999.000,9999.000
202608091548,   1.091,   1.410,9999.000,9999.000,9999.000,9999.000,9999.000,9999.000,9999.000
202608091554,   1.172,   1.528,9999.000,9999.000,9999.000,9999.000,9999.000,9999.000,9999.000
202608091600,   1.256,   1.630,   0.500,  -0.126,   1.630,   0.500,   1.630,   0.600,   1.730
202608091606,   1.341,   1.748,9999.000,9999.000,9999.000,9999.000,9999.000,9999.000,9999.000
202608091612,   1.427,   1.879,9999.000,9999.000,9999.000,9999.000,9999.000,9999.000,9999.000
202608091618,   1.514,   2.000,9999.000,9999.000,9999.000,9999.000,9999.000,9999.000,9999.000
202608091624,   1.603,   2.118,9999.000,9999.000,9999.000,9999.000,9999.000,9999.000,9999.000
202608091630,   1.692,   2.250,9999.000,9999.000,9999.000,9999.000,9999.000,9999.000,9999.000
202608091636,   1.781,   2.368,9999.000,9999.000,9999.000,9999.000,9999.000,9999.000,9999.000
202608091642,   1.871,   2.489,9999.000,9999.000,9999.000,9999.000,9999.000,9999.000,9999.000
202608091648,   1.961,   2.597,9999.000,9999.000,9999.000,9999.000,9999.000,9999.000,9999.000
202608091654,   2.052,   2.728,9999.000,9999.000,9999.000,9999.000,9999.000,9999.000,9999.000
202608091700,   2.142,   2.830,   0.500,   0.188,   2.830,   0.500,   2.830,   0.600,   2.930
202608091706,   2.232,   2.938,9999.000,9999.000,9999.000,9999.000,9999.000,9999.000,9999.000
202608091712,   2.322,   3.050,9999.000,9999.000,9999.000,9999.000,9999.000,9999.000,9999.000
202608091718,   2.412,   3.148,9999.000,9999.000,9999.000,9999.000,9999.000,9999.000,9999.000
202608091724,   2.500,   3.260,9999.000,9999.000,9999.000,9999.000,9999.000,9999.000,9999.000
202608091730,   2.588,   3.348,9999.000,9999.000,9999.000,9999.000,9999.000,9999.000,9999.000
202608091736,   2.675,   3.450,9999.000,9999.000,9999.000,9999.000,9999.000,9999.000,9999.000
202608091742,   2.760,   3.529,9999.000,9999.000,9999.000,9999.000,9999.000,9999.000,9999.000
202608091748,   2.845,   3.617,9999.000,9999.000,9999.000,9999.000,9999.000,9999.000,9999.000
202608091754,   2.927,   3.689,9999.000,9999.000,9999.000,9999.000,9999.000,9999.000,9999.000
202608091800,   3.008,   3.768,   0.400,   0.360,   3.768,   0.400,   3.768,   0.500,   3.868
202608091806,   3.086,   3.837,9999.000,9999.000,9999.000,9999.000,9999.000,9999.000,9999.000
202608091812,   3.162,   3.919,9999.000,9999.000,9999.000,9999.000,9999.000,9999.000,9999.000
202608091818,   3.236,   3.978,9999.000,9999.000,9999.000,9999.000,9999.000,9999.000,9999.000
202608091824,   3.306,   4.047,9999.000,9999.000,9999.000,9999.000,9999.000,9999.000,9999.000
202608091830,   3.374,   4.109,9999.000,9999.000,9999.000,9999.000,9999.000,9999.000,9999.000
202608091836,   3.438,   4.149,9999.000,9999.000,9999.000,9999.000,9999.000,9999.000,9999.000
202608091842,   3.499,   4.188,9999.000,9999.000,9999.000,9999.000,9999.000,9999.000,9999.000
202608091848,   3.556,   4.227,9999.000,9999.000,9999.000,9999.000,9999.000,9999.000,9999.000
202608091854,   3.609,   4.267,9999.000,9999.000,9999.000,9999.000,9999.000,9999.000,9999.000
202608091900,   3.658,   4.300,   0.400,   0.242,   4.300,   0.400,   4.300,   0.500,   4.400
202608091906,   3.702,   4.329,9999.000,9999.000,9999.000,9999.000,9999.000,9999.000,9999.000
202608091912,   3.742,   4.368,9999.000,9999.000,9999.000,9999.000,9999.000,9999.000,9999.000
202608091918,   3.778,   4.398,9999.000,9999.000,9999.000,9999.000,9999.000,9999.000,9999.000
202608091924,   3.808,   4.418,9999.000,9999.000,9999.000,9999.000,9999.000,9999.000,9999.000
202608091930,   3.834,   4.437,9999.000,9999.000,9999.000,9999.000,9999.000,9999.000,9999.000
202608091936,   3.855,   4.447,9999.000,9999.000,9999.000,9999.000,9999.000,9999.000,9999.000
202608091942,   3.871,   4.467,9999.000,9999.000,9999.000,9999.000,9999.000,9999.000,9999.000
202608091948,   3.882,   4.480,9999.000,9999.000,9999.000,9999.000,9999.000,9999.000,9999.000
202608091954,   3.889,   4.490,9999.000,9999.000,9999.000,9999.000,9999.000,9999.000,9999.000
202608092000,   3.890,   4.490,   0.400,   0.200,   4.490,   0.400,   4.490,   0.500,   4.590
202608092006,   3.887,   4.500,9999.000,9999.000,9999.000,9999.000,9999.000,9999.000,9999.000
202608092012,   3.879,   4.500,9999.000,9999.000,9999.000,9999.000,9999.000,9999.000,9999.000
202608092018,   3.866,   4.500,9999.000,9999.000,9999.000,9999.000,9999.000,9999.000,9999.000
202608092024,   3.850,   4.395,9999.000,9999.000,9999.000,9999.000,9999.000,9999.000,9999.000
202608092030,   3.829,9999.000,9999.000,9999.000,9999.000,9999.000,9999.000,9999.000,9999.000
202608092036,   3.804,   4.467,9999.000,9999.000,9999.000,9999.000,9999.000,9999.000,9999.000
202608092042,   3.775,   4.457,9999.000,9999.000,9999.000,9999.000,9999.000,9999.000,9999.000
202608092048,   3.743,   4.437,9999.000,9999.000,9999.000,9999.000,9999.000,9999.000,9999.000
202608092054,   3.707,   4.418,9999.000,9999.000,9999.000,9999.000,9999.000,9999.000,9999.000
202608092100,   3.669,   4.398,   0.400,   0.329,   4.398,   0.400,   4.398,   0.500,   4.498
202608092106,   3.628,   4.368,9999.000,9999.000,9999.000,9999.000,9999.000,9999.000,9999.000
202608092112,   3.584,   4.349,9999.000,9999.000,9999.000,9999.000,9999.000,9999.000,9999.000
202608092118,   3.539,   4.329,9999.000,9999.000,9999.000,9999.000,9999.000,9999.000,9999.000
202608092124,   3.492,   4.231,9999.000,9999.000,9999.000,9999.000,9999.000,9999.000,9999.000
202608092130,   3.443,   4.257,9999.000,9999.000,9999.000,9999.000,9999.000,9999.000,9999.000
202608092136,   3.393,   4.227,9999.000,9999.000,9999.000,9999.000,9999.000,9999.000,9999.000
202608092142,   3.342,9999.000,9999.000,9999.000,9999.000,9999.000,9999.000,9999.000,9999.000
202608092148,   3.291,   4.149,9999.000,9999.000,9999.000,9999.000,9999.000,9999.000,9999.000
202608092154,   3.240,   3.906,9999.000,9999.000,9999.000,9999.000,9999.000,9999.000,9999.000
202608092200,   3.188,   4.057,   0.400,   0.469,   4.057,   0.400,   4.057,   0.400,   4.057
202608092206,   3.137,   4.027,9999.000,9999.000,9999.000,9999.000,9999.000,9999.000,9999.000
202608092212,   3.086,   3.958,9999.000,9999.000,9999.000,9999.000,9999.000,9999.000,9999.000
202608092218,   3.037,   3.909,9999.000,9999.000,9999.000,9999.000,9999.000,9999.000,9999.000
202608092224,   2.988,9999.000,9999.000,9999.000,9999.000,9999.000,9999.000,9999.000,9999.000
202608092230,   2.940,9999.000,9999.000,9999.000,9999.000,9999.000,9999.000,9999.000,9999.000
202608092236,   2.894,9999.000,9999.000,9999.000,9999.000,9999.000,9999.000,9999.000,9999.000
202608092242,   2.850,9999.000,9999.000,9999.000,9999.000,9999.000,9999.000,9999.000,9999.000
202608092248,   2.808,   3.617,9999.000,9999.000,9999.000,9999.000,9999.000,9999.000,9999.000
202608092254,   2.767,   3.516,9999.000,9999.000,9999.000,9999.000,9999.000,9999.000,9999.000
202608092300,   2.728,   3.519,   0.400,   0.391,   3.519,   0.400,   3.519,   0.400,   3.519
202608092306,   2.692,9999.000,9999.000,9999.000,9999.000,9999.000,9999.000,9999.000,9999.000
202608092312,   2.658,9999.000,9999.000,9999.000,9999.000,9999.000,9999.000,9999.000,9999.000
202608092318,   2.626,9999.000,9999.000,9999.000,9999.000,9999.000,9999.000,9999.000,9999.000
202608092324,   2.597,   3.125,9999.000,9999.000,9999.000,9999.000,9999.000,9999.000,9999.000
202608092330,   2.571,   3.250,9999.000,9999.000,9999.000,9999.000,9999.000,9999.000,9999.000
202608092336,   2.547,9999.000,9999.000,9999.000,9999.000,9999.000,9999.000,9999.000,9999.000
202608092342,   2.525,   3.178,9999.000,9999.000,9999.000,9999.000,9999.000,9999.000,9999.000
202608092348,   2.507,   3.158,9999.000,9999.000,9999.000,9999.000,9999.000,9999.000,9999.000
202608092354,   2.491,   3.129,9999.000,9999.000,9999.000,9999.000,9999.000,9999.000,9999.000
202608100000,   2.478,   3.129,   0.500,   0.151,   3.129,   0.500,   3.129,   0.600,   3.229
202608100006,   2.468,9999.000,9999.000,9999.000,9999.000,9999.000,9999.000,9999.000,9999.000
202608100012,   2.460,9999.000,9999.000,9999.000,9999.000,9999.000,9999.000,9999.000,9999.000
202608100018,   2.456,   3.030,9999.000,9999.000,9999.000,9999.000,9999.000,9999.000,9999.000
202608100024,   2.455,   3.076,9999.000,9999.000,9999.000,9999.000,9999.000,9999.000,9999.000
202608100030,   2.458,9999.000,9999.000,9999.000,9999.000,9999.000,9999.000,9999.000,9999.000
202608100036,   2.463,9999.000,9999.000,9999.000,9999.000,9999.000,9999.000,9999.000,9999.000
202608100042,   2.472,   3.040,9999.000,9999.000,9999.000,9999.000,9999.000,9999.000,9999.000
202608100048,   2.484,   3.040,9999.000,9999.000,9999.000,9999.000,9999.000,9999.000,9999.000
202608100054,   2.500,   3.060,9999.000,9999.000,9999.000,9999.000,9999.000,9999.000,9999.000
202608100100,   2.520,   3.079,   0.500,   0.059,   3.079,   0.500,   3.079,   0.600,   3.179
202608100106,   2.543,   3.099,9999.000,9999.000,9999.000,9999.000,9999.000,9999.000,9999.000
202608100112,   2.570,   3.148,9999.000,9999.000,9999.000,9999.000,9999.000,9999.000,9999.000
202608100118,   2.602,   3.197,9999.000,9999.000,9999.000,9999.000,9999.000,9999.000,9999.000
202608100124,   2.637,   3.240,9999.000,9999.000,9999.000,9999.000,9999.000,9999.000,9999.000
202608100130,   2.676,   3.289,9999.000,9999.000,9999.000,9999.000,9999.000,9999.000,9999.000
202608100136,   2.720,   3.348,9999.000,9999.000,9999.000,9999.000,9999.000,9999.000,9999.000
202608100142,   2.767,   3.407,9999.000,9999.000,9999.000,9999.000,9999.000,9999.000,9999.000
202608100148,   2.819,   3.470,9999.000,9999.000,9999.000,9999.000,9999.000,9999.000,9999.000
202608100154,   2.875,   3.539,9999.000,9999.000,9999.000,9999.000,9999.000,9999.000,9999.000
202608100200,   2.935,   3.598,   0.500,   0.163,   3.598,   0.500,   3.598,   0.600,   3.698
202608100206,   3.000,   3.680,9999.000,9999.000,9999.000,9999.000,9999.000,9999.000,9999.000
202608100212,   3.068,   3.749,9999.000,9999.000,9999.000,9999.000,9999.000,9999.000,9999.000
202608100218,   3.140,   3.837,9999.000,9999.000,9999.000,9999.000,9999.000,9999.000,9999.000
202608100224,   3.215,   3.929,9999.000,9999.000,9999.000,9999.000,9999.000,9999.000,9999.000
202608100230,   3.294,   4.017,9999.000,9999.000,9999.000,9999.000,9999.000,9999.000,9999.000
202608100236,   3.376,   4.109,9999.000,9999.000,9999.000,9999.000,9999.000,9999.000,9999.000
202608100242,   3.461,   4.198,9999.000,9999.000,9999.000,9999.000,9999.000,9999.000,9999.000
202608100248,   3.549,   4.300,9999.000,9999.000,9999.000,9999.000,9999.000,9999.000,9999.000
202608100254,   3.639,   4.398,9999.000,9999.000,9999.000,9999.000,9999.000,9999.000,9999.000
202608100300,   3.731,   4.500,   0.500,   0.269,   4.500,   0.500,   4.500,   0.600,   4.600
202608100306,   3.825,   4.588,9999.000,9999.000,9999.000,9999.000,9999.000,9999.000,9999.000
202608100312,   3.919,   4.677,9999.000,9999.000,9999.000,9999.000,9999.000,9999.000,9999.000
202608100318,   4.015,   4.769,9999.000,9999.000,9999.000,9999.000,9999.000,9999.000,9999.000
202608100324,   4.111,   4.837,9999.000,9999.000,9999.000,9999.000,9999.000,9999.000,9999.000
202608100330,   4.206,   4.919,9999.000,9999.000,9999.000,9999.000,9999.000,9999.000,9999.000
202608100336,   4.302,   5.008,9999.000,9999.000,9999.000,9999.000,9999.000,9999.000,9999.000
202608100342,   4.397,   5.087,9999.000,9999.000,9999.000,9999.000,9999.000,9999.000,9999.000
202608100348,   4.490,   5.179,9999.000,9999.000,9999.000,9999.000,9999.000,9999.000,9999.000
202608100354,   4.582,   5.267,9999.000,9999.000,9999.000,9999.000,9999.000,9999.000,9999.000
202608100400,   4.672,   5.359,   0.600,   0.087,   5.359,   0.500,   5.259,   0.600,   5.359
202608100406,   4.760,   5.418,9999.000,9999.000,9999.000,9999.000,9999.000,9999.000,9999.000
202608100412,   4.845,   5.477,9999.000,9999.000,9999.000,9999.000,9999.000,9999.000,9999.000
202608100418,   4.927,   5.549,9999.000,9999.000,9999.000,9999.000,9999.000,9999.000,9999.000
202608100424,   5.007,   5.628,9999.000,9999.000,9999.000,9999.000,9999.000,9999.000,9999.000
202608100430,   5.083,   5.677,9999.000,9999.000,9999.000,9999.000,9999.000,9999.000,9999.000
202608100436,   5.155,   5.739,9999.000,9999.000,9999.000,9999.000,9999.000,9999.000,9999.000
202608100442,   5.224,   5.789,9999.000,9999.000,9999.000,9999.000,9999.000,9999.000,9999.000
202608100448,   5.288,   5.848,9999.000,9999.000,9999.000,9999.000,9999.000,9999.000,9999.000
202608100454,   5.349,   5.897,9999.000,9999.000,9999.000,9999.000,9999.000,9999.000,9999.000
202608100500,   5.406,   5.926,   0.600,  -0.080,   5.926,   0.600,   5.926,   0.600,   5.926
202608100506,   5.459,   5.969,9999.000,9999.000,9999.000,9999.000,9999.000,9999.000,9999.000
202608100512,   5.507,   6.018,9999.000,9999.000,9999.000,9999.000,9999.000,9999.000,9999.000
202608100518,   5.551,   6.058,9999.000,9999.000,9999.000,9999.000,9999.000,9999.000,9999.000
202608100524,   5.591,   6.107,9999.000,9999.000,9999.000,9999.000,9999.000,9999.000,9999.000
202608100530,   5.626,   6.127,9999.000,9999.000,9999.000,9999.000,9999.000,9999.000,9999.000
202608100536,   5.658,   6.159,9999.000,9999.000,9999.000,9999.000,9999.000,9999.000,9999.000
202608100542,   5.685,   6.179,9999.000,9999.000,9999.000,9999.000,9999.000,9999.000,9999.000
202608100548,   5.707,   6.218,9999.000,9999.000,9999.000,9999.000,9999.000,9999.000,9999.000
202608100554,   5.726,   6.238,9999.000,9999.000,9999.000,9999.000,9999.000,9999.000,9999.000
202608100600,   5.740,   6.248,   0.700,  -0.192,   6.248,   0.700,   6.248,   0.700,   6.248
202608100606,   5.750,   6.258,9999.000,9999.000,9999.000,9999.000,9999.000,9999.000,9999.000
202608100612,   5.756,   6.277,9999.000,9999.000,9999.000,9999.000,9999.000,9999.000,9999.000
202608100618,   5.758,   6.287,9999.000,9999.000,9999.000,9999.000,9999.000,9999.000,9999.000
202608100624,   5.755,   6.297,9999.000,9999.000,9999.000,9999.000,9999.000,9999.000,9999.000
202608100630,   5.748,   6.307,9999.000,9999.000,9999.000,9999.000,9999.000,9999.000,9999.000
202608100636,   5.737,   6.317,9999.000,9999.000,9999.000,9999.000,9999.000,9999.000,9999.000
202608100642,   5.722,   6.317,9999.000,9999.000,9999.000,9999.000,9999.000,9999.000,9999.000
202608100648,   5.703,   6.307,9999.000,9999.000,9999.000,9999.000,9999.000,9999.000,9999.000
202608100654,   5.679,   6.307,9999.000,9999.000,9999.000,9999.000,9999.000,9999.000,9999.000
202608100700,   5.652,   6.277,   0.700,  -0.075,   6.277,   0.700,   6.277,   0.700,   6.277
202608100706,   5.620,   6.258,9999.000,9999.000,9999.000,9999.000,9999.000,9999.000,9999.000
202608100712,   5.584,9999.000,9999.000,9999.000,9999.000,9999.000,9999.000,9999.000,9999.000
202608100718,   5.544,   6.209,9999.000,9999.000,9999.000,9999.000,9999.000,9999.000,9999.000
202608100724,   5.500,9999.000,9999.000,9999.000,9999.000,9999.000,9999.000,9999.000,9999.000
202608100730,   5.452,9999.000,9999.000,9999.000,9999.000,9999.000,9999.000,9999.000,9999.000
202608100736,   5.399,   6.058,9999.000,9999.000,9999.000,9999.000,9999.000,9999.000,9999.000
202608100742,   5.343,9999.000,9999.000,9999.000,9999.000,9999.000,9999.000,9999.000,9999.000
202608100748,   5.283,   5.940,9999.000,9999.000,9999.000,9999.000,9999.000,9999.000,9999.000
202608100754,   5.219,   5.316,9999.000,9999.000,9999.000,9999.000,9999.000,9999.000,9999.000
202608100800,   5.152,   5.799,   0.700,  -0.053,   5.799,   0.700,   5.799,   0.700,   5.799
202608100806,   5.081,9999.000,9999.000,9999.000,9999.000,9999.000,9999.000,9999.000,9999.000
202608100812,   5.006,   5.638,9999.000,9999.000,9999.000,9999.000,9999.000,9999.000,9999.000
202608100818,   4.928,   5.530,9999.000,9999.000,9999.000,9999.000,9999.000,9999.000,9999.000
202608100824,   4.847,   5.428,9999.000,9999.000,9999.000,9999.000,9999.000,9999.000,9999.000
202608100830,   4.763,   5.320,9999.000,9999.000,9999.000,9999.000,9999.000,9999.000,9999.000
202608100836,   4.676,   5.188,9999.000,9999.000,9999.000,9999.000,9999.000,9999.000,9999.000
202608100842,   4.586,   5.097,9999.000,9999.000,9999.000,9999.000,9999.000,9999.000,9999.000
202608100848,   4.494,9999.000,9999.000,9999.000,9999.000,9999.000,9999.000,9999.000,9999.000
202608100854,   4.399,   4.857,9999.000,9999.000,9999.000,9999.000,9999.000,9999.000,9999.000
202608100900,   4.303,   4.759,   0.700,  -0.244,   4.759,   0.700,   4.759,   0.700,   4.759
202608100906,   4.204,   4.637,9999.000,9999.000,9999.000,9999.000,9999.000,9999.000,9999.000
202608100912,   4.104,   4.500,9999.000,9999.000,9999.000,9999.000,9999.000,9999.000,9999.000
202608100918,   4.003,9999.000,9999.000,9999.000,9999.000,9999.000,9999.000,9999.000,9999.000
202608100924,   3.900,   4.280,9999.000,9999.000,9999.000,9999.000,9999.000,9999.000,9999.000
202608100930,   3.797,   4.178,9999.000,9999.000,9999.000,9999.000,9999.000,9999.000,9999.000
202608100936,   3.693,   4.047,9999.000,9999.000,9999.000,9999.000,9999.000,9999.000,9999.000
202608100942,   3.588,   3.929,9999.000,9999.000,9999.000,9999.000,9999.000,9999.000,9999.000
202608100948,   3.483,   3.827,9999.000,9999.000,9999.000,9999.000,9999.000,9999.000,9999.000
202608100954,   3.378,   3.719,9999.000,9999.000,9999.000,9999.000,9999.000,9999.000,9999.000
202608101000,   3.273,   3.617,   0.700,  -0.356,   3.617,   0.700,   3.617,   0.700,   3.617
202608101006,   3.168,9999.000,9999.000,9999.000,9999.000,9999.000,9999.000,9999.000,9999.000
202608101012,   3.063,   3.440,9999.000,9999.000,9999.000,9999.000,9999.000,9999.000,9999.000
202608101018,   2.959,   3.329,9999.000,9999.000,9999.000,9999.000,9999.000,9999.000,9999.000
202608101024,   2.856,   3.240,9999.000,9999.000,9999.000,9999.000,9999.000,9999.000,9999.000
202608101030,   2.754,   3.158,9999.000,9999.000,9999.000,9999.000,9999.000,9999.000,9999.000
202608101036,   2.652,   3.060,9999.000,9999.000,9999.000,9999.000,9999.000,9999.000,9999.000
202608101042,   2.552,   2.978,9999.000,9999.000,9999.000,9999.000,9999.000,9999.000,9999.000
202608101048,   2.453,   2.909,9999.000,9999.000,9999.000,9999.000,9999.000,9999.000,9999.000
202608101054,   2.355,   2.820,9999.000,9999.000,9999.000,9999.000,9999.000,9999.000,9999.000
202608101100,   2.258,   2.748,   0.700,  -0.210,   2.748,   0.700,   2.748,   0.700,   2.748
202608101106,   2.162,   2.679,9999.000,9999.000,9999.000,9999.000,9999.000,9999.000,9999.000
202608101112,   2.068,   2.597,9999.000,9999.000,9999.000,9999.000,9999.000,9999.000,9999.000
202608101118,   1.975,9999.000,9999.000,9999.000,9999.000,9999.000,9999.000,9999.000,9999.000
202608101124,   1.883,   2.450,9999.000,9999.000,9999.000,9999.000,9999.000,9999.000,9999.000
202608101130,   1.792,   2.387,9999.000,9999.000,9999.000,9999.000,9999.000,9999.000,9999.000
202608101136,   1.703,9999.000,9999.000,9999.000,9999.000,9999.000,9999.000,9999.000,9999.000
202608101142,   1.614,9999.000,9999.000,9999.000,9999.000,9999.000,9999.000,9999.000,9999.000
202608101148,   1.528,   2.177,9999.000,9999.000,9999.000,9999.000,9999.000,9999.000,9999.000
202608101154,   1.442,   2.109,9999.000,9999.000,9999.000,9999.000,9999.000,9999.000,9999.000
202608101200,   1.357,   2.040,   0.600,   0.083,   2.040,   0.600,   2.040,   0.600,   2.040
202608101206,   1.274,   1.967,9999.000,9999.000,9999.000,9999.000,9999.000,9999.000,9999.000
202608101212,   1.192,   1.889,9999.000,9999.000,9999.000,9999.000,9999.000,9999.000,9999.000
202608101218,   1.111,   1.830,9999.000,9999.000,9999.000,9999.000,9999.000,9999.000,9999.000
202608101224,   1.032,   1.758,9999.000,9999.000,9999.000,9999.000,9999.000,9999.000,9999.000
202608101230,   0.953,   1.708,9999.000,9999.000,9999.000,9999.000,9999.000,9999.000,9999.000
202608101236,   0.877,   1.639,9999.000,9999.000,9999.000,9999.000,9999.000,9999.000,9999.000
202608101242,   0.801,   1.557,9999.000,9999.000,9999.000,9999.000,9999.000,9999.000,9999.000
202608101248,   0.728,   1.489,9999.000,9999.000,9999.000,9999.000,9999.000,9999.000,9999.000
202608101254,   0.656,   1.430,9999.000,9999.000,9999.000,9999.000,9999.000,9999.000,9999.000
202608101300,   0.586,   1.361,   0.600,   0.175,   1.361,   0.600,   1.361,   0.600,   1.361
202608101306,   0.519,   1.289,9999.000,9999.000,9999.000,9999.000,9999.000,9999.000,9999.000
202608101312,   0.454,   1.229,9999.000,9999.000,9999.000,9999.000,9999.000,9999.000,9999.000
202608101318,   0.391,   1.161,9999.000,9999.000,9999.000,9999.000,9999.000,9999.000,9999.000
202608101324,   0.331,   1.098,9999.000,9999.000,9999.000,9999.000,9999.000,9999.000,9999.000
202608101330,   0.274,   1.049,9999.000,9999.000,9999.000,9999.000,9999.000,9999.000,9999.000
202608101336,   0.221,   0.980,9999.000,9999.000,9999.000,9999.000,9999.000,9999.000,9999.000
202608101342,   0.171,   0.908,9999.000,9999.000,9999.000,9999.000,9999.000,9999.000,9999.000
202608101348,   0.125,   0.859,9999.000,9999.000,9999.000,9999.000,9999.000,9999.000,9999.000
202608101354,   0.084,   0.800,9999.000,9999.000,9999.000,9999.000,9999.000,9999.000,9999.000
202608101400,   0.046,   0.751,   0.600,   0.105,   0.751,   0.600,   0.751,   0.600,   0.751
202608101406,   0.014,   0.708,9999.000,9999.000,9999.000,9999.000,9999.000,9999.000,9999.000
202608101412,  -0.013,   0.659,9999.000,9999.000,9999.000,9999.000,9999.000,9999.000,9999.000
202608101418,  -0.036,   0.619,9999.000,9999.000,9999.000,9999.000,9999.000,9999.000,9999.000
202608101424,  -0.053,   0.580,9999.000,9999.000,9999.000,9999.000,9999.000,9999.000,9999.000
202608101430,  -0.065,   0.551,9999.000,9999.000,9999.000,9999.000,9999.000,9999.000,9999.000
202608101436,  -0.071,   0.508,9999.000,9999.000,9999.000,9999.000,9999.000,9999.000,9999.000
202608101442,  -0.071,   0.498,9999.000,9999.000,9999.000,9999.000,9999.000,9999.000,9999.000
202608101448,  -0.066,   0.469,9999.000,9999.000,9999.000,9999.000,9999.000,9999.000,9999.000
202608101454,  -0.054,   0.491,9999.000,9999.000,9999.000,9999.000,9999.000,9999.000,9999.000
202608101500,  -0.037,   0.429,   0.600,  -0.134,   0.429,   0.600,   0.429,   0.600,   0.429
202608101506,  -0.014,   0.419,9999.000,9999.000,9999.000,9999.000,9999.000,9999.000,9999.000
202608101512,   0.014,   0.439,9999.000,9999.000,9999.000,9999.000,9999.000,9999.000,9999.000
202608101518,   0.048,   0.449,9999.000,9999.000,9999.000,9999.000,9999.000,9999.000,9999.000
202608101524,   0.088,   0.459,9999.000,9999.000,9999.000,9999.000,9999.000,9999.000,9999.000
202608101530,   0.134,   0.488,9999.000,9999.000,9999.000,9999.000,9999.000,9999.000,9999.000
202608101536,   0.184,   0.531,9999.000,9999.000,9999.000,9999.000,9999.000,9999.000,9999.000
202608101542,   0.240,   0.580,9999.000,9999.000,9999.000,9999.000,9999.000,9999.000,9999.000
202608101548,   0.300,   0.639,9999.000,9999.000,9999.000,9999.000,9999.000,9999.000,9999.000
202608101554,   0.366,   0.688,9999.000,9999.000,9999.000,9999.000,9999.000,9999.000,9999.000
202608101600,   0.435,   0.770,   0.600,  -0.265,   0.770,   0.600,   0.770,   0.600,   0.770
202608101606,   0.508,   0.859,9999.000,9999.000,9999.000,9999.000,9999.000,9999.000,9999.000
202608101612,   0.585,   0.951,9999.000,9999.000,9999.000,9999.000,9999.000,9999.000,9999.000
202608101618,   0.666,   1.049,9999.000,9999.000,9999.000,9999.000,9999.000,9999.000,9999.000
202608101624,   0.749,   1.161,9999.000,9999.000,9999.000,9999.000,9999.000,9999.000,9999.000
202608101630,   0.836,   1.269,9999.000,9999.000,9999.000,9999.000,9999.000,9999.000,9999.000
202608101636,   0.925,   1.390,9999.000,9999.000,9999.000,9999.000,9999.000,9999.000,9999.000
202608101642,   1.017,   1.498,9999.000,9999.000,9999.000,9999.000,9999.000,9999.000,9999.000
202608101648,   1.111,   1.610,9999.000,9999.000,9999.000,9999.000,9999.000,9999.000,9999.000
202608101654,   1.206,   1.738,9999.000,9999.000,9999.000,9999.000,9999.000,9999.000,9999.000
202608101700,   1.304,   1.859,   0.600,  -0.045,   1.859,   0.600,   1.859,   0.600,   1.859
202608101706,   1.402,   2.000,9999.000,9999.000,9999.000,9999.000,9999.000,9999.000,9999.000
202608101712,   1.502,   2.128,9999.000,9999.000,9999.000,9999.000,9999.000,9999.000,9999.000
202608101718,   1.603,   2.269,9999.000,9999.000,9999.000,9999.000,9999.000,9999.000,9999.000
202608101724,   1.704,   2.410,9999.000,9999.000,9999.000,9999.000,9999.000,9999.000,9999.000
202608101730,   1.807,   2.538,9999.000,9999.000,9999.000,9999.000,9999.000,9999.000,9999.000
202608101736,   1.909,   2.669,9999.000,9999.000,9999.000,9999.000,9999.000,9999.000,9999.000
202608101742,   2.012,   2.778,9999.000,9999.000,9999.000,9999.000,9999.000,9999.000,9999.000
202608101748,   2.115,   2.899,9999.000,9999.000,9999.000,9999.000,9999.000,9999.000,9999.000
202608101754,   2.217,   3.017,9999.000,9999.000,9999.000,9999.000,9999.000,9999.000,9999.000
202608101800,   2.319,   3.129,   0.500,   0.310,   3.129,   0.500,   3.129,   0.500,   3.129
202608101806,   2.421,   3.250,9999.000,9999.000,9999.000,9999.000,9999.000,9999.000,9999.000
202608101812,   2.522,   3.358,9999.000,9999.000,9999.000,9999.000,9999.000,9999.000,9999.000
202608101818,   2.622,   3.460,9999.000,9999.000,9999.000,9999.000,9999.000,9999.000,9999.000
202608101824,   2.720,   3.548,9999.000,9999.000,9999.000,9999.000,9999.000,9999.000,9999.000
202608101830,   2.818,   3.650,9999.000,9999.000,9999.000,9999.000,9999.000,9999.000,9999.000
202608101836,   2.913,   3.739,9999.000,9999.000,9999.000,9999.000,9999.000,9999.000,9999.000
202608101842,   3.007,   3.827,9999.000,9999.000,9999.000,9999.000,9999.000,9999.000,9999.000
202608101848,   3.098,9999.000,9999.000,9999.000,9999.000,9999.000,9999.000,9999.000,9999.000
202608101854,   3.187,   3.978,9999.000,9999.000,9999.000,9999.000,9999.000,9999.000,9999.000
202608101900,   3.274,   4.057,   0.500,   0.283,   4.057,   0.500,   4.057,   0.500,   4.057
202608101906,   3.357,   4.119,9999.000,9999.000,9999.000,9999.000,9999.000,9999.000,9999.000
202608101912,   3.438,   4.168,9999.000,9999.000,9999.000,9999.000,9999.000,9999.000,9999.000
202608101918,   3.515,   4.247,9999.000,9999.000,9999.000,9999.000,9999.000,9999.000,9999.000
202608101924,   3.588,   4.300,9999.000,9999.000,9999.000,9999.000,9999.000,9999.000,9999.000
202608101930,   3.657,   4.349,9999.000,9999.000,9999.000,9999.000,9999.000,9999.000,9999.000
202608101936,   3.722,   4.378,9999.000,9999.000,9999.000,9999.000,9999.000,9999.000,9999.000
202608101942,   3.783,   4.437,9999.000,9999.000,9999.000,9999.000,9999.000,9999.000,9999.000
202608101948,   3.840,   4.490,9999.000,9999.000,9999.000,9999.000,9999.000,9999.000,9999.000
202608101954,   3.891,   4.490,9999.000,9999.000,9999.000,9999.000,9999.000,9999.000,9999.000
202608102000,   3.938,   4.539,   0.500,   0.101,   4.539,   0.500,   4.539,   0.500,   4.539
202608102006,   3.979,9999.000,9999.000,9999.000,9999.000,9999.000,9999.000,9999.000,9999.000
202608102012,   4.015,   4.598,9999.000,9999.000,9999.000,9999.000,9999.000,9999.000,9999.000
202608102018,   4.046,   4.618,9999.000,9999.000,9999.000,9999.000,9999.000,9999.000,9999.000
202608102024,   4.072,   4.628,9999.000,9999.000,9999.000,9999.000,9999.000,9999.000,9999.000
202608102030,   4.092,   4.637,9999.000,9999.000,9999.000,9999.000,9999.000,9999.000,9999.000
202608102036,   4.107,9999.000,9999.000,9999.000,9999.000,9999.000,9999.000,9999.000,9999.000
202608102042,   4.116,9999.000,9999.000,9999.000,9999.000,9999.000,9999.000,9999.000,9999.000
202608102048,   4.120,   4.667,9999.000,9999.000,9999.000,9999.000,9999.000,9999.000,9999.000
202608102054,   4.119,   4.667,9999.000,9999.000,9999.000,9999.000,9999.000,9999.000,9999.000
202608102100,   4.113,   4.677,   0.500,   0.064,   4.677,   0.500,   4.677,   0.500,   4.677
202608102106,   4.101,   4.667,9999.000,9999.000,9999.000,9999.000,9999.000,9999.000,9999.000
202608102112,   4.085,9999.000,9999.000,9999.000,9999.000,9999.000,9999.000,9999.000,9999.000
202608102118,   4.064,9999.000,9999.000,9999.000,9999.000,9999.000,9999.000,9999.000,9999.000
202608102124,   4.038,   4.647,9999.000,9999.000,9999.000,9999.000,9999.000,9999.000,9999.000
202608102130,   4.009,   4.628,9999.000,9999.000,9999.000,9999.000,9999.000,9999.000,9999.000
202608102136,   3.975,   4.618,9999.000,9999.000,9999.000,9999.000,9999.000,9999.000,9999.000
202608102142,   3.937,   4.598,9999.000,9999.000,9999.000,9999.000,9999.000,9999.000,9999.000
202608102148,   3.896,   4.569,9999.000,9999.000,9999.000,9999.000,9999.000,9999.000,9999.000
202608102154,   3.852,   4.549,9999.000,9999.000,9999.000,9999.000,9999.000,9999.000,9999.000
202608102200,   3.804,   4.529,   0.500,   0.225,   4.529,   0.500,   4.529,   0.500,   4.529
202608102206,   3.754,   4.490,9999.000,9999.000,9999.000,9999.000,9999.000,9999.000,9999.000
202608102212,   3.702,9999.000,9999.000,9999.000,9999.000,9999.000,9999.000,9999.000,9999.000
202608102218,   3.648,   4.408,9999.000,9999.000,9999.000,9999.000,9999.000,9999.000,9999.000
202608102224,   3.592,   4.359,9999.000,9999.000,9999.000,9999.000,9999.000,9999.000,9999.000
202608102230,   3.535,   4.309,9999.000,9999.000,9999.000,9999.000,9999.000,9999.000,9999.000
202608102236,   3.477,   4.257,9999.000,9999.000,9999.000,9999.000,9999.000,9999.000,9999.000
202608102242,   3.418,   4.198,9999.000,9999.000,9999.000,9999.000,9999.000,9999.000,9999.000
202608102248,   3.359,   4.139,9999.000,9999.000,9999.000,9999.000,9999.000,9999.000,9999.000
202608102254,   3.299,   4.080,9999.000,9999.000,9999.000,9999.000,9999.000,9999.000,9999.000
202608102300,   3.240,   4.027,   0.500,   0.287,   4.027,   0.500,   4.027,   0.500,   4.027
202608102306,   3.181,   3.958,9999.000,9999.000,9999.000,9999.000,9999.000,9999.000,9999.000
202608102312,   3.123,   3.899,9999.000,9999.000,9999.000,9999.000,9999.000,9999.000,9999.000
202608102318,   3.065,   3.808,9999.000,9999.000,9999.000,9999.000,9999.000,9999.000,9999.000
202608102324,   3.009,   3.749,9999.000,9999.000,9999.000,9999.000,9999.000,9999.000,9999.000
202608102330,   2.954,   3.680,9999.000,9999.000,9999.000,9999.000,9999.000,9999.000,9999.000
202608102336,   2.900,   3.598,9999.000,9999.000,9999.000,9999.000,9999.000,9999.000,9999.000
202608102342,   2.848,   3.519,9999.000,9999.000,9999.000,9999.000,9999.000,9999.000,9999.000
202608102348,   2.797,   3.460,9999.000,9999.000,9999.000,9999.000,9999.000,9999.000,9999.000
202608102354,   2.749,   3.378,9999.000,9999.000,9999.000,9999.000,9999.000,9999.000,9999.000
202608110000,   2.703,   3.309,   0.600,   0.006,   3.309,   0.500,   3.209,   0.600,   3.309
202608110006,   2.658,9999.000,9999.000,9999.000,9999.000,9999.000,9999.000,9999.000,9999.000
202608110012,   2.617,   3.168,9999.000,9999.000,9999.000,9999.000,9999.000,9999.000,9999.000
202608110018,   2.577,   3.109,9999.000,9999.000,9999.000,9999.000,9999.000,9999.000,9999.000
202608110024,   2.540,   3.050,9999.000,9999.000,9999.000,9999.000,9999.000,9999.000,9999.000
202608110030,   2.505,   2.997,9999.000,9999.000,9999.000,9999.000,9999.000,9999.000,9999.000
202608110036,   2.473,   2.938,9999.000,9999.000,9999.000,9999.000,9999.000,9999.000,9999.000
202608110042,   2.444,   2.889,9999.000,9999.000,9999.000,9999.000,9999.000,9999.000,9999.000
202608110048,   2.417,   2.850,9999.000,9999.000,9999.000,9999.000,9999.000,9999.000,9999.000
202608110054,   2.394,   2.797,9999.000,9999.000,9999.000,9999.000,9999.000,9999.000,9999.000
202608110100,   2.373,   2.768,   0.600,  -0.205,   2.768,   0.500,   2.668,   0.600,   2.768
202608110106,   2.355,   2.738,9999.000,9999.000,9999.000,9999.000,9999.000,9999.000,9999.000
202608110112,   2.341,   2.719,9999.000,9999.000,9999.000,9999.000,9999.000,9999.000,9999.000
202608110118,   2.330,   2.709,9999.000,9999.000,9999.000,9999.000,9999.000,9999.000,9999.000
202608110124,   2.322,   2.679,9999.000,9999.000,9999.000,9999.000,9999.000,9999.000,9999.000
202608110130,   2.318,   2.679,9999.000,9999.000,9999.000,9999.000,9999.000,9999.000,9999.000
202608110136,   2.317,9999.000,9999.000,9999.000,9999.000,9999.000,9999.000,9999.000,9999.000
202608110142,   2.320,   2.699,9999.000,9999.000,9999.000,9999.000,9999.000,9999.000,9999.000
202608110148,   2.327,   2.719,9999.000,9999.000,9999.000,9999.000,9999.000,9999.000,9999.000
202608110154,   2.339,   2.738,9999.000,9999.000,9999.000,9999.000,9999.000,9999.000,9999.000
202608110200,   2.354,   2.748,   0.600,  -0.206,   2.748,   0.600,   2.748,   0.600,   2.748
202608110206,   2.374,   2.778,9999.000,9999.000,9999.000,9999.000,9999.000,9999.000,9999.000
202608110212,   2.398,   2.807,9999.000,9999.000,9999.000,9999.000,9999.000,9999.000,9999.000
202608110218,   2.427,   2.850,9999.000,9999.000,9999.000,9999.000,9999.000,9999.000,9999.000
202608110224,   2.460,   2.899,9999.000,9999.000,9999.000,9999.000,9999.000,9999.000,9999.000
202608110230,   2.498,   2.948,9999.000,9999.000,9999.000,9999.000,9999.000,9999.000,9999.000
202608110236,   2.541,   3.017,9999.000,9999.000,9999.000,9999.000,9999.000,9999.000,9999.000
202608110242,   2.588,   3.099,9999.000,9999.000,9999.000,9999.000,9999.000,9999.000,9999.000
202608110248,   2.641,   3.178,9999.000,9999.000,9999.000,9999.000,9999.000,9999.000,9999.000
202608110254,   2.698,   3.240,9999.000,9999.000,9999.000,9999.000,9999.000,9999.000,9999.000
202608110300,   2.759,   3.309,   0.600,  -0.050,   3.309,   0.600,   3.309,   0.600,   3.309
202608110306,   2.826,   3.388,9999.000,9999.000,9999.000,9999.000,9999.000,9999.000,9999.000
202608110312,   2.896,   3.480,9999.000,9999.000,9999.000,9999.000,9999.000,9999.000,9999.000
202608110318,   2.971,   3.558,9999.000,9999.000,9999.000,9999.000,9999.000,9999.000,9999.000
202608110324,   3.050,   3.660,9999.000,9999.000,9999.000,9999.000,9999.000,9999.000,9999.000
202608110330,   3.133,   3.749,9999.000,9999.000,9999.000,9999.000,9999.000,9999.000,9999.000
202608110336,   3.219,   3.847,9999.000,9999.000,9999.000,9999.000,9999.000,9999.000,9999.000
202608110342,   3.308,   3.949,9999.000,9999.000,9999.000,9999.000,9999.000,9999.000,9999.000
202608110348,   3.400,   4.047,9999.000,9999.000,9999.000,9999.000,9999.000,9999.000,9999.000
202608110354,   3.495,   4.149,9999.000,9999.000,9999.000,9999.000,9999.000,9999.000,9999.000
202608110400,   3.592,   4.149,   0.600,  -0.043,   4.149,   0.600,   4.149,   0.600,   4.149
202608110406,   3.690,   4.368,9999.000,9999.000,9999.000,9999.000,9999.000,9999.000,9999.000
202608110412,   3.790,   4.490,9999.000,9999.000,9999.000,9999.000,9999.000,9999.000,9999.000
202608110418,   3.891,   4.588,9999.000,9999.000,9999.000,9999.000,9999.000,9999.000,9999.000
202608110424,   3.992,   4.700,9999.000,9999.000,9999.000,9999.000,9999.000,9999.000,9999.000
202608110430,   4.093,   4.778,9999.000,9999.000,9999.000,9999.000,9999.000,9999.000,9999.000
202608110436,   4.194,   4.877,9999.000,9999.000,9999.000,9999.000,9999.000,9999.000,9999.000
202608110442,   4.293,   4.959,9999.000,9999.000,9999.000,9999.000,9999.000,9999.000,9999.000
202608110448,   4.392,   5.047,9999.000,9999.000,9999.000,9999.000,9999.000,9999.000,9999.000
202608110454,   4.489,   5.129,9999.000,9999.000,9999.000,9999.000,9999.000,9999.000,9999.000
202608110500,   4.585,   5.218,   0.600,   0.033,   5.218,   0.600,   5.218,   0.600,   5.218
202608110506,   4.678,   5.307,9999.000,9999.000,9999.000,9999.000,9999.000,9999.000,9999.000
202608110512,   4.768,   5.389,9999.000,9999.000,9999.000,9999.000,9999.000,9999.000,9999.000
202608110518,   4.856,   5.467,9999.000,9999.000,9999.000,9999.000,9999.000,9999.000,9999.000
202608110524,   4.940,   5.539,9999.000,9999.000,9999.000,9999.000,9999.000,9999.000,9999.000
202608110530,   5.022,   5.608,9999.000,9999.000,9999.000,9999.000,9999.000,9999.000,9999.000
202608110536,   5.099,   5.677,9999.000,9999.000,9999.000,9999.000,9999.000,9999.000,9999.000
202608110542,   5.173,   5.730,9999.000,9999.000,9999.000,9999.000,9999.000,9999.000,9999.000
202608110548,   5.244,   5.799,9999.000,9999.000,9999.000,9999.000,9999.000,9999.000,9999.000
202608110554,   5.310,   5.838,9999.000,9999.000,9999.000,9999.000,9999.000,9999.000,9999.000
202608110600,   5.372,   5.887,   0.600,   0.065,   6.037,   0.600,   6.037,   0.600,   6.037
202608110606,   5.430,   5.940,9999.000,9999.000,9999.000,9999.000,9999.000,9999.000,9999.000
202608110612,   5.484,   5.979,9999.000,9999.000,9999.000,9999.000,9999.000,9999.000,9999.000
202608110618,   5.533,   6.018,9999.000,9999.000,9999.000,9999.000,9999.000,9999.000,9999.000
202608110624,   5.578,   6.058,9999.000,9999.000,9999.000,9999.000,9999.000,9999.000,9999.000
202608110630,   5.619,   6.087,9999.000,9999.000,9999.000,9999.000,9999.000,9999.000,9999.000
202608110636,   5.655,   6.117,9999.000,9999.000,9999.000,9999.000,9999.000,9999.000,9999.000
202608110642,   5.687,   6.149,9999.000,9999.000,9999.000,9999.000,9999.000,9999.000,9999.000
202608110648,   5.714,   6.179,9999.000,9999.000,9999.000,9999.000,9999.000,9999.000,9999.000
202608110654,   5.737,   6.199,9999.000,9999.000,9999.000,9999.000,9999.000,9999.000,9999.000
202608110700,   5.756,   6.209,   0.600,  -0.008,   6.348,   0.600,   6.348,   0.600,   6.348
202608110706,   5.770,   6.228,9999.000,9999.000,9999.000,9999.000,9999.000,9999.000,9999.000
202608110712,   5.779,   6.248,9999.000,9999.000,9999.000,9999.000,9999.000,9999.000,9999.000
202608110718,   5.784,   6.268,9999.000,9999.000,9999.000,9999.000,9999.000,9999.000,9999.000
202608110724,   5.784,   6.268,9999.000,9999.000,9999.000,9999.000,9999.000,9999.000,9999.000
202608110730,   5.779,   6.268,9999.000,9999.000,9999.000,9999.000,9999.000,9999.000,9999.000
202608110736,   5.770,   6.268,9999.000,9999.000,9999.000,9999.000,9999.000,9999.000,9999.000
202608110742,   5.757,   6.277,9999.000,9999.000,9999.000,9999.000,9999.000,9999.000,9999.000
202608110748,   5.738,   6.268,9999.000,9999.000,9999.000,9999.000,9999.000,9999.000,9999.000
202608110754,   5.715,   6.248,9999.000,9999.000,9999.000,9999.000,9999.000,9999.000,9999.000
202608110800,   5.687,   6.218,   0.600,  -0.147,   6.140,   0.600,   6.140,   0.600,   6.140
202608110806,   5.655,   6.199,9999.000,9999.000,9999.000,9999.000,9999.000,9999.000,9999.000
202608110812,   5.618,9999.000,9999.000,9999.000,9999.000,9999.000,9999.000,9999.000,9999.000
202608110818,   5.576,   6.136,9999.000,9999.000,9999.000,9999.000,9999.000,9999.000,9999.000
202608110824,   5.530,   6.097,9999.000,9999.000,9999.000,9999.000,9999.000,9999.000,9999.000
202608110830,   5.480,   6.048,9999.000,9999.000,9999.000,9999.000,9999.000,9999.000,9999.000
202608110836,   5.424,   5.999,9999.000,9999.000,9999.000,9999.000,9999.000,9999.000,9999.000
202608110842,   5.365,   5.926,9999.000,9999.000,9999.000,9999.000,9999.000,9999.000,9999.000
202608110848,   5.301,9999.000,9999.000,9999.000,9999.000,9999.000,9999.000,9999.000,9999.000
202608110854,   5.233,   5.808,9999.000,9999.000,9999.000,9999.000,9999.000,9999.000,9999.000
202608110900,   5.161,   5.739,   0.600,  -0.226,   5.535,   0.600,   5.535,   0.600,   5.535
202608110906,   5.085,   5.638,9999.000,9999.000,9999.000,9999.000,9999.000,9999.000,9999.000
202608110912,   5.005,   5.559,9999.000,9999.000,9999.000,9999.000,9999.000,9999.000,9999.000
202608110918,   4.921,   5.457,9999.000,9999.000,9999.000,9999.000,9999.000,9999.000,9999.000
202608110924,   4.834,   5.339,9999.000,9999.000,9999.000,9999.000,9999.000,9999.000,9999.000
202608110930,   4.744,   5.228,9999.000,9999.000,9999.000,9999.000,9999.000,9999.000,9999.000
202608110936,   4.651,   5.120,9999.000,9999.000,9999.000,9999.000,9999.000,9999.000,9999.000
202608110942,   4.555,   5.018,9999.000,9999.000,9999.000,9999.000,9999.000,9999.000,9999.000
202608110948,   4.457,   4.887,9999.000,9999.000,9999.000,9999.000,9999.000,9999.000,9999.000
202608110954,   4.356,   4.749,9999.000,9999.000,9999.000,9999.000,9999.000,9999.000,9999.000
202608111000,   4.253,   4.637,   0.600,  -0.230,   4.623,   0.600,   4.623,   0.600,   4.623
202608111006,   4.148,   4.529,9999.000,9999.000,9999.000,9999.000,9999.000,9999.000,9999.000
202608111012,   4.042,   4.398,9999.000,9999.000,9999.000,9999.000,9999.000,9999.000,9999.000
202608111018,   3.934,   4.257,9999.000,9999.000,9999.000,9999.000,9999.000,9999.000,9999.000
202608111024,   3.825,   4.149,9999.000,9999.000,9999.000,9999.000,9999.000,9999.000,9999.000
202608111030,   3.715,   4.027,9999.000,9999.000,9999.000,9999.000,9999.000,9999.000,9999.000
202608111036,   3.604,9999.000,9999.000,9999.000,9999.000,9999.000,9999.000,9999.000,9999.000
202608111042,   3.493,   3.788,9999.000,9999.000,9999.000,9999.000,9999.000,9999.000,9999.000
202608111048,   3.382,9999.000,9999.000,9999.000,9999.000,9999.000,9999.000,9999.000,9999.000
202608111054,   3.270,   3.558,9999.000,9999.000,9999.000,9999.000,9999.000,9999.000,9999.000
202608111100,   3.159,   3.450,   0.600,  -0.239,   3.520,   0.600,   3.520,   0.600,   3.520
202608111106,   3.048,   3.368,9999.000,9999.000,9999.000,9999.000,9999.000,9999.000,9999.000
202608111112,   2.937,9999.000,9999.000,9999.000,9999.000,9999.000,9999.000,9999.000,9999.000
202608111118,   2.827,   3.168,9999.000,9999.000,9999.000,9999.000,9999.000,9999.000,9999.000
202608111124,   2.718,   3.079,9999.000,9999.000,9999.000,9999.000,9999.000,9999.000,9999.000
202608111130,   2.610,   2.968,9999.000,9999.000,9999.000,9999.000,9999.000,9999.000,9999.000
202608111136,   2.503,   2.879,9999.000,9999.000,9999.000,9999.000,9999.000,9999.000,9999.000
202608111142,   2.396,   2.797,9999.000,9999.000,9999.000,9999.000,9999.000,9999.000,9999.000
202608111148,   2.291,9999.000,9999.000,9999.000,9999.000,9999.000,9999.000,9999.000,9999.000
202608111154,   2.187,   2.620,9999.000,9999.000,9999.000,9999.000,9999.000,9999.000,9999.000
202608111200,   2.085,   2.620,   0.600,  -0.273,   2.412,   0.600,   2.412,   0.600,   2.412
202608111206,   1.983,9999.000,9999.000,9999.000,9999.000,9999.000,9999.000,9999.000,9999.000
202608111212,   1.883,9999.000,9999.000,9999.000,9999.000,9999.000,9999.000,9999.000,9999.000
202608111218,   1.784,9999.000,9999.000,9999.000,9999.000,9999.000,9999.000,9999.000,9999.000
202608111224,   1.687,9999.000,9999.000,9999.000,9999.000,9999.000,9999.000,9999.000,9999.000
202608111230,   1.591,9999.000,9999.000,9999.000,9999.000,9999.000,9999.000,9999.000,9999.000
202608111236,   1.496,9999.000,9999.000,9999.000,9999.000,9999.000,9999.000,9999.000,9999.000
202608111242,   1.402,9999.000,9999.000,9999.000,9999.000,9999.000,9999.000,9999.000,9999.000
202608111248,   1.310,9999.000,9999.000,9999.000,9999.000,9999.000,9999.000,9999.000,9999.000
202608111254,   1.219,9999.000,9999.000,9999.000,9999.000,9999.000,9999.000,9999.000,9999.000
202608111300,   1.130,9999.000,   0.600,  -0.256,   1.474,   0.600,   1.474,   0.600,   1.474
202608111306,   1.042,9999.000,9999.000,9999.000,9999.000,9999.000,9999.000,9999.000,9999.000
202608111312,   0.956,9999.000,9999.000,9999.000,9999.000,9999.000,9999.000,9999.000,9999.000
202608111318,   0.872,9999.000,9999.000,9999.000,9999.000,9999.000,9999.000,9999.000,9999.000
202608111324,   0.789,9999.000,9999.000,9999.000,9999.000,9999.000,9999.000,9999.000,9999.000
202608111330,   0.707,9999.000,9999.000,9999.000,9999.000,9999.000,9999.000,9999.000,9999.000
202608111336,   0.628,9999.000,9999.000,9999.000,9999.000,9999.000,9999.000,9999.000,9999.000
202608111342,   0.551,9999.000,9999.000,9999.000,9999.000,9999.000,9999.000,9999.000,9999.000
202608111348,   0.476,9999.000,9999.000,9999.000,9999.000,9999.000,9999.000,9999.000,9999.000
202608111354,   0.404,9999.000,9999.000,9999.000,9999.000,9999.000,9999.000,9999.000,9999.000
202608111400,   0.334,9999.000,   0.600,  -0.144,   0.790,   0.600,   0.790,   0.600,   0.790
202608111406,   0.268,9999.000,9999.000,9999.000,9999.000,9999.000,9999.000,9999.000,9999.000
202608111412,   0.204,9999.000,9999.000,9999.000,9999.000,9999.000,9999.000,9999.000,9999.000
202608111418,   0.144,9999.000,9999.000,9999.000,9999.000,9999.000,9999.000,9999.000,9999.000
202608111424,   0.088,9999.000,9999.000,9999.000,9999.000,9999.000,9999.000,9999.000,9999.000
202608111430,   0.036,9999.000,9999.000,9999.000,9999.000,9999.000,9999.000,9999.000,9999.000
202608111436,  -0.011,9999.000,9999.000,9999.000,9999.000,9999.000,9999.000,9999.000,9999.000
202608111442,  -0.055,9999.000,9999.000,9999.000,9999.000,9999.000,9999.000,9999.000,9999.000
202608111448,  -0.093,9999.000,9999.000,9999.000,9999.000,9999.000,9999.000,9999.000,9999.000
202608111454,  -0.127,9999.000,9999.000,9999.000,9999.000,9999.000,9999.000,9999.000,9999.000
202608111500,  -0.155,9999.000,   0.600,  -0.016,   0.429,   0.600,   0.429,   0.600,   0.429
202608111506,  -0.178,9999.000,9999.000,9999.000,9999.000,9999.000,9999.000,9999.000,9999.000
202608111512,  -0.194,9999.000,9999.000,9999.000,9999.000,9999.000,9999.000,9999.000,9999.000
202608111518,  -0.205,9999.000,9999.000,9999.000,9999.000,9999.000,9999.000,9999.000,9999.000
202608111524,  -0.210,9999.000,9999.000,9999.000,9999.000,9999.000,9999.000,9999.000,9999.000
202608111530,  -0.208,9999.000,9999.000,9999.000,9999.000,9999.000,9999.000,9999.000,9999.000
202608111536,  -0.201,9999.000,9999.000,9999.000,9999.000,9999.000,9999.000,9999.000,9999.000
202608111542,  -0.186,9999.000,9999.000,9999.000,9999.000,9999.000,9999.000,9999.000,9999.000
202608111548,  -0.166,9999.000,9999.000,9999.000,9999.000,9999.000,9999.000,9999.000,9999.000
202608111554,  -0.139,9999.000,9999.000,9999.000,9999.000,9999.000,9999.000,9999.000,9999.000
202608111600,  -0.106,9999.000,   0.600,   0.029,   0.523,   0.600,   0.523,   0.600,   0.523
202608111606,  -0.066,9999.000,9999.000,9999.000,9999.000,9999.000,9999.000,9999.000,9999.000
202608111612,  -0.021,9999.000,9999.000,9999.000,9999.000,9999.000,9999.000,9999.000,9999.000
202608111618,   0.029,9999.000,9999.000,9999.000,9999.000,9999.000,9999.000,9999.000,9999.000
202608111624,   0.086,9999.000,9999.000,9999.000,9999.000,9999.000,9999.000,9999.000,9999.000
202608111630,   0.148,9999.000,9999.000,9999.000,9999.000,9999.000,9999.000,9999.000,9999.000
202608111636,   0.216,9999.000,9999.000,9999.000,9999.000,9999.000,9999.000,9999.000,9999.000
202608111642,   0.288,9999.000,9999.000,9999.000,9999.000,9999.000,9999.000,9999.000,9999.000
202608111648,   0.365,9999.000,9999.000,9999.000,9999.000,9999.000,9999.000,9999.000,9999.000
202608111654,   0.447,9999.000,9999.000,9999.000,9999.000,9999.000,9999.000,9999.000,9999.000
202608111700,   0.532,9999.000,   0.600,   0.007,   1.139,   0.600,   1.139,   0.600,   1.139
202608111706,   0.622,9999.000,9999.000,9999.000,9999.000,9999.000,9999.000,9999.000,9999.000
202608111712,   0.714,9999.000,9999.000,9999.000,9999.000,9999.000,9999.000,9999.000,9999.000
202608111718,   0.810,9999.000,9999.000,9999.000,9999.000,9999.000,9999.000,9999.000,9999.000
202608111724,   0.908,9999.000,9999.000,9999.000,9999.000,9999.000,9999.000,9999.000,9999.000
202608111730,   1.009,9999.000,9999.000,9999.000,9999.000,9999.000,9999.000,9999.000,9999.000
202608111736,   1.112,9999.000,9999.000,9999.000,9999.000,9999.000,9999.000,9999.000,9999.000
202608111742,   1.217,9999.000,9999.000,9999.000,9999.000,9999.000,9999.000,9999.000,9999.000
202608111748,   1.324,9999.000,9999.000,9999.000,9999.000,9999.000,9999.000,9999.000,9999.000
202608111754,   1.432,9999.000,9999.000,9999.000,9999.000,9999.000,9999.000,9999.000,9999.000
202608111800,   1.541,9999.000,   0.600,   0.023,   2.164,   0.600,   2.164,   0.600,   2.164
202608111806,   1.651,9999.000,9999.000,9999.000,9999.000,9999.000,9999.000,9999.000,9999.000
202608111812,   1.762,9999.000,9999.000,9999.000,9999.000,9999.000,9999.000,9999.000,9999.000
202608111818,   1.873,9999.000,9999.000,9999.000,9999.000,9999.000,9999.000,9999.000,9999.000
202608111824,   1.984,9999.000,9999.000,9999.000,9999.000,9999.000,9999.000,9999.000,9999.000
202608111830,   2.095,9999.000,9999.000,9999.000,9999.000,9999.000,9999.000,9999.000,9999.000
202608111836,   2.206,9999.000,9999.000,9999.000,9999.000,9999.000,9999.000,9999.000,9999.000
202608111842,   2.316,9999.000,9999.000,9999.000,9999.000,9999.000,9999.000,9999.000,9999.000
202608111848,   2.426,9999.000,9999.000,9999.000,9999.000,9999.000,9999.000,9999.000,9999.000
202608111854,   2.535,9999.000,9999.000,9999.000,9999.000,9999.000,9999.000,9999.000,9999.000
202608111900,   2.642,9999.000,   0.600,   0.123,   3.365,   0.600,   3.365,   0.600,   3.365
202608111906,   2.749,9999.000,9999.000,9999.000,9999.000,9999.000,9999.000,9999.000,9999.000
202608111912,   2.853,9999.000,9999.000,9999.000,9999.000,9999.000,9999.000,9999.000,9999.000
202608111918,   2.956,9999.000,9999.000,9999.000,9999.000,9999.000,9999.000,9999.000,9999.000
202608111924,   3.057,9999.000,9999.000,9999.000,9999.000,9999.000,9999.000,9999.000,9999.000
202608111930,   3.156,9999.000,9999.000,9999.000,9999.000,9999.000,9999.000,9999.000,9999.000
202608111936,   3.252,9999.000,9999.000,9999.000,9999.000,9999.000,9999.000,9999.000,9999.000
202608111942,   3.345,9999.000,9999.000,9999.000,9999.000,9999.000,9999.000,9999.000,9999.000
202608111948,   3.436,9999.000,9999.000,9999.000,9999.000,9999.000,9999.000,9999.000,9999.000
202608111954,   3.523,9999.000,9999.000,9999.000,9999.000,9999.000,9999.000,9999.000,9999.000
202608112000,   3.606,9999.000,   0.600,   0.222,   4.428,   0.600,   4.428,   0.600,   4.428
202608112006,   3.686,9999.000,9999.000,9999.000,9999.000,9999.000,9999.000,9999.000,9999.000
202608112012,   3.762,9999.000,9999.000,9999.000,9999.000,9999.000,9999.000,9999.000,9999.000
202608112018,   3.833,9999.000,9999.000,9999.000,9999.000,9999.000,9999.000,9999.000,9999.000
202608112024,   3.900,9999.000,9999.000,9999.000,9999.000,9999.000,9999.000,9999.000,9999.000
202608112030,   3.962,9999.000,9999.000,9999.000,9999.000,9999.000,9999.000,9999.000,9999.000
202608112036,   4.019,9999.000,9999.000,9999.000,9999.000,9999.000,9999.000,9999.000,9999.000
202608112042,   4.072,9999.000,9999.000,9999.000,9999.000,9999.000,9999.000,9999.000,9999.000
202608112048,   4.119,9999.000,9999.000,9999.000,9999.000,9999.000,9999.000,9999.000,9999.000
202608112054,   4.160,9999.000,9999.000,9999.000,9999.000,9999.000,9999.000,9999.000,9999.000
202608112100,   4.196,9999.000,   0.600,   0.214,   5.010,   0.500,   4.910,   0.600,   5.010
202608112106,   4.227,9999.000,9999.000,9999.000,9999.000,9999.000,9999.000,9999.000,9999.000
202608112112,   4.251,9999.000,9999.000,9999.000,9999.000,9999.000,9999.000,9999.000,9999.000
202608112118,   4.270,9999.000,9999.000,9999.000,9999.000,9999.000,9999.000,9999.000,9999.000
202608112124,   4.284,9999.000,9999.000,9999.000,9999.000,9999.000,9999.000,9999.000,9999.000
202608112130,   4.291,9999.000,9999.000,9999.000,9999.000,9999.000,9999.000,9999.000,9999.000
202608112136,   4.293,9999.000,9999.000,9999.000,9999.000,9999.000,9999.000,9999.000,9999.000
202608112142,   4.290,9999.000,9999.000,9999.000,9999.000,9999.000,9999.000,9999.000,9999.000
202608112148,   4.281,9999.000,9999.000,9999.000,9999.000,9999.000,9999.000,9999.000,9999.000
202608112154,   4.266,9999.000,9999.000,9999.000,9999.000,9999.000,9999.000,9999.000,9999.000
202608112200,   4.246,9999.000,   0.600,   0.110,   4.956,   0.500,   4.856,   0.600,   4.956
202608112206,   4.222,9999.000,9999.000,9999.000,9999.000,9999.000,9999.000,9999.000,9999.000
202608112212,   4.192,9999.000,9999.000,9999.000,9999.000,9999.000,9999.000,9999.000,9999.000
202608112218,   4.158,9999.000,9999.000,9999.000,9999.000,9999.000,9999.000,9999.000,9999.000
202608112224,   4.120,9999.000,9999.000,9999.000,9999.000,9999.000,9999.000,9999.000,9999.000
202608112230,   4.078,9999.000,9999.000,9999.000,9999.000,9999.000,9999.000,9999.000,9999.000
202608112236,   4.031,9999.000,9999.000,9999.000,9999.000,9999.000,9999.000,9999.000,9999.000
202608112242,   3.982,9999.000,9999.000,9999.000,9999.000,9999.000,9999.000,9999.000,9999.000
202608112248,   3.929,9999.000,9999.000,9999.000,9999.000,9999.000,9999.000,9999.000,9999.000
202608112254,   3.873,9999.000,9999.000,9999.000,9999.000,9999.000,9999.000,9999.000,9999.000
202608112300,   3.814,9999.000,   0.600,   0.025,   4.439,   0.500,   4.339,   0.600,   4.439
202608112306,   3.753,9999.000,9999.000,9999.000,9999.000,9999.000,9999.000,9999.000,9999.000
202608112312,   3.691,9999.000,9999.000,9999.000,9999.000,9999.000,9999.000,9999.000,9999.000
202608112318,   3.626,9999.000,9999.000,9999.000,9999.000,9999.000,9999.000,9999.000,9999.000
202608112324,   3.560,9999.000,9999.000,9999.000,9999.000,9999.000,9999.000,9999.000,9999.000
202608112330,   3.494,9999.000,9999.000,9999.000,9999.000,9999.000,9999.000,9999.000,9999.000
202608112336,   3.426,9999.000,9999.000,9999.000,9999.000,9999.000,9999.000,9999.000,9999.000
202608112342,   3.358,9999.000,9999.000,9999.000,9999.000,9999.000,9999.000,9999.000,9999.000
202608112348,   3.290,9999.000,9999.000,9999.000,9999.000,9999.000,9999.000,9999.000,9999.000
202608112354,   3.222,9999.000,9999.000,9999.000,9999.000,9999.000,9999.000,9999.000,9999.000
202608120000,   3.154,9999.000,   0.600,   0.031,   3.785,   0.500,   3.685,   0.600,   3.785
202608120006,   3.087,9999.000,9999.000,9999.000,9999.000,9999.000,9999.000,9999.000,9999.000
202608120012,   3.021,9999.000,9999.000,9999.000,9999.000,9999.000,9999.000,9999.000,9999.000
202608120018,   2.956,9999.000,9999.000,9999.000,9999.000,9999.000,9999.000,9999.000,9999.000
202608120024,   2.892,9999.000,9999.000,9999.000,9999.000,9999.000,9999.000,9999.000,9999.000
202608120030,   2.829,9999.000,9999.000,9999.000,9999.000,9999.000,9999.000,9999.000,9999.000
202608120036,   2.768,9999.000,9999.000,9999.000,9999.000,9999.000,9999.000,9999.000,9999.000
202608120042,   2.709,9999.000,9999.000,9999.000,9999.000,9999.000,9999.000,9999.000,9999.000
202608120048,   2.651,9999.000,9999.000,9999.000,9999.000,9999.000,9999.000,9999.000,9999.000
202608120054,   2.596,9999.000,9999.000,9999.000,9999.000,9999.000,9999.000,9999.000,9999.000
202608120100,   2.543,9999.000,   0.600,   0.061,   3.204,   0.500,   3.104,   0.600,   3.204
202608120106,   2.492,9999.000,9999.000,9999.000,9999.000,9999.000,9999.000,9999.000,9999.000
202608120112,   2.443,9999.000,9999.000,9999.000,9999.000,9999.000,9999.000,9999.000,9999.000
202608120118,   2.397,9999.000,9999.000,9999.000,9999.000,9999.000,9999.000,9999.000,9999.000
202608120124,   2.353,9999.000,9999.000,9999.000,9999.000,9999.000,9999.000,9999.000,9999.000
202608120130,   2.312,9999.000,9999.000,9999.000,9999.000,9999.000,9999.000,9999.000,9999.000
202608120136,   2.273,9999.000,9999.000,9999.000,9999.000,9999.000,9999.000,9999.000,9999.000
202608120142,   2.238,9999.000,9999.000,9999.000,9999.000,9999.000,9999.000,9999.000,9999.000
202608120148,   2.205,9999.000,9999.000,9999.000,9999.000,9999.000,9999.000,9999.000,9999.000
202608120154,   2.176,9999.000,9999.000,9999.000,9999.000,9999.000,9999.000,9999.000,9999.000
202608120200,   2.150,9999.000,   0.600,   0.012,   2.762,   0.500,   2.662,   0.600,   2.762
202608120206,   2.127,9999.000,9999.000,9999.000,9999.000,9999.000,9999.000,9999.000,9999.000
202608120212,   2.108,9999.000,9999.000,9999.000,9999.000,9999.000,9999.000,9999.000,9999.000
202608120218,   2.092,9999.000,9999.000,9999.000,9999.000,9999.000,9999.000,9999.000,9999.000
202608120224,   2.081,9999.000,9999.000,9999.000,9999.000,9999.000,9999.000,9999.000,9999.000
202608120230,   2.073,9999.000,9999.000,9999.000,9999.000,9999.000,9999.000,9999.000,9999.000
202608120236,   2.069,9999.000,9999.000,9999.000,9999.000,9999.000,9999.000,9999.000,9999.000
202608120242,   2.070,9999.000,9999.000,9999.000,9999.000,9999.000,9999.000,9999.000,9999.000
202608120248,   2.075,9999.000,9999.000,9999.000,9999.000,9999.000,9999.000,9999.000,9999.000
202608120254,   2.085,9999.000,9999.000,9999.000,9999.000,9999.000,9999.000,9999.000,9999.000
202608120300,   2.100,9999.000,   0.600,  -0.096,   2.604,   0.500,   2.504,   0.600,   2.604
202608120306,   2.119,9999.000,9999.000,9999.000,9999.000,9999.000,9999.000,9999.000,9999.000
202608120312,   2.144,9999.000,9999.000,9999.000,9999.000,9999.000,9999.000,9999.000,9999.000
202608120318,   2.174,9999.000,9999.000,9999.000,9999.000,9999.000,9999.000,9999.000,9999.000
202608120324,   2.209,9999.000,9999.000,9999.000,9999.000,9999.000,9999.000,9999.000,9999.000
202608120330,   2.249,9999.000,9999.000,9999.000,9999.000,9999.000,9999.000,9999.000,9999.000
202608120336,   2.295,9999.000,9999.000,9999.000,9999.000,9999.000,9999.000,9999.000,9999.000
202608120342,   2.346,9999.000,9999.000,9999.000,9999.000,9999.000,9999.000,9999.000,9999.000
202608120348,   2.402,9999.000,9999.000,9999.000,9999.000,9999.000,9999.000,9999.000,9999.000
202608120354,   2.464,9999.000,9999.000,9999.000,9999.000,9999.000,9999.000,9999.000,9999.000
202608120400,   2.530,9999.000,   0.600,  -0.132,   2.998,   0.500,   2.898,   0.600,   2.998
202608120406,   2.601,9999.000,9999.000,9999.000,9999.000,9999.000,9999.000,9999.000,9999.000
202608120412,   2.678,9999.000,9999.000,9999.000,9999.000,9999.000,9999.000,9999.000,9999.000
202608120418,   2.758,9999.000,9999.000,9999.000,9999.000,9999.000,9999.000,9999.000,9999.000
202608120424,   2.843,9999.000,9999.000,9999.000,9999.000,9999.000,9999.000,9999.000,9999.000
202608120430,   2.932,9999.000,9999.000,9999.000,9999.000,9999.000,9999.000,9999.000,9999.000
202608120436,   3.024,9999.000,9999.000,9999.000,9999.000,9999.000,9999.000,9999.000,9999.000
202608120442,   3.120,9999.000,9999.000,9999.000,9999.000,9999.000,9999.000,9999.000,9999.000
202608120448,   3.218,9999.000,9999.000,9999.000,9999.000,9999.000,9999.000,9999.000,9999.000
202608120454,   3.319,9999.000,9999.000,9999.000,9999.000,9999.000,9999.000,9999.000,9999.000
202608120500,   3.422,9999.000,   0.600,  -0.043,   3.979,   0.500,   3.879,   0.600,   3.979
202608120506,   3.527,9999.000,9999.000,9999.000,9999.000,9999.000,9999.000,9999.000,9999.000
202608120512,   3.633,9999.000,9999.000,9999.000,9999.000,9999.000,9999.000,9999.000,9999.000
202608120518,   3.739,9999.000,9999.000,9999.000,9999.000,9999.000,9999.000,9999.000,9999.000
202608120524,   3.846,9999.000,9999.000,9999.000,9999.000,9999.000,9999.000,9999.000,9999.000
202608120530,   3.953,9999.000,9999.000,9999.000,9999.000,9999.000,9999.000,9999.000,9999.000
202608120536,   4.059,9999.000,9999.000,9999.000,9999.000,9999.000,9999.000,9999.000,9999.000
202608120542,   4.164,9999.000,9999.000,9999.000,9999.000,9999.000,9999.000,9999.000,9999.000
202608120548,   4.267,9999.000,9999.000,9999.000,9999.000,9999.000,9999.000,9999.000,9999.000
202608120554,   4.369,9999.000,9999.000,9999.000,9999.000,9999.000,9999.000,9999.000,9999.000
202608120600,   4.469,9999.000,   0.600,   0.059,   5.128,   0.600,   5.128,   0.600,   5.128
202608120606,   4.566,9999.000,9999.000,9999.000,9999.000,9999.000,9999.000,9999.000,9999.000
202608120612,   4.661,9999.000,9999.000,9999.000,9999.000,9999.000,9999.000,9999.000,9999.000
202608120618,   4.753,9999.000,9999.000,9999.000,9999.000,9999.000,9999.000,9999.000,9999.000
202608120624,   4.841,9999.000,9999.000,9999.000,9999.000,9999.000,9999.000,9999.000,9999.000
202608120630,   4.926,9999.000,9999.000,9999.000,9999.000,9999.000,9999.000,9999.000,9999.000
202608120636,   5.007,9999.000,9999.000,9999.000,9999.000,9999.000,9999.000,9999.000,9999.000
202608120642,   5.085,9999.000,9999.000,9999.000,9999.000,9999.000,9999.000,9999.000,9999.000
202608120648,   5.158,9999.000,9999.000,9999.000,9999.000,9999.000,9999.000,9999.000,9999.000
202608120654,   5.227,9999.000,9999.000,9999.000,9999.000,9999.000,9999.000,9999.000,9999.000
202608120700,   5.292,9999.000,   0.600,   0.049,   5.941,   0.600,   5.941,   0.600,   5.941
202608120706,   5.353,9999.000,9999.000,9999.000,9999.000,9999.000,9999.000,9999.000,9999.000
202608120712,   5.409,9999.000,9999.000,9999.000,9999.000,9999.000,9999.000,9999.000,9999.000
202608120718,   5.461,9999.000,9999.000,9999.000,9999.000,9999.000,9999.000,9999.000,9999.000
202608120724,   5.508,9999.000,9999.000,9999.000,9999.000,9999.000,9999.000,9999.000,9999.000
202608120730,   5.551,9999.000,9999.000,9999.000,9999.000,9999.000,9999.000,9999.000,9999.000
202608120736,   5.589,9999.000,9999.000,9999.000,9999.000,9999.000,9999.000,9999.000,9999.000
202608120742,   5.622,9999.000,9999.000,9999.000,9999.000,9999.000,9999.000,9999.000,9999.000
202608120748,   5.650,9999.000,9999.000,9999.000,9999.000,9999.000,9999.000,9999.000,9999.000
202608120754,   5.674,9999.000,9999.000,9999.000,9999.000,9999.000,9999.000,9999.000,9999.000
202608120800,   5.693,9999.000,   0.600,  -0.048,   6.245,   0.600,   6.245,   0.600,   6.245
202608120806,   5.707,9999.000,9999.000,9999.000,9999.000,9999.000,9999.000,9999.000,9999.000
202608120812,   5.715,9999.000,9999.000,9999.000,9999.000,9999.000,9999.000,9999.000,9999.000
202608120818,   5.719,9999.000,9999.000,9999.000,9999.000,9999.000,9999.000,9999.000,9999.000
202608120824,   5.718,9999.000,9999.000,9999.000,9999.000,9999.000,9999.000,9999.000,9999.000
202608120830,   5.712,9999.000,9999.000,9999.000,9999.000,9999.000,9999.000,9999.000,9999.000
202608120836,   5.701,9999.000,9999.000,9999.000,9999.000,9999.000,9999.000,9999.000,9999.000
202608120842,   5.685,9999.000,9999.000,9999.000,9999.000,9999.000,9999.000,9999.000,9999.000
202608120848,   5.664,9999.000,9999.000,9999.000,9999.000,9999.000,9999.000,9999.000,9999.000
202608120854,   5.637,9999.000,9999.000,9999.000,9999.000,9999.000,9999.000,9999.000,9999.000
202608120900,   5.606,9999.000,   0.600,  -0.118,   6.088,   0.600,   6.088,   0.600,   6.088
202608120906,   5.570,9999.000,9999.000,9999.000,9999.000,9999.000,9999.000,9999.000,9999.000
202608120912,   5.528,9999.000,9999.000,9999.000,9999.000,9999.000,9999.000,9999.000,9999.000
202608120918,   5.482,9999.000,9999.000,9999.000,9999.000,9999.000,9999.000,9999.000,9999.000
202608120924,   5.430,9999.000,9999.000,9999.000,9999.000,9999.000,9999.000,9999.000,9999.000
202608120930,   5.374,9999.000,9999.000,9999.000,9999.000,9999.000,9999.000,9999.000,9999.000
202608120936,   5.313,9999.000,9999.000,9999.000,9999.000,9999.000,9999.000,9999.000,9999.000
202608120942,   5.247,9999.000,9999.000,9999.000,9999.000,9999.000,9999.000,9999.000,9999.000
202608120948,   5.177,9999.000,9999.000,9999.000,9999.000,9999.000,9999.000,9999.000,9999.000
202608120954,   5.103,9999.000,9999.000,9999.000,9999.000,9999.000,9999.000,9999.000,9999.000
202608121000,   5.024,9999.000,   0.600,  -0.129,   5.495,   0.600,   5.495,   0.600,   5.495
202608121006,   4.941,9999.000,9999.000,9999.000,9999.000,9999.000,9999.000,9999.000,9999.000
202608121012,   4.855,9999.000,9999.000,9999.000,9999.000,9999.000,9999.000,9999.000,9999.000
202608121018,   4.765,9999.000,9999.000,9999.000,9999.000,9999.000,9999.000,9999.000,9999.000
202608121024,   4.671,9999.000,9999.000,9999.000,9999.000,9999.000,9999.000,9999.000,9999.000
202608121030,   4.574,9999.000,9999.000,9999.000,9999.000,9999.000,9999.000,9999.000,9999.000
202608121036,   4.474,9999.000,9999.000,9999.000,9999.000,9999.000,9999.000,9999.000,9999.000
202608121042,   4.372,9999.000,9999.000,9999.000,9999.000,9999.000,9999.000,9999.000,9999.000
202608121048,   4.267,9999.000,9999.000,9999.000,9999.000,9999.000,9999.000,9999.000,9999.000
202608121054,   4.160,9999.000,9999.000,9999.000,9999.000,9999.000,9999.000,9999.000,9999.000
202608121100,   4.050,9999.000,   0.600,  -0.142,   4.508,   0.500,   4.408,   0.600,   4.508
202608121106,   3.940,9999.000,9999.000,9999.000,9999.000,9999.000,9999.000,9999.000,9999.000
202608121112,   3.827,9999.000,9999.000,9999.000,9999.000,9999.000,9999.000,9999.000,9999.000
202608121118,   3.714,9999.000,9999.000,9999.000,9999.000,9999.000,9999.000,9999.000,9999.000
202608121124,   3.599,9999.000,9999.000,9999.000,9999.000,9999.000,9999.000,9999.000,9999.000
202608121130,   3.484,9999.000,9999.000,9999.000,9999.000,9999.000,9999.000,9999.000,9999.000
202608121136,   3.368,9999.000,9999.000,9999.000,9999.000,9999.000,9999.000,9999.000,9999.000
202608121142,   3.253,9999.000,9999.000,9999.000,9999.000,9999.000,9999.000,9999.000,9999.000
202608121148,   3.137,9999.000,9999.000,9999.000,9999.000,9999.000,9999.000,9999.000,9999.000
202608121154,   3.021,9999.000,9999.000,9999.000,9999.000,9999.000,9999.000,9999.000,9999.000
202608121200,   2.906,9999.000,   0.600,  -0.177,   3.329,   0.500,   3.229,   0.600,   3.329
202608121206,   2.791,9999.000,9999.000,9999.000,9999.000,9999.000,9999.000,9999.000,9999.000
202608121212,   2.677,9999.000,9999.000,9999.000,9999.000,9999.000,9999.000,9999.000,9999.000
202608121218,   2.564,9999.000,9999.000,9999.000,9999.000,9999.000,9999.000,9999.000,9999.000
202608121224,   2.451,9999.000,9999.000,9999.000,9999.000,9999.000,9999.000,9999.000,9999.000
202608121230,   2.340,9999.000,9999.000,9999.000,9999.000,9999.000,9999.000,9999.000,9999.000
202608121236,   2.230,9999.000,9999.000,9999.000,9999.000,9999.000,9999.000,9999.000,9999.000
202608121242,   2.122,9999.000,9999.000,9999.000,9999.000,9999.000,9999.000,9999.000,9999.000
202608121248,   2.014,9999.000,9999.000,9999.000,9999.000,9999.000,9999.000,9999.000,9999.000
202608121254,   1.908,9999.000,9999.000,9999.000,9999.000,9999.000,9999.000,9999.000,9999.000
202608121300,   1.804,9999.000,   0.600,  -0.167,   2.237,   0.500,   2.137,   0.600,   2.237
202608121306,   1.701,9999.000,9999.000,9999.000,9999.000,9999.000,9999.000,9999.000,9999.000
202608121312,   1.600,9999.000,9999.000,9999.000,9999.000,9999.000,9999.000,9999.000,9999.000
202608121318,   1.500,9999.000,9999.000,9999.000,9999.000,9999.000,9999.000,9999.000,9999.000
202608121324,   1.402,9999.000,9999.000,9999.000,9999.000,9999.000,9999.000,9999.000,9999.000
202608121330,   1.306,9999.000,9999.000,9999.000,9999.000,9999.000,9999.000,9999.000,9999.000
202608121336,   1.211,9999.000,9999.000,9999.000,9999.000,9999.000,9999.000,9999.000,9999.000
202608121342,   1.118,9999.000,9999.000,9999.000,9999.000,9999.000,9999.000,9999.000,9999.000
202608121348,   1.026,9999.000,9999.000,9999.000,9999.000,9999.000,9999.000,9999.000,9999.000
202608121354,   0.937,9999.000,9999.000,9999.000,9999.000,9999.000,9999.000,9999.000,9999.000
202608121400,   0.849,9999.000,   0.600,  -0.078,   1.371,   0.600,   1.371,   0.600,   1.371
202608121406,   0.764,9999.000,9999.000,9999.000,9999.000,9999.000,9999.000,9999.000,9999.000
202608121412,   0.680,9999.000,9999.000,9999.000,9999.000,9999.000,9999.000,9999.000,9999.000
202608121418,   0.599,9999.000,9999.000,9999.000,9999.000,9999.000,9999.000,9999.000,9999.000
202608121424,   0.520,9999.000,9999.000,9999.000,9999.000,9999.000,9999.000,9999.000,9999.000
202608121430,   0.444,9999.000,9999.000,9999.000,9999.000,9999.000,9999.000,9999.000,9999.000
202608121436,   0.370,9999.000,9999.000,9999.000,9999.000,9999.000,9999.000,9999.000,9999.000
202608121442,   0.299,9999.000,9999.000,9999.000,9999.000,9999.000,9999.000,9999.000,9999.000
202608121448,   0.231,9999.000,9999.000,9999.000,9999.000,9999.000,9999.000,9999.000,9999.000
202608121454,   0.167,9999.000,9999.000,9999.000,9999.000,9999.000,9999.000,9999.000,9999.000
202608121500,   0.106,9999.000,   0.600,   0.024,   0.730,   0.600,   0.730,   0.600,   0.730
202608121506,   0.049,9999.000,9999.000,9999.000,9999.000,9999.000,9999.000,9999.000,9999.000
202608121512,  -0.003,9999.000,9999.000,9999.000,9999.000,9999.000,9999.000,9999.000,9999.000
202608121518,  -0.051,9999.000,9999.000,9999.000,9999.000,9999.000,9999.000,9999.000,9999.000
202608121524,  -0.095,9999.000,9999.000,9999.000,9999.000,9999.000,9999.000,9999.000,9999.000
202608121530,  -0.134,9999.000,9999.000,9999.000,9999.000,9999.000,9999.000,9999.000,9999.000
202608121536,  -0.167,9999.000,9999.000,9999.000,9999.000,9999.000,9999.000,9999.000,9999.000
202608121542,  -0.195,9999.000,9999.000,9999.000,9999.000,9999.000,9999.000,9999.000,9999.000
202608121548,  -0.218,9999.000,9999.000,9999.000,9999.000,9999.000,9999.000,9999.000,9999.000
202608121554,  -0.235,9999.000,9999.000,9999.000,9999.000,9999.000,9999.000,9999.000,9999.000
202608121600,  -0.245,9999.000,   0.600,   0.056,   0.411,   0.600,   0.411,   0.600,   0.411
202608121606,  -0.249,9999.000,9999.000,9999.000,9999.000,9999.000,9999.000,9999.000,9999.000
202608121612,  -0.247,9999.000,9999.000,9999.000,9999.000,9999.000,9999.000,9999.000,9999.000
202608121618,  -0.238,9999.000,9999.000,9999.000,9999.000,9999.000,9999.000,9999.000,9999.000
202608121624,  -0.223,9999.000,9999.000,9999.000,9999.000,9999.000,9999.000,9999.000,9999.000
202608121630,  -0.201,9999.000,9999.000,9999.000,9999.000,9999.000,9999.000,9999.000,9999.000
202608121636,  -0.172,9999.000,9999.000,9999.000,9999.000,9999.000,9999.000,9999.000,9999.000
202608121642,  -0.137,9999.000,9999.000,9999.000,9999.000,9999.000,9999.000,9999.000,9999.000
202608121648,  -0.096,9999.000,9999.000,9999.000,9999.000,9999.000,9999.000,9999.000,9999.000
202608121654,  -0.048,9999.000,9999.000,9999.000,9999.000,9999.000,9999.000,9999.000,9999.000
202608121700,   0.006,9999.000,   0.600,   0.032,   0.638,   0.600,   0.638,   0.600,   0.638
202608121706,   0.066,9999.000,9999.000,9999.000,9999.000,9999.000,9999.000,9999.000,9999.000
202608121712,   0.132,9999.000,9999.000,9999.000,9999.000,9999.000,9999.000,9999.000,9999.000
202608121718,   0.203,9999.000,9999.000,9999.000,9999.000,9999.000,9999.000,9999.000,9999.000
202608121724,   0.280,9999.000,9999.000,9999.000,9999.000,9999.000,9999.000,9999.000,9999.000
202608121730,   0.362,9999.000,9999.000,9999.000,9999.000,9999.000,9999.000,9999.000,9999.000
202608121736,   0.448,9999.000,9999.000,9999.000,9999.000,9999.000,9999.000,9999.000,9999.000
202608121742,   0.538,9999.000,9999.000,9999.000,9999.000,9999.000,9999.000,9999.000,9999.000
202608121748,   0.633,9999.000,9999.000,9999.000,9999.000,9999.000,9999.000,9999.000,9999.000
202608121754,   0.731,9999.000,9999.000,9999.000,9999.000,9999.000,9999.000,9999.000,9999.000
202608121800,   0.832,9999.000,   0.600,   0.033,   1.465,   0.600,   1.465,   0.600,   1.465
202608121806,   0.937,9999.000,9999.000,9999.000,9999.000,9999.000,9999.000,9999.000,9999.000
202608121812,   1.043,9999.000,9999.000,9999.000,9999.000,9999.000,9999.000,9999.000,9999.000
202608121818,   1.152,9999.000,9999.000,9999.000,9999.000,9999.000,9999.000,9999.000,9999.000
202608121824,   1.263,9999.000,9999.000,9999.000,9999.000,9999.000,9999.000,9999.000,9999.000
202608121830,   1.376,9999.000,9999.000,9999.000,9999.000,9999.000,9999.000,9999.000,9999.000
202608121836,   1.489,9999.000,9999.000,9999.000,9999.000,9999.000,9999.000,9999.000,9999.000
202608121842,   1.604,9999.000,9999.000,9999.000,9999.000,9999.000,9999.000,9999.000,9999.000
202608121848,   1.720,9999.000,9999.000,9999.000,9999.000,9999.000,9999.000,9999.000,9999.000
202608121854,   1.835,9999.000,9999.000,9999.000,9999.000,9999.000,9999.000,9999.000,9999.000
202608121900,   1.951,9999.000,   0.600,   0.093,   2.644,   0.600,   2.644,   0.600,   2.644
202608121906,   2.067,9999.000,9999.000,9999.000,9999.000,9999.000,9999.000,9999.000,9999.000
202608121912,   2.183,9999.000,9999.000,9999.000,9999.000,9999.000,9999.000,9999.000,9999.000
202608121918,   2.297,9999.000,9999.000,9999.000,9999.000,9999.000,9999.000,9999.000,9999.000
202608121924,   2.412,9999.000,9999.000,9999.000,9999.000,9999.000,9999.000,9999.000,9999.000
202608121930,   2.525,9999.000,9999.000,9999.000,9999.000,9999.000,9999.000,9999.000,9999.000
202608121936,   2.637,9999.000,9999.000,9999.000,9999.000,9999.000,9999.000,9999.000,9999.000
202608121942,   2.747,9999.000,9999.000,9999.000,9999.000,9999.000,9999.000,9999.000,9999.000
202608121948,   2.856,9999.000,9999.000,9999.000,9999.000,9999.000,9999.000,9999.000,9999.000
202608121954,   2.963,9999.000,9999.000,9999.000,9999.000,9999.000,9999.000,9999.000,9999.000
202608122000,   3.068,9999.000,   0.600,   0.149,   3.817,   0.600,   3.817,   0.600,   3.817
202608122006,   3.171,9999.000,9999.000,9999.000,9999.000,9999.000,9999.000,9999.000,9999.000
202608122012,   3.271,9999.000,9999.000,9999.000,9999.000,9999.000,9999.000,9999.000,9999.000
202608122018,   3.369,9999.000,9999.000,9999.000,9999.000,9999.000,9999.000,9999.000,9999.000
202608122024,   3.463,9999.000,9999.000,9999.000,9999.000,9999.000,9999.000,9999.000,9999.000
202608122030,   3.555,9999.000,9999.000,9999.000,9999.000,9999.000,9999.000,9999.000,9999.000
202608122036,   3.643,9999.000,9999.000,9999.000,9999.000,9999.000,9999.000,9999.000,9999.000
202608122042,   3.727,9999.000,9999.000,9999.000,9999.000,9999.000,9999.000,9999.000,9999.000
202608122048,   3.807,9999.000,9999.000,9999.000,9999.000,9999.000,9999.000,9999.000,9999.000
202608122054,   3.884,9999.000,9999.000,9999.000,9999.000,9999.000,9999.000,9999.000,9999.000
202608122100,   3.956,9999.000,   0.600,   0.115,   4.671,   0.600,   4.671,   0.600,   4.671
202608122106,   4.023,9999.000,9999.000,9999.000,9999.000,9999.000,9999.000,9999.000,9999.000
202608122112,   4.086,9999.000,9999.000,9999.000,9999.000,9999.000,9999.000,9999.000,9999.000
202608122118,   4.144,9999.000,9999.000,9999.000,9999.000,9999.000,9999.000,9999.000,9999.000
202608122124,   4.196,9999.000,9999.000,9999.000,9999.000,9999.000,9999.000,9999.000,9999.000
202608122130,   4.244,9999.000,9999.000,9999.000,9999.000,9999.000,9999.000,9999.000,9999.000
202608122136,   4.286,9999.000,9999.000,9999.000,9999.000,9999.000,9999.000,9999.000,9999.000
202608122142,   4.322,9999.000,9999.000,9999.000,9999.000,9999.000,9999.000,9999.000,9999.000
202608122148,   4.353,9999.000,9999.000,9999.000,9999.000,9999.000,9999.000,9999.000,9999.000
202608122154,   4.378,9999.000,9999.000,9999.000,9999.000,9999.000,9999.000,9999.000,9999.000
202608122200,   4.397,9999.000,   0.600,  -0.007,   4.990,   0.600,   4.990,   0.600,   4.990
202608122206,   4.411,9999.000,9999.000,9999.000,9999.000,9999.000,9999.000,9999.000,9999.000
202608122212,   4.418,9999.000,9999.000,9999.000,9999.000,9999.000,9999.000,9999.000,9999.000
202608122218,   4.420,9999.000,9999.000,9999.000,9999.000,9999.000,9999.000,9999.000,9999.000
202608122224,   4.416,9999.000,9999.000,9999.000,9999.000,9999.000,9999.000,9999.000,9999.000
202608122230,   4.407,9999.000,9999.000,9999.000,9999.000,9999.000,9999.000,9999.000,9999.000
202608122236,   4.392,9999.000,9999.000,9999.000,9999.000,9999.000,9999.000,9999.000,9999.000
202608122242,   4.371,9999.000,9999.000,9999.000,9999.000,9999.000,9999.000,9999.000,9999.000
202608122248,   4.345,9999.000,9999.000,9999.000,9999.000,9999.000,9999.000,9999.000,9999.000
202608122254,   4.315,9999.000,9999.000,9999.000,9999.000,9999.000,9999.000,9999.000,9999.000
202608122300,   4.279,9999.000,   0.600,  -0.112,   4.767,   0.600,   4.767,   0.600,   4.767
202608122306,   4.239,9999.000,9999.000,9999.000,9999.000,9999.000,9999.000,9999.000,9999.000
202608122312,   4.194,9999.000,9999.000,9999.000,9999.000,9999.000,9999.000,9999.000,9999.000
202608122318,   4.145,9999.000,9999.000,9999.000,9999.000,9999.000,9999.000,9999.000,9999.000
202608122324,   4.092,9999.000,9999.000,9999.000,9999.000,9999.000,9999.000,9999.000,9999.000
202608122330,   4.035,9999.000,9999.000,9999.000,9999.000,9999.000,9999.000,9999.000,9999.000
202608122336,   3.976,9999.000,9999.000,9999.000,9999.000,9999.000,9999.000,9999.000,9999.000
202608122342,   3.913,9999.000,9999.000,9999.000,9999.000,9999.000,9999.000,9999.000,9999.000
202608122348,   3.847,9999.000,9999.000,9999.000,9999.000,9999.000,9999.000,9999.000,9999.000
202608122354,   3.780,9999.000,9999.000,9999.000,9999.000,9999.000,9999.000,9999.000,9999.000
202608130000,   3.710,9999.000,   0.600,  -0.109,   4.201,   0.600,   4.201,   0.600,   4.201
202608130006,   3.638,9999.000,9999.000,9999.000,9999.000,9999.000,9999.000,9999.000,9999.000
202608130012,   3.565,9999.000,9999.000,9999.000,9999.000,9999.000,9999.000,9999.000,9999.000
202608130018,   3.490,9999.000,9999.000,9999.000,9999.000,9999.000,9999.000,9999.000,9999.000
202608130024,   3.415,9999.000,9999.000,9999.000,9999.000,9999.000,9999.000,9999.000,9999.000
202608130030,   3.339,9999.000,9999.000,9999.000,9999.000,9999.000,9999.000,9999.000,9999.000
202608130036,   3.263,9999.000,9999.000,9999.000,9999.000,9999.000,9999.000,9999.000,9999.000
202608130042,   3.187,9999.000,9999.000,9999.000,9999.000,9999.000,9999.000,9999.000,9999.000
202608130048,   3.111,9999.000,9999.000,9999.000,9999.000,9999.000,9999.000,9999.000,9999.000
202608130054,   3.035,9999.000,9999.000,9999.000,9999.000,9999.000,9999.000,9999.000,9999.000
202608130100,   2.961,9999.000,   0.600,  -0.035,   3.526,   0.600,   3.526,   0.600,   3.526
202608130106,   2.887,9999.000,9999.000,9999.000,9999.000,9999.000,9999.000,9999.000,9999.000
202608130112,   2.814,9999.000,9999.000,9999.000,9999.000,9999.000,9999.000,9999.000,9999.000
202608130118,   2.742,9999.000,9999.000,9999.000,9999.000,9999.000,9999.000,9999.000,9999.000
202608130124,   2.672,9999.000,9999.000,9999.000,9999.000,9999.000,9999.000,9999.000,9999.000
202608130130,   2.604,9999.000,9999.000,9999.000,9999.000,9999.000,9999.000,9999.000,9999.000
202608130136,   2.537,9999.000,9999.000,9999.000,9999.000,9999.000,9999.000,9999.000,9999.000
202608130142,   2.472,9999.000,9999.000,9999.000,9999.000,9999.000,9999.000,9999.000,9999.000
202608130148,   2.410,9999.000,9999.000,9999.000,9999.000,9999.000,9999.000,9999.000,9999.000
202608130154,   2.349,9999.000,9999.000,9999.000,9999.000,9999.000,9999.000,9999.000,9999.000
202608130200,   2.291,9999.000,   0.600,  -0.016,   2.875,   0.600,   2.875,   0.600,   2.875
202608130206,   2.235,9999.000,9999.000,9999.000,9999.000,9999.000,9999.000,9999.000,9999.000
202608130212,   2.182,9999.000,9999.000,9999.000,9999.000,9999.000,9999.000,9999.000,9999.000
202608130218,   2.131,9999.000,9999.000,9999.000,9999.000,9999.000,9999.000,9999.000,9999.000
202608130224,   2.083,9999.000,9999.000,9999.000,9999.000,9999.000,9999.000,9999.000,9999.000
202608130230,   2.038,9999.000,9999.000,9999.000,9999.000,9999.000,9999.000,9999.000,9999.000
202608130236,   1.996,9999.000,9999.000,9999.000,9999.000,9999.000,9999.000,9999.000,9999.000
202608130242,   1.957,9999.000,9999.000,9999.000,9999.000,9999.000,9999.000,9999.000,9999.000
202608130248,   1.922,9999.000,9999.000,9999.000,9999.000,9999.000,9999.000,9999.000,9999.000
202608130254,   1.890,9999.000,9999.000,9999.000,9999.000,9999.000,9999.000,9999.000,9999.000
202608130300,   1.861,9999.000,   0.600,  -0.090,   2.371,   0.600,   2.371,   0.700,   2.471
202608130306,   1.836,9999.000,9999.000,9999.000,9999.000,9999.000,9999.000,9999.000,9999.000
202608130312,   1.816,9999.000,9999.000,9999.000,9999.000,9999.000,9999.000,9999.000,9999.000
202608130318,   1.799,9999.000,9999.000,9999.000,9999.000,9999.000,9999.000,9999.000,9999.000
202608130324,   1.787,9999.000,9999.000,9999.000,9999.000,9999.000,9999.000,9999.000,9999.000
202608130330,   1.779,9999.000,9999.000,9999.000,9999.000,9999.000,9999.000,9999.000,9999.000
202608130336,   1.776,9999.000,9999.000,9999.000,9999.000,9999.000,9999.000,9999.000,9999.000
202608130342,   1.778,9999.000,9999.000,9999.000,9999.000,9999.000,9999.000,9999.000,9999.000
202608130348,   1.785,9999.000,9999.000,9999.000,9999.000,9999.000,9999.000,9999.000,9999.000
202608130354,   1.797,9999.000,9999.000,9999.000,9999.000,9999.000,9999.000,9999.000,9999.000
202608130400,   1.814,9999.000,   0.700,  -0.149,   2.365,   0.600,   2.265,   0.700,   2.365
202608130406,   1.837,9999.000,9999.000,9999.000,9999.000,9999.000,9999.000,9999.000,9999.000
202608130412,   1.865,9999.000,9999.000,9999.000,9999.000,9999.000,9999.000,9999.000,9999.000
202608130418,   1.900,9999.000,9999.000,9999.000,9999.000,9999.000,9999.000,9999.000,9999.000
202608130424,   1.939,9999.000,9999.000,9999.000,9999.000,9999.000,9999.000,9999.000,9999.000
202608130430,   1.985,9999.000,9999.000,9999.000,9999.000,9999.000,9999.000,9999.000,9999.000
202608130436,   2.036,9999.000,9999.000,9999.000,9999.000,9999.000,9999.000,9999.000,9999.000
202608130442,   2.093,9999.000,9999.000,9999.000,9999.000,9999.000,9999.000,9999.000,9999.000
202608130448,   2.156,9999.000,9999.000,9999.000,9999.000,9999.000,9999.000,9999.000,9999.000
202608130454,   2.224,9999.000,9999.000,9999.000,9999.000,9999.000,9999.000,9999.000,9999.000
202608130500,   2.297,9999.000,   0.700,  -0.092,   2.905,   0.600,   2.805,   0.700,   2.905
202608130506,   2.375,9999.000,9999.000,9999.000,9999.000,9999.000,9999.000,9999.000,9999.000
202608130512,   2.458,9999.000,9999.000,9999.000,9999.000,9999.000,9999.000,9999.000,9999.000
202608130518,   2.545,9999.000,9999.000,9999.000,9999.000,9999.000,9999.000,9999.000,9999.000
202608130524,   2.637,9999.000,9999.000,9999.000,9999.000,9999.000,9999.000,9999.000,9999.000
202608130530,   2.732,9999.000,9999.000,9999.000,9999.000,9999.000,9999.000,9999.000,9999.000
202608130536,   2.831,9999.000,9999.000,9999.000,9999.000,9999.000,9999.000,9999.000,9999.000
202608130542,   2.933,9999.000,9999.000,9999.000,9999.000,9999.000,9999.000,9999.000,9999.000
202608130548,   3.038,9999.000,9999.000,9999.000,9999.000,9999.000,9999.000,9999.000,9999.000
202608130554,   3.144,9999.000,9999.000,9999.000,9999.000,9999.000,9999.000,9999.000,9999.000
202608130600,   3.252,9999.000,   0.700,   0.026,   3.978,   0.600,   3.878,   0.700,   3.978
202608130606,   3.362,9999.000,9999.000,9999.000,9999.000,9999.000,9999.000,9999.000,9999.000
202608130612,   3.472,9999.000,9999.000,9999.000,9999.000,9999.000,9999.000,9999.000,9999.000
202608130618,   3.583,9999.000,9999.000,9999.000,9999.000,9999.000,9999.000,9999.000,9999.000
202608130624,   3.693,9999.000,9999.000,9999.000,9999.000,9999.000,9999.000,9999.000,9999.000
202608130630,   3.803,9999.000,9999.000,9999.000,9999.000,9999.000,9999.000,9999.000,9999.000
202608130636,   3.912,9999.000,9999.000,9999.000,9999.000,9999.000,9999.000,9999.000,9999.000
202608130642,   4.020,9999.000,9999.000,9999.000,9999.000,9999.000,9999.000,9999.000,9999.000
202608130648,   4.126,9999.000,9999.000,9999.000,9999.000,9999.000,9999.000,9999.000,9999.000
202608130654,   4.229,9999.000,9999.000,9999.000,9999.000,9999.000,9999.000,9999.000,9999.000
202608130700,   4.331,9999.000,   0.700,   0.082,   5.113,   0.600,   5.013,   0.700,   5.113
202608130706,   4.429,9999.000,9999.000,9999.000,9999.000,9999.000,9999.000,9999.000,9999.000
202608130712,   4.524,9999.000,9999.000,9999.000,9999.000,9999.000,9999.000,9999.000,9999.000
202608130718,   4.616,9999.000,9999.000,9999.000,9999.000,9999.000,9999.000,9999.000,9999.000
202608130724,   4.705,9999.000,9999.000,9999.000,9999.000,9999.000,9999.000,9999.000,9999.000
202608130730,   4.790,9999.000,9999.000,9999.000,9999.000,9999.000,9999.000,9999.000,9999.000
202608130736,   4.871,9999.000,9999.000,9999.000,9999.000,9999.000,9999.000,9999.000,9999.000
202608130742,   4.947,9999.000,9999.000,9999.000,9999.000,9999.000,9999.000,9999.000,9999.000
202608130748,   5.020,9999.000,9999.000,9999.000,9999.000,9999.000,9999.000,9999.000,9999.000
202608130754,   5.088,9999.000,9999.000,9999.000,9999.000,9999.000,9999.000,9999.000,9999.000
202608130800,   5.152,9999.000,   0.700,   0.047,   5.899,   0.600,   5.799,   0.700,   5.899
202608130806,   5.211,9999.000,9999.000,9999.000,9999.000,9999.000,9999.000,9999.000,9999.000
202608130812,   5.265,9999.000,9999.000,9999.000,9999.000,9999.000,9999.000,9999.000,9999.000
202608130818,   5.315,9999.000,9999.000,9999.000,9999.000,9999.000,9999.000,9999.000,9999.000
202608130824,   5.360,9999.000,9999.000,9999.000,9999.000,9999.000,9999.000,9999.000,9999.000
202608130830,   5.400,9999.000,9999.000,9999.000,9999.000,9999.000,9999.000,9999.000,9999.000
202608130836,   5.435,9999.000,9999.000,9999.000,9999.000,9999.000,9999.000,9999.000,9999.000
202608130842,   5.465,9999.000,9999.000,9999.000,9999.000,9999.000,9999.000,9999.000,9999.000
202608130848,   5.490,9999.000,9999.000,9999.000,9999.000,9999.000,9999.000,9999.000,9999.000
202608130854,   5.511,9999.000,9999.000,9999.000,9999.000,9999.000,9999.000,9999.000,9999.000
202608130900,   5.526,9999.000,   0.700,  -0.003,   6.223,   0.600,   6.123,   0.700,   6.223
202608130906,   5.535,9999.000,9999.000,9999.000,9999.000,9999.000,9999.000,9999.000,9999.000
202608130912,   5.540,9999.000,9999.000,9999.000,9999.000,9999.000,9999.000,9999.000,9999.000
202608130918,   5.539,9999.000,9999.000,9999.000,9999.000,9999.000,9999.000,9999.000,9999.000
202608130924,   5.534,9999.000,9999.000,9999.000,9999.000,9999.000,9999.000,9999.000,9999.000
202608130930,   5.522,9999.000,9999.000,9999.000,9999.000,9999.000,9999.000,9999.000,9999.000
202608130936,   5.506,9999.000,9999.000,9999.000,9999.000,9999.000,9999.000,9999.000,9999.000
202608130942,   5.484,9999.000,9999.000,9999.000,9999.000,9999.000,9999.000,9999.000,9999.000
202608130948,   5.457,9999.000,9999.000,9999.000,9999.000,9999.000,9999.000,9999.000,9999.000
202608130954,   5.425,9999.000,9999.000,9999.000,9999.000,9999.000,9999.000,9999.000,9999.000
202608131000,   5.387,9999.000,   0.700,  -0.028,   6.059,   0.600,   5.959,   0.700,   6.059
202608131006,   5.344,9999.000,9999.000,9999.000,9999.000,9999.000,9999.000,9999.000,9999.000
202608131012,   5.296,9999.000,9999.000,9999.000,9999.000,9999.000,9999.000,9999.000,9999.000
202608131018,   5.243,9999.000,9999.000,9999.000,9999.000,9999.000,9999.000,9999.000,9999.000
202608131024,   5.185,9999.000,9999.000,9999.000,9999.000,9999.000,9999.000,9999.000,9999.000
202608131030,   5.122,9999.000,9999.000,9999.000,9999.000,9999.000,9999.000,9999.000,9999.000
202608131036,   5.054,9999.000,9999.000,9999.000,9999.000,9999.000,9999.000,9999.000,9999.000
202608131042,   4.981,9999.000,9999.000,9999.000,9999.000,9999.000,9999.000,9999.000,9999.000
202608131048,   4.904,9999.000,9999.000,9999.000,9999.000,9999.000,9999.000,9999.000,9999.000
202608131054,   4.823,9999.000,9999.000,9999.000,9999.000,9999.000,9999.000,9999.000,9999.000
202608131100,   4.738,9999.000,   0.700,  -0.056,   5.382,   0.600,   5.282,   0.700,   5.382
202608131106,   4.649,9999.000,9999.000,9999.000,9999.000,9999.000,9999.000,9999.000,9999.000
202608131112,   4.556,9999.000,9999.000,9999.000,9999.000,9999.000,9999.000,9999.000,9999.000
202608131118,   4.459,9999.000,9999.000,9999.000,9999.000,9999.000,9999.000,9999.000,9999.000
202608131124,   4.360,9999.000,9999.000,9999.000,9999.000,9999.000,9999.000,9999.000,9999.000
202608131130,   4.257,9999.000,9999.000,9999.000,9999.000,9999.000,9999.000,9999.000,9999.000
202608131136,   4.152,9999.000,9999.000,9999.000,9999.000,9999.000,9999.000,9999.000,9999.000
202608131142,   4.044,9999.000,9999.000,9999.000,9999.000,9999.000,9999.000,9999.000,9999.000
202608131148,   3.934,9999.000,9999.000,9999.000,9999.000,9999.000,9999.000,9999.000,9999.000
202608131154,   3.823,9999.000,9999.000,9999.000,9999.000,9999.000,9999.000,9999.000,9999.000
202608131200,   3.709,9999.000,   0.700,  -0.089,   4.320,   0.700,   4.320,   0.700,   4.320
202608131206,   3.595,9999.000,9999.000,9999.000,9999.000,9999.000,9999.000,9999.000,9999.000
202608131212,   3.479,9999.000,9999.000,9999.000,9999.000,9999.000,9999.000,9999.000,9999.000
202608131218,   3.362,9999.000,9999.000,9999.000,9999.000,9999.000,9999.000,9999.000,9999.000
202608131224,   3.245,9999.000,9999.000,9999.000,9999.000,9999.000,9999.000,9999.000,9999.000
202608131230,   3.128,9999.000,9999.000,9999.000,9999.000,9999.000,9999.000,9999.000,9999.000
202608131236,   3.010,9999.000,9999.000,9999.000,9999.000,9999.000,9999.000,9999.000,9999.000
202608131242,   2.893,9999.000,9999.000,9999.000,9999.000,9999.000,9999.000,9999.000,9999.000
202608131248,   2.776,9999.000,9999.000,9999.000,9999.000,9999.000,9999.000,9999.000,9999.000
202608131254,   2.660,9999.000,9999.000,9999.000,9999.000,9999.000,9999.000,9999.000,9999.000
202608131300,   2.544,9999.000,   0.700,  -0.079,   3.165,   0.700,   3.165,   0.700,   3.165
202608131306,   2.429,9999.000,9999.000,9999.000,9999.000,9999.000,9999.000,9999.000,9999.000
202608131312,   2.316,9999.000,9999.000,9999.000,9999.000,9999.000,9999.000,9999.000,9999.000
202608131318,   2.204,9999.000,9999.000,9999.000,9999.000,9999.000,9999.000,9999.000,9999.000
202608131324,   2.093,9999.000,9999.000,9999.000,9999.000,9999.000,9999.000,9999.000,9999.000
202608131330,   1.983,9999.000,9999.000,9999.000,9999.000,9999.000,9999.000,9999.000,9999.000
202608131336,   1.876,9999.000,9999.000,9999.000,9999.000,9999.000,9999.000,9999.000,9999.000
202608131342,   1.770,9999.000,9999.000,9999.000,9999.000,9999.000,9999.000,9999.000,9999.000
202608131348,   1.665,9999.000,9999.000,9999.000,9999.000,9999.000,9999.000,9999.000,9999.000
202608131354,   1.563,9999.000,9999.000,9999.000,9999.000,9999.000,9999.000,9999.000,9999.000
202608131400,   1.462,9999.000,   0.700,  -0.012,   2.150,   0.700,   2.150,   0.700,   2.150
202608131406,   1.364,9999.000,9999.000,9999.000,9999.000,9999.000,9999.000,9999.000,9999.000
202608131412,   1.267,9999.000,9999.000,9999.000,9999.000,9999.000,9999.000,9999.000,9999.000
202608131418,   1.173,9999.000,9999.000,9999.000,9999.000,9999.000,9999.000,9999.000,9999.000
202608131424,   1.080,9999.000,9999.000,9999.000,9999.000,9999.000,9999.000,9999.000,9999.000
202608131430,   0.990,9999.000,9999.000,9999.000,9999.000,9999.000,9999.000,9999.000,9999.000
202608131436,   0.902,9999.000,9999.000,9999.000,9999.000,9999.000,9999.000,9999.000,9999.000
202608131442,   0.817,9999.000,9999.000,9999.000,9999.000,9999.000,9999.000,9999.000,9999.000
202608131448,   0.733,9999.000,9999.000,9999.000,9999.000,9999.000,9999.000,9999.000,9999.000
202608131454,   0.653,9999.000,9999.000,9999.000,9999.000,9999.000,9999.000,9999.000,9999.000
202608131500,   0.574,9999.000,   0.700,   0.055,   1.329,   0.700,   1.329,   0.700,   1.329
202608131506,   0.499,9999.000,9999.000,9999.000,9999.000,9999.000,9999.000,9999.000,9999.000
202608131512,   0.426,9999.000,9999.000,9999.000,9999.000,9999.000,9999.000,9999.000,9999.000
202608131518,   0.356,9999.000,9999.000,9999.000,9999.000,9999.000,9999.000,9999.000,9999.000
202608131524,   0.289,9999.000,9999.000,9999.000,9999.000,9999.000,9999.000,9999.000,9999.000
202608131530,   0.226,9999.000,9999.000,9999.000,9999.000,9999.000,9999.000,9999.000,9999.000
202608131536,   0.166,9999.000,9999.000,9999.000,9999.000,9999.000,9999.000,9999.000,9999.000
202608131542,   0.110,9999.000,9999.000,9999.000,9999.000,9999.000,9999.000,9999.000,9999.000
202608131548,   0.058,9999.000,9999.000,9999.000,9999.000,9999.000,9999.000,9999.000,9999.000
202608131554,   0.010,9999.000,9999.000,9999.000,9999.000,9999.000,9999.000,9999.000,9999.000
202608131600,  -0.032,9999.000,   0.700,   0.070,   0.738,   0.700,   0.738,   0.700,   0.738
202608131606,  -0.070,9999.000,9999.000,9999.000,9999.000,9999.000,9999.000,9999.000,9999.000
202608131612,  -0.104,9999.000,9999.000,9999.000,9999.000,9999.000,9999.000,9999.000,9999.000
202608131618,  -0.133,9999.000,9999.000,9999.000,9999.000,9999.000,9999.000,9999.000,9999.000
202608131624,  -0.156,9999.000,9999.000,9999.000,9999.000,9999.000,9999.000,9999.000,9999.000
202608131630,  -0.173,9999.000,9999.000,9999.000,9999.000,9999.000,9999.000,9999.000,9999.000
202608131636,  -0.184,9999.000,9999.000,9999.000,9999.000,9999.000,9999.000,9999.000,9999.000
202608131642,  -0.190,9999.000,9999.000,9999.000,9999.000,9999.000,9999.000,9999.000,9999.000
202608131648,  -0.189,9999.000,9999.000,9999.000,9999.000,9999.000,9999.000,9999.000,9999.000
202608131654,  -0.181,9999.000,9999.000,9999.000,9999.000,9999.000,9999.000,9999.000,9999.000
202608131700,  -0.167,9999.000,   0.700,   0.050,   0.583,   0.700,   0.583,   0.700,   0.583
202608131706,  -0.147,9999.000,9999.000,9999.000,9999.000,9999.000,9999.000,9999.000,9999.000
202608131712,  -0.120,9999.000,9999.000,9999.000,9999.000,9999.000,9999.000,9999.000,9999.000
202608131718,  -0.086,9999.000,9999.000,9999.000,9999.000,9999.000,9999.000,9999.000,9999.000
202608131724,  -0.046,9999.000,9999.000,9999.000,9999.000,9999.000,9999.000,9999.000,9999.000
202608131730,   0.000,9999.000,9999.000,9999.000,9999.000,9999.000,9999.000,9999.000,9999.000
202608131736,   0.053,9999.000,9999.000,9999.000,9999.000,9999.000,9999.000,9999.000,9999.000
202608131742,   0.113,9999.000,9999.000,9999.000,9999.000,9999.000,9999.000,9999.000,9999.000
202608131748,   0.178,9999.000,9999.000,9999.000,9999.000,9999.000,9999.000,9999.000,9999.000
202608131754,   0.249,9999.000,9999.000,9999.000,9999.000,9999.000,9999.000,9999.000,9999.000
202608131800,   0.326,9999.000,   0.700,   0.045,   1.071,   0.600,   0.971,   0.700,   1.071
202608131806,   0.408,9999.000,9999.000,9999.000,9999.000,9999.000,9999.000,9999.000,9999.000
202608131812,   0.495,9999.000,9999.000,9999.000,9999.000,9999.000,9999.000,9999.000,9999.000
202608131818,   0.586,9999.000,9999.000,9999.000,9999.000,9999.000,9999.000,9999.000,9999.000
202608131824,   0.682,9999.000,9999.000,9999.000,9999.000,9999.000,9999.000,9999.000,9999.000
202608131830,   0.782,9999.000,9999.000,9999.000,9999.000,9999.000,9999.000,9999.000,9999.000
202608131836,   0.885,9999.000,9999.000,9999.000,9999.000,9999.000,9999.000,9999.000,9999.000
202608131842,   0.991,9999.000,9999.000,9999.000,9999.000,9999.000,9999.000,9999.000,9999.000
202608131848,   1.100,9999.000,9999.000,9999.000,9999.000,9999.000,9999.000,9999.000,9999.000
202608131854,   1.212,9999.000,9999.000,9999.000,9999.000,9999.000,9999.000,9999.000,9999.000
202608131900,   1.325,9999.000,   0.700,   0.067,   2.092,   0.600,   1.992,   0.700,   2.092
202608131906,   1.440,9999.000,9999.000,9999.000,9999.000,9999.000,9999.000,9999.000,9999.000
202608131912,   1.556,9999.000,9999.000,9999.000,9999.000,9999.000,9999.000,9999.000,9999.000
202608131918,   1.673,9999.000,9999.000,9999.000,9999.000,9999.000,9999.000,9999.000,9999.000
202608131924,   1.791,9999.000,9999.000,9999.000,9999.000,9999.000,9999.000,9999.000,9999.000
202608131930,   1.909,9999.000,9999.000,9999.000,9999.000,9999.000,9999.000,9999.000,9999.000
202608131936,   2.027,9999.000,9999.000,9999.000,9999.000,9999.000,9999.000,9999.000,9999.000
202608131942,   2.145,9999.000,9999.000,9999.000,9999.000,9999.000,9999.000,9999.000,9999.000
202608131948,   2.262,9999.000,9999.000,9999.000,9999.000,9999.000,9999.000,9999.000,9999.000
202608131954,   2.378,9999.000,9999.000,9999.000,9999.000,9999.000,9999.000,9999.000,9999.000
202608132000,   2.493,9999.000,   0.700,   0.080,   3.273,   0.600,   3.173,   0.700,   3.273
202608132006,   2.607,9999.000,9999.000,9999.000,9999.000,9999.000,9999.000,9999.000,9999.000
202608132012,   2.720,9999.000,9999.000,9999.000,9999.000,9999.000,9999.000,9999.000,9999.000
202608132018,   2.830,9999.000,9999.000,9999.000,9999.000,9999.000,9999.000,9999.000,9999.000
202608132024,   2.939,9999.000,9999.000,9999.000,9999.000,9999.000,9999.000,9999.000,9999.000
202608132030,   3.046,9999.000,9999.000,9999.000,9999.000,9999.000,9999.000,9999.000,9999.000
202608132036,   3.151,9999.000,9999.000,9999.000,9999.000,9999.000,9999.000,9999.000,9999.000
202608132042,   3.253,9999.000,9999.000,9999.000,9999.000,9999.000,9999.000,9999.000,9999.000
202608132048,   3.353,9999.000,9999.000,9999.000,9999.000,9999.000,9999.000,9999.000,9999.000
202608132054,   3.450,9999.000,9999.000,9999.000,9999.000,9999.000,9999.000,9999.000,9999.000
202608132100,   3.543,9999.000,   0.700,   0.032,   4.275,   0.600,   4.175,   0.700,   4.275
202608132106,   3.634,9999.000,9999.000,9999.000,9999.000,9999.000,9999.000,9999.000,9999.000
202608132112,   3.721,9999.000,9999.000,9999.000,9999.000,9999.000,9999.000,9999.000,9999.000
202608132118,   3.805,9999.000,9999.000,9999.000,9999.000,9999.000,9999.000,9999.000,9999.000
202608132124,   3.885,9999.000,9999.000,9999.000,9999.000,9999.000,9999.000,9999.000,9999.000
202608132130,   3.961,9999.000,9999.000,9999.000,9999.000,9999.000,9999.000,9999.000,9999.000
202608132136,   4.033,9999.000,9999.000,9999.000,9999.000,9999.000,9999.000,9999.000,9999.000
202608132142,   4.100,9999.000,9999.000,9999.000,9999.000,9999.000,9999.000,9999.000,9999.000
202608132148,   4.164,9999.000,9999.000,9999.000,9999.000,9999.000,9999.000,9999.000,9999.000
202608132154,   4.222,9999.000,9999.000,9999.000,9999.000,9999.000,9999.000,9999.000,9999.000
202608132200,   4.276,9999.000,   0.700,  -0.085,   4.891,   0.600,   4.791,   0.700,   4.891
202608132206,   4.324,9999.000,9999.000,9999.000,9999.000,9999.000,9999.000,9999.000,9999.000
202608132212,   4.367,9999.000,9999.000,9999.000,9999.000,9999.000,9999.000,9999.000,9999.000
202608132218,   4.406,9999.000,9999.000,9999.000,9999.000,9999.000,9999.000,9999.000,9999.000
202608132224,   4.438,9999.000,9999.000,9999.000,9999.000,9999.000,9999.000,9999.000,9999.000
202608132230,   4.465,9999.000,9999.000,9999.000,9999.000,9999.000,9999.000,9999.000,9999.000
202608132236,   4.487,9999.000,9999.000,9999.000,9999.000,9999.000,9999.000,9999.000,9999.000
202608132242,   4.503,9999.000,9999.000,9999.000,9999.000,9999.000,9999.000,9999.000,9999.000
202608132248,   4.513,9999.000,9999.000,9999.000,9999.000,9999.000,9999.000,9999.000,9999.000
202608132254,   4.518,9999.000,9999.000,9999.000,9999.000,9999.000,9999.000,9999.000,9999.000
202608132300,   4.517,9999.000,   0.700,  -0.199,   5.018,   0.600,   4.918,   0.700,   5.018
202608132306,   4.510,9999.000,9999.000,9999.000,9999.000,9999.000,9999.000,9999.000,9999.000
202608132312,   4.497,9999.000,9999.000,9999.000,9999.000,9999.000,9999.000,9999.000,9999.000
202608132318,   4.479,9999.000,9999.000,9999.000,9999.000,9999.000,9999.000,9999.000,9999.000
202608132324,   4.456,9999.000,9999.000,9999.000,9999.000,9999.000,9999.000,9999.000,9999.000
202608132330,   4.427,9999.000,9999.000,9999.000,9999.000,9999.000,9999.000,9999.000,9999.000
202608132336,   4.394,9999.000,9999.000,9999.000,9999.000,9999.000,9999.000,9999.000,9999.000
202608132342,   4.355,9999.000,9999.000,9999.000,9999.000,9999.000,9999.000,9999.000,9999.000
202608132348,   4.312,9999.000,9999.000,9999.000,9999.000,9999.000,9999.000,9999.000,9999.000
202608132354,   4.264,9999.000,9999.000,9999.000,9999.000,9999.000,9999.000,9999.000,9999.000
202608140000,   4.212,9999.000,   0.700,  -0.212,   4.700,   0.600,   4.600,   0.700,   4.700
202608140006,   4.155,9999.000,9999.000,9999.000,9999.000,9999.000,9999.000,9999.000,9999.000
202608140012,   4.095,9999.000,9999.000,9999.000,9999.000,9999.000,9999.000,9999.000,9999.000
202608140018,   4.032,9999.000,9999.000,9999.000,9999.000,9999.000,9999.000,9999.000,9999.000
202608140024,   3.965,9999.000,9999.000,9999.000,9999.000,9999.000,9999.000,9999.000,9999.000
202608140030,   3.895,9999.000,9999.000,9999.000,9999.000,9999.000,9999.000,9999.000,9999.000
202608140036,   3.822,9999.000,9999.000,9999.000,9999.000,9999.000,9999.000,9999.000,9999.000
202608140042,   3.748,9999.000,9999.000,9999.000,9999.000,9999.000,9999.000,9999.000,9999.000
202608140048,   3.671,9999.000,9999.000,9999.000,9999.000,9999.000,9999.000,9999.000,9999.000
202608140054,   3.592,9999.000,9999.000,9999.000,9999.000,9999.000,9999.000,9999.000,9999.000
202608140100,   3.512,9999.000,   0.700,  -0.123,   4.089,   0.600,   3.989,   0.700,   4.089
202608140106,   3.431,9999.000,9999.000,9999.000,9999.000,9999.000,9999.000,9999.000,9999.000
202608140112,   3.349,9999.000,9999.000,9999.000,9999.000,9999.000,9999.000,9999.000,9999.000
202608140118,   3.267,9999.000,9999.000,9999.000,9999.000,9999.000,9999.000,9999.000,9999.000
202608140124,   3.184,9999.000,9999.000,9999.000,9999.000,9999.000,9999.000,9999.000,9999.000
202608140130,   3.101,9999.000,9999.000,9999.000,9999.000,9999.000,9999.000,9999.000,9999.000
202608140136,   3.018,9999.000,9999.000,9999.000,9999.000,9999.000,9999.000,9999.000,9999.000
202608140142,   2.936,9999.000,9999.000,9999.000,9999.000,9999.000,9999.000,9999.000,9999.000
202608140148,   2.854,9999.000,9999.000,9999.000,9999.000,9999.000,9999.000,9999.000,9999.000
202608140154,   2.774,9999.000,9999.000,9999.000,9999.000,9999.000,9999.000,9999.000,9999.000
202608140200,   2.694,9999.000,   0.700,  -0.051,   3.343,   0.600,   3.243,   0.700,   3.343
202608140206,   2.616,9999.000,9999.000,9999.000,9999.000,9999.000,9999.000,9999.000,9999.000
202608140212,   2.539,9999.000,9999.000,9999.000,9999.000,9999.000,9999.000,9999.000,9999.000
202608140218,   2.463,9999.000,9999.000,9999.000,9999.000,9999.000,9999.000,9999.000,9999.000
202608140224,   2.390,9999.000,9999.000,9999.000,9999.000,9999.000,9999.000,9999.000,9999.000
202608140230,   2.318,9999.000,9999.000,9999.000,9999.000,9999.000,9999.000,9999.000,9999.000
202608140236,   2.249,9999.000,9999.000,9999.000,9999.000,9999.000,9999.000,9999.000,9999.000
202608140242,   2.181,9999.000,9999.000,9999.000,9999.000,9999.000,9999.000,9999.000,9999.000
202608140248,   2.116,9999.000,9999.000,9999.000,9999.000,9999.000,9999.000,9999.000,9999.000
202608140254,   2.053,9999.000,9999.000,9999.000,9999.000,9999.000,9999.000,9999.000,9999.000
202608140300,   1.993,9999.000,   0.700,  -0.082,   2.611,   0.600,   2.511,   0.700,   2.611
202608140306,   1.935,9999.000,9999.000,9999.000,9999.000,9999.000,9999.000,9999.000,9999.000
202608140312,   1.880,9999.000,9999.000,9999.000,9999.000,9999.000,9999.000,9999.000,9999.000
202608140318,   1.829,9999.000,9999.000,9999.000,9999.000,9999.000,9999.000,9999.000,9999.000
202608140324,   1.780,9999.000,9999.000,9999.000,9999.000,9999.000,9999.000,9999.000,9999.000
202608140330,   1.734,9999.000,9999.000,9999.000,9999.000,9999.000,9999.000,9999.000,9999.000
202608140336,   1.691,9999.000,9999.000,9999.000,9999.000,9999.000,9999.000,9999.000,9999.000
202608140342,   1.653,9999.000,9999.000,9999.000,9999.000,9999.000,9999.000,9999.000,9999.000
202608140348,   1.617,9999.000,9999.000,9999.000,9999.000,9999.000,9999.000,9999.000,9999.000
202608140354,   1.586,9999.000,9999.000,9999.000,9999.000,9999.000,9999.000,9999.000,9999.000
202608140400,   1.558,9999.000,   0.700,  -0.152,   2.106,   0.600,   2.006,   0.700,   2.106
202608140406,   1.535,9999.000,9999.000,9999.000,9999.000,9999.000,9999.000,9999.000,9999.000
202608140412,   1.516,9999.000,9999.000,9999.000,9999.000,9999.000,9999.000,9999.000,9999.000
202608140418,   1.502,9999.000,9999.000,9999.000,9999.000,9999.000,9999.000,9999.000,9999.000
202608140424,   1.493,9999.000,9999.000,9999.000,9999.000,9999.000,9999.000,9999.000,9999.000
202608140430,   1.488,9999.000,9999.000,9999.000,9999.000,9999.000,9999.000,9999.000,9999.000
202608140436,   1.489,9999.000,9999.000,9999.000,9999.000,9999.000,9999.000,9999.000,9999.000
202608140442,   1.495,9999.000,9999.000,9999.000,9999.000,9999.000,9999.000,9999.000,9999.000
202608140448,   1.506,9999.000,9999.000,9999.000,9999.000,9999.000,9999.000,9999.000,9999.000
202608140454,   1.523,9999.000,9999.000,9999.000,9999.000,9999.000,9999.000,9999.000,9999.000
202608140500,   1.546,9999.000,   0.700,  -0.137,   2.109,   0.600,   2.009,   0.700,   2.109
202608140506,   1.575,9999.000,9999.000,9999.000,9999.000,9999.000,9999.000,9999.000,9999.000
202608140512,   1.609,9999.000,9999.000,9999.000,9999.000,9999.000,9999.000,9999.000,9999.000
202608140518,   1.650,9999.000,9999.000,9999.000,9999.000,9999.000,9999.000,9999.000,9999.000
202608140524,   1.696,9999.000,9999.000,9999.000,9999.000,9999.000,9999.000,9999.000,9999.000
202608140530,   1.749,9999.000,9999.000,9999.000,9999.000,9999.000,9999.000,9999.000,9999.000
202608140536,   1.807,9999.000,9999.000,9999.000,9999.000,9999.000,9999.000,9999.000,9999.000
202608140542,   1.871,9999.000,9999.000,9999.000,9999.000,9999.000,9999.000,9999.000,9999.000
202608140548,   1.940,9999.000,9999.000,9999.000,9999.000,9999.000,9999.000,9999.000,9999.000
202608140554,   2.014,9999.000,9999.000,9999.000,9999.000,9999.000,9999.000,9999.000,9999.000
202608140600,   2.094,9999.000,   0.700,  -0.025,   2.769,   0.600,   2.669,   0.700,   2.769
202608140606,   2.179,9999.000,9999.000,9999.000,9999.000,9999.000,9999.000,9999.000,9999.000
202608140612,   2.268,9999.000,9999.000,9999.000,9999.000,9999.000,9999.000,9999.000,9999.000
202608140618,   2.361,9999.000,9999.000,9999.000,9999.000,9999.000,9999.000,9999.000,9999.000
202608140624,   2.458,9999.000,9999.000,9999.000,9999.000,9999.000,9999.000,9999.000,9999.000
202608140630,   2.558,9999.000,9999.000,9999.000,9999.000,9999.000,9999.000,9999.000,9999.000
202608140636,   2.661,9999.000,9999.000,9999.000,9999.000,9999.000,9999.000,9999.000,9999.000
202608140642,   2.767,9999.000,9999.000,9999.000,9999.000,9999.000,9999.000,9999.000,9999.000
202608140648,   2.874,9999.000,9999.000,9999.000,9999.000,9999.000,9999.000,9999.000,9999.000
202608140654,   2.984,9999.000,9999.000,9999.000,9999.000,9999.000,9999.000,9999.000,9999.000
202608140700,   3.094,9999.000,   0.700,   0.083,   3.877,   0.600,   3.777,   0.700,   3.877
202608140706,   3.205,9999.000,9999.000,9999.000,9999.000,9999.000,9999.000,9999.000,9999.000
202608140712,   3.316,9999.000,9999.000,9999.000,9999.000,9999.000,9999.000,9999.000,9999.000
202608140718,   3.427,9999.000,9999.000,9999.000,9999.000,9999.000,9999.000,9999.000,9999.000
202608140724,   3.537,9999.000,9999.000,9999.000,9999.000,9999.000,9999.000,9999.000,9999.000
202608140730,   3.646,9999.000,9999.000,9999.000,9999.000,9999.000,9999.000,9999.000,9999.000
202608140736,   3.754,9999.000,9999.000,9999.000,9999.000,9999.000,9999.000,9999.000,9999.000
202608140742,   3.859,9999.000,9999.000,9999.000,9999.000,9999.000,9999.000,9999.000,9999.000
202608140748,   3.963,9999.000,9999.000,9999.000,9999.000,9999.000,9999.000,9999.000,9999.000
202608140754,   4.063,9999.000,9999.000,9999.000,9999.000,9999.000,9999.000,9999.000,9999.000
202608140800,   4.161,9999.000,   0.700,   0.119,   4.980,   0.600,   4.880,   0.700,   4.980
202608140806,   4.256,9999.000,9999.000,9999.000,9999.000,9999.000,9999.000,9999.000,9999.000
202608140812,   4.347,9999.000,9999.000,9999.000,9999.000,9999.000,9999.000,9999.000,9999.000
202608140818,   4.435,9999.000,9999.000,9999.000,9999.000,9999.000,9999.000,9999.000,9999.000
202608140824,   4.519,9999.000,9999.000,9999.000,9999.000,9999.000,9999.000,9999.000,9999.000
202608140830,   4.599,9999.000,9999.000,9999.000,9999.000,9999.000,9999.000,9999.000,9999.000
202608140836,   4.675,9999.000,9999.000,9999.000,9999.000,9999.000,9999.000,9999.000,9999.000
202608140842,   4.746,9999.000,9999.000,9999.000,9999.000,9999.000,9999.000,9999.000,9999.000
202608140848,   4.813,9999.000,9999.000,9999.000,9999.000,9999.000,9999.000,9999.000,9999.000
202608140854,   4.876,9999.000,9999.000,9999.000,9999.000,9999.000,9999.000,9999.000,9999.000
202608140900,   4.934,9999.000,   0.700,   0.098,   5.732,   0.600,   5.632,   0.700,   5.732
202608140906,   4.987,9999.000,9999.000,9999.000,9999.000,9999.000,9999.000,9999.000,9999.000
202608140912,   5.036,9999.000,9999.000,9999.000,9999.000,9999.000,9999.000,9999.000,9999.000
202608140918,   5.080,9999.000,9999.000,9999.000,9999.000,9999.000,9999.000,9999.000,9999.000
202608140924,   5.119,9999.000,9999.000,9999.000,9999.000,9999.000,9999.000,9999.000,9999.000
202608140930,   5.152,9999.000,9999.000,9999.000,9999.000,9999.000,9999.000,9999.000,9999.000
202608140936,   5.181,9999.000,9999.000,9999.000,9999.000,9999.000,9999.000,9999.000,9999.000
202608140942,   5.205,9999.000,9999.000,9999.000,9999.000,9999.000,9999.000,9999.000,9999.000
202608140948,   5.224,9999.000,9999.000,9999.000,9999.000,9999.000,9999.000,9999.000,9999.000
202608140954,   5.238,9999.000,9999.000,9999.000,9999.000,9999.000,9999.000,9999.000,9999.000
202608141000,   5.246,9999.000,   0.700,   0.054,   6.000,   0.600,   5.900,   0.700,   6.000
202608141006,   5.250,9999.000,9999.000,9999.000,9999.000,9999.000,9999.000,9999.000,9999.000
202608141012,   5.248,9999.000,9999.000,9999.000,9999.000,9999.000,9999.000,9999.000,9999.000
202608141018,   5.240,9999.000,9999.000,9999.000,9999.000,9999.000,9999.000,9999.000,9999.000
202608141024,   5.228,9999.000,9999.000,9999.000,9999.000,9999.000,9999.000,9999.000,9999.000
202608141030,   5.210,9999.000,9999.000,9999.000,9999.000,9999.000,9999.000,9999.000,9999.000
202608141036,   5.187,9999.000,9999.000,9999.000,9999.000,9999.000,9999.000,9999.000,9999.000
202608141042,   5.158,9999.000,9999.000,9999.000,9999.000,9999.000,9999.000,9999.000,9999.000
202608141048,   5.124,9999.000,9999.000,9999.000,9999.000,9999.000,9999.000,9999.000,9999.000
202608141054,   5.085,9999.000,9999.000,9999.000,9999.000,9999.000,9999.000,9999.000,9999.000
202608141100,   5.041,9999.000,   0.700,   0.004,   5.745,   0.600,   5.645,   0.700,   5.745
202608141106,   4.991,9999.000,9999.000,9999.000,9999.000,9999.000,9999.000,9999.000,9999.000
202608141112,   4.937,9999.000,9999.000,9999.000,9999.000,9999.000,9999.000,9999.000,9999.000
202608141118,   4.877,9999.000,9999.000,9999.000,9999.000,9999.000,9999.000,9999.000,9999.000
202608141124,   4.813,9999.000,9999.000,9999.000,9999.000,9999.000,9999.000,9999.000,9999.000
202608141130,   4.743,9999.000,9999.000,9999.000,9999.000,9999.000,9999.000,9999.000,9999.000
202608141136,   4.670,9999.000,9999.000,9999.000,9999.000,9999.000,9999.000,9999.000,9999.000
202608141142,   4.591,9999.000,9999.000,9999.000,9999.000,9999.000,9999.000,9999.000,9999.000
202608141148,   4.509,9999.000,9999.000,9999.000,9999.000,9999.000,9999.000,9999.000,9999.000
202608141154,   4.423,9999.000,9999.000,9999.000,9999.000,9999.000,9999.000,9999.000,9999.000
202608141200,   4.333,9999.000,   0.700,  -0.026,   5.007,   0.600,   4.907,   0.700,   5.007
202608141206,   4.239,9999.000,9999.000,9999.000,9999.000,9999.000,9999.000,9999.000,9999.000
202608141212,   4.142,9999.000,9999.000,9999.000,9999.000,9999.000,9999.000,9999.000,9999.000
202608141218,   4.042,9999.000,9999.000,9999.000,9999.000,9999.000,9999.000,9999.000,9999.000
202608141224,   3.939,9999.000,9999.000,9999.000,9999.000,9999.000,9999.000,9999.000,9999.000
202608141230,   3.833,9999.000,9999.000,9999.000,9999.000,9999.000,9999.000,9999.000,9999.000
202608141236,   3.725,9999.000,9999.000,9999.000,9999.000,9999.000,9999.000,9999.000,9999.000
202608141242,   3.616,9999.000,9999.000,9999.000,9999.000,9999.000,9999.000,9999.000,9999.000
202608141248,   3.504,9999.000,9999.000,9999.000,9999.000,9999.000,9999.000,9999.000,9999.000
202608141254,   3.391,9999.000,9999.000,9999.000,9999.000,9999.000,9999.000,9999.000,9999.000
202608141300,   3.278,9999.000,   0.600,  -0.008,   3.870,   0.600,   3.870,   0.700,   3.970
202608141306,   3.163,9999.000,9999.000,9999.000,9999.000,9999.000,9999.000,9999.000,9999.000
202608141312,   3.047,9999.000,9999.000,9999.000,9999.000,9999.000,9999.000,9999.000,9999.000
202608141318,   2.932,9999.000,9999.000,9999.000,9999.000,9999.000,9999.000,9999.000,9999.000
202608141324,   2.816,9999.000,9999.000,9999.000,9999.000,9999.000,9999.000,9999.000,9999.000
202608141330,   2.701,9999.000,9999.000,9999.000,9999.000,9999.000,9999.000,9999.000,9999.000
202608141336,   2.586,9999.000,9999.000,9999.000,9999.000,9999.000,9999.000,9999.000,9999.000
202608141342,   2.472,9999.000,9999.000,9999.000,9999.000,9999.000,9999.000,9999.000,9999.000
202608141348,   2.359,9999.000,9999.000,9999.000,9999.000,9999.000,9999.000,9999.000,9999.000
202608141354,   2.246,9999.000,9999.000,9999.000,9999.000,9999.000,9999.000,9999.000,9999.000
202608141400,   2.136,9999.000,   0.600,   0.041,   2.777,   0.600,   2.777,   0.700,   2.877
202608141406,   2.026,9999.000,9999.000,9999.000,9999.000,9999.000,9999.000,9999.000,9999.000
202608141412,   1.919,9999.000,9999.000,9999.000,9999.000,9999.000,9999.000,9999.000,9999.000
202608141418,   1.813,9999.000,9999.000,9999.000,9999.000,9999.000,9999.000,9999.000,9999.000
202608141424,   1.709,9999.000,9999.000,9999.000,9999.000,9999.000,9999.000,9999.000,9999.000
202608141430,   1.607,9999.000,9999.000,9999.000,9999.000,9999.000,9999.000,9999.000,9999.000
202608141436,   1.507,9999.000,9999.000,9999.000,9999.000,9999.000,9999.000,9999.000,9999.000
202608141442,   1.410,9999.000,9999.000,9999.000,9999.000,9999.000,9999.000,9999.000,9999.000
202608141448,   1.315,9999.000,9999.000,9999.000,9999.000,9999.000,9999.000,9999.000,9999.000
202608141454,   1.222,9999.000,9999.000,9999.000,9999.000,9999.000,9999.000,9999.000,9999.000
202608141500,   1.132,9999.000,   0.600,   0.071,   1.803,   0.600,   1.803,   0.700,   1.903
202608141506,   1.044,9999.000,9999.000,9999.000,9999.000,9999.000,9999.000,9999.000,9999.000
202608141512,   0.959,9999.000,9999.000,9999.000,9999.000,9999.000,9999.000,9999.000,9999.000
202608141518,   0.877,9999.000,9999.000,9999.000,9999.000,9999.000,9999.000,9999.000,9999.000
202608141524,   0.797,9999.000,9999.000,9999.000,9999.000,9999.000,9999.000,9999.000,9999.000
202608141530,   0.720,9999.000,9999.000,9999.000,9999.000,9999.000,9999.000,9999.000,9999.000
202608141536,   0.646,9999.000,9999.000,9999.000,9999.000,9999.000,9999.000,9999.000,9999.000
202608141542,   0.575,9999.000,9999.000,9999.000,9999.000,9999.000,9999.000,9999.000,9999.000
202608141548,   0.508,9999.000,9999.000,9999.000,9999.000,9999.000,9999.000,9999.000,9999.000
202608141554,   0.443,9999.000,9999.000,9999.000,9999.000,9999.000,9999.000,9999.000,9999.000
202608141600,   0.381,9999.000,   0.600,   0.068,   1.049,   0.600,   1.049,   0.700,   1.149
202608141606,   0.323,9999.000,9999.000,9999.000,9999.000,9999.000,9999.000,9999.000,9999.000
202608141612,   0.269,9999.000,9999.000,9999.000,9999.000,9999.000,9999.000,9999.000,9999.000
202608141618,   0.218,9999.000,9999.000,9999.000,9999.000,9999.000,9999.000,9999.000,9999.000
202608141624,   0.172,9999.000,9999.000,9999.000,9999.000,9999.000,9999.000,9999.000,9999.000
202608141630,   0.129,9999.000,9999.000,9999.000,9999.000,9999.000,9999.000,9999.000,9999.000
202608141636,   0.091,9999.000,9999.000,9999.000,9999.000,9999.000,9999.000,9999.000,9999.000
202608141642,   0.057,9999.000,9999.000,9999.000,9999.000,9999.000,9999.000,9999.000,9999.000
202608141648,   0.028,9999.000,9999.000,9999.000,9999.000,9999.000,9999.000,9999.000,9999.000
202608141654,   0.004,9999.000,9999.000,9999.000,9999.000,9999.000,9999.000,9999.000,9999.000
202608141700,  -0.014,9999.000,   0.600,   0.058,   0.644,   0.600,   0.644,   0.700,   0.744
202608141706,  -0.028,9999.000,9999.000,9999.000,9999.000,9999.000,9999.000,9999.000,9999.000
202608141712,  -0.036,9999.000,9999.000,9999.000,9999.000,9999.000,9999.000,9999.000,9999.000
202608141718,  -0.038,9999.000,9999.000,9999.000,9999.000,9999.000,9999.000,9999.000,9999.000
202608141724,  -0.034,9999.000,9999.000,9999.000,9999.000,9999.000,9999.000,9999.000,9999.000
202608141730,  -0.025,9999.000,9999.000,9999.000,9999.000,9999.000,9999.000,9999.000,9999.000
202608141736,  -0.009,9999.000,9999.000,9999.000,9999.000,9999.000,9999.000,9999.000,9999.000
202608141742,   0.012,9999.000,9999.000,9999.000,9999.000,9999.000,9999.000,9999.000,9999.000
202608141748,   0.041,9999.000,9999.000,9999.000,9999.000,9999.000,9999.000,9999.000,9999.000
202608141754,   0.075,9999.000,9999.000,9999.000,9999.000,9999.000,9999.000,9999.000,9999.000
202608141800,   0.117,9999.000,   0.600,   0.055,   0.772,   0.600,   0.772,   0.700,   0.872
202608141806,   0.164,9999.000,9999.000,9999.000,9999.000,9999.000,9999.000,9999.000,9999.000
202608141812,   0.218,9999.000,9999.000,9999.000,9999.000,9999.000,9999.000,9999.000,9999.000
202608141818,   0.278,9999.000,9999.000,9999.000,9999.000,9999.000,9999.000,9999.000,9999.000
202608141824,   0.344,9999.000,9999.000,9999.000,9999.000,9999.000,9999.000,9999.000,9999.000
202608141830,   0.416,9999.000,9999.000,9999.000,9999.000,9999.000,9999.000,9999.000,9999.000
202608141836,   0.493,9999.000,9999.000,9999.000,9999.000,9999.000,9999.000,9999.000,9999.000
202608141842,   0.575,9999.000,9999.000,9999.000,9999.000,9999.000,9999.000,9999.000,9999.000
202608141848,   0.663,9999.000,9999.000,9999.000,9999.000,9999.000,9999.000,9999.000,9999.000
202608141854,   0.755,9999.000,9999.000,9999.000,9999.000,9999.000,9999.000,9999.000,9999.000
202608141900,   0.852,9999.000,   0.600,   0.049,   1.501,   0.600,   1.501,   0.600,   1.501
202608141906,   0.952,9999.000,9999.000,9999.000,9999.000,9999.000,9999.000,9999.000,9999.000
202608141912,   1.056,9999.000,9999.000,9999.000,9999.000,9999.000,9999.000,9999.000,9999.000
202608141918,   1.163,9999.000,9999.000,9999.000,9999.000,9999.000,9999.000,9999.000,9999.000
202608141924,   1.273,9999.000,9999.000,9999.000,9999.000,9999.000,9999.000,9999.000,9999.000
202608141930,   1.385,9999.000,9999.000,9999.000,9999.000,9999.000,9999.000,9999.000,9999.000
202608141936,   1.500,9999.000,9999.000,9999.000,9999.000,9999.000,9999.000,9999.000,9999.000
202608141942,   1.615,9999.000,9999.000,9999.000,9999.000,9999.000,9999.000,9999.000,9999.000
202608141948,   1.732,9999.000,9999.000,9999.000,9999.000,9999.000,9999.000,9999.000,9999.000
202608141954,   1.850,9999.000,9999.000,9999.000,9999.000,9999.000,9999.000,9999.000,9999.000
202608142000,   1.968,9999.000,   0.600,   0.030,   2.598,   0.600,   2.598,   0.600,   2.598
202608142006,   2.086,9999.000,9999.000,9999.000,9999.000,9999.000,9999.000,9999.000,9999.000
202608142012,   2.204,9999.000,9999.000,9999.000,9999.000,9999.000,9999.000,9999.000,9999.000
202608142018,   2.321,9999.000,9999.000,9999.000,9999.000,9999.000,9999.000,9999.000,9999.000
202608142024,   2.437,9999.000,9999.000,9999.000,9999.000,9999.000,9999.000,9999.000,9999.000
202608142030,   2.552,9999.000,9999.000,9999.000,9999.000,9999.000,9999.000,9999.000,9999.000
202608142036,   2.666,9999.000,9999.000,9999.000,9999.000,9999.000,9999.000,9999.000,9999.000
202608142042,   2.778,9999.000,9999.000,9999.000,9999.000,9999.000,9999.000,9999.000,9999.000
202608142048,   2.888,9999.000,9999.000,9999.000,9999.000,9999.000,9999.000,9999.000,9999.000
202608142054,   2.996,9999.000,9999.000,9999.000,9999.000,9999.000,9999.000,9999.000,9999.000
202608142100,   3.102,9999.000,   0.600,  -0.018,   3.684,   0.500,   3.584,   0.600,   3.684
202608142106,   3.206,9999.000,9999.000,9999.000,9999.000,9999.000,9999.000,9999.000,9999.000
202608142112,   3.307,9999.000,9999.000,9999.000,9999.000,9999.000,9999.000,9999.000,9999.000
202608142118,   3.405,9999.000,9999.000,9999.000,9999.000,9999.000,9999.000,9999.000,9999.000
202608142124,   3.500,9999.000,9999.000,9999.000,9999.000,9999.000,9999.000,9999.000,9999.000
202608142130,   3.593,9999.000,9999.000,9999.000,9999.000,9999.000,9999.000,9999.000,9999.000
202608142136,   3.682,9999.000,9999.000,9999.000,9999.000,9999.000,9999.000,9999.000,9999.000
202608142142,   3.768,9999.000,9999.000,9999.000,9999.000,9999.000,9999.000,9999.000,9999.000
202608142148,   3.850,9999.000,9999.000,9999.000,9999.000,9999.000,9999.000,9999.000,9999.000
202608142154,   3.929,9999.000,9999.000,9999.000,9999.000,9999.000,9999.000,9999.000,9999.000
202608142200,   4.005,9999.000,   0.600,  -0.110,   4.495,   0.500,   4.395,   0.600,   4.495
202608142206,   4.076,9999.000,9999.000,9999.000,9999.000,9999.000,9999.000,9999.000,9999.000
202608142212,   4.143,9999.000,9999.000,9999.000,9999.000,9999.000,9999.000,9999.000,9999.000
202608142218,   4.207,9999.000,9999.000,9999.000,9999.000,9999.000,9999.000,9999.000,9999.000
202608142224,   4.266,9999.000,9999.000,9999.000,9999.000,9999.000,9999.000,9999.000,9999.000
202608142230,   4.321,9999.000,9999.000,9999.000,9999.000,9999.000,9999.000,9999.000,9999.000
202608142236,   4.371,9999.000,9999.000,9999.000,9999.000,9999.000,9999.000,9999.000,9999.000
202608142242,   4.416,9999.000,9999.000,9999.000,9999.000,9999.000,9999.000,9999.000,9999.000
202608142248,   4.457,9999.000,9999.000,9999.000,9999.000,9999.000,9999.000,9999.000,9999.000
202608142254,   4.493,9999.000,9999.000,9999.000,9999.000,9999.000,9999.000,9999.000,9999.000
202608142300,   4.524,9999.000,   0.600,  -0.219,   4.905,   0.500,   4.805,   0.600,   4.905
202608142306,   4.549,9999.000,9999.000,9999.000,9999.000,9999.000,9999.000,9999.000,9999.000
202608142312,   4.570,9999.000,9999.000,9999.000,9999.000,9999.000,9999.000,9999.000,9999.000
202608142318,   4.585,9999.000,9999.000,9999.000,9999.000,9999.000,9999.000,9999.000,9999.000
202608142324,   4.594,9999.000,9999.000,9999.000,9999.000,9999.000,9999.000,9999.000,9999.000
202608142330,   4.599,9999.000,9999.000,9999.000,9999.000,9999.000,9999.000,9999.000,9999.000
202608142336,   4.598,9999.000,9999.000,9999.000,9999.000,9999.000,9999.000,9999.000,9999.000
202608142342,   4.591,9999.000,9999.000,9999.000,9999.000,9999.000,9999.000,9999.000,9999.000
202608142348,   4.579,9999.000,9999.000,9999.000,9999.000,9999.000,9999.000,9999.000,9999.000
202608142354,   4.562,9999.000,9999.000,9999.000,9999.000,9999.000,9999.000,9999.000,9999.000
202608150000,   4.540,9999.000,   0.600,  -0.258,   4.882,   0.500,   4.782,   0.600,   4.882
202608150006,   4.512,9999.000,9999.000,9999.000,9999.000,9999.000,9999.000,9999.000,9999.000
202608150012,   4.479,9999.000,9999.000,9999.000,9999.000,9999.000,9999.000,9999.000,9999.000
202608150018,   4.442,9999.000,9999.000,9999.000,9999.000,9999.000,9999.000,9999.000,9999.000
202608150024,   4.399,9999.000,9999.000,9999.000,9999.000,9999.000,9999.000,9999.000,9999.000
202608150030,   4.352,9999.000,9999.000,9999.000,9999.000,9999.000,9999.000,9999.000,9999.000
202608150036,   4.300,9999.000,9999.000,9999.000,9999.000,9999.000,9999.000,9999.000,9999.000
202608150042,   4.245,9999.000,9999.000,9999.000,9999.000,9999.000,9999.000,9999.000,9999.000
202608150048,   4.185,9999.000,9999.000,9999.000,9999.000,9999.000,9999.000,9999.000,9999.000
202608150054,   4.121,9999.000,9999.000,9999.000,9999.000,9999.000,9999.000,9999.000,9999.000
202608150100,   4.054,9999.000,   0.600,  -0.187,   4.467,   0.500,   4.367,   0.600,   4.467
202608150106,   3.984,9999.000,9999.000,9999.000,9999.000,9999.000,9999.000,9999.000,9999.000
202608150112,   3.910,9999.000,9999.000,9999.000,9999.000,9999.000,9999.000,9999.000,9999.000
202608150118,   3.834,9999.000,9999.000,9999.000,9999.000,9999.000,9999.000,9999.000,9999.000
202608150124,   3.756,9999.000,9999.000,9999.000,9999.000,9999.000,9999.000,9999.000,9999.000
202608150130,   3.675,9999.000,9999.000,9999.000,9999.000,9999.000,9999.000,9999.000,9999.000
202608150136,   3.592,9999.000,9999.000,9999.000,9999.000,9999.000,9999.000,9999.000,9999.000
202608150142,   3.508,9999.000,9999.000,9999.000,9999.000,9999.000,9999.000,9999.000,9999.000
202608150148,   3.423,9999.000,9999.000,9999.000,9999.000,9999.000,9999.000,9999.000,9999.000
202608150154,   3.337,9999.000,9999.000,9999.000,9999.000,9999.000,9999.000,9999.000,9999.000
202608150200,   3.250,9999.000,   0.600,  -0.088,   3.762,   0.500,   3.662,   0.600,   3.762
202608150206,   3.162,9999.000,9999.000,9999.000,9999.000,9999.000,9999.000,9999.000,9999.000
202608150212,   3.074,9999.000,9999.000,9999.000,9999.000,9999.000,9999.000,9999.000,9999.000
202608150218,   2.987,9999.000,9999.000,9999.000,9999.000,9999.000,9999.000,9999.000,9999.000
202608150224,   2.899,9999.000,9999.000,9999.000,9999.000,9999.000,9999.000,9999.000,9999.000
202608150230,   2.812,9999.000,9999.000,9999.000,9999.000,9999.000,9999.000,9999.000,9999.000
202608150236,   2.726,9999.000,9999.000,9999.000,9999.000,9999.000,9999.000,9999.000,9999.000
202608150242,   2.641,9999.000,9999.000,9999.000,9999.000,9999.000,9999.000,9999.000,9999.000
202608150248,   2.557,9999.000,9999.000,9999.000,9999.000,9999.000,9999.000,9999.000,9999.000
202608150254,   2.475,9999.000,9999.000,9999.000,9999.000,9999.000,9999.000,9999.000,9999.000
202608150300,   2.394,9999.000,   0.600,  -0.075,   2.919,   0.500,   2.819,   0.600,   2.919
202608150306,   2.314,9999.000,9999.000,9999.000,9999.000,9999.000,9999.000,9999.000,9999.000
202608150312,   2.236,9999.000,9999.000,9999.000,9999.000,9999.000,9999.000,9999.000,9999.000
202608150318,   2.161,9999.000,9999.000,9999.000,9999.000,9999.000,9999.000,9999.000,9999.000
202608150324,   2.087,9999.000,9999.000,9999.000,9999.000,9999.000,9999.000,9999.000,9999.000
202608150330,   2.016,9999.000,9999.000,9999.000,9999.000,9999.000,9999.000,9999.000,9999.000
202608150336,   1.946,9999.000,9999.000,9999.000,9999.000,9999.000,9999.000,9999.000,9999.000
202608150342,   1.880,9999.000,9999.000,9999.000,9999.000,9999.000,9999.000,9999.000,9999.000
202608150348,   1.815,9999.000,9999.000,9999.000,9999.000,9999.000,9999.000,9999.000,9999.000
202608150354,   1.754,9999.000,9999.000,9999.000,9999.000,9999.000,9999.000,9999.000,9999.000
202608150400,   1.695,9999.000,   0.600,  -0.142,   2.153,   0.500,   2.053,   0.600,   2.153
202608150406,   1.639,9999.000,9999.000,9999.000,9999.000,9999.000,9999.000,9999.000,9999.000
202608150412,   1.586,9999.000,9999.000,9999.000,9999.000,9999.000,9999.000,9999.000,9999.000
202608150418,   1.536,9999.000,9999.000,9999.000,9999.000,9999.000,9999.000,9999.000,9999.000
202608150424,   1.490,9999.000,9999.000,9999.000,9999.000,9999.000,9999.000,9999.000,9999.000
202608150430,   1.447,9999.000,9999.000,9999.000,9999.000,9999.000,9999.000,9999.000,9999.000
202608150436,   1.407,9999.000,9999.000,9999.000,9999.000,9999.000,9999.000,9999.000,9999.000
202608150442,   1.372,9999.000,9999.000,9999.000,9999.000,9999.000,9999.000,9999.000,9999.000
202608150448,   1.340,9999.000,9999.000,9999.000,9999.000,9999.000,9999.000,9999.000,9999.000
202608150454,   1.312,9999.000,9999.000,9999.000,9999.000,9999.000,9999.000,9999.000,9999.000
202608150500,   1.289,9999.000,   0.600,  -0.169,   1.720,   0.500,   1.620,   0.600,   1.720
202608150506,   1.270,9999.000,9999.000,9999.000,9999.000,9999.000,9999.000,9999.000,9999.000
202608150512,   1.256,9999.000,9999.000,9999.000,9999.000,9999.000,9999.000,9999.000,9999.000
202608150518,   1.247,9999.000,9999.000,9999.000,9999.000,9999.000,9999.000,9999.000,9999.000
202608150524,   1.243,9999.000,9999.000,9999.000,9999.000,9999.000,9999.000,9999.000,9999.000
202608150530,   1.244,9999.000,9999.000,9999.000,9999.000,9999.000,9999.000,9999.000,9999.000
202608150536,   1.250,9999.000,9999.000,9999.000,9999.000,9999.000,9999.000,9999.000,9999.000
202608150542,   1.262,9999.000,9999.000,9999.000,9999.000,9999.000,9999.000,9999.000,9999.000
202608150548,   1.280,9999.000,9999.000,9999.000,9999.000,9999.000,9999.000,9999.000,9999.000
202608150554,   1.303,9999.000,9999.000,9999.000,9999.000,9999.000,9999.000,9999.000,9999.000
202608150600,   1.332,9999.000,   0.600,  -0.087,   1.845,   0.500,   1.745,   0.600,   1.845
202608150606,   1.367,9999.000,9999.000,9999.000,9999.000,9999.000,9999.000,9999.000,9999.000
202608150612,   1.408,9999.000,9999.000,9999.000,9999.000,9999.000,9999.000,9999.000,9999.000
202608150618,   1.455,9999.000,9999.000,9999.000,9999.000,9999.000,9999.000,9999.000,9999.000
202608150624,   1.508,9999.000,9999.000,9999.000,9999.000,9999.000,9999.000,9999.000,9999.000
202608150630,   1.566,9999.000,9999.000,9999.000,9999.000,9999.000,9999.000,9999.000,9999.000
202608150636,   1.630,9999.000,9999.000,9999.000,9999.000,9999.000,9999.000,9999.000,9999.000
202608150642,   1.699,9999.000,9999.000,9999.000,9999.000,9999.000,9999.000,9999.000,9999.000
202608150648,   1.773,9999.000,9999.000,9999.000,9999.000,9999.000,9999.000,9999.000,9999.000
202608150654,   1.853,9999.000,9999.000,9999.000,9999.000,9999.000,9999.000,9999.000,9999.000
202608150700,   1.936,9999.000,   0.600,   0.053,   2.589,   0.500,   2.489,   0.600,   2.589
202608150706,   2.024,9999.000,9999.000,9999.000,9999.000,9999.000,9999.000,9999.000,9999.000
202608150712,   2.116,9999.000,9999.000,9999.000,9999.000,9999.000,9999.000,9999.000,9999.000
202608150718,   2.212,9999.000,9999.000,9999.000,9999.000,9999.000,9999.000,9999.000,9999.000
202608150724,   2.310,9999.000,9999.000,9999.000,9999.000,9999.000,9999.000,9999.000,9999.000
202608150730,   2.411,9999.000,9999.000,9999.000,9999.000,9999.000,9999.000,9999.000,9999.000
202608150736,   2.514,9999.000,9999.000,9999.000,9999.000,9999.000,9999.000,9999.000,9999.000
202608150742,   2.619,9999.000,9999.000,9999.000,9999.000,9999.000,9999.000,9999.000,9999.000
202608150748,   2.726,9999.000,9999.000,9999.000,9999.000,9999.000,9999.000,9999.000,9999.000
202608150754,   2.833,9999.000,9999.000,9999.000,9999.000,9999.000,9999.000,9999.000,9999.000
202608150800,   2.940,9999.000,   0.600,   0.152,   3.692,   0.500,   3.592,   0.600,   3.692
202608150806,   3.048,9999.000,9999.000,9999.000,9999.000,9999.000,9999.000,9999.000,9999.000
202608150812,   3.155,9999.000,9999.000,9999.000,9999.000,9999.000,9999.000,9999.000,9999.000
202608150818,   3.261,9999.000,9999.000,9999.000,9999.000,9999.000,9999.000,9999.000,9999.000
202608150824,   3.365,9999.000,9999.000,9999.000,9999.000,9999.000,9999.000,9999.000,9999.000
202608150830,   3.469,9999.000,9999.000,9999.000,9999.000,9999.000,9999.000,9999.000,9999.000
202608150836,   3.569,9999.000,9999.000,9999.000,9999.000,9999.000,9999.000,9999.000,9999.000
202608150842,   3.668,9999.000,9999.000,9999.000,9999.000,9999.000,9999.000,9999.000,9999.000
202608150848,   3.764,9999.000,9999.000,9999.000,9999.000,9999.000,9999.000,9999.000,9999.000
202608150854,   3.857,9999.000,9999.000,9999.000,9999.000,9999.000,9999.000,9999.000,9999.000
202608150900,   3.947,9999.000,   0.600,   0.164,   4.711,   0.500,   4.611,   0.600,   4.711
202608150906,   4.034,9999.000,9999.000,9999.000,9999.000,9999.000,9999.000,9999.000,9999.000
202608150912,   4.116,9999.000,9999.000,9999.000,9999.000,9999.000,9999.000,9999.000,9999.000
202608150918,   4.196,9999.000,9999.000,9999.000,9999.000,9999.000,9999.000,9999.000,9999.000
202608150924,   4.271,9999.000,9999.000,9999.000,9999.000,9999.000,9999.000,9999.000,9999.000
202608150930,   4.342,9999.000,9999.000,9999.000,9999.000,9999.000,9999.000,9999.000,9999.000
202608150936,   4.409,9999.000,9999.000,9999.000,9999.000,9999.000,9999.000,9999.000,9999.000
202608150942,   4.472,9999.000,9999.000,9999.000,9999.000,9999.000,9999.000,9999.000,9999.000
202608150948,   4.530,9999.000,9999.000,9999.000,9999.000,9999.000,9999.000,9999.000,9999.000
202608150954,   4.585,9999.000,9999.000,9999.000,9999.000,9999.000,9999.000,9999.000,9999.000
202608151000,   4.634,9999.000,   0.600,   0.102,   5.336,   0.500,   5.236,   0.600,   5.336
202608151006,   4.679,9999.000,9999.000,9999.000,9999.000,9999.000,9999.000,9999.000,9999.000
202608151012,   4.720,9999.000,9999.000,9999.000,9999.000,9999.000,9999.000,9999.000,9999.000
202608151018,   4.755,9999.000,9999.000,9999.000,9999.000,9999.000,9999.000,9999.000,9999.000
202608151024,   4.786,9999.000,9999.000,9999.000,9999.000,9999.000,9999.000,9999.000,9999.000
202608151030,   4.813,9999.000,9999.000,9999.000,9999.000,9999.000,9999.000,9999.000,9999.000
202608151036,   4.834,9999.000,9999.000,9999.000,9999.000,9999.000,9999.000,9999.000,9999.000
202608151042,   4.851,9999.000,9999.000,9999.000,9999.000,9999.000,9999.000,9999.000,9999.000
202608151048,   4.862,9999.000,9999.000,9999.000,9999.000,9999.000,9999.000,9999.000,9999.000
202608151054,   4.869,9999.000,9999.000,9999.000,9999.000,9999.000,9999.000,9999.000,9999.000
202608151100,   4.871,9999.000,   0.500,  -0.024,   5.347,   0.500,   5.347,   0.600,   5.447
202608151106,   4.867,9999.000,9999.000,9999.000,9999.000,9999.000,9999.000,9999.000,9999.000
202608151112,   4.859,9999.000,9999.000,9999.000,9999.000,9999.000,9999.000,9999.000,9999.000
202608151118,   4.845,9999.000,9999.000,9999.000,9999.000,9999.000,9999.000,9999.000,9999.000
202608151124,   4.826,9999.000,9999.000,9999.000,9999.000,9999.000,9999.000,9999.000,9999.000
202608151130,   4.803,9999.000,9999.000,9999.000,9999.000,9999.000,9999.000,9999.000,9999.000
202608151136,   4.774,9999.000,9999.000,9999.000,9999.000,9999.000,9999.000,9999.000,9999.000
202608151142,   4.739,9999.000,9999.000,9999.000,9999.000,9999.000,9999.000,9999.000,9999.000
202608151148,   4.700,9999.000,9999.000,9999.000,9999.000,9999.000,9999.000,9999.000,9999.000
202608151154,   4.656,9999.000,9999.000,9999.000,9999.000,9999.000,9999.000,9999.000,9999.000
202608151200,   4.607,9999.000,   0.500,  -0.024,   5.083,   0.500,   5.083,   0.600,   5.183
