        TIME,    TIDE,      OB,   SURGE,    BIAS,     TWL,SURGE90p,  TWL90p,SURGE10p,   TWL10p
202607211800,   2.520,9999.000,   0.400,9999.000,   2.920,   0.300,   2.820,   0.400,   2.920
202607211806,   2.470,9999.000,9999.000,9999.000,9999.000,9999.000,9999.000,9999.000,9999.000
202607211812,   2.421,9999.000,9999.000,9999.000,9999.000,9999.000,9999.000,9999.000,9999.000
202607211818,   2.373,9999.000,9999.000,9999.000,9999.000,9999.000,9999.000,9999.000,9999.000
202607211824,   2.325,9999.000,9999.000,9999.000,9999.000,9999.000,9999.000,9999.000,9999.000
202607211830,   2.279,9999.000,9999.000,9999.000,9999.000,9999.000,9999.000,9999.000,9999.000
202607211836,   2.235,9999.000,9999.000,9999.000,9999.000,9999.000,9999.000,9999.000,9999.000
202607211842,   2.191,9999.000,9999.000,9999.000,9999.000,9999.000,9999.000,9999.000,9999.000
202607211848,   2.149,9999.000,9999.000,9999.000,9999.000,9999.000,9999.000,9999.000,9999.000
202607211854,   2.108,9999.000,9999.000,9999.000,9999.000,9999.000,9999.000,9999.000,9999.000
202607211900,   2.069,   2.410,   0.400,  -0.059,   2.410,   0.400,   2.410,   0.400,   2.410
202607211906,   2.032,   2.338,9999.000,9999.000,9999.000,9999.000,9999.000,9999.000,9999.000
202607211912,   1.997,   2.299,9999.000,9999.000,9999.000,9999.000,9999.000,9999.000,9999.000
202607211918,   1.963,   2.240,9999.000,9999.000,9999.000,9999.000,9999.000,9999.000,9999.000
202607211924,   1.931,   2.210,9999.000,9999.000,9999.000,9999.000,9999.000,9999.000,9999.000
202607211930,   1.901,   2.191,9999.000,9999.000,9999.000,9999.000,9999.000,9999.000,9999.000
202607211936,   1.873,   2.148,9999.000,9999.000,9999.000,9999.000,9999.000,9999.000,9999.000
202607211942,   1.848,   2.138,9999.000,9999.000,9999.000,9999.000,9999.000,9999.000,9999.000
202607211948,   1.824,   2.118,9999.000,9999.000,9999.000,9999.000,9999.000,9999.000,9999.000
202607211954,   1.803,   2.099,9999.000,9999.000,9999.000,9999.000,9999.000,9999.000,9999.000
202607212000,   1.785,   2.099,   0.400,  -0.086,   2.099,   0.300,   1.999,   0.400,   2.099
202607212006,   1.768,   2.089,9999.000,9999.000,9999.000,9999.000,9999.000,9999.000,9999.000
202607212012,   1.755,   2.109,9999.000,9999.000,9999.000,9999.000,9999.000,9999.000,9999.000
202607212018,   1.744,   2.109,9999.000,9999.000,9999.000,9999.000,9999.000,9999.000,9999.000
202607212024,   1.736,   2.118,9999.000,9999.000,9999.000,9999.000,9999.000,9999.000,9999.000
202607212030,   1.731,   2.128,9999.000,9999.000,9999.000,9999.000,9999.000,9999.000,9999.000
202607212036,   1.730,   2.128,9999.000,9999.000,9999.000,9999.000,9999.000,9999.000,9999.000
202607212042,   1.731,   2.148,9999.000,9999.000,9999.000,9999.000,9999.000,9999.000,9999.000
202607212048,   1.736,   2.168,9999.000,9999.000,9999.000,9999.000,9999.000,9999.000,9999.000
202607212054,   1.745,   2.177,9999.000,9999.000,9999.000,9999.000,9999.000,9999.000,9999.000
202607212100,   1.757,   2.191,   0.300,   0.134,   2.191,   0.300,   2.191,   0.400,   2.291
202607212106,   1.773,   2.220,9999.000,9999.000,9999.000,9999.000,9999.000,9999.000,9999.000
202607212112,   1.792,   2.259,9999.000,9999.000,9999.000,9999.000,9999.000,9999.000,9999.000
202607212118,   1.816,   2.299,9999.000,9999.000,9999.000,9999.000,9999.000,9999.000,9999.000
202607212124,   1.843,   2.348,9999.000,9999.000,9999.000,9999.000,9999.000,9999.000,9999.000
202607212130,   1.875,   2.400,9999.000,9999.000,9999.000,9999.000,9999.000,9999.000,9999.000
202607212136,   1.911,   2.450,9999.000,9999.000,9999.000,9999.000,9999.000,9999.000,9999.000
202607212142,   1.950,   2.499,9999.000,9999.000,9999.000,9999.000,9999.000,9999.000,9999.000
202607212148,   1.994,   2.578,9999.000,9999.000,9999.000,9999.000,9999.000,9999.000,9999.000
202607212154,   2.042,   2.630,9999.000,9999.000,9999.000,9999.000,9999.000,9999.000,9999.000
202607212200,   2.094,   2.689,   0.300,   0.295,   2.689,   0.300,   2.689,   0.400,   2.789
202607212206,   2.149,   2.778,9999.000,9999.000,9999.000,9999.000,9999.000,9999.000,9999.000
202607212212,   2.208,   2.840,9999.000,9999.000,9999.000,9999.000,9999.000,9999.000,9999.000
202607212218,   2.271,   2.899,9999.000,9999.000,9999.000,9999.000,9999.000,9999.000,9999.000
202607212224,   2.336,   2.978,9999.000,9999.000,9999.000,9999.000,9999.000,9999.000,9999.000
202607212230,   2.405,   3.040,9999.000,9999.000,9999.000,9999.000,9999.000,9999.000,9999.000
202607212236,   2.477,   3.109,9999.000,9999.000,9999.000,9999.000,9999.000,9999.000,9999.000
202607212242,   2.552,   3.207,9999.000,9999.000,9999.000,9999.000,9999.000,9999.000,9999.000
202607212248,   2.629,   3.270,9999.000,9999.000,9999.000,9999.000,9999.000,9999.000,9999.000
202607212254,   2.709,   3.368,9999.000,9999.000,9999.000,9999.000,9999.000,9999.000,9999.000
202607212300,   2.790,   3.460,   0.300,   0.370,   3.460,   0.300,   3.460,   0.400,   3.560
202607212306,   2.873,   3.558,9999.000,9999.000,9999.000,9999.000,9999.000,9999.000,9999.000
202607212312,   2.958,   3.660,9999.000,9999.000,9999.000,9999.000,9999.000,9999.000,9999.000
202607212318,   3.044,   3.739,9999.000,9999.000,9999.000,9999.000,9999.000,9999.000,9999.000
202607212324,   3.131,   3.817,9999.000,9999.000,9999.000,9999.000,9999.000,9999.000,9999.000
202607212330,   3.218,   3.909,9999.000,9999.000,9999.000,9999.000,9999.000,9999.000,9999.000
202607212336,   3.306,   3.978,9999.000,9999.000,9999.000,9999.000,9999.000,9999.000,9999.000
202607212342,   3.394,   4.070,9999.000,9999.000,9999.000,9999.000,9999.000,9999.000,9999.000
202607212348,   3.482,   4.159,9999.000,9999.000,9999.000,9999.000,9999.000,9999.000,9999.000
202607212354,   3.569,   4.218,9999.000,9999.000,9999.000,9999.000,9999.000,9999.000,9999.000
202607220000,   3.656,   4.290,   0.500,   0.134,   4.290,   0.400,   4.190,   0.500,   4.290
202607220006,   3.743,   4.359,9999.000,9999.000,9999.000,9999.000,9999.000,9999.000,9999.000
202607220012,   3.828,   4.447,9999.000,9999.000,9999.000,9999.000,9999.000,9999.000,9999.000
202607220018,   3.913,   4.529,9999.000,9999.000,9999.000,9999.000,9999.000,9999.000,9999.000
202607220024,   3.996,   4.618,9999.000,9999.000,9999.000,9999.000,9999.000,9999.000,9999.000
202607220030,   4.078,   4.677,9999.000,9999.000,9999.000,9999.000,9999.000,9999.000,9999.000
202607220036,   4.158,   4.778,9999.000,9999.000,9999.000,9999.000,9999.000,9999.000,9999.000
202607220042,   4.236,   4.837,9999.000,9999.000,9999.000,9999.000,9999.000,9999.000,9999.000
202607220048,   4.313,   4.919,9999.000,9999.000,9999.000,9999.000,9999.000,9999.000,9999.000
202607220054,   4.388,   4.979,9999.000,9999.000,9999.000,9999.000,9999.000,9999.000,9999.000
202607220100,   4.460,   5.057,   0.500,   0.097,   5.057,   0.500,   5.057,   0.500,   5.057
202607220106,   4.531,   5.120,9999.000,9999.000,9999.000,9999.000,9999.000,9999.000,9999.000
202607220112,   4.599,   5.139,9999.000,9999.000,9999.000,9999.000,9999.000,9999.000,9999.000
202607220118,   4.665,   5.208,9999.000,9999.000,9999.000,9999.000,9999.000,9999.000,9999.000
202607220124,   4.728,   5.247,9999.000,9999.000,9999.000,9999.000,9999.000,9999.000,9999.000
202607220130,   4.789,   5.297,9999.000,9999.000,9999.000,9999.000,9999.000,9999.000,9999.000
202607220136,   4.846,   5.329,9999.000,9999.000,9999.000,9999.000,9999.000,9999.000,9999.000
202607220142,   4.901,   5.398,9999.000,9999.000,9999.000,9999.000,9999.000,9999.000,9999.000
202607220148,   4.953,   5.428,9999.000,9999.000,9999.000,9999.000,9999.000,9999.000,9999.000
202607220154,   5.002,   5.467,9999.000,9999.000,9999.000,9999.000,9999.000,9999.000,9999.000
202607220200,   5.048,   5.530,   0.500,  -0.018,   5.530,   0.500,   5.530,   0.500,   5.530
202607220206,   5.091,   5.569,9999.000,9999.000,9999.000,9999.000,9999.000,9999.000,9999.000
202607220212,   5.130,   5.618,9999.000,9999.000,9999.000,9999.000,9999.000,9999.000,9999.000
202607220218,   5.166,   5.618,9999.000,9999.000,9999.000,9999.000,9999.000,9999.000,9999.000
202607220224,   5.198,   5.638,9999.000,9999.000,9999.000,9999.000,9999.000,9999.000,9999.000
202607220230,   5.227,   5.657,9999.000,9999.000,9999.000,9999.000,9999.000,9999.000,9999.000
202607220236,   5.252,   5.697,9999.000,9999.000,9999.000,9999.000,9999.000,9999.000,9999.000
202607220242,   5.273,   5.687,9999.000,9999.000,9999.000,9999.000,9999.000,9999.000,9999.000
202607220248,   5.291,   5.717,9999.000,9999.000,9999.000,9999.000,9999.000,9999.000,9999.000
202607220254,   5.305,   5.717,9999.000,9999.000,9999.000,9999.000,9999.000,9999.000,9999.000
202607220300,   5.314,   5.697,   0.500,  -0.117,   5.697,   0.500,   5.697,   0.500,   5.697
202607220306,   5.320,   5.730,9999.000,9999.000,9999.000,9999.000,9999.000,9999.000,9999.000
202607220312,   5.322,   5.739,9999.000,9999.000,9999.000,9999.000,9999.000,9999.000,9999.000
202607220318,   5.320,   5.739,9999.000,9999.000,9999.000,9999.000,9999.000,9999.000,9999.000
202607220324,   5.314,   5.749,9999.000,9999.000,9999.000,9999.000,9999.000,9999.000,9999.000
202607220330,   5.304,   5.717,9999.000,9999.000,9999.000,9999.000,9999.000,9999.000,9999.000
202607220336,   5.289,   5.717,9999.000,9999.000,9999.000,9999.000,9999.000,9999.000,9999.000
202607220342,   5.271,   5.687,9999.000,9999.000,9999.000,9999.000,9999.000,9999.000,9999.000
202607220348,   5.249,   5.687,9999.000,9999.000,9999.000,9999.000,9999.000,9999.000,9999.000
202607220354,   5.222,   5.657,9999.000,9999.000,9999.000,9999.000,9999.000,9999.000,9999.000
202607220400,   5.192,   5.628,   0.500,  -0.064,   5.628,   0.500,   5.628,   0.500,   5.628
202607220406,   5.158,   5.608,9999.000,9999.000,9999.000,9999.000,9999.000,9999.000,9999.000
202607220412,   5.119,   5.549,9999.000,9999.000,9999.000,9999.000,9999.000,9999.000,9999.000
202607220418,   5.077,   5.477,9999.000,9999.000,9999.000,9999.000,9999.000,9999.000,9999.000
202607220424,   5.032,   5.467,9999.000,9999.000,9999.000,9999.000,9999.000,9999.000,9999.000
202607220430,   4.982,   5.418,9999.000,9999.000,9999.000,9999.000,9999.000,9999.000,9999.000
202607220436,   4.929,   5.359,9999.000,9999.000,9999.000,9999.000,9999.000,9999.000,9999.000
202607220442,   4.873,   5.277,9999.000,9999.000,9999.000,9999.000,9999.000,9999.000,9999.000
202607220448,   4.813,   5.228,9999.000,9999.000,9999.000,9999.000,9999.000,9999.000,9999.000
202607220454,   4.750,   5.159,9999.000,9999.000,9999.000,9999.000,9999.000,9999.000,9999.000
202607220500,   4.684,   5.087,   0.500,  -0.097,   5.087,   0.500,   5.087,   0.500,   5.087
202607220506,   4.615,   4.998,9999.000,9999.000,9999.000,9999.000,9999.000,9999.000,9999.000
202607220512,   4.543,   4.900,9999.000,9999.000,9999.000,9999.000,9999.000,9999.000,9999.000
202607220518,   4.469,   4.828,9999.000,9999.000,9999.000,9999.000,9999.000,9999.000,9999.000
202607220524,   4.392,   4.749,9999.000,9999.000,9999.000,9999.000,9999.000,9999.000,9999.000
202607220530,   4.313,   4.637,9999.000,9999.000,9999.000,9999.000,9999.000,9999.000,9999.000
202607220536,   4.232,   4.559,9999.000,9999.000,9999.000,9999.000,9999.000,9999.000,9999.000
202607220542,   4.149,   4.437,9999.000,9999.000,9999.000,9999.000,9999.000,9999.000,9999.000
202607220548,   4.064,   4.349,9999.000,9999.000,9999.000,9999.000,9999.000,9999.000,9999.000
202607220554,   3.978,   4.267,9999.000,9999.000,9999.000,9999.000,9999.000,9999.000,9999.000
202607220600,   3.890,   4.168,   0.600,  -0.322,   4.168,   0.500,   4.068,   0.600,   4.168
202607220606,   3.802,   4.057,9999.000,9999.000,9999.000,9999.000,9999.000,9999.000,9999.000
202607220612,   3.712,   3.958,9999.000,9999.000,9999.000,9999.000,9999.000,9999.000,9999.000
202607220618,   3.622,   3.870,9999.000,9999.000,9999.000,9999.000,9999.000,9999.000,9999.000
202607220624,   3.532,   3.758,9999.000,9999.000,9999.000,9999.000,9999.000,9999.000,9999.000
202607220630,   3.441,   3.670,9999.000,9999.000,9999.000,9999.000,9999.000,9999.000,9999.000
202607220636,   3.350,   3.568,9999.000,9999.000,9999.000,9999.000,9999.000,9999.000,9999.000
202607220642,   3.259,   3.480,9999.000,9999.000,9999.000,9999.000,9999.000,9999.000,9999.000
202607220648,   3.168,   3.388,9999.000,9999.000,9999.000,9999.000,9999.000,9999.000,9999.000
202607220654,   3.077,   3.299,9999.000,9999.000,9999.000,9999.000,9999.000,9999.000,9999.000
202607220700,   2.987,   3.207,   0.600,  -0.380,   3.207,   0.500,   3.107,   0.600,   3.207
202607220706,   2.898,   3.119,9999.000,9999.000,9999.000,9999.000,9999.000,9999.000,9999.000
202607220712,   2.809,   3.040,9999.000,9999.000,9999.000,9999.000,9999.000,9999.000,9999.000
202607220718,   2.721,   2.948,9999.000,9999.000,9999.000,9999.000,9999.000,9999.000,9999.000
202607220724,   2.634,   2.869,9999.000,9999.000,9999.000,9999.000,9999.000,9999.000,9999.000
202607220730,   2.548,   2.787,9999.000,9999.000,9999.000,9999.000,9999.000,9999.000,9999.000
202607220736,   2.463,   2.728,9999.000,9999.000,9999.000,9999.000,9999.000,9999.000,9999.000
202607220742,   2.380,   2.650,9999.000,9999.000,9999.000,9999.000,9999.000,9999.000,9999.000
202607220748,   2.298,   2.558,9999.000,9999.000,9999.000,9999.000,9999.000,9999.000,9999.000
202607220754,   2.218,   2.479,9999.000,9999.000,9999.000,9999.000,9999.000,9999.000,9999.000
202607220800,   2.139,   2.400,   0.600,  -0.339,   2.400,   0.600,   2.400,   0.600,   2.400
202607220806,   2.062,   2.309,9999.000,9999.000,9999.000,9999.000,9999.000,9999.000,9999.000
202607220812,   1.986,   2.230,9999.000,9999.000,9999.000,9999.000,9999.000,9999.000,9999.000
202607220818,   1.913,   2.177,9999.000,9999.000,9999.000,9999.000,9999.000,9999.000,9999.000
202607220824,   1.842,   2.109,9999.000,9999.000,9999.000,9999.000,9999.000,9999.000,9999.000
202607220830,   1.773,   2.059,9999.000,9999.000,9999.000,9999.000,9999.000,9999.000,9999.000
202607220836,   1.706,   2.000,9999.000,9999.000,9999.000,9999.000,9999.000,9999.000,9999.000
202607220842,   1.642,   1.938,9999.000,9999.000,9999.000,9999.000,9999.000,9999.000,9999.000
202607220848,   1.581,   1.908,9999.000,9999.000,9999.000,9999.000,9999.000,9999.000,9999.000
202607220854,   1.523,   1.869,9999.000,9999.000,9999.000,9999.000,9999.000,9999.000,9999.000
202607220900,   1.467,   1.840,   0.600,  -0.227,   1.840,   0.500,   1.740,   0.600,   1.840
202607220906,   1.415,   1.790,9999.000,9999.000,9999.000,9999.000,9999.000,9999.000,9999.000
202607220912,   1.367,   1.738,9999.000,9999.000,9999.000,9999.000,9999.000,9999.000,9999.000
202607220918,   1.321,   1.699,9999.000,9999.000,9999.000,9999.000,9999.000,9999.000,9999.000
202607220924,   1.280,   1.669,9999.000,9999.000,9999.000,9999.000,9999.000,9999.000,9999.000
202607220930,   1.242,   1.620,9999.000,9999.000,9999.000,9999.000,9999.000,9999.000,9999.000
202607220936,   1.209,   1.600,9999.000,9999.000,9999.000,9999.000,9999.000,9999.000,9999.000
202607220942,   1.179,   1.548,9999.000,9999.000,9999.000,9999.000,9999.000,9999.000,9999.000
202607220948,   1.154,   1.528,9999.000,9999.000,9999.000,9999.000,9999.000,9999.000,9999.000
202607220954,   1.133,   1.498,9999.000,9999.000,9999.000,9999.000,9999.000,9999.000,9999.000
202607221000,   1.116,   1.469,   0.600,  -0.247,   1.469,   0.600,   1.469,   0.600,   1.469
202607221006,   1.104,   1.449,9999.000,9999.000,9999.000,9999.000,9999.000,9999.000,9999.000
202607221012,   1.096,   1.430,9999.000,9999.000,9999.000,9999.000,9999.000,9999.000,9999.000
202607221018,   1.092,   1.420,9999.000,9999.000,9999.000,9999.000,9999.000,9999.000,9999.000
202607221024,   1.093,   1.400,9999.000,9999.000,9999.000,9999.000,9999.000,9999.000,9999.000
202607221030,   1.098,   1.390,9999.000,9999.000,9999.000,9999.000,9999.000,9999.000,9999.000
202607221036,   1.108,   1.390,9999.000,9999.000,9999.000,9999.000,9999.000,9999.000,9999.000
202607221042,   1.122,   1.380,9999.000,9999.000,9999.000,9999.000,9999.000,9999.000,9999.000
202607221048,   1.139,   1.371,9999.000,9999.000,9999.000,9999.000,9999.000,9999.000,9999.000
202607221054,   1.161,   1.371,9999.000,9999.000,9999.000,9999.000,9999.000,9999.000,9999.000
202607221100,   1.186,   1.371,   0.600,  -0.415,   1.371,   0.600,   1.371,   0.600,   1.371
202607221106,   1.215,   1.380,9999.000,9999.000,9999.000,9999.000,9999.000,9999.000,9999.000
202607221112,   1.247,   1.390,9999.000,9999.000,9999.000,9999.000,9999.000,9999.000,9999.000
202607221118,   1.283,   1.430,9999.000,9999.000,9999.000,9999.000,9999.000,9999.000,9999.000
202607221124,   1.321,   1.449,9999.000,9999.000,9999.000,9999.000,9999.000,9999.000,9999.000
202607221130,   1.362,   1.489,9999.000,9999.000,9999.000,9999.000,9999.000,9999.000,9999.000
202607221136,   1.405,   1.518,9999.000,9999.000,9999.000,9999.000,9999.000,9999.000,9999.000
202607221142,   1.451,   1.557,9999.000,9999.000,9999.000,9999.000,9999.000,9999.000,9999.000
202607221148,   1.499,   1.600,9999.000,9999.000,9999.000,9999.000,9999.000,9999.000,9999.000
202607221154,   1.549,   1.669,9999.000,9999.000,9999.000,9999.000,9999.000,9999.000,9999.000
202607221200,   1.600,   1.718,   0.400,  -0.282,   1.718,   0.400,   1.718,   0.500,   1.818
202607221206,   1.653,   1.748,9999.000,9999.000,9999.000,9999.000,9999.000,9999.000,9999.000
202607221212,   1.707,   1.800,9999.000,9999.000,9999.000,9999.000,9999.000,9999.000,9999.000
202607221218,   1.762,   1.859,9999.000,9999.000,9999.000,9999.000,9999.000,9999.000,9999.000
202607221224,   1.818,   1.918,9999.000,9999.000,9999.000,9999.000,9999.000,9999.000,9999.000
202607221230,   1.874,   1.981,9999.000,9999.000,9999.000,9999.000,9999.000,9999.000,9999.000
202607221236,   1.931,   2.059,9999.000,9999.000,9999.000,9999.000,9999.000,9999.000,9999.000
202607221242,   1.988,   2.089,9999.000,9999.000,9999.000,9999.000,9999.000,9999.000,9999.000
202607221248,   2.046,   2.168,9999.000,9999.000,9999.000,9999.000,9999.000,9999.000,9999.000
202607221254,   2.103,   2.250,9999.000,9999.000,9999.000,9999.000,9999.000,9999.000,9999.000
202607221300,   2.160,   2.318,   0.400,  -0.242,   2.318,   0.400,   2.318,   0.500,   2.418
202607221306,   2.218,   2.400,9999.000,9999.000,9999.000,9999.000,9999.000,9999.000,9999.000
202607221312,   2.274,   2.489,9999.000,9999.000,9999.000,9999.000,9999.000,9999.000,9999.000
202607221318,   2.331,   2.548,9999.000,9999.000,9999.000,9999.000,9999.000,9999.000,9999.000
202607221324,   2.386,   2.640,9999.000,9999.000,9999.000,9999.000,9999.000,9999.000,9999.000
202607221330,   2.441,   2.719,9999.000,9999.000,9999.000,9999.000,9999.000,9999.000,9999.000
202607221336,   2.495,   2.787,9999.000,9999.000,9999.000,9999.000,9999.000,9999.000,9999.000
202607221342,   2.549,   2.889,9999.000,9999.000,9999.000,9999.000,9999.000,9999.000,9999.000
202607221348,   2.601,   2.968,9999.000,9999.000,9999.000,9999.000,9999.000,9999.000,9999.000
202607221354,   2.652,   3.040,9999.000,9999.000,9999.000,9999.000,9999.000,9999.000,9999.000
202607221400,   2.703,   3.079,   0.400,  -0.024,   3.079,   0.400,   3.079,   0.500,   3.179
202607221406,   2.751,   3.178,9999.000,9999.000,9999.000,9999.000,9999.000,9999.000,9999.000
202607221412,   2.799,   3.230,9999.000,9999.000,9999.000,9999.000,9999.000,9999.000,9999.000
202607221418,   2.845,   3.260,9999.000,9999.000,9999.000,9999.000,9999.000,9999.000,9999.000
202607221424,   2.889,   3.309,9999.000,9999.000,9999.000,9999.000,9999.000,9999.000,9999.000
202607221430,   2.932,   3.388,9999.000,9999.000,9999.000,9999.000,9999.000,9999.000,9999.000
202607221436,   2.973,   3.427,9999.000,9999.000,9999.000,9999.000,9999.000,9999.000,9999.000
202607221442,   3.012,   3.480,9999.000,9999.000,9999.000,9999.000,9999.000,9999.000,9999.000
202607221448,   3.050,   3.568,9999.000,9999.000,9999.000,9999.000,9999.000,9999.000,9999.000
202607221454,   3.085,   3.650,9999.000,9999.000,9999.000,9999.000,9999.000,9999.000,9999.000
202607221500,   3.118,   3.699,   0.400,   0.181,   3.699,   0.400,   3.699,   0.500,   3.799
202607221506,   3.149,   3.719,9999.000,9999.000,9999.000,9999.000,9999.000,9999.000,9999.000
202607221512,   3.178,   3.788,9999.000,9999.000,9999.000,9999.000,9999.000,9999.000,9999.000
202607221518,   3.205,   3.837,9999.000,9999.000,9999.000,9999.000,9999.000,9999.000,9999.000
202607221524,   3.230,   3.880,9999.000,9999.000,9999.000,9999.000,9999.000,9999.000,9999.000
202607221530,   3.252,   3.919,9999.000,9999.000,9999.000,9999.000,9999.000,9999.000,9999.000
202607221536,   3.271,   3.968,9999.000,9999.000,9999.000,9999.000,9999.000,9999.000,9999.000
202607221542,   3.289,   3.968,9999.000,9999.000,9999.000,9999.000,9999.000,9999.000,9999.000
202607221548,   3.303,   3.998,9999.000,9999.000,9999.000,9999.000,9999.000,9999.000,9999.000
202607221554,   3.316,   4.008,9999.000,9999.000,9999.000,9999.000,9999.000,9999.000,9999.000
202607221600,   3.325,   4.017,   0.400,   0.292,   4.017,   0.400,   4.017,   0.500,   4.117
202607221606,   3.333,   4.070,9999.000,9999.000,9999.000,9999.000,9999.000,9999.000,9999.000
202607221612,   3.337,   4.080,9999.000,9999.000,9999.000,9999.000,9999.000,9999.000,9999.000
202607221618,   3.339,   4.090,9999.000,9999.000,9999.000,9999.000,9999.000,9999.000,9999.000
202607221624,   3.339,   4.109,9999.000,9999.000,9999.000,9999.000,9999.000,9999.000,9999.000
202607221630,   3.336,   4.119,9999.000,9999.000,9999.000,9999.000,9999.000,9999.000,9999.000
202607221636,   3.331,   4.109,9999.000,9999.000,9999.000,9999.000,9999.000,9999.000,9999.000
202607221642,   3.323,   4.109,9999.000,9999.000,9999.000,9999.000,9999.000,9999.000,9999.000
202607221648,   3.313,   4.099,9999.000,9999.000,9999.000,9999.000,9999.000,9999.000,9999.000
202607221654,   3.300,   4.090,9999.000,9999.000,9999.000,9999.000,9999.000,9999.000,9999.000
202607221700,   3.285,   4.090,   0.400,   0.405,   4.090,   0.400,   4.090,   0.400,   4.090
202607221706,   3.268,   4.070,9999.000,9999.000,9999.000,9999.000,9999.000,9999.000,9999.000
202607221712,   3.248,   4.037,9999.000,9999.000,9999.000,9999.000,9999.000,9999.000,9999.000
202607221718,   3.227,   4.008,9999.000,9999.000,9999.000,9999.000,9999.000,9999.000,9999.000
202607221724,   3.204,   3.998,9999.000,9999.000,9999.000,9999.000,9999.000,9999.000,9999.000
202607221730,   3.178,   3.978,9999.000,9999.000,9999.000,9999.000,9999.000,9999.000,9999.000
202607221736,   3.151,   3.958,9999.000,9999.000,9999.000,9999.000,9999.000,9999.000,9999.000
202607221742,   3.123,   3.929,9999.000,9999.000,9999.000,9999.000,9999.000,9999.000,9999.000
202607221748,   3.093,   3.870,9999.000,9999.000,9999.000,9999.000,9999.000,9999.000,9999.000
202607221754,   3.061,   3.837,9999.000,9999.000,9999.000,9999.000,9999.000,9999.000,9999.000
202607221800,   3.028,   3.808,   0.300,   0.480,   3.808,   0.300,   3.808,   0.300,   3.808
202607221806,   2.995,   3.758,9999.000,9999.000,9999.000,9999.000,9999.000,9999.000,9999.000
202607221812,   2.960,   3.739,9999.000,9999.000,9999.000,9999.000,9999.000,9999.000,9999.000
202607221818,   2.925,   3.719,9999.000,9999.000,9999.000,9999.000,9999.000,9999.000,9999.000
202607221824,   2.889,   3.670,9999.000,9999.000,9999.000,9999.000,9999.000,9999.000,9999.000
202607221830,   2.853,   3.607,9999.000,9999.000,9999.000,9999.000,9999.000,9999.000,9999.000
202607221836,   2.816,   3.578,9999.000,9999.000,9999.000,9999.000,9999.000,9999.000,9999.000
202607221842,   2.779,   3.539,9999.000,9999.000,9999.000,9999.000,9999.000,9999.000,9999.000
202607221848,   2.742,   3.489,9999.000,9999.000,9999.000,9999.000,9999.000,9999.000,9999.000
202607221854,   2.706,   3.417,9999.000,9999.000,9999.000,9999.000,9999.000,9999.000,9999.000
202607221900,   2.670,   3.398,   0.300,   0.428,   3.398,   0.300,   3.398,   0.300,   3.398
202607221906,   2.634,   3.329,9999.000,9999.000,9999.000,9999.000,9999.000,9999.000,9999.000
202607221912,   2.599,   3.279,9999.000,9999.000,9999.000,9999.000,9999.000,9999.000,9999.000
202607221918,   2.564,   3.250,9999.000,9999.000,9999.000,9999.000,9999.000,9999.000,9999.000
202607221924,   2.531,   3.217,9999.000,9999.000,9999.000,9999.000,9999.000,9999.000,9999.000
202607221930,   2.498,   3.168,9999.000,9999.000,9999.000,9999.000,9999.000,9999.000,9999.000
202607221936,   2.466,   3.138,9999.000,9999.000,9999.000,9999.000,9999.000,9999.000,9999.000
202607221942,   2.435,   3.089,9999.000,9999.000,9999.000,9999.000,9999.000,9999.000,9999.000
202607221948,   2.406,   3.079,9999.000,9999.000,9999.000,9999.000,9999.000,9999.000,9999.000
202607221954,   2.377,   3.050,9999.000,9999.000,9999.000,9999.000,9999.000,9999.000,9999.000
202607222000,   2.350,   2.988,   0.300,   0.338,   2.988,   0.300,   2.988,   0.300,   2.988
202607222006,   2.324,   2.938,9999.000,9999.000,9999.000,9999.000,9999.000,9999.000,9999.000
202607222012,   2.300,   2.899,9999.000,9999.000,9999.000,9999.000,9999.000,9999.000,9999.000
202607222018,   2.277,   2.850,9999.000,9999.000,9999.000,9999.000,9999.000,9999.000,9999.000
202607222024,   2.256,   2.840,9999.000,9999.000,9999.000,9999.000,9999.000,9999.000,9999.000
202607222030,   2.236,   2.820,9999.000,9999.000,9999.000,9999.000,9999.000,9999.000,9999.000
202607222036,   2.219,   2.807,9999.000,9999.000,9999.000,9999.000,9999.000,9999.000,9999.000
202607222042,   2.202,   2.787,9999.000,9999.000,9999.000,9999.000,9999.000,9999.000,9999.000
202607222048,   2.188,   2.787,9999.000,9999.000,9999.000,9999.000,9999.000,9999.000,9999.000
202607222054,   2.176,   2.758,9999.000,9999.000,9999.000,9999.000,9999.000,9999.000,9999.000
202607222100,   2.166,   2.748,   0.300,   0.282,   2.748,   0.300,   2.748,   0.300,   2.748
202607222106,   2.158,   2.748,9999.000,9999.000,9999.000,9999.000,9999.000,9999.000,9999.000
202607222112,   2.152,   2.748,9999.000,9999.000,9999.000,9999.000,9999.000,9999.000,9999.000
202607222118,   2.149,   2.738,9999.000,9999.000,9999.000,9999.000,9999.000,9999.000,9999.000
202607222124,   2.148,   2.748,9999.000,9999.000,9999.000,9999.000,9999.000,9999.000,9999.000
202607222130,   2.151,   2.748,9999.000,9999.000,9999.000,9999.000,9999.000,9999.000,9999.000
202607222136,   2.155,   2.787,9999.000,9999.000,9999.000,9999.000,9999.000,9999.000,9999.000
202607222142,   2.163,   2.797,9999.000,9999.000,9999.000,9999.000,9999.000,9999.000,9999.000
202607222148,   2.174,   2.807,9999.000,9999.000,9999.000,9999.000,9999.000,9999.000,9999.000
202607222154,   2.188,   2.830,9999.000,9999.000,9999.000,9999.000,9999.000,9999.000,9999.000
202607222200,   2.206,   2.869,   0.300,   0.363,   2.869,   0.300,   2.869,   0.300,   2.869
202607222206,   2.226,   2.889,9999.000,9999.000,9999.000,9999.000,9999.000,9999.000,9999.000
202607222212,   2.251,   2.938,9999.000,9999.000,9999.000,9999.000,9999.000,9999.000,9999.000
202607222218,   2.278,   2.958,9999.000,9999.000,9999.000,9999.000,9999.000,9999.000,9999.000
202607222224,   2.310,   2.997,9999.000,9999.000,9999.000,9999.000,9999.000,9999.000,9999.000
202607222230,   2.344,   3.040,9999.000,9999.000,9999.000,9999.000,9999.000,9999.000,9999.000
202607222236,   2.383,   3.079,9999.000,9999.000,9999.000,9999.000,9999.000,9999.000,9999.000
202607222242,   2.425,   3.109,9999.000,9999.000,9999.000,9999.000,9999.000,9999.000,9999.000
202607222248,   2.470,   3.178,9999.000,9999.000,9999.000,9999.000,9999.000,9999.000,9999.000
202607222254,   2.519,   3.230,9999.000,9999.000,9999.000,9999.000,9999.000,9999.000,9999.000
202607222300,   2.571,   3.289,   0.300,   0.418,   3.289,   0.300,   3.289,   0.300,   3.289
202607222306,   2.626,   3.358,9999.000,9999.000,9999.000,9999.000,9999.000,9999.000,9999.000
202607222312,   2.685,   3.417,9999.000,9999.000,9999.000,9999.000,9999.000,9999.000,9999.000
202607222318,   2.746,   3.470,9999.000,9999.000,9999.000,9999.000,9999.000,9999.000,9999.000
202607222324,   2.810,   3.548,9999.000,9999.000,9999.000,9999.000,9999.000,9999.000,9999.000
202607222330,   2.877,   3.617,9999.000,9999.000,9999.000,9999.000,9999.000,9999.000,9999.000
202607222336,   2.946,   3.680,9999.000,9999.000,9999.000,9999.000,9999.000,9999.000,9999.000
202607222342,   3.017,   3.749,9999.000,9999.000,9999.000,9999.000,9999.000,9999.000,9999.000
202607222348,   3.090,   3.788,9999.000,9999.000,9999.000,9999.000,9999.000,9999.000,9999.000
202607222354,   3.165,   3.870,9999.000,9999.000,9999.000,9999.000,9999.000,9999.000,9999.000
202607230000,   3.241,   3.919,   0.400,   0.278,   3.919,   0.400,   3.919,   0.400,   3.919
202607230006,   3.318,   4.027,9999.000,9999.000,9999.000,9999.000,9999.000,9999.000,9999.000
202607230012,   3.396,   4.139,9999.000,9999.000,9999.000,9999.000,9999.000,9999.000,9999.000
202607230018,   3.475,   4.159,9999.000,9999.000,9999.000,9999.000,9999.000,9999.000,9999.000
202607230024,   3.554,   4.247,9999.000,9999.000,9999.000,9999.000,9999.000,9999.000,9999.000
202607230030,   3.634,   4.309,9999.000,9999.000,9999.000,9999.000,9999.000,9999.000,9999.000
202607230036,   3.714,   4.388,9999.000,9999.000,9999.000,9999.000,9999.000,9999.000,9999.000
202607230042,   3.793,   4.437,9999.000,9999.000,9999.000,9999.000,9999.000,9999.000,9999.000
202607230048,   3.872,   4.519,9999.000,9999.000,9999.000,9999.000,9999.000,9999.000,9999.000
202607230054,   3.950,   4.588,9999.000,9999.000,9999.000,9999.000,9999.000,9999.000,9999.000
202607230100,   4.028,   4.628,   0.400,   0.200,   4.628,   0.400,   4.628,   0.400,   4.628
202607230106,   4.104,   4.690,9999.000,9999.000,9999.000,9999.000,9999.000,9999.000,9999.000
202607230112,   4.180,   4.769,9999.000,9999.000,9999.000,9999.000,9999.000,9999.000,9999.000
202607230118,   4.254,   4.798,9999.000,9999.000,9999.000,9999.000,9999.000,9999.000,9999.000
202607230124,   4.327,   4.887,9999.000,9999.000,9999.000,9999.000,9999.000,9999.000,9999.000
202607230130,   4.398,   4.939,9999.000,9999.000,9999.000,9999.000,9999.000,9999.000,9999.000
202607230136,   4.467,   5.028,9999.000,9999.000,9999.000,9999.000,9999.000,9999.000,9999.000
202607230142,   4.535,   5.077,9999.000,9999.000,9999.000,9999.000,9999.000,9999.000,9999.000
202607230148,   4.600,   5.120,9999.000,9999.000,9999.000,9999.000,9999.000,9999.000,9999.000
202607230154,   4.663,   5.179,9999.000,9999.000,9999.000,9999.000,9999.000,9999.000,9999.000
202607230200,   4.725,   5.218,   0.400,   0.093,   5.218,   0.400,   5.218,   0.400,   5.218
202607230206,   4.783,   5.267,9999.000,9999.000,9999.000,9999.000,9999.000,9999.000,9999.000
202607230212,   4.840,   5.307,9999.000,9999.000,9999.000,9999.000,9999.000,9999.000,9999.000
202607230218,   4.894,   5.349,9999.000,9999.000,9999.000,9999.000,9999.000,9999.000,9999.000
202607230224,   4.945,   5.398,9999.000,9999.000,9999.000,9999.000,9999.000,9999.000,9999.000
202607230230,   4.994,   5.408,9999.000,9999.000,9999.000,9999.000,9999.000,9999.000,9999.000
202607230236,   5.039,   5.448,9999.000,9999.000,9999.000,9999.000,9999.000,9999.000,9999.000
202607230242,   5.082,   5.507,9999.000,9999.000,9999.000,9999.000,9999.000,9999.000,9999.000
202607230248,   5.122,   5.530,9999.000,9999.000,9999.000,9999.000,9999.000,9999.000,9999.000
202607230254,   5.159,   5.579,9999.000,9999.000,9999.000,9999.000,9999.000,9999.000,9999.000
202607230300,   5.192,   5.608,   0.400,   0.016,   5.608,   0.400,   5.608,   0.400,   5.608
202607230306,   5.223,   5.628,9999.000,9999.000,9999.000,9999.000,9999.000,9999.000,9999.000
202607230312,   5.250,   5.657,9999.000,9999.000,9999.000,9999.000,9999.000,9999.000,9999.000
202607230318,   5.273,   5.657,9999.000,9999.000,9999.000,9999.000,9999.000,9999.000,9999.000
202607230324,   5.294,   5.677,9999.000,9999.000,9999.000,9999.000,9999.000,9999.000,9999.000
202607230330,   5.310,   5.667,9999.000,9999.000,9999.000,9999.000,9999.000,9999.000,9999.000
202607230336,   5.323,   5.657,9999.000,9999.000,9999.000,9999.000,9999.000,9999.000,9999.000
202607230342,   5.333,   5.638,9999.000,9999.000,9999.000,9999.000,9999.000,9999.000,9999.000
202607230348,   5.339,   5.657,9999.000,9999.000,9999.000,9999.000,9999.000,9999.000,9999.000
202607230354,   5.341,   5.677,9999.000,9999.000,9999.000,9999.000,9999.000,9999.000,9999.000
202607230400,   5.339,   5.638,   0.400,  -0.101,   5.638,   0.400,   5.638,   0.400,   5.638
202607230406,   5.334,   5.648,9999.000,9999.000,9999.000,9999.000,9999.000,9999.000,9999.000
202607230412,   5.325,   5.648,9999.000,9999.000,9999.000,9999.000,9999.000,9999.000,9999.000
202607230418,   5.312,   5.648,9999.000,9999.000,9999.000,9999.000,9999.000,9999.000,9999.000
202607230424,   5.295,   5.648,9999.000,9999.000,9999.000,9999.000,9999.000,9999.000,9999.000
202607230430,   5.275,   5.598,9999.000,9999.000,9999.000,9999.000,9999.000,9999.000,9999.000
202607230436,   5.250,   5.579,9999.000,9999.000,9999.000,9999.000,9999.000,9999.000,9999.000
202607230442,   5.222,   5.569,9999.000,9999.000,9999.000,9999.000,9999.000,9999.000,9999.000
202607230448,   5.190,   5.549,9999.000,9999.000,9999.000,9999.000,9999.000,9999.000,9999.000
202607230454,   5.154,   5.516,9999.000,9999.000,9999.000,9999.000,9999.000,9999.000,9999.000
202607230500,   5.115,   5.438,   0.400,  -0.077,   5.438,   0.400,   5.438,   0.400,   5.438
202607230506,   5.072,   5.418,9999.000,9999.000,9999.000,9999.000,9999.000,9999.000,9999.000
202607230512,   5.025,   5.339,9999.000,9999.000,9999.000,9999.000,9999.000,9999.000,9999.000
202607230518,   4.975,   5.320,9999.000,9999.000,9999.000,9999.000,9999.000,9999.000,9999.000
202607230524,   4.921,   5.267,9999.000,9999.000,9999.000,9999.000,9999.000,9999.000,9999.000
202607230530,   4.864,   5.188,9999.000,9999.000,9999.000,9999.000,9999.000,9999.000,9999.000
202607230536,   4.803,   5.110,9999.000,9999.000,9999.000,9999.000,9999.000,9999.000,9999.000
202607230542,   4.739,   5.018,9999.000,9999.000,9999.000,9999.000,9999.000,9999.000,9999.000
202607230548,   4.673,   4.969,9999.000,9999.000,9999.000,9999.000,9999.000,9999.000,9999.000
202607230554,   4.603,   4.877,9999.000,9999.000,9999.000,9999.000,9999.000,9999.000,9999.000
202607230600,   4.530,   4.798,   0.600,  -0.332,   4.798,   0.600,   4.798,   0.600,   4.798
202607230606,   4.455,   4.710,9999.000,9999.000,9999.000,9999.000,9999.000,9999.000,9999.000
202607230612,   4.377,   4.647,9999.000,9999.000,9999.000,9999.000,9999.000,9999.000,9999.000
202607230618,   4.297,   4.559,9999.000,9999.000,9999.000,9999.000,9999.000,9999.000,9999.000
202607230624,   4.214,   4.467,9999.000,9999.000,9999.000,9999.000,9999.000,9999.000,9999.000
202607230630,   4.130,   4.368,9999.000,9999.000,9999.000,9999.000,9999.000,9999.000,9999.000
202607230636,   4.043,   4.290,9999.000,9999.000,9999.000,9999.000,9999.000,9999.000,9999.000
202607230642,   3.955,   4.198,9999.000,9999.000,9999.000,9999.000,9999.000,9999.000,9999.000
202607230648,   3.866,   4.080,9999.000,9999.000,9999.000,9999.000,9999.000,9999.000,9999.000
202607230654,   3.775,   3.968,9999.000,9999.000,9999.000,9999.000,9999.000,9999.000,9999.000
202607230700,   3.683,   3.870,   0.600,  -0.413,   3.870,   0.600,   3.870,   0.600,   3.870
202607230706,   3.591,   3.749,9999.000,9999.000,9999.000,9999.000,9999.000,9999.000,9999.000
202607230712,   3.497,   3.637,9999.000,9999.000,9999.000,9999.000,9999.000,9999.000,9999.000
202607230718,   3.404,   3.539,9999.000,9999.000,9999.000,9999.000,9999.000,9999.000,9999.000
202607230724,   3.309,   3.440,9999.000,9999.000,9999.000,9999.000,9999.000,9999.000,9999.000
202607230730,   3.215,   3.339,9999.000,9999.000,9999.000,9999.000,9999.000,9999.000,9999.000
202607230736,   3.121,   3.260,9999.000,9999.000,9999.000,9999.000,9999.000,9999.000,9999.000
202607230742,   3.027,   3.188,9999.000,9999.000,9999.000,9999.000,9999.000,9999.000,9999.000
202607230748,   2.933,   3.089,9999.000,9999.000,9999.000,9999.000,9999.000,9999.000,9999.000
202607230754,   2.840,   2.997,9999.000,9999.000,9999.000,9999.000,9999.000,9999.000,9999.000
202607230800,   2.747,   2.909,   0.600,  -0.438,   2.909,   0.600,   2.909,   0.600,   2.909
202607230806,   2.655,   2.830,9999.000,9999.000,9999.000,9999.000,9999.000,9999.000,9999.000
202607230812,   2.564,   2.748,9999.000,9999.000,9999.000,9999.000,9999.000,9999.000,9999.000
202607230818,   2.473,   2.660,9999.000,9999.000,9999.000,9999.000,9999.000,9999.000,9999.000
202607230824,   2.384,   2.568,9999.000,9999.000,9999.000,9999.000,9999.000,9999.000,9999.000
202607230830,   2.296,   2.479,9999.000,9999.000,9999.000,9999.000,9999.000,9999.000,9999.000
202607230836,   2.209,   2.400,9999.000,9999.000,9999.000,9999.000,9999.000,9999.000,9999.000
202607230842,   2.124,   2.328,9999.000,9999.000,9999.000,9999.000,9999.000,9999.000,9999.000
202607230848,   2.040,   2.250,9999.000,9999.000,9999.000,9999.000,9999.000,9999.000,9999.000
202607230854,   1.958,   2.200,9999.000,9999.000,9999.000,9999.000,9999.000,9999.000,9999.000
202607230900,   1.877,   2.128,   0.600,  -0.349,   2.128,   0.600,   2.128,   0.600,   2.128
202607230906,   1.799,   2.059,9999.000,9999.000,9999.000,9999.000,9999.000,9999.000,9999.000
202607230912,   1.722,   2.000,9999.000,9999.000,9999.000,9999.000,9999.000,9999.000,9999.000
202607230918,   1.648,   1.938,9999.000,9999.000,9999.000,9999.000,9999.000,9999.000,9999.000
202607230924,   1.575,   1.889,9999.000,9999.000,9999.000,9999.000,9999.000,9999.000,9999.000
202607230930,   1.505,   1.830,9999.000,9999.000,9999.000,9999.000,9999.000,9999.000,9999.000
202607230936,   1.438,   1.748,9999.000,9999.000,9999.000,9999.000,9999.000,9999.000,9999.000
202607230942,   1.374,   1.689,9999.000,9999.000,9999.000,9999.000,9999.000,9999.000,9999.000
202607230948,   1.312,   1.630,9999.000,9999.000,9999.000,9999.000,9999.000,9999.000,9999.000
202607230954,   1.253,   1.571,9999.000,9999.000,9999.000,9999.000,9999.000,9999.000,9999.000
202607231000,   1.198,   1.528,   0.600,  -0.270,   1.528,   0.600,   1.528,   0.600,   1.528
202607231006,   1.146,   1.479,9999.000,9999.000,9999.000,9999.000,9999.000,9999.000,9999.000
202607231012,   1.098,   1.430,9999.000,9999.000,9999.000,9999.000,9999.000,9999.000,9999.000
202607231018,   1.053,   1.380,9999.000,9999.000,9999.000,9999.000,9999.000,9999.000,9999.000
202607231024,   1.012,   1.328,9999.000,9999.000,9999.000,9999.000,9999.000,9999.000,9999.000
202607231030,   0.975,   1.318,9999.000,9999.000,9999.000,9999.000,9999.000,9999.000,9999.000
202607231036,   0.943,   1.269,9999.000,9999.000,9999.000,9999.000,9999.000,9999.000,9999.000
202607231042,   0.915,   1.220,9999.000,9999.000,9999.000,9999.000,9999.000,9999.000,9999.000
202607231048,   0.891,   1.170,9999.000,9999.000,9999.000,9999.000,9999.000,9999.000,9999.000
202607231054,   0.871,   1.138,9999.000,9999.000,9999.000,9999.000,9999.000,9999.000,9999.000
202607231100,   0.856,   1.079,   0.600,  -0.377,   1.079,   0.600,   1.079,   0.600,   1.079
202607231106,   0.845,   1.039,9999.000,9999.000,9999.000,9999.000,9999.000,9999.000,9999.000
202607231112,   0.839,   1.010,9999.000,9999.000,9999.000,9999.000,9999.000,9999.000,9999.000
202607231118,   0.837,   0.970,9999.000,9999.000,9999.000,9999.000,9999.000,9999.000,9999.000
202607231124,   0.840,   0.941,9999.000,9999.000,9999.000,9999.000,9999.000,9999.000,9999.000
202607231130,   0.847,   0.928,9999.000,9999.000,9999.000,9999.000,9999.000,9999.000,9999.000
202607231136,   0.859,   0.908,9999.000,9999.000,9999.000,9999.000,9999.000,9999.000,9999.000
202607231142,   0.874,   0.898,9999.000,9999.000,9999.000,9999.000,9999.000,9999.000,9999.000
202607231148,   0.894,   0.908,9999.000,9999.000,9999.000,9999.000,9999.000,9999.000,9999.000
202607231154,   0.917,   0.898,9999.000,9999.000,9999.000,9999.000,9999.000,9999.000,9999.000
202607231200,   0.944,   0.888,   0.500,  -0.556,   0.888,   0.500,   0.888,   0.500,   0.888
202607231206,   0.975,   0.888,9999.000,9999.000,9999.000,9999.000,9999.000,9999.000,9999.000
202607231212,   1.009,   0.888,9999.000,9999.000,9999.000,9999.000,9999.000,9999.000,9999.000
202607231218,   1.046,   0.888,9999.000,9999.000,9999.000,9999.000,9999.000,9999.000,9999.000
202607231224,   1.086,   0.898,9999.000,9999.000,9999.000,9999.000,9999.000,9999.000,9999.000
202607231230,   1.129,   0.928,9999.000,9999.000,9999.000,9999.000,9999.000,9999.000,9999.000
202607231236,   1.174,   0.951,9999.000,9999.000,9999.000,9999.000,9999.000,9999.000,9999.000
202607231242,   1.222,   0.980,9999.000,9999.000,9999.000,9999.000,9999.000,9999.000,9999.000
202607231248,   1.272,   1.020,9999.000,9999.000,9999.000,9999.000,9999.000,9999.000,9999.000
202607231254,   1.323,   1.069,9999.000,9999.000,9999.000,9999.000,9999.000,9999.000,9999.000
202607231300,   1.376,   1.118,   0.500,  -0.758,   1.118,   0.500,   1.118,   0.500,   1.118
202607231306,   1.431,   1.161,9999.000,9999.000,9999.000,9999.000,9999.000,9999.000,9999.000
202607231312,   1.486,   1.239,9999.000,9999.000,9999.000,9999.000,9999.000,9999.000,9999.000
202607231318,   1.543,   1.308,9999.000,9999.000,9999.000,9999.000,9999.000,9999.000,9999.000
202607231324,   1.601,   1.361,9999.000,9999.000,9999.000,9999.000,9999.000,9999.000,9999.000
202607231330,   1.659,   1.439,9999.000,9999.000,9999.000,9999.000,9999.000,9999.000,9999.000
202607231336,   1.718,   1.518,9999.000,9999.000,9999.000,9999.000,9999.000,9999.000,9999.000
202607231342,   1.778,   1.600,9999.000,9999.000,9999.000,9999.000,9999.000,9999.000,9999.000
202607231348,   1.837,   1.659,9999.000,9999.000,9999.000,9999.000,9999.000,9999.000,9999.000
202607231354,   1.897,   1.781,9999.000,9999.000,9999.000,9999.000,9999.000,9999.000,9999.000
202607231400,   1.957,   1.859,   0.500,  -0.598,   1.859,   0.500,   1.859,   0.500,   1.859
202607231406,   2.016,   1.928,9999.000,9999.000,9999.000,9999.000,9999.000,9999.000,9999.000
202607231412,   2.076,   2.010,9999.000,9999.000,9999.000,9999.000,9999.000,9999.000,9999.000
202607231418,   2.135,   2.079,9999.000,9999.000,9999.000,9999.000,9999.000,9999.000,9999.000
202607231424,   2.194,   2.168,9999.000,9999.000,9999.000,9999.000,9999.000,9999.000,9999.000
202607231430,   2.252,   2.250,9999.000,9999.000,9999.000,9999.000,9999.000,9999.000,9999.000
202607231436,   2.309,   2.299,9999.000,9999.000,9999.000,9999.000,9999.000,9999.000,9999.000
202607231442,   2.366,   2.377,9999.000,9999.000,9999.000,9999.000,9999.000,9999.000,9999.000
202607231448,   2.421,   2.450,9999.000,9999.000,9999.000,9999.000,9999.000,9999.000,9999.000
202607231454,   2.476,   2.519,9999.000,9999.000,9999.000,9999.000,9999.000,9999.000,9999.000
202607231500,   2.530,   2.610,   0.500,  -0.420,   2.610,   0.500,   2.610,   0.500,   2.610
202607231506,   2.583,   2.699,9999.000,9999.000,9999.000,9999.000,9999.000,9999.000,9999.000
202607231512,   2.634,   2.797,9999.000,9999.000,9999.000,9999.000,9999.000,9999.000,9999.000
202607231518,   2.684,   2.869,9999.000,9999.000,9999.000,9999.000,9999.000,9999.000,9999.000
202607231524,   2.733,   2.988,9999.000,9999.000,9999.000,9999.000,9999.000,9999.000,9999.000
202607231530,   2.781,   3.060,9999.000,9999.000,9999.000,9999.000,9999.000,9999.000,9999.000
202607231536,   2.826,   3.119,9999.000,9999.000,9999.000,9999.000,9999.000,9999.000,9999.000
202607231542,   2.870,   3.217,9999.000,9999.000,9999.000,9999.000,9999.000,9999.000,9999.000
202607231548,   2.913,   3.260,9999.000,9999.000,9999.000,9999.000,9999.000,9999.000,9999.000
202607231554,   2.954,   3.329,9999.000,9999.000,9999.000,9999.000,9999.000,9999.000,9999.000
202607231600,   2.992,   3.378,   0.500,  -0.114,   3.378,   0.500,   3.378,   0.500,   3.378
202607231606,   3.029,   3.427,9999.000,9999.000,9999.000,9999.000,9999.000,9999.000,9999.000
202607231612,   3.064,   3.489,9999.000,9999.000,9999.000,9999.000,9999.000,9999.000,9999.000
202607231618,   3.097,   3.539,9999.000,9999.000,9999.000,9999.000,9999.000,9999.000,9999.000
202607231624,   3.128,   3.598,9999.000,9999.000,9999.000,9999.000,9999.000,9999.000,9999.000
202607231630,   3.156,   3.650,9999.000,9999.000,9999.000,9999.000,9999.000,9999.000,9999.000
202607231636,   3.183,   3.709,9999.000,9999.000,9999.000,9999.000,9999.000,9999.000,9999.000
202607231642,   3.207,   3.768,9999.000,9999.000,9999.000,9999.000,9999.000,9999.000,9999.000
202607231648,   3.228,   3.808,9999.000,9999.000,9999.000,9999.000,9999.000,9999.000,9999.000
202607231654,   3.248,   3.880,9999.000,9999.000,9999.000,9999.000,9999.000,9999.000,9999.000
202607231700,   3.265,   3.899,   0.500,   0.134,   3.899,   0.500,   3.899,   0.500,   3.899
202607231706,   3.280,   3.929,9999.000,9999.000,9999.000,9999.000,9999.000,9999.000,9999.000
202607231712,   3.292,   3.958,9999.000,9999.000,9999.000,9999.000,9999.000,9999.000,9999.000
202607231718,   3.302,   3.978,9999.000,9999.000,9999.000,9999.000,9999.000,9999.000,9999.000
202607231724,   3.310,   3.998,9999.000,9999.000,9999.000,9999.000,9999.000,9999.000,9999.000
202607231730,   3.315,   4.027,9999.000,9999.000,9999.000,9999.000,9999.000,9999.000,9999.000
202607231736,   3.317,   4.037,9999.000,9999.000,9999.000,9999.000,9999.000,9999.000,9999.000
202607231742,   3.318,   4.070,9999.000,9999.000,9999.000,9999.000,9999.000,9999.000,9999.000
202607231748,   3.315,   4.070,9999.000,9999.000,9999.000,9999.000,9999.000,9999.000,9999.000
202607231754,   3.311,   4.057,9999.000,9999.000,9999.000,9999.000,9999.000,9999.000,9999.000
202607231800,   3.304,   4.099,   0.300,   0.495,   4.099,   0.300,   4.099,   0.400,   4.199
202607231806,   3.295,   4.090,9999.000,9999.000,9999.000,9999.000,9999.000,9999.000,9999.000
202607231812,   3.284,   4.080,9999.000,9999.000,9999.000,9999.000,9999.000,9999.000,9999.000
202607231818,   3.271,   4.057,9999.000,9999.000,9999.000,9999.000,9999.000,9999.000,9999.000
202607231824,   3.256,   4.080,9999.000,9999.000,9999.000,9999.000,9999.000,9999.000,9999.000
202607231830,   3.239,   4.080,9999.000,9999.000,9999.000,9999.000,9999.000,9999.000,9999.000
202607231836,   3.220,   4.047,9999.000,9999.000,9999.000,9999.000,9999.000,9999.000,9999.000
202607231842,   3.200,   4.047,9999.000,9999.000,9999.000,9999.000,9999.000,9999.000,9999.000
202607231848,   3.178,   4.037,9999.000,9999.000,9999.000,9999.000,9999.000,9999.000,9999.000
202607231854,   3.155,   4.027,9999.000,9999.000,9999.000,9999.000,9999.000,9999.000,9999.000
202607231900,   3.130,   4.008,   0.300,   0.578,   4.008,   0.300,   4.008,   0.400,   4.108
202607231906,   3.105,   3.988,9999.000,9999.000,9999.000,9999.000,9999.000,9999.000,9999.000
202607231912,   3.079,   3.958,9999.000,9999.000,9999.000,9999.000,9999.000,9999.000,9999.000
202607231918,   3.051,   3.958,9999.000,9999.000,9999.000,9999.000,9999.000,9999.000,9999.000
202607231924,   3.024,   3.929,9999.000,9999.000,9999.000,9999.000,9999.000,9999.000,9999.000
202607231930,   2.995,   3.899,9999.000,9999.000,9999.000,9999.000,9999.000,9999.000,9999.000
202607231936,   2.967,   3.880,9999.000,9999.000,9999.000,9999.000,9999.000,9999.000,9999.000
202607231942,   2.938,   3.837,9999.000,9999.000,9999.000,9999.000,9999.000,9999.000,9999.000
202607231948,   2.909,   3.808,9999.000,9999.000,9999.000,9999.000,9999.000,9999.000,9999.000
202607231954,   2.881,   3.788,9999.000,9999.000,9999.000,9999.000,9999.000,9999.000,9999.000
202607232000,   2.852,   3.768,   0.300,   0.616,   3.768,   0.300,   3.768,   0.300,   3.768
202607232006,   2.824,   3.739,9999.000,9999.000,9999.000,9999.000,9999.000,9999.000,9999.000
202607232012,   2.797,   3.709,9999.000,9999.000,9999.000,9999.000,9999.000,9999.000,9999.000
202607232018,   2.770,   3.670,9999.000,9999.000,9999.000,9999.000,9999.000,9999.000,9999.000
202607232024,   2.743,   3.650,9999.000,9999.000,9999.000,9999.000,9999.000,9999.000,9999.000
202607232030,   2.718,   3.637,9999.000,9999.000,9999.000,9999.000,9999.000,9999.000,9999.000
202607232036,   2.693,   3.578,9999.000,9999.000,9999.000,9999.000,9999.000,9999.000,9999.000
202607232042,   2.669,   3.548,9999.000,9999.000,9999.000,9999.000,9999.000,9999.000,9999.000
202607232048,   2.646,   3.539,9999.000,9999.000,9999.000,9999.000,9999.000,9999.000,9999.000
202607232054,   2.624,   3.489,9999.000,9999.000,9999.000,9999.000,9999.000,9999.000,9999.000
202607232100,   2.603,   3.450,   0.300,   0.547,   3.450,   0.300,   3.450,   0.300,   3.450
202607232106,   2.583,   3.407,9999.000,9999.000,9999.000,9999.000,9999.000,9999.000,9999.000
202607232112,   2.564,   3.358,9999.000,9999.000,9999.000,9999.000,9999.000,9999.000,9999.000
202607232118,   2.547,   3.329,9999.000,9999.000,9999.000,9999.000,9999.000,9999.000,9999.000
202607232124,   2.530,   3.279,9999.000,9999.000,9999.000,9999.000,9999.000,9999.000,9999.000
202607232130,   2.516,   3.260,9999.000,9999.000,9999.000,9999.000,9999.000,9999.000,9999.000
202607232136,   2.502,   3.240,9999.000,9999.000,9999.000,9999.000,9999.000,9999.000,9999.000
202607232142,   2.491,   3.217,9999.000,9999.000,9999.000,9999.000,9999.000,9999.000,9999.000
202607232148,   2.481,   3.197,9999.000,9999.000,9999.000,9999.000,9999.000,9999.000,9999.000
202607232154,   2.473,   3.188,9999.000,9999.000,9999.000,9999.000,9999.000,9999.000,9999.000
202607232200,   2.466,   3.158,   0.300,   0.392,   3.158,   0.300,   3.158,   0.300,   3.158
202607232206,   2.462,   3.158,9999.000,9999.000,9999.000,9999.000,9999.000,9999.000,9999.000
202607232212,   2.460,   3.158,9999.000,9999.000,9999.000,9999.000,9999.000,9999.000,9999.000
202607232218,   2.460,   3.148,9999.000,9999.000,9999.000,9999.000,9999.000,9999.000,9999.000
202607232224,   2.462,   3.129,9999.000,9999.000,9999.000,9999.000,9999.000,9999.000,9999.000
202607232230,   2.467,   3.119,9999.000,9999.000,9999.000,9999.000,9999.000,9999.000,9999.000
202607232236,   2.475,   3.119,9999.000,9999.000,9999.000,9999.000,9999.000,9999.000,9999.000
202607232242,   2.486,   3.099,9999.000,9999.000,9999.000,9999.000,9999.000,9999.000,9999.000
202607232248,   2.499,   3.119,9999.000,9999.000,9999.000,9999.000,9999.000,9999.000,9999.000
202607232254,   2.516,   3.119,9999.000,9999.000,9999.000,9999.000,9999.000,9999.000,9999.000
202607232300,   2.535,   3.148,   0.300,   0.313,   3.148,   0.300,   3.148,   0.300,   3.148
202607232306,   2.558,   3.178,9999.000,9999.000,9999.000,9999.000,9999.000,9999.000,9999.000
202607232312,   2.584,   3.197,9999.000,9999.000,9999.000,9999.000,9999.000,9999.000,9999.000
202607232318,   2.614,   3.217,9999.000,9999.000,9999.000,9999.000,9999.000,9999.000,9999.000
202607232324,   2.647,   3.230,9999.000,9999.000,9999.000,9999.000,9999.000,9999.000,9999.000
202607232330,   2.683,   3.270,9999.000,9999.000,9999.000,9999.000,9999.000,9999.000,9999.000
202607232336,   2.722,   3.319,9999.000,9999.000,9999.000,9999.000,9999.000,9999.000,9999.000
202607232342,   2.765,   3.358,9999.000,9999.000,9999.000,9999.000,9999.000,9999.000,9999.000
202607232348,   2.811,   3.398,9999.000,9999.000,9999.000,9999.000,9999.000,9999.000,9999.000
202607232354,   2.861,   3.450,9999.000,9999.000,9999.000,9999.000,9999.000,9999.000,9999.000
202607240000,   2.913,   3.480,   0.400,   0.167,   3.480,   0.400,   3.480,   0.400,   3.480
202607240006,   2.968,   3.529,9999.000,9999.000,9999.000,9999.000,9999.000,9999.000,9999.000
202607240012,   3.026,   3.578,9999.000,9999.000,9999.000,9999.000,9999.000,9999.000,9999.000
202607240018,   3.087,   3.617,9999.000,9999.000,9999.000,9999.000,9999.000,9999.000,9999.000
202607240024,   3.150,   3.689,9999.000,9999.000,9999.000,9999.000,9999.000,9999.000,9999.000
202607240030,   3.215,   3.749,9999.000,9999.000,9999.000,9999.000,9999.000,9999.000,9999.000
202607240036,   3.282,   3.837,9999.000,9999.000,9999.000,9999.000,9999.000,9999.000,9999.000
202607240042,   3.351,   3.870,9999.000,9999.000,9999.000,9999.000,9999.000,9999.000,9999.000
202607240048,   3.421,   3.939,9999.000,9999.000,9999.000,9999.000,9999.000,9999.000,9999.000
202607240054,   3.493,   4.017,9999.000,9999.000,9999.000,9999.000,9999.000,9999.000,9999.000
202607240100,   3.566,   4.090,   0.400,   0.124,   4.090,   0.300,   3.990,   0.400,   4.090
202607240106,   3.639,   4.159,9999.000,9999.000,9999.000,9999.000,9999.000,9999.000,9999.000
202607240112,   3.713,   4.227,9999.000,9999.000,9999.000,9999.000,9999.000,9999.000,9999.000
202607240118,   3.788,   4.300,9999.000,9999.000,9999.000,9999.000,9999.000,9999.000,9999.000
202607240124,   3.862,   4.388,9999.000,9999.000,9999.000,9999.000,9999.000,9999.000,9999.000
202607240130,   3.937,   4.457,9999.000,9999.000,9999.000,9999.000,9999.000,9999.000,9999.000
202607240136,   4.011,   4.519,9999.000,9999.000,9999.000,9999.000,9999.000,9999.000,9999.000
202607240142,   4.084,   4.559,9999.000,9999.000,9999.000,9999.000,9999.000,9999.000,9999.000
202607240148,   4.157,   4.637,9999.000,9999.000,9999.000,9999.000,9999.000,9999.000,9999.000
202607240154,   4.229,   4.710,9999.000,9999.000,9999.000,9999.000,9999.000,9999.000,9999.000
202607240200,   4.300,   4.759,   0.400,   0.059,   4.759,   0.400,   4.759,   0.400,   4.759
202607240206,   4.369,   4.798,9999.000,9999.000,9999.000,9999.000,9999.000,9999.000,9999.000
202607240212,   4.437,   4.877,9999.000,9999.000,9999.000,9999.000,9999.000,9999.000,9999.000
202607240218,   4.504,   4.939,9999.000,9999.000,9999.000,9999.000,9999.000,9999.000,9999.000
202607240224,   4.569,   4.979,9999.000,9999.000,9999.000,9999.000,9999.000,9999.000,9999.000
202607240230,   4.632,   5.028,9999.000,9999.000,9999.000,9999.000,9999.000,9999.000,9999.000
202607240236,   4.693,   5.110,9999.000,9999.000,9999.000,9999.000,9999.000,9999.000,9999.000
202607240242,   4.752,   5.159,9999.000,9999.000,9999.000,9999.000,9999.000,9999.000,9999.000
202607240248,   4.809,   5.208,9999.000,9999.000,9999.000,9999.000,9999.000,9999.000,9999.000
202607240254,   4.864,   5.277,9999.000,9999.000,9999.000,9999.000,9999.000,9999.000,9999.000
202607240300,   4.916,   5.320,   0.400,   0.004,   5.320,   0.400,   5.320,   0.400,   5.320
202607240306,   4.966,   5.349,9999.000,9999.000,9999.000,9999.000,9999.000,9999.000,9999.000
202607240312,   5.013,   5.398,9999.000,9999.000,9999.000,9999.000,9999.000,9999.000,9999.000
202607240318,   5.058,   5.428,9999.000,9999.000,9999.000,9999.000,9999.000,9999.000,9999.000
202607240324,   5.100,   5.457,9999.000,9999.000,9999.000,9999.000,9999.000,9999.000,9999.000
202607240330,   5.139,   5.467,9999.000,9999.000,9999.000,9999.000,9999.000,9999.000,9999.000
202607240336,   5.176,   5.507,9999.000,9999.000,9999.000,9999.000,9999.000,9999.000,9999.000
202607240342,   5.209,   5.539,9999.000,9999.000,9999.000,9999.000,9999.000,9999.000,9999.000
202607240348,   5.239,   5.559,9999.000,9999.000,9999.000,9999.000,9999.000,9999.000,9999.000
202607240354,   5.267,   5.598,9999.000,9999.000,9999.000,9999.000,9999.000,9999.000,9999.000
202607240400,   5.291,   5.618,   0.400,  -0.073,   5.618,   0.400,   5.618,   0.400,   5.618
202607240406,   5.312,   5.638,9999.000,9999.000,9999.000,9999.000,9999.000,9999.000,9999.000
202607240412,   5.330,   5.657,9999.000,9999.000,9999.000,9999.000,9999.000,9999.000,9999.000
202607240418,   5.344,   5.687,9999.000,9999.000,9999.000,9999.000,9999.000,9999.000,9999.000
202607240424,   5.355,   5.707,9999.000,9999.000,9999.000,9999.000,9999.000,9999.000,9999.000
202607240430,   5.362,   5.707,9999.000,9999.000,9999.000,9999.000,9999.000,9999.000,9999.000
202607240436,   5.366,   5.739,9999.000,9999.000,9999.000,9999.000,9999.000,9999.000,9999.000
202607240442,   5.367,   5.707,9999.000,9999.000,9999.000,9999.000,9999.000,9999.000,9999.000
202607240448,   5.364,   5.697,9999.000,9999.000,9999.000,9999.000,9999.000,9999.000,9999.000
202607240454,   5.357,   5.707,9999.000,9999.000,9999.000,9999.000,9999.000,9999.000,9999.000
202607240500,   5.346,   5.687,   0.400,  -0.059,   5.687,   0.400,   5.687,   0.400,   5.687
202607240506,   5.332,   5.677,9999.000,9999.000,9999.000,9999.000,9999.000,9999.000,9999.000
202607240512,   5.314,   5.657,9999.000,9999.000,9999.000,9999.000,9999.000,9999.000,9999.000
202607240518,   5.292,   5.648,9999.000,9999.000,9999.000,9999.000,9999.000,9999.000,9999.000
202607240524,   5.267,   5.628,9999.000,9999.000,9999.000,9999.000,9999.000,9999.000,9999.000
202607240530,   5.238,   5.589,9999.000,9999.000,9999.000,9999.000,9999.000,9999.000,9999.000
202607240536,   5.205,   5.559,9999.000,9999.000,9999.000,9999.000,9999.000,9999.000,9999.000
202607240542,   5.168,   5.530,9999.000,9999.000,9999.000,9999.000,9999.000,9999.000,9999.000
202607240548,   5.127,   5.497,9999.000,9999.000,9999.000,9999.000,9999.000,9999.000,9999.000
202607240554,   5.083,   5.457,9999.000,9999.000,9999.000,9999.000,9999.000,9999.000,9999.000
202607240600,   5.035,   5.408,   0.500,  -0.127,   5.408,   0.500,   5.408,   0.500,   5.408
202607240606,   4.983,   5.369,9999.000,9999.000,9999.000,9999.000,9999.000,9999.000,9999.000
202607240612,   4.928,   5.287,9999.000,9999.000,9999.000,9999.000,9999.000,9999.000,9999.000
202607240618,   4.869,   5.208,9999.000,9999.000,9999.000,9999.000,9999.000,9999.000,9999.000
202607240624,   4.807,   5.139,9999.000,9999.000,9999.000,9999.000,9999.000,9999.000,9999.000
202607240630,   4.741,   5.087,9999.000,9999.000,9999.000,9999.000,9999.000,9999.000,9999.000
202607240636,   4.672,   4.979,9999.000,9999.000,9999.000,9999.000,9999.000,9999.000,9999.000
202607240642,   4.601,   4.929,9999.000,9999.000,9999.000,9999.000,9999.000,9999.000,9999.000
202607240648,   4.526,   4.867,9999.000,9999.000,9999.000,9999.000,9999.000,9999.000,9999.000
202607240654,   4.448,   4.769,9999.000,9999.000,9999.000,9999.000,9999.000,9999.000,9999.000
202607240700,   4.367,   4.700,   0.500,  -0.167,   4.700,   0.500,   4.700,   0.500,   4.700
202607240706,   4.284,   4.608,9999.000,9999.000,9999.000,9999.000,9999.000,9999.000,9999.000
202607240712,   4.199,   4.549,9999.000,9999.000,9999.000,9999.000,9999.000,9999.000,9999.000
202607240718,   4.111,   4.457,9999.000,9999.000,9999.000,9999.000,9999.000,9999.000,9999.000
202607240724,   4.021,   4.378,9999.000,9999.000,9999.000,9999.000,9999.000,9999.000,9999.000
202607240730,   3.930,   4.267,9999.000,9999.000,9999.000,9999.000,9999.000,9999.000,9999.000
202607240736,   3.837,   4.168,9999.000,9999.000,9999.000,9999.000,9999.000,9999.000,9999.000
202607240742,   3.743,   4.057,9999.000,9999.000,9999.000,9999.000,9999.000,9999.000,9999.000
202607240748,   3.647,   3.949,9999.000,9999.000,9999.000,9999.000,9999.000,9999.000,9999.000
202607240754,   3.550,   3.827,9999.000,9999.000,9999.000,9999.000,9999.000,9999.000,9999.000
202607240800,   3.453,   3.729,   0.500,  -0.224,   3.729,   0.500,   3.729,   0.500,   3.729
202607240806,   3.355,   3.607,9999.000,9999.000,9999.000,9999.000,9999.000,9999.000,9999.000
202607240812,   3.256,   3.499,9999.000,9999.000,9999.000,9999.000,9999.000,9999.000,9999.000
202607240818,   3.158,   3.398,9999.000,9999.000,9999.000,9999.000,9999.000,9999.000,9999.000
202607240824,   3.059,   3.299,9999.000,9999.000,9999.000,9999.000,9999.000,9999.000,9999.000
202607240830,   2.960,   3.207,9999.000,9999.000,9999.000,9999.000,9999.000,9999.000,9999.000
202607240836,   2.862,   3.109,9999.000,9999.000,9999.000,9999.000,9999.000,9999.000,9999.000
202607240842,   2.764,   3.017,9999.000,9999.000,9999.000,9999.000,9999.000,9999.000,9999.000
202607240848,   2.666,   2.909,9999.000,9999.000,9999.000,9999.000,9999.000,9999.000,9999.000
202607240854,   2.569,   2.830,9999.000,9999.000,9999.000,9999.000,9999.000,9999.000,9999.000
202607240900,   2.473,   2.748,   0.500,  -0.225,   2.748,   0.500,   2.748,   0.500,   2.748
202607240906,   2.378,   2.650,9999.000,9999.000,9999.000,9999.000,9999.000,9999.000,9999.000
202607240912,   2.284,   2.568,9999.000,9999.000,9999.000,9999.000,9999.000,9999.000,9999.000
202607240918,   2.191,   2.469,9999.000,9999.000,9999.000,9999.000,9999.000,9999.000,9999.000
202607240924,   2.099,   2.400,9999.000,9999.000,9999.000,9999.000,9999.000,9999.000,9999.000
202607240930,   2.008,   2.309,9999.000,9999.000,9999.000,9999.000,9999.000,9999.000,9999.000
202607240936,   1.919,   2.220,9999.000,9999.000,9999.000,9999.000,9999.000,9999.000,9999.000
202607240942,   1.832,   2.148,9999.000,9999.000,9999.000,9999.000,9999.000,9999.000,9999.000
202607240948,   1.746,   2.069,9999.000,9999.000,9999.000,9999.000,9999.000,9999.000,9999.000
202607240954,   1.662,   2.000,9999.000,9999.000,9999.000,9999.000,9999.000,9999.000,9999.000
202607241000,   1.580,   1.928,   0.500,  -0.152,   1.928,   0.500,   1.928,   0.500,   1.928
202607241006,   1.500,   1.869,9999.000,9999.000,9999.000,9999.000,9999.000,9999.000,9999.000
202607241012,   1.422,   1.810,9999.000,9999.000,9999.000,9999.000,9999.000,9999.000,9999.000
202607241018,   1.347,   1.738,9999.000,9999.000,9999.000,9999.000,9999.000,9999.000,9999.000
202607241024,   1.274,   1.659,9999.000,9999.000,9999.000,9999.000,9999.000,9999.000,9999.000
202607241030,   1.204,   1.600,9999.000,9999.000,9999.000,9999.000,9999.000,9999.000,9999.000
202607241036,   1.136,   1.528,9999.000,9999.000,9999.000,9999.000,9999.000,9999.000,9999.000
202607241042,   1.072,   1.479,9999.000,9999.000,9999.000,9999.000,9999.000,9999.000,9999.000
202607241048,   1.011,   1.410,9999.000,9999.000,9999.000,9999.000,9999.000,9999.000,9999.000
202607241054,   0.954,   1.361,9999.000,9999.000,9999.000,9999.000,9999.000,9999.000,9999.000
202607241100,   0.900,   1.308,   0.500,  -0.092,   1.308,   0.500,   1.308,   0.500,   1.308
202607241106,   0.850,   1.249,9999.000,9999.000,9999.000,9999.000,9999.000,9999.000,9999.000
202607241112,   0.803,   1.190,9999.000,9999.000,9999.000,9999.000,9999.000,9999.000,9999.000
202607241118,   0.761,   1.138,9999.000,9999.000,9999.000,9999.000,9999.000,9999.000,9999.000
202607241124,   0.723,   1.098,9999.000,9999.000,9999.000,9999.000,9999.000,9999.000,9999.000
202607241130,   0.690,   1.049,9999.000,9999.000,9999.000,9999.000,9999.000,9999.000,9999.000
202607241136,   0.661,   1.000,9999.000,9999.000,9999.000,9999.000,9999.000,9999.000,9999.000
202607241142,   0.637,   0.961,9999.000,9999.000,9999.000,9999.000,9999.000,9999.000,9999.000
202607241148,   0.617,   0.928,9999.000,9999.000,9999.000,9999.000,9999.000,9999.000,9999.000
202607241154,   0.603,   0.879,9999.000,9999.000,9999.000,9999.000,9999.000,9999.000,9999.000
202607241200,   0.592,   0.819,   0.400,  -0.173,   0.819,   0.400,   0.819,   0.400,   0.819
202607241206,   0.587,   0.780,9999.000,9999.000,9999.000,9999.000,9999.000,9999.000,9999.000
202607241212,   0.587,   0.731,9999.000,9999.000,9999.000,9999.000,9999.000,9999.000,9999.000
202607241218,   0.591,   0.688,9999.000,9999.000,9999.000,9999.000,9999.000,9999.000,9999.000
202607241224,   0.600,   0.659,9999.000,9999.000,9999.000,9999.000,9999.000,9999.000,9999.000
202607241230,   0.613,   0.629,9999.000,9999.000,9999.000,9999.000,9999.000,9999.000,9999.000
202607241236,   0.631,   0.619,9999.000,9999.000,9999.000,9999.000,9999.000,9999.000,9999.000
202607241242,   0.653,   0.610,9999.000,9999.000,9999.000,9999.000,9999.000,9999.000,9999.000
202607241248,   0.679,   0.619,9999.000,9999.000,9999.000,9999.000,9999.000,9999.000,9999.000
202607241254,   0.709,   0.610,9999.000,9999.000,9999.000,9999.000,9999.000,9999.000,9999.000
202607241300,   0.742,   0.610,   0.400,  -0.532,   0.610,   0.400,   0.610,   0.400,   0.610
202607241306,   0.780,   0.619,9999.000,9999.000,9999.000,9999.000,9999.000,9999.000,9999.000
202607241312,   0.820,   0.619,9999.000,9999.000,9999.000,9999.000,9999.000,9999.000,9999.000
202607241318,   0.864,   0.619,9999.000,9999.000,9999.000,9999.000,9999.000,9999.000,9999.000
202607241324,   0.910,   0.629,9999.000,9999.000,9999.000,9999.000,9999.000,9999.000,9999.000
202607241330,   0.960,   0.649,9999.000,9999.000,9999.000,9999.000,9999.000,9999.000,9999.000
202607241336,   1.011,   0.678,9999.000,9999.000,9999.000,9999.000,9999.000,9999.000,9999.000
202607241342,   1.065,   0.708,9999.000,9999.000,9999.000,9999.000,9999.000,9999.000,9999.000
202607241348,   1.120,   0.760,9999.000,9999.000,9999.000,9999.000,9999.000,9999.000,9999.000
202607241354,   1.178,   0.810,9999.000,9999.000,9999.000,9999.000,9999.000,9999.000,9999.000
202607241400,   1.237,   0.888,   0.400,  -0.749,   0.888,   0.400,   0.888,   0.400,   0.888
202607241406,   1.297,   0.961,9999.000,9999.000,9999.000,9999.000,9999.000,9999.000,9999.000
202607241412,   1.359,   1.029,9999.000,9999.000,9999.000,9999.000,9999.000,9999.000,9999.000
202607241418,   1.421,   1.098,9999.000,9999.000,9999.000,9999.000,9999.000,9999.000,9999.000
202607241424,   1.484,   1.170,9999.000,9999.000,9999.000,9999.000,9999.000,9999.000,9999.000
202607241430,   1.548,   1.259,9999.000,9999.000,9999.000,9999.000,9999.000,9999.000,9999.000
202607241436,   1.613,   1.328,9999.000,9999.000,9999.000,9999.000,9999.000,9999.000,9999.000
202607241442,   1.677,   1.410,9999.000,9999.000,9999.000,9999.000,9999.000,9999.000,9999.000
202607241448,   1.742,   1.489,9999.000,9999.000,9999.000,9999.000,9999.000,9999.000,9999.000
202607241454,   1.807,   1.548,9999.000,9999.000,9999.000,9999.000,9999.000,9999.000,9999.000
202607241500,   1.873,   1.639,   0.400,  -0.634,   1.639,   0.400,   1.639,   0.400,   1.639
202607241506,   1.938,   1.718,9999.000,9999.000,9999.000,9999.000,9999.000,9999.000,9999.000
202607241512,   2.002,   1.790,9999.000,9999.000,9999.000,9999.000,9999.000,9999.000,9999.000
202607241518,   2.067,   1.869,9999.000,9999.000,9999.000,9999.000,9999.000,9999.000,9999.000
202607241524,   2.131,   1.981,9999.000,9999.000,9999.000,9999.000,9999.000,9999.000,9999.000
202607241530,   2.194,   2.069,9999.000,9999.000,9999.000,9999.000,9999.000,9999.000,9999.000
202607241536,   2.257,   2.158,9999.000,9999.000,9999.000,9999.000,9999.000,9999.000,9999.000
202607241542,   2.319,   2.250,9999.000,9999.000,9999.000,9999.000,9999.000,9999.000,9999.000
202607241548,   2.380,   2.348,9999.000,9999.000,9999.000,9999.000,9999.000,9999.000,9999.000
202607241554,   2.441,   2.440,9999.000,9999.000,9999.000,9999.000,9999.000,9999.000,9999.000
202607241600,   2.500,   2.528,   0.400,  -0.372,   2.528,   0.400,   2.528,   0.400,   2.528
202607241606,   2.559,   2.620,9999.000,9999.000,9999.000,9999.000,9999.000,9999.000,9999.000
202607241612,   2.616,   2.650,9999.000,9999.000,9999.000,9999.000,9999.000,9999.000,9999.000
202607241618,   2.672,   2.768,9999.000,9999.000,9999.000,9999.000,9999.000,9999.000,9999.000
202607241624,   2.726,   2.860,9999.000,9999.000,9999.000,9999.000,9999.000,9999.000,9999.000
202607241630,   2.779,   2.929,9999.000,9999.000,9999.000,9999.000,9999.000,9999.000,9999.000
202607241636,   2.831,   3.007,9999.000,9999.000,9999.000,9999.000,9999.000,9999.000,9999.000
202607241642,   2.881,   3.089,9999.000,9999.000,9999.000,9999.000,9999.000,9999.000,9999.000
202607241648,   2.929,   3.168,9999.000,9999.000,9999.000,9999.000,9999.000,9999.000,9999.000
202607241654,   2.975,   3.230,9999.000,9999.000,9999.000,9999.000,9999.000,9999.000,9999.000
202607241700,   3.020,   3.309,   0.400,  -0.111,   3.309,   0.400,   3.309,   0.400,   3.309
202607241706,   3.063,   3.368,9999.000,9999.000,9999.000,9999.000,9999.000,9999.000,9999.000
202607241712,   3.103,   3.440,9999.000,9999.000,9999.000,9999.000,9999.000,9999.000,9999.000
202607241718,   3.141,   3.519,9999.000,9999.000,9999.000,9999.000,9999.000,9999.000,9999.000
202607241724,   3.178,   3.598,9999.000,9999.000,9999.000,9999.000,9999.000,9999.000,9999.000
202607241730,   3.212,   3.670,9999.000,9999.000,9999.000,9999.000,9999.000,9999.000,9999.000
202607241736,   3.243,   3.719,9999.000,9999.000,9999.000,9999.000,9999.000,9999.000,9999.000
202607241742,   3.272,   3.768,9999.000,9999.000,9999.000,9999.000,9999.000,9999.000,9999.000
202607241748,   3.299,   3.847,9999.000,9999.000,9999.000,9999.000,9999.000,9999.000,9999.000
202607241754,   3.323,   3.847,9999.000,9999.000,9999.000,9999.000,9999.000,9999.000,9999.000
202607241800,   3.345,   3.919,   0.200,   0.374,   3.919,   0.200,   3.919,   0.300,   4.019
202607241806,   3.364,   3.988,9999.000,9999.000,9999.000,9999.000,9999.000,9999.000,9999.000
202607241812,   3.381,   4.017,9999.000,9999.000,9999.000,9999.000,9999.000,9999.000,9999.000
202607241818,   3.395,   4.047,9999.000,9999.000,9999.000,9999.000,9999.000,9999.000,9999.000
202607241824,   3.406,   4.080,9999.000,9999.000,9999.000,9999.000,9999.000,9999.000,9999.000
202607241830,   3.415,   4.119,9999.000,9999.000,9999.000,9999.000,9999.000,9999.000,9999.000
202607241836,   3.421,   4.090,9999.000,9999.000,9999.000,9999.000,9999.000,9999.000,9999.000
202607241842,   3.424,   4.129,9999.000,9999.000,9999.000,9999.000,9999.000,9999.000,9999.000
202607241848,   3.425,   4.159,9999.000,9999.000,9999.000,9999.000,9999.000,9999.000,9999.000
202607241854,   3.424,   4.149,9999.000,9999.000,9999.000,9999.000,9999.000,9999.000,9999.000
202607241900,   3.420,   4.178,   0.200,   0.558,   4.178,   0.200,   4.178,   0.300,   4.278
202607241906,   3.414,   4.178,9999.000,9999.000,9999.000,9999.000,9999.000,9999.000,9999.000
202607241912,   3.405,   4.198,9999.000,9999.000,9999.000,9999.000,9999.000,9999.000,9999.000
202607241918,   3.394,   4.188,9999.000,9999.000,9999.000,9999.000,9999.000,9999.000,9999.000
202607241924,   3.382,   4.237,9999.000,9999.000,9999.000,9999.000,9999.000,9999.000,9999.000
202607241930,   3.367,   4.247,9999.000,9999.000,9999.000,9999.000,9999.000,9999.000,9999.000
202607241936,   3.350,   4.227,9999.000,9999.000,9999.000,9999.000,9999.000,9999.000,9999.000
202607241942,   3.332,   4.237,9999.000,9999.000,9999.000,9999.000,9999.000,9999.000,9999.000
202607241948,   3.313,   4.247,9999.000,9999.000,9999.000,9999.000,9999.000,9999.000,9999.000
202607241954,   3.292,   4.227,9999.000,9999.000,9999.000,9999.000,9999.000,9999.000,9999.000
202607242000,   3.269,   4.247,   0.200,   0.778,   4.247,   0.200,   4.247,   0.300,   4.347
202607242006,   3.246,   4.208,9999.000,9999.000,9999.000,9999.000,9999.000,9999.000,9999.000
202607242012,   3.222,   4.178,9999.000,9999.000,9999.000,9999.000,9999.000,9999.000,9999.000
202607242018,   3.197,   4.168,9999.000,9999.000,9999.000,9999.000,9999.000,9999.000,9999.000
202607242024,   3.172,   4.159,9999.000,9999.000,9999.000,9999.000,9999.000,9999.000,9999.000
202607242030,   3.146,   4.129,9999.000,9999.000,9999.000,9999.000,9999.000,9999.000,9999.000
202607242036,   3.120,   4.099,9999.000,9999.000,9999.000,9999.000,9999.000,9999.000,9999.000
202607242042,   3.093,   4.047,9999.000,9999.000,9999.000,9999.000,9999.000,9999.000,9999.000
202607242048,   3.067,   4.037,9999.000,9999.000,9999.000,9999.000,9999.000,9999.000,9999.000
202607242054,   3.041,   3.988,9999.000,9999.000,9999.000,9999.000,9999.000,9999.000,9999.000
202607242100,   3.015,   3.958,   0.200,   0.743,   3.958,   0.200,   3.958,   0.300,   4.058
202607242106,   2.989,   3.939,9999.000,9999.000,9999.000,9999.000,9999.000,9999.000,9999.000
202607242112,   2.964,   3.939,9999.000,9999.000,9999.000,9999.000,9999.000,9999.000,9999.000
202607242118,   2.939,   3.880,9999.000,9999.000,9999.000,9999.000,9999.000,9999.000,9999.000
202607242124,   2.914,   3.880,9999.000,9999.000,9999.000,9999.000,9999.000,9999.000,9999.000
202607242130,   2.890,   3.860,9999.000,9999.000,9999.000,9999.000,9999.000,9999.000,9999.000
202607242136,   2.867,   3.808,9999.000,9999.000,9999.000,9999.000,9999.000,9999.000,9999.000
202607242142,   2.845,   3.778,9999.000,9999.000,9999.000,9999.000,9999.000,9999.000,9999.000
202607242148,   2.823,   3.719,9999.000,9999.000,9999.000,9999.000,9999.000,9999.000,9999.000
202607242154,   2.803,   3.709,9999.000,9999.000,9999.000,9999.000,9999.000,9999.000,9999.000
202607242200,   2.783,   3.637,   0.200,   0.654,   3.637,   0.200,   3.637,   0.200,   3.637
202607242206,   2.764,   3.627,9999.000,9999.000,9999.000,9999.000,9999.000,9999.000,9999.000
202607242212,   2.747,   3.578,9999.000,9999.000,9999.000,9999.000,9999.000,9999.000,9999.000
202607242218,   2.730,   3.539,9999.000,9999.000,9999.000,9999.000,9999.000,9999.000,9999.000
202607242224,   2.715,   3.489,9999.000,9999.000,9999.000,9999.000,9999.000,9999.000,9999.000
202607242230,   2.701,   3.480,9999.000,9999.000,9999.000,9999.000,9999.000,9999.000,9999.000
202607242236,   2.688,   3.440,9999.000,9999.000,9999.000,9999.000,9999.000,9999.000,9999.000
202607242242,   2.677,   3.407,9999.000,9999.000,9999.000,9999.000,9999.000,9999.000,9999.000
202607242248,   2.668,   3.378,9999.000,9999.000,9999.000,9999.000,9999.000,9999.000,9999.000
202607242254,   2.660,   3.358,9999.000,9999.000,9999.000,9999.000,9999.000,9999.000,9999.000
202607242300,   2.655,   3.348,   0.200,   0.493,   3.348,   0.200,   3.348,   0.200,   3.348
202607242306,   2.651,   3.309,9999.000,9999.000,9999.000,9999.000,9999.000,9999.000,9999.000
202607242312,   2.650,   3.299,9999.000,9999.000,9999.000,9999.000,9999.000,9999.000,9999.000
202607242318,   2.651,   3.289,9999.000,9999.000,9999.000,9999.000,9999.000,9999.000,9999.000
202607242324,   2.655,   3.299,9999.000,9999.000,9999.000,9999.000,9999.000,9999.000,9999.000
202607242330,   2.662,   3.299,9999.000,9999.000,9999.000,9999.000,9999.000,9999.000,9999.000
202607242336,   2.671,   3.289,9999.000,9999.000,9999.000,9999.000,9999.000,9999.000,9999.000
202607242342,   2.683,   3.299,9999.000,9999.000,9999.000,9999.000,9999.000,9999.000,9999.000
202607242348,   2.699,   3.309,9999.000,9999.000,9999.000,9999.000,9999.000,9999.000,9999.000
202607242354,   2.717,   3.319,9999.000,9999.000,9999.000,9999.000,9999.000,9999.000,9999.000
202607250000,   2.739,   3.329,   0.200,   0.390,   3.329,   0.200,   3.329,   0.300,   3.429
202607250006,   2.764,   3.339,9999.000,9999.000,9999.000,9999.000,9999.000,9999.000,9999.000
202607250012,   2.793,   3.368,9999.000,9999.000,9999.000,9999.000,9999.000,9999.000,9999.000
202607250018,   2.825,   3.358,9999.000,9999.000,9999.000,9999.000,9999.000,9999.000,9999.000
202607250024,   2.860,   3.388,9999.000,9999.000,9999.000,9999.000,9999.000,9999.000,9999.000
202607250030,   2.899,   3.417,9999.000,9999.000,9999.000,9999.000,9999.000,9999.000,9999.000
202607250036,   2.942,   3.460,9999.000,9999.000,9999.000,9999.000,9999.000,9999.000,9999.000
202607250042,   2.987,   3.489,9999.000,9999.000,9999.000,9999.000,9999.000,9999.000,9999.000
202607250048,   3.036,   3.529,9999.000,9999.000,9999.000,9999.000,9999.000,9999.000,9999.000
202607250054,   3.087,   3.588,9999.000,9999.000,9999.000,9999.000,9999.000,9999.000,9999.000
202607250100,   3.142,   3.617,   0.200,   0.275,   3.617,   0.200,   3.617,   0.300,   3.717
202607250106,   3.199,   3.689,9999.000,9999.000,9999.000,9999.000,9999.000,9999.000,9999.000
202607250112,   3.259,   3.768,9999.000,9999.000,9999.000,9999.000,9999.000,9999.000,9999.000
202607250118,   3.321,   3.808,9999.000,9999.000,9999.000,9999.000,9999.000,9999.000,9999.000
202607250124,   3.386,   3.847,9999.000,9999.000,9999.000,9999.000,9999.000,9999.000,9999.000
202607250130,   3.452,   3.949,9999.000,9999.000,9999.000,9999.000,9999.000,9999.000,9999.000
202607250136,   3.520,   3.998,9999.000,9999.000,9999.000,9999.000,9999.000,9999.000,9999.000
202607250142,   3.589,   4.080,9999.000,9999.000,9999.000,9999.000,9999.000,9999.000,9999.000
202607250148,   3.659,   4.119,9999.000,9999.000,9999.000,9999.000,9999.000,9999.000,9999.000
202607250154,   3.731,   4.159,9999.000,9999.000,9999.000,9999.000,9999.000,9999.000,9999.000
202607250200,   3.803,   4.227,   0.200,   0.224,   4.227,   0.200,   4.227,   0.300,   4.327
202607250206,   3.875,   4.280,9999.000,9999.000,9999.000,9999.000,9999.000,9999.000,9999.000
202607250212,   3.947,   4.339,9999.000,9999.000,9999.000,9999.000,9999.000,9999.000,9999.000
202607250218,   4.020,   4.447,9999.000,9999.000,9999.000,9999.000,9999.000,9999.000,9999.000
202607250224,   4.092,   4.500,9999.000,9999.000,9999.000,9999.000,9999.000,9999.000,9999.000
202607250230,   4.164,   4.578,9999.000,9999.000,9999.000,9999.000,9999.000,9999.000,9999.000
202607250236,   4.235,   4.637,9999.000,9999.000,9999.000,9999.000,9999.000,9999.000,9999.000
202607250242,   4.305,   4.719,9999.000,9999.000,9999.000,9999.000,9999.000,9999.000,9999.000
202607250248,   4.374,   4.778,9999.000,9999.000,9999.000,9999.000,9999.000,9999.000,9999.000
202607250254,   4.442,   4.867,9999.000,9999.000,9999.000,9999.000,9999.000,9999.000,9999.000
202607250300,   4.508,   4.939,   0.300,   0.131,   4.939,   0.200,   4.839,   0.300,   4.939
202607250306,   4.573,   4.988,9999.000,9999.000,9999.000,9999.000,9999.000,9999.000,9999.000
202607250312,   4.636,   5.067,9999.000,9999.000,9999.000,9999.000,9999.000,9999.000,9999.000
202607250318,   4.698,   5.139,9999.000,9999.000,9999.000,9999.000,9999.000,9999.000,9999.000
202607250324,   4.758,   5.218,9999.000,9999.000,9999.000,9999.000,9999.000,9999.000,9999.000
202607250330,   4.815,   5.257,9999.000,9999.000,9999.000,9999.000,9999.000,9999.000,9999.000
202607250336,   4.871,   5.287,9999.000,9999.000,9999.000,9999.000,9999.000,9999.000,9999.000
202607250342,   4.924,   5.339,9999.000,9999.000,9999.000,9999.000,9999.000,9999.000,9999.000
202607250348,   4.975,   5.379,9999.000,9999.000,9999.000,9999.000,9999.000,9999.000,9999.000
202607250354,   5.024,   5.418,9999.000,9999.000,9999.000,9999.000,9999.000,9999.000,9999.000
202607250400,   5.071,   5.467,   0.300,   0.096,   5.467,   0.300,   5.467,   0.300,   5.467
202607250406,   5.114,   5.497,9999.000,9999.000,9999.000,9999.000,9999.000,9999.000,9999.000
202607250412,   5.155,   5.549,9999.000,9999.000,9999.000,9999.000,9999.000,9999.000,9999.000
202607250418,   5.194,   5.579,9999.000,9999.000,9999.000,9999.000,9999.000,9999.000,9999.000
202607250424,   5.229,   5.628,9999.000,9999.000,9999.000,9999.000,9999.000,9999.000,9999.000
202607250430,   5.262,   5.677,9999.000,9999.000,9999.000,9999.000,9999.000,9999.000,9999.000
202607250436,   5.292,   5.707,9999.000,9999.000,9999.000,9999.000,9999.000,9999.000,9999.000
202607250442,   5.319,   5.730,9999.000,9999.000,9999.000,9999.000,9999.000,9999.000,9999.000
202607250448,   5.342,   5.749,9999.000,9999.000,9999.000,9999.000,9999.000,9999.000,9999.000
202607250454,   5.363,   5.759,9999.000,9999.000,9999.000,9999.000,9999.000,9999.000,9999.000
202607250500,   5.380,   5.779,   0.300,   0.099,   5.779,   0.300,   5.779,   0.300,   5.779
202607250506,   5.394,   5.799,9999.000,9999.000,9999.000,9999.000,9999.000,9999.000,9999.000
202607250512,   5.404,   5.799,9999.000,9999.000,9999.000,9999.000,9999.000,9999.000,9999.000
202607250518,   5.411,   5.779,9999.000,9999.000,9999.000,9999.000,9999.000,9999.000,9999.000
202607250524,   5.415,   5.789,9999.000,9999.000,9999.000,9999.000,9999.000,9999.000,9999.000
202607250530,   5.414,   5.808,9999.000,9999.000,9999.000,9999.000,9999.000,9999.000,9999.000
202607250536,   5.410,   5.799,9999.000,9999.000,9999.000,9999.000,9999.000,9999.000,9999.000
202607250542,   5.403,   5.799,9999.000,9999.000,9999.000,9999.000,9999.000,9999.000,9999.000
202607250548,   5.391,   5.779,9999.000,9999.000,9999.000,9999.000,9999.000,9999.000,9999.000
202607250554,   5.376,   5.759,9999.000,9999.000,9999.000,9999.000,9999.000,9999.000,9999.000
202607250600,   5.357,   5.749,   0.400,  -0.008,   5.749,   0.400,   5.749,   0.400,   5.749
202607250606,   5.334,   5.730,9999.000,9999.000,9999.000,9999.000,9999.000,9999.000,9999.000
202607250612,   5.307,   5.687,9999.000,9999.000,9999.000,9999.000,9999.000,9999.000,9999.000
202607250618,   5.276,   5.648,9999.000,9999.000,9999.000,9999.000,9999.000,9999.000,9999.000
202607250624,   5.241,   5.628,9999.000,9999.000,9999.000,9999.000,9999.000,9999.000,9999.000
202607250630,   5.202,   5.598,9999.000,9999.000,9999.000,9999.000,9999.000,9999.000,9999.000
202607250636,   5.159,   5.549,9999.000,9999.000,9999.000,9999.000,9999.000,9999.000,9999.000
202607250642,   5.113,   5.497,9999.000,9999.000,9999.000,9999.000,9999.000,9999.000,9999.000
202607250648,   5.062,   5.448,9999.000,9999.000,9999.000,9999.000,9999.000,9999.000,9999.000
202607250654,   5.008,   5.389,9999.000,9999.000,9999.000,9999.000,9999.000,9999.000,9999.000
202607250700,   4.949,   5.320,   0.400,  -0.029,   5.320,   0.400,   5.320,   0.400,   5.320
202607250706,   4.887,   5.247,9999.000,9999.000,9999.000,9999.000,9999.000,9999.000,9999.000
202607250712,   4.822,   5.179,9999.000,9999.000,9999.000,9999.000,9999.000,9999.000,9999.000
202607250718,   4.753,   5.120,9999.000,9999.000,9999.000,9999.000,9999.000,9999.000,9999.000
202607250724,   4.680,   5.038,9999.000,9999.000,9999.000,9999.000,9999.000,9999.000,9999.000
202607250730,   4.604,   4.949,9999.000,9999.000,9999.000,9999.000,9999.000,9999.000,9999.000
202607250736,   4.525,   4.867,9999.000,9999.000,9999.000,9999.000,9999.000,9999.000,9999.000
202607250742,   4.443,   4.818,9999.000,9999.000,9999.000,9999.000,9999.000,9999.000,9999.000
202607250748,   4.358,   4.729,9999.000,9999.000,9999.000,9999.000,9999.000,9999.000,9999.000
202607250754,   4.271,   4.637,9999.000,9999.000,9999.000,9999.000,9999.000,9999.000,9999.000
202607250800,   4.181,   4.549,   0.400,  -0.032,   4.549,   0.400,   4.549,   0.400,   4.549
202607250806,   4.088,   4.447,9999.000,9999.000,9999.000,9999.000,9999.000,9999.000,9999.000
202607250812,   3.994,   4.339,9999.000,9999.000,9999.000,9999.000,9999.000,9999.000,9999.000
202607250818,   3.897,   4.208,9999.000,9999.000,9999.000,9999.000,9999.000,9999.000,9999.000
202607250824,   3.799,   4.099,9999.000,9999.000,9999.000,9999.000,9999.000,9999.000,9999.000
202607250830,   3.700,   3.998,9999.000,9999.000,9999.000,9999.000,9999.000,9999.000,9999.000
202607250836,   3.599,   3.880,9999.000,9999.000,9999.000,9999.000,9999.000,9999.000,9999.000
202607250842,   3.497,   3.768,9999.000,9999.000,9999.000,9999.000,9999.000,9999.000,9999.000
202607250848,   3.394,   3.670,9999.000,9999.000,9999.000,9999.000,9999.000,9999.000,9999.000
202607250854,   3.290,   3.558,9999.000,9999.000,9999.000,9999.000,9999.000,9999.000,9999.000
202607250900,   3.187,   3.460,   0.400,  -0.127,   3.460,   0.400,   3.460,   0.400,   3.460
202607250906,   3.082,   3.358,9999.000,9999.000,9999.000,9999.000,9999.000,9999.000,9999.000
202607250912,   2.978,   3.250,9999.000,9999.000,9999.000,9999.000,9999.000,9999.000,9999.000
202607250918,   2.873,   3.148,9999.000,9999.000,9999.000,9999.000,9999.000,9999.000,9999.000
202607250924,   2.769,   3.060,9999.000,9999.000,9999.000,9999.000,9999.000,9999.000,9999.000
202607250930,   2.666,   2.968,9999.000,9999.000,9999.000,9999.000,9999.000,9999.000,9999.000
202607250936,   2.562,   2.860,9999.000,9999.000,9999.000,9999.000,9999.000,9999.000,9999.000
202607250942,   2.460,   2.748,9999.000,9999.000,9999.000,9999.000,9999.000,9999.000,9999.000
202607250948,   2.358,   2.650,9999.000,9999.000,9999.000,9999.000,9999.000,9999.000,9999.000
202607250954,   2.257,   2.558,9999.000,9999.000,9999.000,9999.000,9999.000,9999.000,9999.000
202607251000,   2.157,   2.469,   0.400,  -0.088,   2.469,   0.400,   2.469,   0.400,   2.469
202607251006,   2.059,   2.387,9999.000,9999.000,9999.000,9999.000,9999.000,9999.000,9999.000
202607251012,   1.961,   2.318,9999.000,9999.000,9999.000,9999.000,9999.000,9999.000,9999.000
202607251018,   1.865,   2.240,9999.000,9999.000,9999.000,9999.000,9999.000,9999.000,9999.000
202607251024,   1.771,   2.168,9999.000,9999.000,9999.000,9999.000,9999.000,9999.000,9999.000
202607251030,   1.678,   2.089,9999.000,9999.000,9999.000,9999.000,9999.000,9999.000,9999.000
202607251036,   1.586,   2.030,9999.000,9999.000,9999.000,9999.000,9999.000,9999.000,9999.000
202607251042,   1.497,   1.948,9999.000,9999.000,9999.000,9999.000,9999.000,9999.000,9999.000
202607251048,   1.410,   1.869,9999.000,9999.000,9999.000,9999.000,9999.000,9999.000,9999.000
202607251054,   1.325,   1.800,9999.000,9999.000,9999.000,9999.000,9999.000,9999.000,9999.000
202607251100,   1.242,   1.728,   0.400,   0.086,   1.728,   0.400,   1.728,   0.400,   1.728
202607251106,   1.162,   1.659,9999.000,9999.000,9999.000,9999.000,9999.000,9999.000,9999.000
202607251112,   1.084,   1.600,9999.000,9999.000,9999.000,9999.000,9999.000,9999.000,9999.000
202607251118,   1.009,   1.528,9999.000,9999.000,9999.000,9999.000,9999.000,9999.000,9999.000
202607251124,   0.938,   1.459,9999.000,9999.000,9999.000,9999.000,9999.000,9999.000,9999.000
202607251130,   0.869,   1.390,9999.000,9999.000,9999.000,9999.000,9999.000,9999.000,9999.000
202607251136,   0.804,   1.318,9999.000,9999.000,9999.000,9999.000,9999.000,9999.000,9999.000
202607251142,   0.743,   1.229,9999.000,9999.000,9999.000,9999.000,9999.000,9999.000,9999.000
202607251148,   0.686,   1.170,9999.000,9999.000,9999.000,9999.000,9999.000,9999.000,9999.000
202607251154,   0.632,   1.108,9999.000,9999.000,9999.000,9999.000,9999.000,9999.000,9999.000
202607251200,   0.583,   1.049,   0.300,   0.166,   1.049,   0.300,   1.049,   0.400,   1.149
202607251206,   0.538,   0.980,9999.000,9999.000,9999.000,9999.000,9999.000,9999.000,9999.000
202607251212,   0.498,   0.928,9999.000,9999.000,9999.000,9999.000,9999.000,9999.000,9999.000
202607251218,   0.463,   0.869,9999.000,9999.000,9999.000,9999.000,9999.000,9999.000,9999.000
202607251224,   0.432,   0.819,9999.000,9999.000,9999.000,9999.000,9999.000,9999.000,9999.000
202607251230,   0.407,   0.770,9999.000,9999.000,9999.000,9999.000,9999.000,9999.000,9999.000
202607251236,   0.386,   0.718,9999.000,9999.000,9999.000,9999.000,9999.000,9999.000,9999.000
202607251242,   0.370,   0.669,9999.000,9999.000,9999.000,9999.000,9999.000,9999.000,9999.000
202607251248,   0.360,   0.629,9999.000,9999.000,9999.000,9999.000,9999.000,9999.000,9999.000
202607251254,   0.355,   0.590,9999.000,9999.000,9999.000,9999.000,9999.000,9999.000,9999.000
202607251300,   0.355,   0.551,   0.300,  -0.104,   0.551,   0.300,   0.551,   0.400,   0.651
202607251306,   0.359,   0.508,9999.000,9999.000,9999.000,9999.000,9999.000,9999.000,9999.000
202607251312,   0.369,   0.459,9999.000,9999.000,9999.000,9999.000,9999.000,9999.000,9999.000
202607251318,   0.384,   0.439,9999.000,9999.000,9999.000,9999.000,9999.000,9999.000,9999.000
202607251324,   0.404,   0.409,9999.000,9999.000,9999.000,9999.000,9999.000,9999.000,9999.000
202607251330,   0.428,   0.390,9999.000,9999.000,9999.000,9999.000,9999.000,9999.000,9999.000
202607251336,   0.456,   0.370,9999.000,9999.000,9999.000,9999.000,9999.000,9999.000,9999.000
202607251342,   0.489,   0.360,9999.000,9999.000,9999.000,9999.000,9999.000,9999.000,9999.000
202607251348,   0.526,   0.360,9999.000,9999.000,9999.000,9999.000,9999.000,9999.000,9999.000
202607251354,   0.567,   0.350,9999.000,9999.000,9999.000,9999.000,9999.000,9999.000,9999.000
202607251400,   0.611,   0.360,   0.300,  -0.551,   0.360,   0.300,   0.360,   0.400,   0.460
202607251406,   0.659,   0.390,9999.000,9999.000,9999.000,9999.000,9999.000,9999.000,9999.000
202607251412,   0.709,   0.419,9999.000,9999.000,9999.000,9999.000,9999.000,9999.000,9999.000
202607251418,   0.763,   0.439,9999.000,9999.000,9999.000,9999.000,9999.000,9999.000,9999.000
202607251424,   0.820,   0.488,9999.000,9999.000,9999.000,9999.000,9999.000,9999.000,9999.000
202607251430,   0.878,   0.541,9999.000,9999.000,9999.000,9999.000,9999.000,9999.000,9999.000
202607251436,   0.939,   0.570,9999.000,9999.000,9999.000,9999.000,9999.000,9999.000,9999.000
202607251442,   1.002,   0.629,9999.000,9999.000,9999.000,9999.000,9999.000,9999.000,9999.000
202607251448,   1.067,   0.678,9999.000,9999.000,9999.000,9999.000,9999.000,9999.000,9999.000
202607251454,   1.133,   0.751,9999.000,9999.000,9999.000,9999.000,9999.000,9999.000,9999.000
202607251500,   1.201,   0.819,   0.300,  -0.682,   0.819,   0.300,   0.819,   0.400,   0.919
202607251506,   1.270,   0.898,9999.000,9999.000,9999.000,9999.000,9999.000,9999.000,9999.000
202607251512,   1.339,   0.990,9999.000,9999.000,9999.000,9999.000,9999.000,9999.000,9999.000
202607251518,   1.410,   1.079,9999.000,9999.000,9999.000,9999.000,9999.000,9999.000,9999.000
202607251524,   1.481,   1.170,9999.000,9999.000,9999.000,9999.000,9999.000,9999.000,9999.000
202607251530,   1.553,   1.259,9999.000,9999.000,9999.000,9999.000,9999.000,9999.000,9999.000
202607251536,   1.625,   1.338,9999.000,9999.000,9999.000,9999.000,9999.000,9999.000,9999.000
202607251542,   1.698,   1.430,9999.000,9999.000,9999.000,9999.000,9999.000,9999.000,9999.000
202607251548,   1.771,   1.538,9999.000,9999.000,9999.000,9999.000,9999.000,9999.000,9999.000
202607251554,   1.843,   1.630,9999.000,9999.000,9999.000,9999.000,9999.000,9999.000,9999.000
202607251600,   1.916,   1.728,   0.300,  -0.488,   1.728,   0.300,   1.728,   0.400,   1.828
202607251606,   1.988,   1.820,9999.000,9999.000,9999.000,9999.000,9999.000,9999.000,9999.000
202607251612,   2.060,   1.899,9999.000,9999.000,9999.000,9999.000,9999.000,9999.000,9999.000
202607251618,   2.132,   2.010,9999.000,9999.000,9999.000,9999.000,9999.000,9999.000,9999.000
202607251624,   2.203,   2.089,9999.000,9999.000,9999.000,9999.000,9999.000,9999.000,9999.000
202607251630,   2.274,   2.200,9999.000,9999.000,9999.000,9999.000,9999.000,9999.000,9999.000
202607251636,   2.343,   2.289,9999.000,9999.000,9999.000,9999.000,9999.000,9999.000,9999.000
202607251642,   2.412,   2.387,9999.000,9999.000,9999.000,9999.000,9999.000,9999.000,9999.000
202607251648,   2.480,   2.489,9999.000,9999.000,9999.000,9999.000,9999.000,9999.000,9999.000
202607251654,   2.547,   2.568,9999.000,9999.000,9999.000,9999.000,9999.000,9999.000,9999.000
202607251700,   2.613,   2.679,   0.300,  -0.234,   2.679,   0.300,   2.679,   0.400,   2.779
202607251706,   2.677,   2.778,9999.000,9999.000,9999.000,9999.000,9999.000,9999.000,9999.000
202607251712,   2.740,   2.869,9999.000,9999.000,9999.000,9999.000,9999.000,9999.000,9999.000
202607251718,   2.802,   2.948,9999.000,9999.000,9999.000,9999.000,9999.000,9999.000,9999.000
202607251724,   2.862,   3.070,9999.000,9999.000,9999.000,9999.000,9999.000,9999.000,9999.000
202607251730,   2.920,   3.148,9999.000,9999.000,9999.000,9999.000,9999.000,9999.000,9999.000
202607251736,   2.976,   3.250,9999.000,9999.000,9999.000,9999.000,9999.000,9999.000,9999.000
202607251742,   3.031,   3.348,9999.000,9999.000,9999.000,9999.000,9999.000,9999.000,9999.000
202607251748,   3.083,   3.407,9999.000,9999.000,9999.000,9999.000,9999.000,9999.000,9999.000
202607251754,   3.134,   3.489,9999.000,9999.000,9999.000,9999.000,9999.000,9999.000,9999.000
202607251800,   3.182,   3.558,   0.200,   0.176,   3.558,   0.200,   3.558,   0.200,   3.558
202607251806,   3.227,   3.627,9999.000,9999.000,9999.000,9999.000,9999.000,9999.000,9999.000
202607251812,   3.270,   3.729,9999.000,9999.000,9999.000,9999.000,9999.000,9999.000,9999.000
202607251818,   3.311,   3.798,9999.000,9999.000,9999.000,9999.000,9999.000,9999.000,9999.000
202607251824,   3.349,   3.847,9999.000,9999.000,9999.000,9999.000,9999.000,9999.000,9999.000
202607251830,   3.385,   3.919,9999.000,9999.000,9999.000,9999.000,9999.000,9999.000,9999.000
202607251836,   3.417,   3.958,9999.000,9999.000,9999.000,9999.000,9999.000,9999.000,9999.000
202607251842,   3.447,   4.008,9999.000,9999.000,9999.000,9999.000,9999.000,9999.000,9999.000
202607251848,   3.474,   4.057,9999.000,9999.000,9999.000,9999.000,9999.000,9999.000,9999.000
202607251854,   3.498,   4.099,9999.000,9999.000,9999.000,9999.000,9999.000,9999.000,9999.000
202607251900,   3.520,   4.149,   0.200,   0.429,   4.149,   0.200,   4.149,   0.200,   4.149
202607251906,   3.538,   4.198,9999.000,9999.000,9999.000,9999.000,9999.000,9999.000,9999.000
202607251912,   3.554,   4.247,9999.000,9999.000,9999.000,9999.000,9999.000,9999.000,9999.000
202607251918,   3.566,   4.290,9999.000,9999.000,9999.000,9999.000,9999.000,9999.000,9999.000
202607251924,   3.576,   4.290,9999.000,9999.000,9999.000,9999.000,9999.000,9999.000,9999.000
202607251930,   3.583,   4.329,9999.000,9999.000,9999.000,9999.000,9999.000,9999.000,9999.000
202607251936,   3.586,   4.359,9999.000,9999.000,9999.000,9999.000,9999.000,9999.000,9999.000
202607251942,   3.588,   4.359,9999.000,9999.000,9999.000,9999.000,9999.000,9999.000,9999.000
202607251948,   3.586,   4.398,9999.000,9999.000,9999.000,9999.000,9999.000,9999.000,9999.000
202607251954,   3.582,   4.398,9999.000,9999.000,9999.000,9999.000,9999.000,9999.000,9999.000
202607252000,   3.575,   4.408,   0.200,   0.633,   4.408,   0.200,   4.408,   0.200,   4.408
202607252006,   3.566,   4.427,9999.000,9999.000,9999.000,9999.000,9999.000,9999.000,9999.000
202607252012,   3.555,   4.437,9999.000,9999.000,9999.000,9999.000,9999.000,9999.000,9999.000
202607252018,   3.541,   4.427,9999.000,9999.000,9999.000,9999.000,9999.000,9999.000,9999.000
202607252024,   3.525,   4.418,9999.000,9999.000,9999.000,9999.000,9999.000,9999.000,9999.000
202607252030,   3.508,   4.398,9999.000,9999.000,9999.000,9999.000,9999.000,9999.000,9999.000
202607252036,   3.488,   4.398,9999.000,9999.000,9999.000,9999.000,9999.000,9999.000,9999.000
202607252042,   3.467,   4.398,9999.000,9999.000,9999.000,9999.000,9999.000,9999.000,9999.000
202607252048,   3.445,   4.388,9999.000,9999.000,9999.000,9999.000,9999.000,9999.000,9999.000
202607252054,   3.421,   4.398,9999.000,9999.000,9999.000,9999.000,9999.000,9999.000,9999.000
202607252100,   3.396,   4.388,   0.200,   0.792,   4.388,   0.200,   4.388,   0.200,   4.388
202607252106,   3.371,   4.359,9999.000,9999.000,9999.000,9999.000,9999.000,9999.000,9999.000
202607252112,   3.344,   4.359,9999.000,9999.000,9999.000,9999.000,9999.000,9999.000,9999.000
202607252118,   3.317,   4.309,9999.000,9999.000,9999.000,9999.000,9999.000,9999.000,9999.000
202607252124,   3.289,   4.309,9999.000,9999.000,9999.000,9999.000,9999.000,9999.000,9999.000
202607252130,   3.261,   4.280,9999.000,9999.000,9999.000,9999.000,9999.000,9999.000,9999.000
202607252136,   3.232,   4.237,9999.000,9999.000,9999.000,9999.000,9999.000,9999.000,9999.000
202607252142,   3.204,   4.188,9999.000,9999.000,9999.000,9999.000,9999.000,9999.000,9999.000
202607252148,   3.175,   4.168,9999.000,9999.000,9999.000,9999.000,9999.000,9999.000,9999.000
202607252154,   3.147,   4.129,9999.000,9999.000,9999.000,9999.000,9999.000,9999.000,9999.000
202607252200,   3.119,   4.090,   0.200,   0.771,   4.090,   0.200,   4.090,   0.200,   4.090
202607252206,   3.091,   4.057,9999.000,9999.000,9999.000,9999.000,9999.000,9999.000,9999.000
202607252212,   3.063,   4.008,9999.000,9999.000,9999.000,9999.000,9999.000,9999.000,9999.000
202607252218,   3.036,   3.968,9999.000,9999.000,9999.000,9999.000,9999.000,9999.000,9999.000
202607252224,   3.010,   3.949,9999.000,9999.000,9999.000,9999.000,9999.000,9999.000,9999.000
202607252230,   2.984,   3.909,9999.000,9999.000,9999.000,9999.000,9999.000,9999.000,9999.000
202607252236,   2.959,   3.880,9999.000,9999.000,9999.000,9999.000,9999.000,9999.000,9999.000
202607252242,   2.935,   3.827,9999.000,9999.000,9999.000,9999.000,9999.000,9999.000,9999.000
202607252248,   2.911,   3.788,9999.000,9999.000,9999.000,9999.000,9999.000,9999.000,9999.000
202607252254,   2.888,   3.739,9999.000,9999.000,9999.000,9999.000,9999.000,9999.000,9999.000
202607252300,   2.867,   3.699,   0.200,   0.632,   3.699,   0.200,   3.699,   0.200,   3.699
202607252306,   2.846,   3.670,9999.000,9999.000,9999.000,9999.000,9999.000,9999.000,9999.000
202607252312,   2.827,   3.598,9999.000,9999.000,9999.000,9999.000,9999.000,9999.000,9999.000
202607252318,   2.809,   3.568,9999.000,9999.000,9999.000,9999.000,9999.000,9999.000,9999.000
202607252324,   2.793,   3.529,9999.000,9999.000,9999.000,9999.000,9999.000,9999.000,9999.000
202607252330,   2.778,   3.489,9999.000,9999.000,9999.000,9999.000,9999.000,9999.000,9999.000
202607252336,   2.765,   3.450,9999.000,9999.000,9999.000,9999.000,9999.000,9999.000,9999.000
202607252342,   2.754,   3.417,9999.000,9999.000,9999.000,9999.000,9999.000,9999.000,9999.000
202607252348,   2.745,   3.388,9999.000,9999.000,9999.000,9999.000,9999.000,9999.000,9999.000
202607252354,   2.738,   3.378,9999.000,9999.000,9999.000,9999.000,9999.000,9999.000,9999.000
202607260000,   2.733,   3.348,   0.200,   0.415,   3.348,   0.200,   3.348,   0.300,   3.448
202607260006,   2.731,   3.319,9999.000,9999.000,9999.000,9999.000,9999.000,9999.000,9999.000
202607260012,   2.731,   3.289,9999.000,9999.000,9999.000,9999.000,9999.000,9999.000,9999.000
202607260018,   2.735,   3.299,9999.000,9999.000,9999.000,9999.000,9999.000,9999.000,9999.000
202607260024,   2.741,   3.279,9999.000,9999.000,9999.000,9999.000,9999.000,9999.000,9999.000
202607260030,   2.750,   3.289,9999.000,9999.000,9999.000,9999.000,9999.000,9999.000,9999.000
202607260036,   2.763,   3.279,9999.000,9999.000,9999.000,9999.000,9999.000,9999.000,9999.000
202607260042,   2.779,   3.279,9999.000,9999.000,9999.000,9999.000,9999.000,9999.000,9999.000
202607260048,   2.798,   3.299,9999.000,9999.000,9999.000,9999.000,9999.000,9999.000,9999.000
202607260054,   2.821,   3.299,9999.000,9999.000,9999.000,9999.000,9999.000,9999.000,9999.000
202607260100,   2.848,   3.319,   0.200,   0.271,   3.319,   0.200,   3.319,   0.300,   3.419
202607260106,   2.878,   3.339,9999.000,9999.000,9999.000,9999.000,9999.000,9999.000,9999.000
202607260112,   2.912,   3.378,9999.000,9999.000,9999.000,9999.000,9999.000,9999.000,9999.000
202607260118,   2.949,   3.378,9999.000,9999.000,9999.000,9999.000,9999.000,9999.000,9999.000
202607260124,   2.990,   3.398,9999.000,9999.000,9999.000,9999.000,9999.000,9999.000,9999.000
202607260130,   3.034,   3.427,9999.000,9999.000,9999.000,9999.000,9999.000,9999.000,9999.000
202607260136,   3.082,   3.460,9999.000,9999.000,9999.000,9999.000,9999.000,9999.000,9999.000
202607260142,   3.132,   3.470,9999.000,9999.000,9999.000,9999.000,9999.000,9999.000,9999.000
202607260148,   3.186,   3.509,9999.000,9999.000,9999.000,9999.000,9999.000,9999.000,9999.000
202607260154,   3.243,   3.578,9999.000,9999.000,9999.000,9999.000,9999.000,9999.000,9999.000
202607260200,   3.302,   3.607,   0.200,   0.105,   3.607,   0.200,   3.607,   0.300,   3.707
202607260206,   3.364,   3.680,9999.000,9999.000,9999.000,9999.000,9999.000,9999.000,9999.000
202607260212,   3.428,   3.739,9999.000,9999.000,9999.000,9999.000,9999.000,9999.000,9999.000
202607260218,   3.494,   3.817,9999.000,9999.000,9999.000,9999.000,9999.000,9999.000,9999.000
202607260224,   3.561,   3.880,9999.000,9999.000,9999.000,9999.000,9999.000,9999.000,9999.000
202607260230,   3.631,   3.939,9999.000,9999.000,9999.000,9999.000,9999.000,9999.000,9999.000
202607260236,   3.701,   4.027,9999.000,9999.000,9999.000,9999.000,9999.000,9999.000,9999.000
202607260242,   3.773,   4.099,9999.000,9999.000,9999.000,9999.000,9999.000,9999.000,9999.000
202607260248,   3.845,   4.149,9999.000,9999.000,9999.000,9999.000,9999.000,9999.000,9999.000
202607260254,   3.918,   4.237,9999.000,9999.000,9999.000,9999.000,9999.000,9999.000,9999.000
202607260300,   3.991,   4.300,   0.200,   0.109,   4.300,   0.200,   4.300,   0.300,   4.400
202607260306,   4.064,   4.378,9999.000,9999.000,9999.000,9999.000,9999.000,9999.000,9999.000
202607260312,   4.137,   4.427,9999.000,9999.000,9999.000,9999.000,9999.000,9999.000,9999.000
202607260318,   4.209,   4.519,9999.000,9999.000,9999.000,9999.000,9999.000,9999.000,9999.000
202607260324,   4.281,   4.559,9999.000,9999.000,9999.000,9999.000,9999.000,9999.000,9999.000
202607260330,   4.352,   4.628,9999.000,9999.000,9999.000,9999.000,9999.000,9999.000,9999.000
202607260336,   4.422,   4.700,9999.000,9999.000,9999.000,9999.000,9999.000,9999.000,9999.000
202607260342,   4.491,   4.749,9999.000,9999.000,9999.000,9999.000,9999.000,9999.000,9999.000
202607260348,   4.558,   4.837,9999.000,9999.000,9999.000,9999.000,9999.000,9999.000,9999.000
202607260354,   4.624,   4.900,9999.000,9999.000,9999.000,9999.000,9999.000,9999.000,9999.000
202607260400,   4.689,   4.969,   0.200,   0.080,   4.969,   0.200,   4.969,   0.300,   5.069
202607260406,   4.752,   5.047,9999.000,9999.000,9999.000,9999.000,9999.000,9999.000,9999.000
202607260412,   4.813,   5.120,9999.000,9999.000,9999.000,9999.000,9999.000,9999.000,9999.000
202607260418,   4.872,   5.169,9999.000,9999.000,9999.000,9999.000,9999.000,9999.000,9999.000
202607260424,   4.929,   5.228,9999.000,9999.000,9999.000,9999.000,9999.000,9999.000,9999.000
202607260430,   4.983,   5.287,9999.000,9999.000,9999.000,9999.000,9999.000,9999.000,9999.000
202607260436,   5.036,   5.339,9999.000,9999.000,9999.000,9999.000,9999.000,9999.000,9999.000
202607260442,   5.086,   5.398,9999.000,9999.000,9999.000,9999.000,9999.000,9999.000,9999.000
202607260448,   5.133,   5.448,9999.000,9999.000,9999.000,9999.000,9999.000,9999.000,9999.000
202607260454,   5.178,   5.448,9999.000,9999.000,9999.000,9999.000,9999.000,9999.000,9999.000
202607260500,   5.221,   5.539,   0.200,   0.118,   5.539,   0.200,   5.539,   0.300,   5.639
202607260506,   5.260,   5.549,9999.000,9999.000,9999.000,9999.000,9999.000,9999.000,9999.000
202607260512,   5.297,   5.589,9999.000,9999.000,9999.000,9999.000,9999.000,9999.000,9999.000
202607260518,   5.330,   5.638,9999.000,9999.000,9999.000,9999.000,9999.000,9999.000,9999.000
202607260524,   5.361,   5.667,9999.000,9999.000,9999.000,9999.000,9999.000,9999.000,9999.000
202607260530,   5.388,   5.687,9999.000,9999.000,9999.000,9999.000,9999.000,9999.000,9999.000
202607260536,   5.412,   5.707,9999.000,9999.000,9999.000,9999.000,9999.000,9999.000,9999.000
202607260542,   5.433,   5.717,9999.000,9999.000,9999.000,9999.000,9999.000,9999.000,9999.000
202607260548,   5.450,   5.730,9999.000,9999.000,9999.000,9999.000,9999.000,9999.000,9999.000
202607260554,   5.464,   5.759,9999.000,9999.000,9999.000,9999.000,9999.000,9999.000,9999.000
202607260600,   5.474,   5.769,   0.300,  -0.005,   5.769,   0.300,   5.769,   0.400,   5.869
202607260606,   5.480,   5.789,9999.000,9999.000,9999.000,9999.000,9999.000,9999.000,9999.000
202607260612,   5.483,   5.779,9999.000,9999.000,9999.000,9999.000,9999.000,9999.000,9999.000
202607260618,   5.481,   5.799,9999.000,9999.000,9999.000,9999.000,9999.000,9999.000,9999.000
202607260624,   5.476,   5.799,9999.000,9999.000,9999.000,9999.000,9999.000,9999.000,9999.000
202607260630,   5.467,   5.769,9999.000,9999.000,9999.000,9999.000,9999.000,9999.000,9999.000
202607260636,   5.454,   5.759,9999.000,9999.000,9999.000,9999.000,9999.000,9999.000,9999.000
202607260642,   5.436,   5.730,9999.000,9999.000,9999.000,9999.000,9999.000,9999.000,9999.000
202607260648,   5.415,   5.717,9999.000,9999.000,9999.000,9999.000,9999.000,9999.000,9999.000
202607260654,   5.389,   5.667,9999.000,9999.000,9999.000,9999.000,9999.000,9999.000,9999.000
202607260700,   5.359,   5.677,   0.300,   0.018,   5.677,   0.300,   5.677,   0.400,   5.777
202607260706,   5.325,   5.628,9999.000,9999.000,9999.000,9999.000,9999.000,9999.000,9999.000
202607260712,   5.287,   5.598,9999.000,9999.000,9999.000,9999.000,9999.000,9999.000,9999.000
202607260718,   5.244,   5.530,9999.000,9999.000,9999.000,9999.000,9999.000,9999.000,9999.000
202607260724,   5.198,   5.487,9999.000,9999.000,9999.000,9999.000,9999.000,9999.000,9999.000
202607260730,   5.147,   5.457,9999.000,9999.000,9999.000,9999.000,9999.000,9999.000,9999.000
202607260736,   5.092,   5.369,9999.000,9999.000,9999.000,9999.000,9999.000,9999.000,9999.000
202607260742,   5.033,   5.297,9999.000,9999.000,9999.000,9999.000,9999.000,9999.000,9999.000
202607260748,   4.970,   5.238,9999.000,9999.000,9999.000,9999.000,9999.000,9999.000,9999.000
202607260754,   4.903,   5.159,9999.000,9999.000,9999.000,9999.000,9999.000,9999.000,9999.000
202607260800,   4.833,   5.077,   0.300,  -0.056,   5.077,   0.300,   5.077,   0.400,   5.177
202607260806,   4.759,   5.008,9999.000,9999.000,9999.000,9999.000,9999.000,9999.000,9999.000
202607260812,   4.681,   4.919,9999.000,9999.000,9999.000,9999.000,9999.000,9999.000,9999.000
202607260818,   4.599,   4.847,9999.000,9999.000,9999.000,9999.000,9999.000,9999.000,9999.000
202607260824,   4.515,   4.759,9999.000,9999.000,9999.000,9999.000,9999.000,9999.000,9999.000
202607260830,   4.427,   4.667,9999.000,9999.000,9999.000,9999.000,9999.000,9999.000,9999.000
202607260836,   4.336,   4.578,9999.000,9999.000,9999.000,9999.000,9999.000,9999.000,9999.000
202607260842,   4.243,   4.467,9999.000,9999.000,9999.000,9999.000,9999.000,9999.000,9999.000
202607260848,   4.147,   4.378,9999.000,9999.000,9999.000,9999.000,9999.000,9999.000,9999.000
202607260854,   4.048,   4.280,9999.000,9999.000,9999.000,9999.000,9999.000,9999.000,9999.000
202607260900,   3.948,   4.159,   0.300,  -0.089,   4.159,   0.300,   4.159,   0.400,   4.259
202607260906,   3.845,   4.047,9999.000,9999.000,9999.000,9999.000,9999.000,9999.000,9999.000
202607260912,   3.741,   3.929,9999.000,9999.000,9999.000,9999.000,9999.000,9999.000,9999.000
202607260918,   3.635,   3.817,9999.000,9999.000,9999.000,9999.000,9999.000,9999.000,9999.000
202607260924,   3.527,   3.699,9999.000,9999.000,9999.000,9999.000,9999.000,9999.000,9999.000
202607260930,   3.419,   3.598,9999.000,9999.000,9999.000,9999.000,9999.000,9999.000,9999.000
202607260936,   3.309,   3.489,9999.000,9999.000,9999.000,9999.000,9999.000,9999.000,9999.000
202607260942,   3.199,   3.378,9999.000,9999.000,9999.000,9999.000,9999.000,9999.000,9999.000
202607260948,   3.089,   3.260,9999.000,9999.000,9999.000,9999.000,9999.000,9999.000,9999.000
202607260954,   2.978,   3.168,9999.000,9999.000,9999.000,9999.000,9999.000,9999.000,9999.000
202607261000,   2.867,   3.050,   0.300,  -0.117,   3.050,   0.300,   3.050,   0.400,   3.150
202607261006,   2.756,   2.948,9999.000,9999.000,9999.000,9999.000,9999.000,9999.000,9999.000
202607261012,   2.645,   2.830,9999.000,9999.000,9999.000,9999.000,9999.000,9999.000,9999.000
202607261018,   2.535,   2.728,9999.000,9999.000,9999.000,9999.000,9999.000,9999.000,9999.000
202607261024,   2.426,   2.620,9999.000,9999.000,9999.000,9999.000,9999.000,9999.000,9999.000
202607261030,   2.317,   2.528,9999.000,9999.000,9999.000,9999.000,9999.000,9999.000,9999.000
202607261036,   2.209,   2.420,9999.000,9999.000,9999.000,9999.000,9999.000,9999.000,9999.000
202607261042,   2.102,   2.328,9999.000,9999.000,9999.000,9999.000,9999.000,9999.000,9999.000
202607261048,   1.996,   2.240,9999.000,9999.000,9999.000,9999.000,9999.000,9999.000,9999.000
202607261054,   1.892,   2.138,9999.000,9999.000,9999.000,9999.000,9999.000,9999.000,9999.000
202607261100,   1.789,   2.059,   0.300,  -0.030,   2.059,   0.300,   2.059,   0.400,   2.159
202607261106,   1.687,   1.990,9999.000,9999.000,9999.000,9999.000,9999.000,9999.000,9999.000
202607261112,   1.588,   1.899,9999.000,9999.000,9999.000,9999.000,9999.000,9999.000,9999.000
202607261118,   1.490,   1.849,9999.000,9999.000,9999.000,9999.000,9999.000,9999.000,9999.000
202607261124,   1.394,   1.781,9999.000,9999.000,9999.000,9999.000,9999.000,9999.000,9999.000
202607261130,   1.301,   1.708,9999.000,9999.000,9999.000,9999.000,9999.000,9999.000,9999.000
202607261136,   1.209,   1.639,9999.000,9999.000,9999.000,9999.000,9999.000,9999.000,9999.000
202607261142,   1.120,   1.571,9999.000,9999.000,9999.000,9999.000,9999.000,9999.000,9999.000
202607261148,   1.034,   1.489,9999.000,9999.000,9999.000,9999.000,9999.000,9999.000,9999.000
202607261154,   0.951,   1.410,9999.000,9999.000,9999.000,9999.000,9999.000,9999.000,9999.000
202607261200,   0.871,   1.318,   0.200,   0.247,   1.318,   0.200,   1.318,   0.300,   1.418
202607261206,   0.794,   1.249,9999.000,9999.000,9999.000,9999.000,9999.000,9999.000,9999.000
202607261212,   0.720,   1.180,9999.000,9999.000,9999.000,9999.000,9999.000,9999.000,9999.000
202607261218,   0.650,   1.108,9999.000,9999.000,9999.000,9999.000,9999.000,9999.000,9999.000
202607261224,   0.584,   1.059,9999.000,9999.000,9999.000,9999.000,9999.000,9999.000,9999.000
202607261230,   0.522,   0.990,9999.000,9999.000,9999.000,9999.000,9999.000,9999.000,9999.000
202607261236,   0.464,   0.928,9999.000,9999.000,9999.000,9999.000,9999.000,9999.000,9999.000
202607261242,   0.411,   0.869,9999.000,9999.000,9999.000,9999.000,9999.000,9999.000,9999.000
202607261248,   0.362,   0.810,9999.000,9999.000,9999.000,9999.000,9999.000,9999.000,9999.000
202607261254,   0.318,   0.741,9999.000,9999.000,9999.000,9999.000,9999.000,9999.000,9999.000
202607261300,   0.278,   0.688,   0.200,   0.210,   0.688,   0.200,   0.688,   0.300,   0.788
202607261306,   0.244,   0.629,9999.000,9999.000,9999.000,9999.000,9999.000,9999.000,9999.000
202607261312,   0.215,   0.560,9999.000,9999.000,9999.000,9999.000,9999.000,9999.000,9999.000
202607261318,   0.192,   0.488,9999.000,9999.000,9999.000,9999.000,9999.000,9999.000,9999.000
202607261324,   0.173,   0.439,9999.000,9999.000,9999.000,9999.000,9999.000,9999.000,9999.000
202607261330,   0.161,   0.409,9999.000,9999.000,9999.000,9999.000,9999.000,9999.000,9999.000
202607261336,   0.153,   0.370,9999.000,9999.000,9999.000,9999.000,9999.000,9999.000,9999.000
202607261342,   0.151,   0.331,9999.000,9999.000,9999.000,9999.000,9999.000,9999.000,9999.000
202607261348,   0.155,   0.278,9999.000,9999.000,9999.000,9999.000,9999.000,9999.000,9999.000
202607261354,   0.163,   0.249,9999.000,9999.000,9999.000,9999.000,9999.000,9999.000,9999.000
202607261400,   0.177,   0.219,   0.200,  -0.158,   0.219,   0.200,   0.219,   0.300,   0.319
202607261406,   0.197,   0.180,9999.000,9999.000,9999.000,9999.000,9999.000,9999.000,9999.000
202607261412,   0.221,   0.160,9999.000,9999.000,9999.000,9999.000,9999.000,9999.000,9999.000
202607261418,   0.250,   0.150,9999.000,9999.000,9999.000,9999.000,9999.000,9999.000,9999.000
202607261424,   0.284,   0.160,9999.000,9999.000,9999.000,9999.000,9999.000,9999.000,9999.000
202607261430,   0.322,   0.160,9999.000,9999.000,9999.000,9999.000,9999.000,9999.000,9999.000
202607261436,   0.365,   0.170,9999.000,9999.000,9999.000,9999.000,9999.000,9999.000,9999.000
202607261442,   0.412,   0.170,9999.000,9999.000,9999.000,9999.000,9999.000,9999.000,9999.000
202607261448,   0.462,   0.190,9999.000,9999.000,9999.000,9999.000,9999.000,9999.000,9999.000
202607261454,   0.517,   0.219,9999.000,9999.000,9999.000,9999.000,9999.000,9999.000,9999.000
202607261500,   0.574,   0.239,   0.200,  -0.535,   0.239,   0.200,   0.239,   0.300,   0.339
202607261506,   0.635,   0.278,9999.000,9999.000,9999.000,9999.000,9999.000,9999.000,9999.000
202607261512,   0.699,   0.321,9999.000,9999.000,9999.000,9999.000,9999.000,9999.000,9999.000
202607261518,   0.765,   0.380,9999.000,9999.000,9999.000,9999.000,9999.000,9999.000,9999.000
202607261524,   0.833,   0.429,9999.000,9999.000,9999.000,9999.000,9999.000,9999.000,9999.000
202607261530,   0.904,   0.498,9999.000,9999.000,9999.000,9999.000,9999.000,9999.000,9999.000
202607261536,   0.977,   0.580,9999.000,9999.000,9999.000,9999.000,9999.000,9999.000,9999.000
202607261542,   1.051,   0.659,9999.000,9999.000,9999.000,9999.000,9999.000,9999.000,9999.000
202607261548,   1.127,   0.718,9999.000,9999.000,9999.000,9999.000,9999.000,9999.000,9999.000
202607261554,   1.205,   0.829,9999.000,9999.000,9999.000,9999.000,9999.000,9999.000,9999.000
202607261600,   1.283,   0.918,   0.200,  -0.565,   0.918,   0.200,   0.918,   0.300,   1.018
202607261606,   1.362,   1.020,9999.000,9999.000,9999.000,9999.000,9999.000,9999.000,9999.000
202607261612,   1.442,   1.128,9999.000,9999.000,9999.000,9999.000,9999.000,9999.000,9999.000
202607261618,   1.523,   1.239,9999.000,9999.000,9999.000,9999.000,9999.000,9999.000,9999.000
202607261624,   1.604,   1.338,9999.000,9999.000,9999.000,9999.000,9999.000,9999.000,9999.000
202607261630,   1.686,   1.449,9999.000,9999.000,9999.000,9999.000,9999.000,9999.000,9999.000
202607261636,   1.768,   1.557,9999.000,9999.000,9999.000,9999.000,9999.000,9999.000,9999.000
202607261642,   1.849,   1.669,9999.000,9999.000,9999.000,9999.000,9999.000,9999.000,9999.000
202607261648,   1.931,   1.758,9999.000,9999.000,9999.000,9999.000,9999.000,9999.000,9999.000
202607261654,   2.012,   1.869,9999.000,9999.000,9999.000,9999.000,9999.000,9999.000,9999.000
202607261700,   2.093,   1.958,   0.200,  -0.335,   1.958,   0.200,   1.958,   0.300,   2.058
202607261706,   2.174,   2.049,9999.000,9999.000,9999.000,9999.000,9999.000,9999.000,9999.000
202607261712,   2.254,   2.148,9999.000,9999.000,9999.000,9999.000,9999.000,9999.000,9999.000
202607261718,   2.333,   2.240,9999.000,9999.000,9999.000,9999.000,9999.000,9999.000,9999.000
202607261724,   2.411,   2.338,9999.000,9999.000,9999.000,9999.000,9999.000,9999.000,9999.000
202607261730,   2.488,   2.440,9999.000,9999.000,9999.000,9999.000,9999.000,9999.000,9999.000
202607261736,   2.564,   2.568,9999.000,9999.000,9999.000,9999.000,9999.000,9999.000,9999.000
202607261742,   2.639,   2.630,9999.000,9999.000,9999.000,9999.000,9999.000,9999.000,9999.000
202607261748,   2.712,   2.748,9999.000,9999.000,9999.000,9999.000,9999.000,9999.000,9999.000
202607261754,   2.784,   2.840,9999.000,9999.000,9999.000,9999.000,9999.000,9999.000,9999.000
202607261800,   2.854,   2.938,   0.100,  -0.016,   2.938,   0.100,   2.938,   0.100,   2.938
202607261806,   2.922,   3.050,9999.000,9999.000,9999.000,9999.000,9999.000,9999.000,9999.000
202607261812,   2.989,   3.158,9999.000,9999.000,9999.000,9999.000,9999.000,9999.000,9999.000
202607261818,   3.053,   3.279,9999.000,9999.000,9999.000,9999.000,9999.000,9999.000,9999.000
202607261824,   3.115,   3.348,9999.000,9999.000,9999.000,9999.000,9999.000,9999.000,9999.000
202607261830,   3.175,   3.440,9999.000,9999.000,9999.000,9999.000,9999.000,9999.000,9999.000
202607261836,   3.233,   3.489,9999.000,9999.000,9999.000,9999.000,9999.000,9999.000,9999.000
202607261842,   3.288,   3.578,9999.000,9999.000,9999.000,9999.000,9999.000,9999.000,9999.000
202607261848,   3.340,   3.637,9999.000,9999.000,9999.000,9999.000,9999.000,9999.000,9999.000
202607261854,   3.389,   3.729,9999.000,9999.000,9999.000,9999.000,9999.000,9999.000,9999.000
202607261900,   3.436,   3.798,   0.100,   0.262,   3.798,   0.100,   3.798,   0.100,   3.798
202607261906,   3.480,   3.847,9999.000,9999.000,9999.000,9999.000,9999.000,9999.000,9999.000
202607261912,   3.521,   3.899,9999.000,9999.000,9999.000,9999.000,9999.000,9999.000,9999.000
202607261918,   3.559,   3.949,9999.000,9999.000,9999.000,9999.000,9999.000,9999.000,9999.000
202607261924,   3.594,   3.998,9999.000,9999.000,9999.000,9999.000,9999.000,9999.000,9999.000
202607261930,   3.626,   4.027,9999.000,9999.000,9999.000,9999.000,9999.000,9999.000,9999.000
202607261936,   3.654,   4.099,9999.000,9999.000,9999.000,9999.000,9999.000,9999.000,9999.000
202607261942,   3.679,   4.159,9999.000,9999.000,9999.000,9999.000,9999.000,9999.000,9999.000
202607261948,   3.702,   4.208,9999.000,9999.000,9999.000,9999.000,9999.000,9999.000,9999.000
202607261954,   3.721,   4.247,9999.000,9999.000,9999.000,9999.000,9999.000,9999.000,9999.000
202607262000,   3.736,   4.290,   0.100,   0.454,   4.290,   0.100,   4.290,   0.100,   4.290
202607262006,   3.749,   4.319,9999.000,9999.000,9999.000,9999.000,9999.000,9999.000,9999.000
202607262012,   3.758,   4.319,9999.000,9999.000,9999.000,9999.000,9999.000,9999.000,9999.000
202607262018,   3.764,   4.378,9999.000,9999.000,9999.000,9999.000,9999.000,9999.000,9999.000
202607262024,   3.767,   4.388,9999.000,9999.000,9999.000,9999.000,9999.000,9999.000,9999.000
202607262030,   3.767,   4.398,9999.000,9999.000,9999.000,9999.000,9999.000,9999.000,9999.000
202607262036,   3.764,   4.408,9999.000,9999.000,9999.000,9999.000,9999.000,9999.000,9999.000
202607262042,   3.758,   4.408,9999.000,9999.000,9999.000,9999.000,9999.000,9999.000,9999.000
202607262048,   3.749,   4.418,9999.000,9999.000,9999.000,9999.000,9999.000,9999.000,9999.000
202607262054,   3.738,   4.398,9999.000,9999.000,9999.000,9999.000,9999.000,9999.000,9999.000
202607262100,   3.724,   4.408,   0.100,   0.584,   4.408,   0.100,   4.408,   0.100,   4.408
202607262106,   3.708,   4.388,9999.000,9999.000,9999.000,9999.000,9999.000,9999.000,9999.000
202607262112,   3.689,   4.378,9999.000,9999.000,9999.000,9999.000,9999.000,9999.000,9999.000
202607262118,   3.668,   4.368,9999.000,9999.000,9999.000,9999.000,9999.000,9999.000,9999.000
202607262124,   3.645,   4.388,9999.000,9999.000,9999.000,9999.000,9999.000,9999.000,9999.000
202607262130,   3.621,   4.329,9999.000,9999.000,9999.000,9999.000,9999.000,9999.000,9999.000
202607262136,   3.594,   4.319,9999.000,9999.000,9999.000,9999.000,9999.000,9999.000,9999.000
202607262142,   3.567,   4.319,9999.000,9999.000,9999.000,9999.000,9999.000,9999.000,9999.000
202607262148,   3.538,   4.300,9999.000,9999.000,9999.000,9999.000,9999.000,9999.000,9999.000
202607262154,   3.507,   4.280,9999.000,9999.000,9999.000,9999.000,9999.000,9999.000,9999.000
202607262200,   3.476,   4.257,   0.100,   0.681,   4.257,   0.000,   4.157,   0.100,   4.257
202607262206,   3.444,   4.208,9999.000,9999.000,9999.000,9999.000,9999.000,9999.000,9999.000
202607262212,   3.411,   4.208,9999.000,9999.000,9999.000,9999.000,9999.000,9999.000,9999.000
202607262218,   3.378,   4.159,9999.000,9999.000,9999.000,9999.000,9999.000,9999.000,9999.000
202607262224,   3.344,   4.129,9999.000,9999.000,9999.000,9999.000,9999.000,9999.000,9999.000
202607262230,   3.311,   4.109,9999.000,9999.000,9999.000,9999.000,9999.000,9999.000,9999.000
202607262236,   3.277,   4.037,9999.000,9999.000,9999.000,9999.000,9999.000,9999.000,9999.000
202607262242,   3.243,   3.998,9999.000,9999.000,9999.000,9999.000,9999.000,9999.000,9999.000
202607262248,   3.209,   3.958,9999.000,9999.000,9999.000,9999.000,9999.000,9999.000,9999.000
202607262254,   3.176,   3.949,9999.000,9999.000,9999.000,9999.000,9999.000,9999.000,9999.000
202607262300,   3.143,   3.870,   0.100,   0.627,   3.870,   0.000,   3.770,   0.100,   3.870
202607262306,   3.110,   3.837,9999.000,9999.000,9999.000,9999.000,9999.000,9999.000,9999.000
202607262312,   3.079,   3.798,9999.000,9999.000,9999.000,9999.000,9999.000,9999.000,9999.000
202607262318,   3.048,   3.749,9999.000,9999.000,9999.000,9999.000,9999.000,9999.000,9999.000
202607262324,   3.017,   3.709,9999.000,9999.000,9999.000,9999.000,9999.000,9999.000,9999.000
202607262330,   2.988,   3.670,9999.000,9999.000,9999.000,9999.000,9999.000,9999.000,9999.000
202607262336,   2.960,   3.627,9999.000,9999.000,9999.000,9999.000,9999.000,9999.000,9999.000
202607262342,   2.932,   3.578,9999.000,9999.000,9999.000,9999.000,9999.000,9999.000,9999.000
202607262348,   2.906,   3.539,9999.000,9999.000,9999.000,9999.000,9999.000,9999.000,9999.000
202607262354,   2.882,   3.480,9999.000,9999.000,9999.000,9999.000,9999.000,9999.000,9999.000
202607270000,   2.858,   3.480,   0.100,   0.522,   3.480,   0.100,   3.480,   0.100,   3.480
202607270006,   2.837,9999.000,9999.000,9999.000,9999.000,9999.000,9999.000,9999.000,9999.000
202607270012,   2.817,9999.000,9999.000,9999.000,9999.000,9999.000,9999.000,9999.000,9999.000
202607270018,   2.798,9999.000,9999.000,9999.000,9999.000,9999.000,9999.000,9999.000,9999.000
202607270024,   2.782,9999.000,9999.000,9999.000,9999.000,9999.000,9999.000,9999.000,9999.000
202607270030,   2.768,9999.000,9999.000,9999.000,9999.000,9999.000,9999.000,9999.000,9999.000
202607270036,   2.756,9999.000,9999.000,9999.000,9999.000,9999.000,9999.000,9999.000,9999.000
202607270042,   2.747,9999.000,9999.000,9999.000,9999.000,9999.000,9999.000,9999.000,9999.000
202607270048,   2.740,9999.000,9999.000,9999.000,9999.000,9999.000,9999.000,9999.000,9999.000
202607270054,   2.736,9999.000,9999.000,9999.000,9999.000,9999.000,9999.000,9999.000,9999.000
202607270100,   2.735,9999.000,   0.100,   0.482,   3.317,   0.100,   3.317,   0.100,   3.317
202607270106,   2.736,9999.000,9999.000,9999.000,9999.000,9999.000,9999.000,9999.000,9999.000
202607270112,   2.741,9999.000,9999.000,9999.000,9999.000,9999.000,9999.000,9999.000,9999.000
202607270118,   2.750,9999.000,9999.000,9999.000,9999.000,9999.000,9999.000,9999.000,9999.000
202607270124,   2.761,9999.000,9999.000,9999.000,9999.000,9999.000,9999.000,9999.000,9999.000
202607270130,   2.777,9999.000,9999.000,9999.000,9999.000,9999.000,9999.000,9999.000,9999.000
202607270136,   2.795,9999.000,9999.000,9999.000,9999.000,9999.000,9999.000,9999.000,9999.000
202607270142,   2.818,9999.000,9999.000,9999.000,9999.000,9999.000,9999.000,9999.000,9999.000
202607270148,   2.844,9999.000,9999.000,9999.000,9999.000,9999.000,9999.000,9999.000,9999.000
202607270154,   2.874,9999.000,9999.000,9999.000,9999.000,9999.000,9999.000,9999.000,9999.000
202607270200,   2.908,9999.000,   0.100,   0.443,   3.451,   0.100,   3.451,   0.100,   3.451
202607270206,   2.945,9999.000,9999.000,9999.000,9999.000,9999.000,9999.000,9999.000,9999.000
202607270212,   2.987,9999.000,9999.000,9999.000,9999.000,9999.000,9999.000,9999.000,9999.000
202607270218,   3.031,9999.000,9999.000,9999.000,9999.000,9999.000,9999.000,9999.000,9999.000
202607270224,   3.079,9999.000,9999.000,9999.000,9999.000,9999.000,9999.000,9999.000,9999.000
202607270230,   3.131,9999.000,9999.000,9999.000,9999.000,9999.000,9999.000,9999.000,9999.000
202607270236,   3.186,9999.000,9999.000,9999.000,9999.000,9999.000,9999.000,9999.000,9999.000
202607270242,   3.243,9999.000,9999.000,9999.000,9999.000,9999.000,9999.000,9999.000,9999.000
202607270248,   3.304,9999.000,9999.000,9999.000,9999.000,9999.000,9999.000,9999.000,9999.000
202607270254,   3.367,9999.000,9999.000,9999.000,9999.000,9999.000,9999.000,9999.000,9999.000
202607270300,   3.432,9999.000,   0.100,   0.403,   3.935,   0.100,   3.935,   0.100,   3.935
202607270306,   3.500,9999.000,9999.000,9999.000,9999.000,9999.000,9999.000,9999.000,9999.000
202607270312,   3.570,9999.000,9999.000,9999.000,9999.000,9999.000,9999.000,9999.000,9999.000
202607270318,   3.641,9999.000,9999.000,9999.000,9999.000,9999.000,9999.000,9999.000,9999.000
202607270324,   3.713,9999.000,9999.000,9999.000,9999.000,9999.000,9999.000,9999.000,9999.000
202607270330,   3.787,9999.000,9999.000,9999.000,9999.000,9999.000,9999.000,9999.000,9999.000
202607270336,   3.862,9999.000,9999.000,9999.000,9999.000,9999.000,9999.000,9999.000,9999.000
202607270342,   3.937,9999.000,9999.000,9999.000,9999.000,9999.000,9999.000,9999.000,9999.000
202607270348,   4.012,9999.000,9999.000,9999.000,9999.000,9999.000,9999.000,9999.000,9999.000
202607270354,   4.088,9999.000,9999.000,9999.000,9999.000,9999.000,9999.000,9999.000,9999.000
202607270400,   4.164,9999.000,   0.100,   0.363,   4.627,   0.100,   4.627,   0.100,   4.627
202607270406,   4.239,9999.000,9999.000,9999.000,9999.000,9999.000,9999.000,9999.000,9999.000
202607270412,   4.314,9999.000,9999.000,9999.000,9999.000,9999.000,9999.000,9999.000,9999.000
202607270418,   4.388,9999.000,9999.000,9999.000,9999.000,9999.000,9999.000,9999.000,9999.000
202607270424,   4.461,9999.000,9999.000,9999.000,9999.000,9999.000,9999.000,9999.000,9999.000
202607270430,   4.533,9999.000,9999.000,9999.000,9999.000,9999.000,9999.000,9999.000,9999.000
202607270436,   4.603,9999.000,9999.000,9999.000,9999.000,9999.000,9999.000,9999.000,9999.000
202607270442,   4.672,9999.000,9999.000,9999.000,9999.000,9999.000,9999.000,9999.000,9999.000
202607270448,   4.740,9999.000,9999.000,9999.000,9999.000,9999.000,9999.000,9999.000,9999.000
202607270454,   4.806,9999.000,9999.000,9999.000,9999.000,9999.000,9999.000,9999.000,9999.000
202607270500,   4.869,9999.000,   0.100,   0.323,   5.292,   0.100,   5.292,   0.100,   5.292
202607270506,   4.931,9999.000,9999.000,9999.000,9999.000,9999.000,9999.000,9999.000,9999.000
202607270512,   4.991,9999.000,9999.000,9999.000,9999.000,9999.000,9999.000,9999.000,9999.000
202607270518,   5.048,9999.000,9999.000,9999.000,9999.000,9999.000,9999.000,9999.000,9999.000
202607270524,   5.103,9999.000,9999.000,9999.000,9999.000,9999.000,9999.000,9999.000,9999.000
202607270530,   5.155,9999.000,9999.000,9999.000,9999.000,9999.000,9999.000,9999.000,9999.000
202607270536,   5.204,9999.000,9999.000,9999.000,9999.000,9999.000,9999.000,9999.000,9999.000
202607270542,   5.251,9999.000,9999.000,9999.000,9999.000,9999.000,9999.000,9999.000,9999.000
202607270548,   5.295,9999.000,9999.000,9999.000,9999.000,9999.000,9999.000,9999.000,9999.000
202607270554,   5.335,9999.000,9999.000,9999.000,9999.000,9999.000,9999.000,9999.000,9999.000
202607270600,   5.373,9999.000,   0.100,   0.284,   5.757,   0.100,   5.757,   0.100,   5.757
202607270606,   5.407,9999.000,9999.000,9999.000,9999.000,9999.000,9999.000,9999.000,9999.000
202607270612,   5.438,9999.000,9999.000,9999.000,9999.000,9999.000,9999.000,9999.000,9999.000
202607270618,   5.465,9999.000,9999.000,9999.000,9999.000,9999.000,9999.000,9999.000,9999.000
202607270624,   5.489,9999.000,9999.000,9999.000,9999.000,9999.000,9999.000,9999.000,9999.000
202607270630,   5.509,9999.000,9999.000,9999.000,9999.000,9999.000,9999.000,9999.000,9999.000
202607270636,   5.525,9999.000,9999.000,9999.000,9999.000,9999.000,9999.000,9999.000,9999.000
202607270642,   5.538,9999.000,9999.000,9999.000,9999.000,9999.000,9999.000,9999.000,9999.000
202607270648,   5.546,9999.000,9999.000,9999.000,9999.000,9999.000,9999.000,9999.000,9999.000
202607270654,   5.550,9999.000,9999.000,9999.000,9999.000,9999.000,9999.000,9999.000,9999.000
202607270700,   5.551,9999.000,   0.100,   0.244,   5.895,   0.100,   5.895,   0.100,   5.895
202607270706,   5.547,9999.000,9999.000,9999.000,9999.000,9999.000,9999.000,9999.000,9999.000
202607270712,   5.539,9999.000,9999.000,9999.000,9999.000,9999.000,9999.000,9999.000,9999.000
202607270718,   5.526,9999.000,9999.000,9999.000,9999.000,9999.000,9999.000,9999.000,9999.000
202607270724,   5.509,9999.000,9999.000,9999.000,9999.000,9999.000,9999.000,9999.000,9999.000
202607270730,   5.488,9999.000,9999.000,9999.000,9999.000,9999.000,9999.000,9999.000,9999.000
202607270736,   5.463,9999.000,9999.000,9999.000,9999.000,9999.000,9999.000,9999.000,9999.000
202607270742,   5.433,9999.000,9999.000,9999.000,9999.000,9999.000,9999.000,9999.000,9999.000
202607270748,   5.398,9999.000,9999.000,9999.000,9999.000,9999.000,9999.000,9999.000,9999.000
202607270754,   5.359,9999.000,9999.000,9999.000,9999.000,9999.000,9999.000,9999.000,9999.000
202607270800,   5.316,9999.000,   0.100,   0.204,   5.620,   0.100,   5.620,   0.100,   5.620
202607270806,   5.268,9999.000,9999.000,9999.000,9999.000,9999.000,9999.000,9999.000,9999.000
202607270812,   5.216,9999.000,9999.000,9999.000,9999.000,9999.000,9999.000,9999.000,9999.000
202607270818,   5.160,9999.000,9999.000,9999.000,9999.000,9999.000,9999.000,9999.000,9999.000
202607270824,   5.100,9999.000,9999.000,9999.000,9999.000,9999.000,9999.000,9999.000,9999.000
202607270830,   5.035,9999.000,9999.000,9999.000,9999.000,9999.000,9999.000,9999.000,9999.000
202607270836,   4.966,9999.000,9999.000,9999.000,9999.000,9999.000,9999.000,9999.000,9999.000
202607270842,   4.893,9999.000,9999.000,9999.000,9999.000,9999.000,9999.000,9999.000,9999.000
202607270848,   4.816,9999.000,9999.000,9999.000,9999.000,9999.000,9999.000,9999.000,9999.000
202607270854,   4.736,9999.000,9999.000,9999.000,9999.000,9999.000,9999.000,9999.000,9999.000
202607270900,   4.651,9999.000,   0.100,   0.165,   4.916,   0.100,   4.916,   0.100,   4.916
202607270906,   4.563,9999.000,9999.000,9999.000,9999.000,9999.000,9999.000,9999.000,9999.000
202607270912,   4.472,9999.000,9999.000,9999.000,9999.000,9999.000,9999.000,9999.000,9999.000
202607270918,   4.378,9999.000,9999.000,9999.000,9999.000,9999.000,9999.000,9999.000,9999.000
202607270924,   4.280,9999.000,9999.000,9999.000,9999.000,9999.000,9999.000,9999.000,9999.000
202607270930,   4.180,9999.000,9999.000,9999.000,9999.000,9999.000,9999.000,9999.000,9999.000
202607270936,   4.077,9999.000,9999.000,9999.000,9999.000,9999.000,9999.000,9999.000,9999.000
202607270942,   3.971,9999.000,9999.000,9999.000,9999.000,9999.000,9999.000,9999.000,9999.000
202607270948,   3.863,9999.000,9999.000,9999.000,9999.000,9999.000,9999.000,9999.000,9999.000
202607270954,   3.754,9999.000,9999.000,9999.000,9999.000,9999.000,9999.000,9999.000,9999.000
202607271000,   3.642,9999.000,   0.100,   0.125,   3.867,   0.100,   3.867,   0.100,   3.867
202607271006,   3.529,9999.000,9999.000,9999.000,9999.000,9999.000,9999.000,9999.000,9999.000
202607271012,   3.414,9999.000,9999.000,9999.000,9999.000,9999.000,9999.000,9999.000,9999.000
202607271018,   3.299,9999.000,9999.000,9999.000,9999.000,9999.000,9999.000,9999.000,9999.000
202607271024,   3.182,9999.000,9999.000,9999.000,9999.000,9999.000,9999.000,9999.000,9999.000
202607271030,   3.065,9999.000,9999.000,9999.000,9999.000,9999.000,9999.000,9999.000,9999.000
202607271036,   2.947,9999.000,9999.000,9999.000,9999.000,9999.000,9999.000,9999.000,9999.000
202607271042,   2.830,9999.000,9999.000,9999.000,9999.000,9999.000,9999.000,9999.000,9999.000
202607271048,   2.712,9999.000,9999.000,9999.000,9999.000,9999.000,9999.000,9999.000,9999.000
202607271054,   2.595,9999.000,9999.000,9999.000,9999.000,9999.000,9999.000,9999.000,9999.000
202607271100,   2.478,9999.000,   0.100,   0.085,   2.663,   0.100,   2.663,   0.100,   2.663
202607271106,   2.361,9999.000,9999.000,9999.000,9999.000,9999.000,9999.000,9999.000,9999.000
202607271112,   2.246,9999.000,9999.000,9999.000,9999.000,9999.000,9999.000,9999.000,9999.000
202607271118,   2.131,9999.000,9999.000,9999.000,9999.000,9999.000,9999.000,9999.000,9999.000
202607271124,   2.018,9999.000,9999.000,9999.000,9999.000,9999.000,9999.000,9999.000,9999.000
202607271130,   1.906,9999.000,9999.000,9999.000,9999.000,9999.000,9999.000,9999.000,9999.000
202607271136,   1.796,9999.000,9999.000,9999.000,9999.000,9999.000,9999.000,9999.000,9999.000
202607271142,   1.687,9999.000,9999.000,9999.000,9999.000,9999.000,9999.000,9999.000,9999.000
202607271148,   1.580,9999.000,9999.000,9999.000,9999.000,9999.000,9999.000,9999.000,9999.000
202607271154,   1.476,9999.000,9999.000,9999.000,9999.000,9999.000,9999.000,9999.000,9999.000
202607271200,   1.373,9999.000,   0.100,   0.045,   1.518,   0.100,   1.518,   0.100,   1.518
202607271206,   1.273,9999.000,9999.000,9999.000,9999.000,9999.000,9999.000,9999.000,9999.000
202607271212,   1.175,9999.000,9999.000,9999.000,9999.000,9999.000,9999.000,9999.000,9999.000
202607271218,   1.079,9999.000,9999.000,9999.000,9999.000,9999.000,9999.000,9999.000,9999.000
202607271224,   0.987,9999.000,9999.000,9999.000,9999.000,9999.000,9999.000,9999.000,9999.000
202607271230,   0.897,9999.000,9999.000,9999.000,9999.000,9999.000,9999.000,9999.000,9999.000
202607271236,   0.811,9999.000,9999.000,9999.000,9999.000,9999.000,9999.000,9999.000,9999.000
202607271242,   0.727,9999.000,9999.000,9999.000,9999.000,9999.000,9999.000,9999.000,9999.000
202607271248,   0.648,9999.000,9999.000,9999.000,9999.000,9999.000,9999.000,9999.000,9999.000
202607271254,   0.572,9999.000,9999.000,9999.000,9999.000,9999.000,9999.000,9999.000,9999.000
202607271300,   0.499,9999.000,   0.100,   0.045,   0.644,   0.000,   0.544,   0.100,   0.644
202607271306,   0.431,9999.000,9999.000,9999.000,9999.000,9999.000,9999.000,9999.000,9999.000
202607271312,   0.367,9999.000,9999.000,9999.000,9999.000,9999.000,9999.000,9999.000,9999.000
202607271318,   0.308,9999.000,9999.000,9999.000,9999.000,9999.000,9999.000,9999.000,9999.000
202607271324,   0.252,9999.000,9999.000,9999.000,9999.000,9999.000,9999.000,9999.000,9999.000
202607271330,   0.202,9999.000,9999.000,9999.000,9999.000,9999.000,9999.000,9999.000,9999.000
202607271336,   0.157,9999.000,9999.000,9999.000,9999.000,9999.000,9999.000,9999.000,9999.000
202607271342,   0.117,9999.000,9999.000,9999.000,9999.000,9999.000,9999.000,9999.000,9999.000
202607271348,   0.082,9999.000,9999.000,9999.000,9999.000,9999.000,9999.000,9999.000,9999.000
202607271354,   0.052,9999.000,9999.000,9999.000,9999.000,9999.000,9999.000,9999.000,9999.000
202607271400,   0.028,9999.000,   0.100,   0.045,   0.173,   0.000,   0.073,   0.100,   0.173
202607271406,   0.009,9999.000,9999.000,9999.000,9999.000,9999.000,9999.000,9999.000,9999.000
202607271412,  -0.003,9999.000,9999.000,9999.000,9999.000,9999.000,9999.000,9999.000,9999.000
202607271418,  -0.010,9999.000,9999.000,9999.000,9999.000,9999.000,9999.000,9999.000,9999.000
202607271424,  -0.012,9999.000,9999.000,9999.000,9999.000,9999.000,9999.000,9999.000,9999.000
202607271430,  -0.008,9999.000,9999.000,9999.000,9999.000,9999.000,9999.000,9999.000,9999.000
202607271436,   0.001,9999.000,9999.000,9999.000,9999.000,9999.000,9999.000,9999.000,9999.000
202607271442,   0.016,9999.000,9999.000,9999.000,9999.000,9999.000,9999.000,9999.000,9999.000
202607271448,   0.037,9999.000,9999.000,9999.000,9999.000,9999.000,9999.000,9999.000,9999.000
202607271454,   0.063,9999.000,9999.000,9999.000,9999.000,9999.000,9999.000,9999.000,9999.000
202607271500,   0.095,9999.000,   0.100,   0.045,   0.240,   0.000,   0.140,   0.100,   0.240
202607271506,   0.132,9999.000,9999.000,9999.000,9999.000,9999.000,9999.000,9999.000,9999.000
202607271512,   0.173,9999.000,9999.000,9999.000,9999.000,9999.000,9999.000,9999.000,9999.000
202607271518,   0.220,9999.000,9999.000,9999.000,9999.000,9999.000,9999.000,9999.000,9999.000
202607271524,   0.271,9999.000,9999.000,9999.000,9999.000,9999.000,9999.000,9999.000,9999.000
202607271530,   0.326,9999.000,9999.000,9999.000,9999.000,9999.000,9999.000,9999.000,9999.000
202607271536,   0.385,9999.000,9999.000,9999.000,9999.000,9999.000,9999.000,9999.000,9999.000
202607271542,   0.448,9999.000,9999.000,9999.000,9999.000,9999.000,9999.000,9999.000,9999.000
202607271548,   0.515,9999.000,9999.000,9999.000,9999.000,9999.000,9999.000,9999.000,9999.000
202607271554,   0.585,9999.000,9999.000,9999.000,9999.000,9999.000,9999.000,9999.000,9999.000
202607271600,   0.658,9999.000,   0.100,   0.045,   0.803,   0.000,   0.703,   0.100,   0.803
202607271606,   0.734,9999.000,9999.000,9999.000,9999.000,9999.000,9999.000,9999.000,9999.000
202607271612,   0.812,9999.000,9999.000,9999.000,9999.000,9999.000,9999.000,9999.000,9999.000
202607271618,   0.892,9999.000,9999.000,9999.000,9999.000,9999.000,9999.000,9999.000,9999.000
202607271624,   0.975,9999.000,9999.000,9999.000,9999.000,9999.000,9999.000,9999.000,9999.000
202607271630,   1.060,9999.000,9999.000,9999.000,9999.000,9999.000,9999.000,9999.000,9999.000
202607271636,   1.146,9999.000,9999.000,9999.000,9999.000,9999.000,9999.000,9999.000,9999.000
202607271642,   1.233,9999.000,9999.000,9999.000,9999.000,9999.000,9999.000,9999.000,9999.000
202607271648,   1.321,9999.000,9999.000,9999.000,9999.000,9999.000,9999.000,9999.000,9999.000
202607271654,   1.411,9999.000,9999.000,9999.000,9999.000,9999.000,9999.000,9999.000,9999.000
202607271700,   1.501,9999.000,   0.100,   0.045,   1.646,   0.000,   1.546,   0.100,   1.646
202607271706,   1.591,9999.000,9999.000,9999.000,9999.000,9999.000,9999.000,9999.000,9999.000
202607271712,   1.682,9999.000,9999.000,9999.000,9999.000,9999.000,9999.000,9999.000,9999.000
202607271718,   1.773,9999.000,9999.000,9999.000,9999.000,9999.000,9999.000,9999.000,9999.000
202607271724,   1.864,9999.000,9999.000,9999.000,9999.000,9999.000,9999.000,9999.000,9999.000
202607271730,   1.955,9999.000,9999.000,9999.000,9999.000,9999.000,9999.000,9999.000,9999.000
202607271736,   2.046,9999.000,9999.000,9999.000,9999.000,9999.000,9999.000,9999.000,9999.000
202607271742,   2.136,9999.000,9999.000,9999.000,9999.000,9999.000,9999.000,9999.000,9999.000
202607271748,   2.225,9999.000,9999.000,9999.000,9999.000,9999.000,9999.000,9999.000,9999.000
202607271754,   2.314,9999.000,9999.000,9999.000,9999.000,9999.000,9999.000,9999.000,9999.000
202607271800,   2.401,9999.000,   0.100,   0.045,   2.546,   0.000,   2.446,   0.100,   2.546
202607271806,   2.488,9999.000,9999.000,9999.000,9999.000,9999.000,9999.000,9999.000,9999.000
202607271812,   2.573,9999.000,9999.000,9999.000,9999.000,9999.000,9999.000,9999.000,9999.000
202607271818,   2.657,9999.000,9999.000,9999.000,9999.000,9999.000,9999.000,9999.000,9999.000
202607271824,   2.739,9999.000,9999.000,9999.000,9999.000,9999.000,9999.000,9999.000,9999.000
202607271830,   2.820,9999.000,9999.000,9999.000,9999.000,9999.000,9999.000,9999.000,9999.000
202607271836,   2.898,9999.000,9999.000,9999.000,9999.000,9999.000,9999.000,9999.000,9999.000
202607271842,   2.975,9999.000,9999.000,9999.000,9999.000,9999.000,9999.000,9999.000,9999.000
202607271848,   3.049,9999.000,9999.000,9999.000,9999.000,9999.000,9999.000,9999.000,9999.000
202607271854,   3.122,9999.000,9999.000,9999.000,9999.000,9999.000,9999.000,9999.000,9999.000
202607271900,   3.192,9999.000,   0.000,   0.045,   3.237,   0.000,   3.237,   0.100,   3.337
202607271906,   3.259,9999.000,9999.000,9999.000,9999.000,9999.000,9999.000,9999.000,9999.000
202607271912,   3.324,9999.000,9999.000,9999.000,9999.000,9999.000,9999.000,9999.000,9999.000
202607271918,   3.386,9999.000,9999.000,9999.000,9999.000,9999.000,9999.000,9999.000,9999.000
202607271924,   3.445,9999.000,9999.000,9999.000,9999.000,9999.000,9999.000,9999.000,9999.000
202607271930,   3.502,9999.000,9999.000,9999.000,9999.000,9999.000,9999.000,9999.000,9999.000
202607271936,   3.555,9999.000,9999.000,9999.000,9999.000,9999.000,9999.000,9999.000,9999.000
202607271942,   3.605,9999.000,9999.000,9999.000,9999.000,9999.000,9999.000,9999.000,9999.000
202607271948,   3.652,9999.000,9999.000,9999.000,9999.000,9999.000,9999.000,9999.000,9999.000
202607271954,   3.696,9999.000,9999.000,9999.000,9999.000,9999.000,9999.000,9999.000,9999.000
202607272000,   3.737,9999.000,   0.000,   0.045,   3.782,   0.000,   3.782,   0.100,   3.882
202607272006,   3.774,9999.000,9999.000,9999.000,9999.000,9999.000,9999.000,9999.000,9999.000
202607272012,   3.807,9999.000,9999.000,9999.000,9999.000,9999.000,9999.000,9999.000,9999.000
202607272018,   3.837,9999.000,9999.000,9999.000,9999.000,9999.000,9999.000,9999.000,9999.000
202607272024,   3.864,9999.000,9999.000,9999.000,9999.000,9999.000,9999.000,9999.000,9999.000
202607272030,   3.887,9999.000,9999.000,9999.000,9999.000,9999.000,9999.000,9999.000,9999.000
202607272036,   3.907,9999.000,9999.000,9999.000,9999.000,9999.000,9999.000,9999.000,9999.000
202607272042,   3.923,9999.000,9999.000,9999.000,9999.000,9999.000,9999.000,9999.000,9999.000
202607272048,   3.936,9999.000,9999.000,9999.000,9999.000,9999.000,9999.000,9999.000,9999.000
202607272054,   3.945,9999.000,9999.000,9999.000,9999.000,9999.000,9999.000,9999.000,9999.000
202607272100,   3.950,9999.000,   0.000,   0.045,   3.995,   0.000,   3.995,   0.100,   4.095
202607272106,   3.953,9999.000,9999.000,9999.000,9999.000,9999.000,9999.000,9999.000,9999.000
202607272112,   3.952,9999.000,9999.000,9999.000,9999.000,9999.000,9999.000,9999.000,9999.000
202607272118,   3.947,9999.000,9999.000,9999.000,9999.000,9999.000,9999.000,9999.000,9999.000
202607272124,   3.939,9999.000,9999.000,9999.000,9999.000,9999.000,9999.000,9999.000,9999.000
202607272130,   3.928,9999.000,9999.000,9999.000,9999.000,9999.000,9999.000,9999.000,9999.000
202607272136,   3.915,9999.000,9999.000,9999.000,9999.000,9999.000,9999.000,9999.000,9999.000
202607272142,   3.898,9999.000,9999.000,9999.000,9999.000,9999.000,9999.000,9999.000,9999.000
202607272148,   3.878,9999.000,9999.000,9999.000,9999.000,9999.000,9999.000,9999.000,9999.000
202607272154,   3.856,9999.000,9999.000,9999.000,9999.000,9999.000,9999.000,9999.000,9999.000
202607272200,   3.831,9999.000,   0.000,   0.045,   3.876,   0.000,   3.876,   0.100,   3.976
202607272206,   3.804,9999.000,9999.000,9999.000,9999.000,9999.000,9999.000,9999.000,9999.000
202607272212,   3.775,9999.000,9999.000,9999.000,9999.000,9999.000,9999.000,9999.000,9999.000
202607272218,   3.744,9999.000,9999.000,9999.000,9999.000,9999.000,9999.000,9999.000,9999.000
202607272224,   3.711,9999.000,9999.000,9999.000,9999.000,9999.000,9999.000,9999.000,9999.000
202607272230,   3.676,9999.000,9999.000,9999.000,9999.000,9999.000,9999.000,9999.000,9999.000
202607272236,   3.640,9999.000,9999.000,9999.000,9999.000,9999.000,9999.000,9999.000,9999.000
202607272242,   3.603,9999.000,9999.000,9999.000,9999.000,9999.000,9999.000,9999.000,9999.000
202607272248,   3.564,9999.000,9999.000,9999.000,9999.000,9999.000,9999.000,9999.000,9999.000
202607272254,   3.525,9999.000,9999.000,9999.000,9999.000,9999.000,9999.000,9999.000,9999.000
202607272300,   3.485,9999.000,   0.000,   0.045,   3.530,   0.000,   3.530,   0.100,   3.630
202607272306,   3.445,9999.000,9999.000,9999.000,9999.000,9999.000,9999.000,9999.000,9999.000
202607272312,   3.404,9999.000,9999.000,9999.000,9999.000,9999.000,9999.000,9999.000,9999.000
202607272318,   3.363,9999.000,9999.000,9999.000,9999.000,9999.000,9999.000,9999.000,9999.000
202607272324,   3.323,9999.000,9999.000,9999.000,9999.000,9999.000,9999.000,9999.000,9999.000
202607272330,   3.282,9999.000,9999.000,9999.000,9999.000,9999.000,9999.000,9999.000,9999.000
202607272336,   3.242,9999.000,9999.000,9999.000,9999.000,9999.000,9999.000,9999.000,9999.000
202607272342,   3.202,9999.000,9999.000,9999.000,9999.000,9999.000,9999.000,9999.000,9999.000
202607272348,   3.163,9999.000,9999.000,9999.000,9999.000,9999.000,9999.000,9999.000,9999.000
202607272354,   3.125,9999.000,9999.000,9999.000,9999.000,9999.000,9999.000,9999.000,9999.000
202607280000,   3.087,9999.000,   0.000,   0.045,   3.132,   0.000,   3.132,   0.100,   3.232
202607280006,   3.051,9999.000,9999.000,9999.000,9999.000,9999.000,9999.000,9999.000,9999.000
202607280012,   3.016,9999.000,9999.000,9999.000,9999.000,9999.000,9999.000,9999.000,9999.000
202607280018,   2.982,9999.000,9999.000,9999.000,9999.000,9999.000,9999.000,9999.000,9999.000
202607280024,   2.949,9999.000,9999.000,9999.000,9999.000,9999.000,9999.000,9999.000,9999.000
202607280030,   2.918,9999.000,9999.000,9999.000,9999.000,9999.000,9999.000,9999.000,9999.000
202607280036,   2.888,9999.000,9999.000,9999.000,9999.000,9999.000,9999.000,9999.000,9999.000
202607280042,   2.860,9999.000,9999.000,9999.000,9999.000,9999.000,9999.000,9999.000,9999.000
202607280048,   2.834,9999.000,9999.000,9999.000,9999.000,9999.000,9999.000,9999.000,9999.000
202607280054,   2.809,9999.000,9999.000,9999.000,9999.000,9999.000,9999.000,9999.000,9999.000
202607280100,   2.787,9999.000,   0.000,   0.045,   2.832,   0.000,   2.832,   0.100,   2.932
202607280106,   2.766,9999.000,9999.000,9999.000,9999.000,9999.000,9999.000,9999.000,9999.000
202607280112,   2.748,9999.000,9999.000,9999.000,9999.000,9999.000,9999.000,9999.000,9999.000
202607280118,   2.732,9999.000,9999.000,9999.000,9999.000,9999.000,9999.000,9999.000,9999.000
202607280124,   2.719,9999.000,9999.000,9999.000,9999.000,9999.000,9999.000,9999.000,9999.000
202607280130,   2.709,9999.000,9999.000,9999.000,9999.000,9999.000,9999.000,9999.000,9999.000
202607280136,   2.701,9999.000,9999.000,9999.000,9999.000,9999.000,9999.000,9999.000,9999.000
202607280142,   2.696,9999.000,9999.000,9999.000,9999.000,9999.000,9999.000,9999.000,9999.000
202607280148,   2.695,9999.000,9999.000,9999.000,9999.000,9999.000,9999.000,9999.000,9999.000
202607280154,   2.696,9999.000,9999.000,9999.000,9999.000,9999.000,9999.000,9999.000,9999.000
202607280200,   2.701,9999.000,   0.100,   0.045,   2.846,   0.000,   2.746,   0.100,   2.846
202607280206,   2.709,9999.000,9999.000,9999.000,9999.000,9999.000,9999.000,9999.000,9999.000
202607280212,   2.721,9999.000,9999.000,9999.000,9999.000,9999.000,9999.000,9999.000,9999.000
202607280218,   2.737,9999.000,9999.000,9999.000,9999.000,9999.000,9999.000,9999.000,9999.000
202607280224,   2.757,9999.000,9999.000,9999.000,9999.000,9999.000,9999.000,9999.000,9999.000
202607280230,   2.780,9999.000,9999.000,9999.000,9999.000,9999.000,9999.000,9999.000,9999.000
202607280236,   2.807,9999.000,9999.000,9999.000,9999.000,9999.000,9999.000,9999.000,9999.000
202607280242,   2.838,9999.000,9999.000,9999.000,9999.000,9999.000,9999.000,9999.000,9999.000
202607280248,   2.873,9999.000,9999.000,9999.000,9999.000,9999.000,9999.000,9999.000,9999.000
202607280254,   2.912,9999.000,9999.000,9999.000,9999.000,9999.000,9999.000,9999.000,9999.000
202607280300,   2.954,9999.000,   0.100,   0.045,   3.099,   0.100,   3.099,   0.100,   3.099
202607280306,   3.001,9999.000,9999.000,9999.000,9999.000,9999.000,9999.000,9999.000,9999.000
202607280312,   3.051,9999.000,9999.000,9999.000,9999.000,9999.000,9999.000,9999.000,9999.000
202607280318,   3.104,9999.000,9999.000,9999.000,9999.000,9999.000,9999.000,9999.000,9999.000
202607280324,   3.161,9999.000,9999.000,9999.000,9999.000,9999.000,9999.000,9999.000,9999.000
202607280330,   3.221,9999.000,9999.000,9999.000,9999.000,9999.000,9999.000,9999.000,9999.000
202607280336,   3.284,9999.000,9999.000,9999.000,9999.000,9999.000,9999.000,9999.000,9999.000
202607280342,   3.350,9999.000,9999.000,9999.000,9999.000,9999.000,9999.000,9999.000,9999.000
202607280348,   3.418,9999.000,9999.000,9999.000,9999.000,9999.000,9999.000,9999.000,9999.000
202607280354,   3.489,9999.000,9999.000,9999.000,9999.000,9999.000,9999.000,9999.000,9999.000
202607280400,   3.561,9999.000,   0.100,   0.045,   3.706,   0.100,   3.706,   0.100,   3.706
202607280406,   3.636,9999.000,9999.000,9999.000,9999.000,9999.000,9999.000,9999.000,9999.000
202607280412,   3.712,9999.000,9999.000,9999.000,9999.000,9999.000,9999.000,9999.000,9999.000
202607280418,   3.789,9999.000,9999.000,9999.000,9999.000,9999.000,9999.000,9999.000,9999.000
202607280424,   3.867,9999.000,9999.000,9999.000,9999.000,9999.000,9999.000,9999.000,9999.000
202607280430,   3.946,9999.000,9999.000,9999.000,9999.000,9999.000,9999.000,9999.000,9999.000
202607280436,   4.025,9999.000,9999.000,9999.000,9999.000,9999.000,9999.000,9999.000,9999.000
202607280442,   4.105,9999.000,9999.000,9999.000,9999.000,9999.000,9999.000,9999.000,9999.000
202607280448,   4.184,9999.000,9999.000,9999.000,9999.000,9999.000,9999.000,9999.000,9999.000
202607280454,   4.264,9999.000,9999.000,9999.000,9999.000,9999.000,9999.000,9999.000,9999.000
202607280500,   4.342,9999.000,   0.100,   0.045,   4.487,   0.100,   4.487,   0.100,   4.487
202607280506,   4.420,9999.000,9999.000,9999.000,9999.000,9999.000,9999.000,9999.000,9999.000
202607280512,   4.497,9999.000,9999.000,9999.000,9999.000,9999.000,9999.000,9999.000,9999.000
202607280518,   4.572,9999.000,9999.000,9999.000,9999.000,9999.000,9999.000,9999.000,9999.000
202607280524,   4.646,9999.000,9999.000,9999.000,9999.000,9999.000,9999.000,9999.000,9999.000
202607280530,   4.719,9999.000,9999.000,9999.000,9999.000,9999.000,9999.000,9999.000,9999.000
202607280536,   4.789,9999.000,9999.000,9999.000,9999.000,9999.000,9999.000,9999.000,9999.000
202607280542,   4.858,9999.000,9999.000,9999.000,9999.000,9999.000,9999.000,9999.000,9999.000
202607280548,   4.924,9999.000,9999.000,9999.000,9999.000,9999.000,9999.000,9999.000,9999.000
202607280554,   4.988,9999.000,9999.000,9999.000,9999.000,9999.000,9999.000,9999.000,9999.000
202607280600,   5.050,9999.000,   0.100,   0.045,   5.195,   0.100,   5.195,   0.100,   5.195
202607280606,   5.109,9999.000,9999.000,9999.000,9999.000,9999.000,9999.000,9999.000,9999.000
202607280612,   5.165,9999.000,9999.000,9999.000,9999.000,9999.000,9999.000,9999.000,9999.000
202607280618,   5.218,9999.000,9999.000,9999.000,9999.000,9999.000,9999.000,9999.000,9999.000
202607280624,   5.268,9999.000,9999.000,9999.000,9999.000,9999.000,9999.000,9999.000,9999.000
202607280630,   5.315,9999.000,9999.000,9999.000,9999.000,9999.000,9999.000,9999.000,9999.000
202607280636,   5.359,9999.000,9999.000,9999.000,9999.000,9999.000,9999.000,9999.000,9999.000
202607280642,   5.399,9999.000,9999.000,9999.000,9999.000,9999.000,9999.000,9999.000,9999.000
202607280648,   5.436,9999.000,9999.000,9999.000,9999.000,9999.000,9999.000,9999.000,9999.000
202607280654,   5.469,9999.000,9999.000,9999.000,9999.000,9999.000,9999.000,9999.000,9999.000
202607280700,   5.499,9999.000,   0.100,   0.045,   5.644,   0.100,   5.644,   0.200,   5.744
202607280706,   5.524,9999.000,9999.000,9999.000,9999.000,9999.000,9999.000,9999.000,9999.000
202607280712,   5.546,9999.000,9999.000,9999.000,9999.000,9999.000,9999.000,9999.000,9999.000
202607280718,   5.563,9999.000,9999.000,9999.000,9999.000,9999.000,9999.000,9999.000,9999.000
202607280724,   5.577,9999.000,9999.000,9999.000,9999.000,9999.000,9999.000,9999.000,9999.000
202607280730,   5.586,9999.000,9999.000,9999.000,9999.000,9999.000,9999.000,9999.000,9999.000
202607280736,   5.591,9999.000,9999.000,9999.000,9999.000,9999.000,9999.000,9999.000,9999.000
202607280742,   5.592,9999.000,9999.000,9999.000,9999.000,9999.000,9999.000,9999.000,9999.000
202607280748,   5.588,9999.000,9999.000,9999.000,9999.000,9999.000,9999.000,9999.000,9999.000
202607280754,   5.580,9999.000,9999.000,9999.000,9999.000,9999.000,9999.000,9999.000,9999.000
202607280800,   5.567,9999.000,   0.100,   0.045,   5.712,   0.100,   5.712,   0.100,   5.712
202607280806,   5.550,9999.000,9999.000,9999.000,9999.000,9999.000,9999.000,9999.000,9999.000
202607280812,   5.528,9999.000,9999.000,9999.000,9999.000,9999.000,9999.000,9999.000,9999.000
202607280818,   5.501,9999.000,9999.000,9999.000,9999.000,9999.000,9999.000,9999.000,9999.000
202607280824,   5.470,9999.000,9999.000,9999.000,9999.000,9999.000,9999.000,9999.000,9999.000
202607280830,   5.435,9999.000,9999.000,9999.000,9999.000,9999.000,9999.000,9999.000,9999.000
202607280836,   5.394,9999.000,9999.000,9999.000,9999.000,9999.000,9999.000,9999.000,9999.000
202607280842,   5.350,9999.000,9999.000,9999.000,9999.000,9999.000,9999.000,9999.000,9999.000
202607280848,   5.300,9999.000,9999.000,9999.000,9999.000,9999.000,9999.000,9999.000,9999.000
202607280854,   5.246,9999.000,9999.000,9999.000,9999.000,9999.000,9999.000,9999.000,9999.000
202607280900,   5.188,9999.000,   0.100,   0.045,   5.333,   0.100,   5.333,   0.100,   5.333
202607280906,   5.125,9999.000,9999.000,9999.000,9999.000,9999.000,9999.000,9999.000,9999.000
202607280912,   5.058,9999.000,9999.000,9999.000,9999.000,9999.000,9999.000,9999.000,9999.000
202607280918,   4.986,9999.000,9999.000,9999.000,9999.000,9999.000,9999.000,9999.000,9999.000
202607280924,   4.911,9999.000,9999.000,9999.000,9999.000,9999.000,9999.000,9999.000,9999.000
202607280930,   4.831,9999.000,9999.000,9999.000,9999.000,9999.000,9999.000,9999.000,9999.000
202607280936,   4.747,9999.000,9999.000,9999.000,9999.000,9999.000,9999.000,9999.000,9999.000
202607280942,   4.659,9999.000,9999.000,9999.000,9999.000,9999.000,9999.000,9999.000,9999.000
202607280948,   4.568,9999.000,9999.000,9999.000,9999.000,9999.000,9999.000,9999.000,9999.000
202607280954,   4.472,9999.000,9999.000,9999.000,9999.000,9999.000,9999.000,9999.000,9999.000
202607281000,   4.374,9999.000,   0.100,   0.045,   4.519,   0.100,   4.519,   0.100,   4.519
202607281006,   4.272,9999.000,9999.000,9999.000,9999.000,9999.000,9999.000,9999.000,9999.000
202607281012,   4.167,9999.000,9999.000,9999.000,9999.000,9999.000,9999.000,9999.000,9999.000
202607281018,   4.060,9999.000,9999.000,9999.000,9999.000,9999.000,9999.000,9999.000,9999.000
202607281024,   3.949,9999.000,9999.000,9999.000,9999.000,9999.000,9999.000,9999.000,9999.000
202607281030,   3.837,9999.000,9999.000,9999.000,9999.000,9999.000,9999.000,9999.000,9999.000
202607281036,   3.722,9999.000,9999.000,9999.000,9999.000,9999.000,9999.000,9999.000,9999.000
202607281042,   3.605,9999.000,9999.000,9999.000,9999.000,9999.000,9999.000,9999.000,9999.000
202607281048,   3.486,9999.000,9999.000,9999.000,9999.000,9999.000,9999.000,9999.000,9999.000
202607281054,   3.366,9999.000,9999.000,9999.000,9999.000,9999.000,9999.000,9999.000,9999.000
202607281100,   3.245,9999.000,   0.100,   0.045,   3.390,   0.100,   3.390,   0.100,   3.390
202607281106,   3.123,9999.000,9999.000,9999.000,9999.000,9999.000,9999.000,9999.000,9999.000
202607281112,   3.000,9999.000,9999.000,9999.000,9999.000,9999.000,9999.000,9999.000,9999.000
202607281118,   2.877,9999.000,9999.000,9999.000,9999.000,9999.000,9999.000,9999.000,9999.000
202607281124,   2.754,9999.000,9999.000,9999.000,9999.000,9999.000,9999.000,9999.000,9999.000
202607281130,   2.631,9999.000,9999.000,9999.000,9999.000,9999.000,9999.000,9999.000,9999.000
202607281136,   2.508,9999.000,9999.000,9999.000,9999.000,9999.000,9999.000,9999.000,9999.000
202607281142,   2.386,9999.000,9999.000,9999.000,9999.000,9999.000,9999.000,9999.000,9999.000
202607281148,   2.265,9999.000,9999.000,9999.000,9999.000,9999.000,9999.000,9999.000,9999.000
202607281154,   2.145,9999.000,9999.000,9999.000,9999.000,9999.000,9999.000,9999.000,9999.000
202607281200,   2.026,9999.000,   0.100,   0.045,   2.171,   0.100,   2.171,   0.100,   2.171
202607281206,   1.908,9999.000,9999.000,9999.000,9999.000,9999.000,9999.000,9999.000,9999.000
202607281212,   1.792,9999.000,9999.000,9999.000,9999.000,9999.000,9999.000,9999.000,9999.000
202607281218,   1.678,9999.000,9999.000,9999.000,9999.000,9999.000,9999.000,9999.000,9999.000
202607281224,   1.566,9999.000,9999.000,9999.000,9999.000,9999.000,9999.000,9999.000,9999.000
202607281230,   1.457,9999.000,9999.000,9999.000,9999.000,9999.000,9999.000,9999.000,9999.000
202607281236,   1.349,9999.000,9999.000,9999.000,9999.000,9999.000,9999.000,9999.000,9999.000
202607281242,   1.244,9999.000,9999.000,9999.000,9999.000,9999.000,9999.000,9999.000,9999.000
202607281248,   1.142,9999.000,9999.000,9999.000,9999.000,9999.000,9999.000,9999.000,9999.000
202607281254,   1.043,9999.000,9999.000,9999.000,9999.000,9999.000,9999.000,9999.000,9999.000
202607281300,   0.946,9999.000,   0.100,   0.045,   1.091,   0.100,   1.091,   0.100,   1.091
202607281306,   0.853,9999.000,9999.000,9999.000,9999.000,9999.000,9999.000,9999.000,9999.000
202607281312,   0.763,9999.000,9999.000,9999.000,9999.000,9999.000,9999.000,9999.000,9999.000
202607281318,   0.676,9999.000,9999.000,9999.000,9999.000,9999.000,9999.000,9999.000,9999.000
202607281324,   0.593,9999.000,9999.000,9999.000,9999.000,9999.000,9999.000,9999.000,9999.000
202607281330,   0.513,9999.000,9999.000,9999.000,9999.000,9999.000,9999.000,9999.000,9999.000
202607281336,   0.437,9999.000,9999.000,9999.000,9999.000,9999.000,9999.000,9999.000,9999.000
202607281342,   0.366,9999.000,9999.000,9999.000,9999.000,9999.000,9999.000,9999.000,9999.000
202607281348,   0.298,9999.000,9999.000,9999.000,9999.000,9999.000,9999.000,9999.000,9999.000
202607281354,   0.235,9999.000,9999.000,9999.000,9999.000,9999.000,9999.000,9999.000,9999.000
202607281400,   0.177,9999.000,   0.100,   0.045,   0.322,   0.100,   0.322,   0.100,   0.322
202607281406,   0.123,9999.000,9999.000,9999.000,9999.000,9999.000,9999.000,9999.000,9999.000
202607281412,   0.074,9999.000,9999.000,9999.000,9999.000,9999.000,9999.000,9999.000,9999.000
202607281418,   0.030,9999.000,9999.000,9999.000,9999.000,9999.000,9999.000,9999.000,9999.000
202607281424,  -0.008,9999.000,9999.000,9999.000,9999.000,9999.000,9999.000,9999.000,9999.000
202607281430,  -0.041,9999.000,9999.000,9999.000,9999.000,9999.000,9999.000,9999.000,9999.000
202607281436,  -0.069,9999.000,9999.000,9999.000,9999.000,9999.000,9999.000,9999.000,9999.000
202607281442,  -0.091,9999.000,9999.000,9999.000,9999.000,9999.000,9999.000,9999.000,9999.000
202607281448,  -0.108,9999.000,9999.000,9999.000,9999.000,9999.000,9999.000,9999.000,9999.000
202607281454,  -0.119,9999.000,9999.000,9999.000,9999.000,9999.000,9999.000,9999.000,9999.000
202607281500,  -0.124,9999.000,   0.100,   0.045,   0.021,   0.000,  -0.079,   0.100,   0.021
202607281506,  -0.123,9999.000,9999.000,9999.000,9999.000,9999.000,9999.000,9999.000,9999.000
202607281512,  -0.116,9999.000,9999.000,9999.000,9999.000,9999.000,9999.000,9999.000,9999.000
202607281518,  -0.103,9999.000,9999.000,9999.000,9999.000,9999.000,9999.000,9999.000,9999.000
202607281524,  -0.085,9999.000,9999.000,9999.000,9999.000,9999.000,9999.000,9999.000,9999.000
202607281530,  -0.060,9999.000,9999.000,9999.000,9999.000,9999.000,9999.000,9999.000,9999.000
202607281536,  -0.030,9999.000,9999.000,9999.000,9999.000,9999.000,9999.000,9999.000,9999.000
202607281542,   0.005,9999.000,9999.000,9999.000,9999.000,9999.000,9999.000,9999.000,9999.000
202607281548,   0.046,9999.000,9999.000,9999.000,9999.000,9999.000,9999.000,9999.000,9999.000
202607281554,   0.093,9999.000,9999.000,9999.000,9999.000,9999.000,9999.000,9999.000,9999.000
202607281600,   0.144,9999.000,   0.100,   0.045,   0.289,   0.100,   0.289,   0.100,   0.289
202607281606,   0.201,9999.000,9999.000,9999.000,9999.000,9999.000,9999.000,9999.000,9999.000
202607281612,   0.262,9999.000,9999.000,9999.000,9999.000,9999.000,9999.000,9999.000,9999.000
202607281618,   0.328,9999.000,9999.000,9999.000,9999.000,9999.000,9999.000,9999.000,9999.000
202607281624,   0.398,9999.000,9999.000,9999.000,9999.000,9999.000,9999.000,9999.000,9999.000
202607281630,   0.472,9999.000,9999.000,9999.000,9999.000,9999.000,9999.000,9999.000,9999.000
202607281636,   0.549,9999.000,9999.000,9999.000,9999.000,9999.000,9999.000,9999.000,9999.000
202607281642,   0.630,9999.000,9999.000,9999.000,9999.000,9999.000,9999.000,9999.000,9999.000
202607281648,   0.714,9999.000,9999.000,9999.000,9999.000,9999.000,9999.000,9999.000,9999.000
202607281654,   0.801,9999.000,9999.000,9999.000,9999.000,9999.000,9999.000,9999.000,9999.000
202607281700,   0.890,9999.000,   0.100,   0.045,   1.035,   0.000,   0.935,   0.100,   1.035
202607281706,   0.982,9999.000,9999.000,9999.000,9999.000,9999.000,9999.000,9999.000,9999.000
202607281712,   1.075,9999.000,9999.000,9999.000,9999.000,9999.000,9999.000,9999.000,9999.000
202607281718,   1.170,9999.000,9999.000,9999.000,9999.000,9999.000,9999.000,9999.000,9999.000
202607281724,   1.267,9999.000,9999.000,9999.000,9999.000,9999.000,9999.000,9999.000,9999.000
202607281730,   1.365,9999.000,9999.000,9999.000,9999.000,9999.000,9999.000,9999.000,9999.000
202607281736,   1.463,9999.000,9999.000,9999.000,9999.000,9999.000,9999.000,9999.000,9999.000
202607281742,   1.562,9999.000,9999.000,9999.000,9999.000,9999.000,9999.000,9999.000,9999.000
202607281748,   1.662,9999.000,9999.000,9999.000,9999.000,9999.000,9999.000,9999.000,9999.000
202607281754,   1.762,9999.000,9999.000,9999.000,9999.000,9999.000,9999.000,9999.000,9999.000
202607281800,   1.861,9999.000,   0.100,   0.045,   2.006,   0.000,   1.906,   0.100,   2.006
202607281806,   1.961,9999.000,9999.000,9999.000,9999.000,9999.000,9999.000,9999.000,9999.000
202607281812,   2.060,9999.000,9999.000,9999.000,9999.000,9999.000,9999.000,9999.000,9999.000
202607281818,   2.159,9999.000,9999.000,9999.000,9999.000,9999.000,9999.000,9999.000,9999.000
202607281824,   2.256,9999.000,9999.000,9999.000,9999.000,9999.000,9999.000,9999.000,9999.000
202607281830,   2.353,9999.000,9999.000,9999.000,9999.000,9999.000,9999.000,9999.000,9999.000
202607281836,   2.449,9999.000,9999.000,9999.000,9999.000,9999.000,9999.000,9999.000,9999.000
202607281842,   2.543,9999.000,9999.000,9999.000,9999.000,9999.000,9999.000,9999.000,9999.000
202607281848,   2.636,9999.000,9999.000,9999.000,9999.000,9999.000,9999.000,9999.000,9999.000
202607281854,   2.727,9999.000,9999.000,9999.000,9999.000,9999.000,9999.000,9999.000,9999.000
202607281900,   2.816,9999.000,   0.100,   0.045,   2.961,   0.000,   2.861,   0.100,   2.961
202607281906,   2.904,9999.000,9999.000,9999.000,9999.000,9999.000,9999.000,9999.000,9999.000
202607281912,   2.989,9999.000,9999.000,9999.000,9999.000,9999.000,9999.000,9999.000,9999.000
202607281918,   3.073,9999.000,9999.000,9999.000,9999.000,9999.000,9999.000,9999.000,9999.000
202607281924,   3.154,9999.000,9999.000,9999.000,9999.000,9999.000,9999.000,9999.000,9999.000
202607281930,   3.232,9999.000,9999.000,9999.000,9999.000,9999.000,9999.000,9999.000,9999.000
202607281936,   3.308,9999.000,9999.000,9999.000,9999.000,9999.000,9999.000,9999.000,9999.000
202607281942,   3.381,9999.000,9999.000,9999.000,9999.000,9999.000,9999.000,9999.000,9999.000
202607281948,   3.451,9999.000,9999.000,9999.000,9999.000,9999.000,9999.000,9999.000,9999.000
202607281954,   3.519,9999.000,9999.000,9999.000,9999.000,9999.000,9999.000,9999.000,9999.000
202607282000,   3.583,9999.000,   0.100,   0.045,   3.728,   0.000,   3.628,   0.100,   3.728
202607282006,   3.644,9999.000,9999.000,9999.000,9999.000,9999.000,9999.000,9999.000,9999.000
202607282012,   3.702,9999.000,9999.000,9999.000,9999.000,9999.000,9999.000,9999.000,9999.000
202607282018,   3.757,9999.000,9999.000,9999.000,9999.000,9999.000,9999.000,9999.000,9999.000
202607282024,   3.808,9999.000,9999.000,9999.000,9999.000,9999.000,9999.000,9999.000,9999.000
202607282030,   3.856,9999.000,9999.000,9999.000,9999.000,9999.000,9999.000,9999.000,9999.000
202607282036,   3.900,9999.000,9999.000,9999.000,9999.000,9999.000,9999.000,9999.000,9999.000
202607282042,   3.941,9999.000,9999.000,9999.000,9999.000,9999.000,9999.000,9999.000,9999.000
202607282048,   3.978,9999.000,9999.000,9999.000,9999.000,9999.000,9999.000,9999.000,9999.000
202607282054,   4.011,9999.000,9999.000,9999.000,9999.000,9999.000,9999.000,9999.000,9999.000
202607282100,   4.040,9999.000,   0.100,   0.045,   4.185,   0.000,   4.085,   0.100,   4.185
202607282106,   4.066,9999.000,9999.000,9999.000,9999.000,9999.000,9999.000,9999.000,9999.000
202607282112,   4.088,9999.000,9999.000,9999.000,9999.000,9999.000,9999.000,9999.000,9999.000
202607282118,   4.106,9999.000,9999.000,9999.000,9999.000,9999.000,9999.000,9999.000,9999.000
202607282124,   4.120,9999.000,9999.000,9999.000,9999.000,9999.000,9999.000,9999.000,9999.000
202607282130,   4.130,9999.000,9999.000,9999.000,9999.000,9999.000,9999.000,9999.000,9999.000
202607282136,   4.137,9999.000,9999.000,9999.000,9999.000,9999.000,9999.000,9999.000,9999.000
202607282142,   4.139,9999.000,9999.000,9999.000,9999.000,9999.000,9999.000,9999.000,9999.000
202607282148,   4.138,9999.000,9999.000,9999.000,9999.000,9999.000,9999.000,9999.000,9999.000
202607282154,   4.134,9999.000,9999.000,9999.000,9999.000,9999.000,9999.000,9999.000,9999.000
202607282200,   4.125,9999.000,   0.100,   0.045,   4.270,   0.000,   4.170,   0.100,   4.270
202607282206,   4.114,9999.000,9999.000,9999.000,9999.000,9999.000,9999.000,9999.000,9999.000
202607282212,   4.098,9999.000,9999.000,9999.000,9999.000,9999.000,9999.000,9999.000,9999.000
202607282218,   4.080,9999.000,9999.000,9999.000,9999.000,9999.000,9999.000,9999.000,9999.000
202607282224,   4.058,9999.000,9999.000,9999.000,9999.000,9999.000,9999.000,9999.000,9999.000
202607282230,   4.033,9999.000,9999.000,9999.000,9999.000,9999.000,9999.000,9999.000,9999.000
202607282236,   4.005,9999.000,9999.000,9999.000,9999.000,9999.000,9999.000,9999.000,9999.000
202607282242,   3.975,9999.000,9999.000,9999.000,9999.000,9999.000,9999.000,9999.000,9999.000
202607282248,   3.942,9999.000,9999.000,9999.000,9999.000,9999.000,9999.000,9999.000,9999.000
202607282254,   3.906,9999.000,9999.000,9999.000,9999.000,9999.000,9999.000,9999.000,9999.000
202607282300,   3.868,9999.000,   0.100,   0.045,   4.013,   0.100,   4.013,   0.100,   4.013
202607282306,   3.829,9999.000,9999.000,9999.000,9999.000,9999.000,9999.000,9999.000,9999.000
202607282312,   3.787,9999.000,9999.000,9999.000,9999.000,9999.000,9999.000,9999.000,9999.000
202607282318,   3.744,9999.000,9999.000,9999.000,9999.000,9999.000,9999.000,9999.000,9999.000
202607282324,   3.700,9999.000,9999.000,9999.000,9999.000,9999.000,9999.000,9999.000,9999.000
202607282330,   3.654,9999.000,9999.000,9999.000,9999.000,9999.000,9999.000,9999.000,9999.000
202607282336,   3.608,9999.000,9999.000,9999.000,9999.000,9999.000,9999.000,9999.000,9999.000
202607282342,   3.560,9999.000,9999.000,9999.000,9999.000,9999.000,9999.000,9999.000,9999.000
202607282348,   3.513,9999.000,9999.000,9999.000,9999.000,9999.000,9999.000,9999.000,9999.000
202607282354,   3.465,9999.000,9999.000,9999.000,9999.000,9999.000,9999.000,9999.000,9999.000
202607290000,   3.417,9999.000,   0.100,   0.045,   3.562,   0.100,   3.562,   0.100,   3.562
202607290006,   3.369,9999.000,9999.000,9999.000,9999.000,9999.000,9999.000,9999.000,9999.000
202607290012,   3.322,9999.000,9999.000,9999.000,9999.000,9999.000,9999.000,9999.000,9999.000
202607290018,   3.275,9999.000,9999.000,9999.000,9999.000,9999.000,9999.000,9999.000,9999.000
202607290024,   3.228,9999.000,9999.000,9999.000,9999.000,9999.000,9999.000,9999.000,9999.000
202607290030,   3.183,9999.000,9999.000,9999.000,9999.000,9999.000,9999.000,9999.000,9999.000
202607290036,   3.138,9999.000,9999.000,9999.000,9999.000,9999.000,9999.000,9999.000,9999.000
202607290042,   3.095,9999.000,9999.000,9999.000,9999.000,9999.000,9999.000,9999.000,9999.000
202607290048,   3.053,9999.000,9999.000,9999.000,9999.000,9999.000,9999.000,9999.000,9999.000
202607290054,   3.012,9999.000,9999.000,9999.000,9999.000,9999.000,9999.000,9999.000,9999.000
202607290100,   2.973,9999.000,   0.100,   0.045,   3.118,   0.100,   3.118,   0.100,   3.118
202607290106,   2.935,9999.000,9999.000,9999.000,9999.000,9999.000,9999.000,9999.000,9999.000
202607290112,   2.899,9999.000,9999.000,9999.000,9999.000,9999.000,9999.000,9999.000,9999.000
202607290118,   2.865,9999.000,9999.000,9999.000,9999.000,9999.000,9999.000,9999.000,9999.000
202607290124,   2.832,9999.000,9999.000,9999.000,9999.000,9999.000,9999.000,9999.000,9999.000
202607290130,   2.802,9999.000,9999.000,9999.000,9999.000,9999.000,9999.000,9999.000,9999.000
202607290136,   2.774,9999.000,9999.000,9999.000,9999.000,9999.000,9999.000,9999.000,9999.000
202607290142,   2.747,9999.000,9999.000,9999.000,9999.000,9999.000,9999.000,9999.000,9999.000
202607290148,   2.724,9999.000,9999.000,9999.000,9999.000,9999.000,9999.000,9999.000,9999.000
202607290154,   2.702,9999.000,9999.000,9999.000,9999.000,9999.000,9999.000,9999.000,9999.000
202607290200,   2.683,9999.000,   0.100,   0.045,   2.828,   0.100,   2.828,   0.100,   2.828
202607290206,   2.667,9999.000,9999.000,9999.000,9999.000,9999.000,9999.000,9999.000,9999.000
202607290212,   2.653,9999.000,9999.000,9999.000,9999.000,9999.000,9999.000,9999.000,9999.000
202607290218,   2.642,9999.000,9999.000,9999.000,9999.000,9999.000,9999.000,9999.000,9999.000
202607290224,   2.635,9999.000,9999.000,9999.000,9999.000,9999.000,9999.000,9999.000,9999.000
202607290230,   2.630,9999.000,9999.000,9999.000,9999.000,9999.000,9999.000,9999.000,9999.000
202607290236,   2.629,9999.000,9999.000,9999.000,9999.000,9999.000,9999.000,9999.000,9999.000
202607290242,   2.631,9999.000,9999.000,9999.000,9999.000,9999.000,9999.000,9999.000,9999.000
202607290248,   2.636,9999.000,9999.000,9999.000,9999.000,9999.000,9999.000,9999.000,9999.000
202607290254,   2.646,9999.000,9999.000,9999.000,9999.000,9999.000,9999.000,9999.000,9999.000
202607290300,   2.659,9999.000,   0.100,   0.045,   2.804,   0.100,   2.804,   0.200,   2.904
202607290306,   2.675,9999.000,9999.000,9999.000,9999.000,9999.000,9999.000,9999.000,9999.000
202607290312,   2.696,9999.000,9999.000,9999.000,9999.000,9999.000,9999.000,9999.000,9999.000
202607290318,   2.721,9999.000,9999.000,9999.000,9999.000,9999.000,9999.000,9999.000,9999.000
202607290324,   2.750,9999.000,9999.000,9999.000,9999.000,9999.000,9999.000,9999.000,9999.000
202607290330,   2.783,9999.000,9999.000,9999.000,9999.000,9999.000,9999.000,9999.000,9999.000
202607290336,   2.820,9999.000,9999.000,9999.000,9999.000,9999.000,9999.000,9999.000,9999.000
202607290342,   2.860,9999.000,9999.000,9999.000,9999.000,9999.000,9999.000,9999.000,9999.000
202607290348,   2.905,9999.000,9999.000,9999.000,9999.000,9999.000,9999.000,9999.000,9999.000
202607290354,   2.954,9999.000,9999.000,9999.000,9999.000,9999.000,9999.000,9999.000,9999.000
202607290400,   3.007,9999.000,   0.100,   0.045,   3.152,   0.100,   3.152,   0.200,   3.252
202607290406,   3.063,9999.000,9999.000,9999.000,9999.000,9999.000,9999.000,9999.000,9999.000
202607290412,   3.123,9999.000,9999.000,9999.000,9999.000,9999.000,9999.000,9999.000,9999.000
202607290418,   3.186,9999.000,9999.000,9999.000,9999.000,9999.000,9999.000,9999.000,9999.000
202607290424,   3.252,9999.000,9999.000,9999.000,9999.000,9999.000,9999.000,9999.000,9999.000
202607290430,   3.321,9999.000,9999.000,9999.000,9999.000,9999.000,9999.000,9999.000,9999.000
202607290436,   3.393,9999.000,9999.000,9999.000,9999.000,9999.000,9999.000,9999.000,9999.000
202607290442,   3.467,9999.000,9999.000,9999.000,9999.000,9999.000,9999.000,9999.000,9999.000
202607290448,   3.544,9999.000,9999.000,9999.000,9999.000,9999.000,9999.000,9999.000,9999.000
202607290454,   3.622,9999.000,9999.000,9999.000,9999.000,9999.000,9999.000,9999.000,9999.000
202607290500,   3.702,9999.000,   0.200,   0.045,   3.947,   0.100,   3.847,   0.200,   3.947
202607290506,   3.783,9999.000,9999.000,9999.000,9999.000,9999.000,9999.000,9999.000,9999.000
202607290512,   3.865,9999.000,9999.000,9999.000,9999.000,9999.000,9999.000,9999.000,9999.000
202607290518,   3.948,9999.000,9999.000,9999.000,9999.000,9999.000,9999.000,9999.000,9999.000
202607290524,   4.031,9999.000,9999.000,9999.000,9999.000,9999.000,9999.000,9999.000,9999.000
202607290530,   4.114,9999.000,9999.000,9999.000,9999.000,9999.000,9999.000,9999.000,9999.000
202607290536,   4.197,9999.000,9999.000,9999.000,9999.000,9999.000,9999.000,9999.000,9999.000
202607290542,   4.279,9999.000,9999.000,9999.000,9999.000,9999.000,9999.000,9999.000,9999.000
202607290548,   4.361,9999.000,9999.000,9999.000,9999.000,9999.000,9999.000,9999.000,9999.000
202607290554,   4.441,9999.000,9999.000,9999.000,9999.000,9999.000,9999.000,9999.000,9999.000
202607290600,   4.521,9999.000,   0.200,   0.045,   4.766,   0.100,   4.666,   0.200,   4.766
202607290606,   4.599,9999.000,9999.000,9999.000,9999.000,9999.000,9999.000,9999.000,9999.000
202607290612,   4.675,9999.000,9999.000,9999.000,9999.000,9999.000,9999.000,9999.000,9999.000
202607290618,   4.749,9999.000,9999.000,9999.000,9999.000,9999.000,9999.000,9999.000,9999.000
202607290624,   4.821,9999.000,9999.000,9999.000,9999.000,9999.000,9999.000,9999.000,9999.000
202607290630,   4.891,9999.000,9999.000,9999.000,9999.000,9999.000,9999.000,9999.000,9999.000
202607290636,   4.958,9999.000,9999.000,9999.000,9999.000,9999.000,9999.000,9999.000,9999.000
202607290642,   5.022,9999.000,9999.000,9999.000,9999.000,9999.000,9999.000,9999.000,9999.000
202607290648,   5.084,9999.000,9999.000,9999.000,9999.000,9999.000,9999.000,9999.000,9999.000
202607290654,   5.143,9999.000,9999.000,9999.000,9999.000,9999.000,9999.000,9999.000,9999.000
202607290700,   5.198,9999.000,   0.200,   0.045,   5.443,   0.100,   5.343,   0.200,   5.443
202607290706,   5.250,9999.000,9999.000,9999.000,9999.000,9999.000,9999.000,9999.000,9999.000
202607290712,   5.299,9999.000,9999.000,9999.000,9999.000,9999.000,9999.000,9999.000,9999.000
202607290718,   5.344,9999.000,9999.000,9999.000,9999.000,9999.000,9999.000,9999.000,9999.000
202607290724,   5.386,9999.000,9999.000,9999.000,9999.000,9999.000,9999.000,9999.000,9999.000
202607290730,   5.424,9999.000,9999.000,9999.000,9999.000,9999.000,9999.000,9999.000,9999.000
202607290736,   5.458,9999.000,9999.000,9999.000,9999.000,9999.000,9999.000,9999.000,9999.000
202607290742,   5.488,9999.000,9999.000,9999.000,9999.000,9999.000,9999.000,9999.000,9999.000
202607290748,   5.514,9999.000,9999.000,9999.000,9999.000,9999.000,9999.000,9999.000,9999.000
202607290754,   5.535,9999.000,9999.000,9999.000,9999.000,9999.000,9999.000,9999.000,9999.000
202607290800,   5.553,9999.000,   0.200,   0.045,   5.798,   0.100,   5.698,   0.200,   5.798
202607290806,   5.566,9999.000,9999.000,9999.000,9999.000,9999.000,9999.000,9999.000,9999.000
202607290812,   5.575,9999.000,9999.000,9999.000,9999.000,9999.000,9999.000,9999.000,9999.000
202607290818,   5.580,9999.000,9999.000,9999.000,9999.000,9999.000,9999.000,9999.000,9999.000
202607290824,   5.580,9999.000,9999.000,9999.000,9999.000,9999.000,9999.000,9999.000,9999.000
202607290830,   5.575,9999.000,9999.000,9999.000,9999.000,9999.000,9999.000,9999.000,9999.000
202607290836,   5.566,9999.000,9999.000,9999.000,9999.000,9999.000,9999.000,9999.000,9999.000
202607290842,   5.552,9999.000,9999.000,9999.000,9999.000,9999.000,9999.000,9999.000,9999.000
202607290848,   5.533,9999.000,9999.000,9999.000,9999.000,9999.000,9999.000,9999.000,9999.000
202607290854,   5.510,9999.000,9999.000,9999.000,9999.000,9999.000,9999.000,9999.000,9999.000
202607290900,   5.482,9999.000,   0.200,   0.045,   5.727,   0.100,   5.627,   0.200,   5.727
202607290906,   5.450,9999.000,9999.000,9999.000,9999.000,9999.000,9999.000,9999.000,9999.000
202607290912,   5.412,9999.000,9999.000,9999.000,9999.000,9999.000,9999.000,9999.000,9999.000
202607290918,   5.370,9999.000,9999.000,9999.000,9999.000,9999.000,9999.000,9999.000,9999.000
202607290924,   5.323,9999.000,9999.000,9999.000,9999.000,9999.000,9999.000,9999.000,9999.000
202607290930,   5.272,9999.000,9999.000,9999.000,9999.000,9999.000,9999.000,9999.000,9999.000
202607290936,   5.216,9999.000,9999.000,9999.000,9999.000,9999.000,9999.000,9999.000,9999.000
202607290942,   5.155,9999.000,9999.000,9999.000,9999.000,9999.000,9999.000,9999.000,9999.000
202607290948,   5.089,9999.000,9999.000,9999.000,9999.000,9999.000,9999.000,9999.000,9999.000
202607290954,   5.020,9999.000,9999.000,9999.000,9999.000,9999.000,9999.000,9999.000,9999.000
202607291000,   4.945,9999.000,   0.200,   0.045,   5.190,   0.100,   5.090,   0.200,   5.190
202607291006,   4.867,9999.000,9999.000,9999.000,9999.000,9999.000,9999.000,9999.000,9999.000
202607291012,   4.784,9999.000,9999.000,9999.000,9999.000,9999.000,9999.000,9999.000,9999.000
202607291018,   4.697,9999.000,9999.000,9999.000,9999.000,9999.000,9999.000,9999.000,9999.000
202607291024,   4.606,9999.000,9999.000,9999.000,9999.000,9999.000,9999.000,9999.000,9999.000
202607291030,   4.511,9999.000,9999.000,9999.000,9999.000,9999.000,9999.000,9999.000,9999.000
202607291036,   4.413,9999.000,9999.000,9999.000,9999.000,9999.000,9999.000,9999.000,9999.000
202607291042,   4.311,9999.000,9999.000,9999.000,9999.000,9999.000,9999.000,9999.000,9999.000
202607291048,   4.206,9999.000,9999.000,9999.000,9999.000,9999.000,9999.000,9999.000,9999.000
202607291054,   4.097,9999.000,9999.000,9999.000,9999.000,9999.000,9999.000,9999.000,9999.000
202607291100,   3.986,9999.000,   0.200,   0.045,   4.231,   0.100,   4.131,   0.200,   4.231
202607291106,   3.872,9999.000,9999.000,9999.000,9999.000,9999.000,9999.000,9999.000,9999.000
202607291112,   3.756,9999.000,9999.000,9999.000,9999.000,9999.000,9999.000,9999.000,9999.000
202607291118,   3.637,9999.000,9999.000,9999.000,9999.000,9999.000,9999.000,9999.000,9999.000
202607291124,   3.517,9999.000,9999.000,9999.000,9999.000,9999.000,9999.000,9999.000,9999.000
202607291130,   3.395,9999.000,9999.000,9999.000,9999.000,9999.000,9999.000,9999.000,9999.000
202607291136,   3.271,9999.000,9999.000,9999.000,9999.000,9999.000,9999.000,9999.000,9999.000
202607291142,   3.147,9999.000,9999.000,9999.000,9999.000,9999.000,9999.000,9999.000,9999.000
202607291148,   3.022,9999.000,9999.000,9999.000,9999.000,9999.000,9999.000,9999.000,9999.000
202607291154,   2.896,9999.000,9999.000,9999.000,9999.000,9999.000,9999.000,9999.000,9999.000
202607291200,   2.770,9999.000,   0.200,   0.045,   3.015,   0.100,   2.915,   0.200,   3.015
202607291206,   2.644,9999.000,9999.000,9999.000,9999.000,9999.000,9999.000,9999.000,9999.000
202607291212,   2.518,9999.000,9999.000,9999.000,9999.000,9999.000,9999.000,9999.000,9999.000
202607291218,   2.393,9999.000,9999.000,9999.000,9999.000,9999.000,9999.000,9999.000,9999.000
202607291224,   2.269,9999.000,9999.000,9999.000,9999.000,9999.000,9999.000,9999.000,9999.000
202607291230,   2.145,9999.000,9999.000,9999.000,9999.000,9999.000,9999.000,9999.000,9999.000
202607291236,   2.024,9999.000,9999.000,9999.000,9999.000,9999.000,9999.000,9999.000,9999.000
202607291242,   1.903,9999.000,9999.000,9999.000,9999.000,9999.000,9999.000,9999.000,9999.000
202607291248,   1.785,9999.000,9999.000,9999.000,9999.000,9999.000,9999.000,9999.000,9999.000
202607291254,   1.668,9999.000,9999.000,9999.000,9999.000,9999.000,9999.000,9999.000,9999.000
202607291300,   1.554,9999.000,   0.200,   0.045,   1.799,   0.100,   1.699,   0.200,   1.799
202607291306,   1.442,9999.000,9999.000,9999.000,9999.000,9999.000,9999.000,9999.000,9999.000
202607291312,   1.333,9999.000,9999.000,9999.000,9999.000,9999.000,9999.000,9999.000,9999.000
202607291318,   1.226,9999.000,9999.000,9999.000,9999.000,9999.000,9999.000,9999.000,9999.000
202607291324,   1.122,9999.000,9999.000,9999.000,9999.000,9999.000,9999.000,9999.000,9999.000
202607291330,   1.021,9999.000,9999.000,9999.000,9999.000,9999.000,9999.000,9999.000,9999.000
202607291336,   0.923,9999.000,9999.000,9999.000,9999.000,9999.000,9999.000,9999.000,9999.000
202607291342,   0.829,9999.000,9999.000,9999.000,9999.000,9999.000,9999.000,9999.000,9999.000
202607291348,   0.738,9999.000,9999.000,9999.000,9999.000,9999.000,9999.000,9999.000,9999.000
202607291354,   0.650,9999.000,9999.000,9999.000,9999.000,9999.000,9999.000,9999.000,9999.000
202607291400,   0.566,9999.000,   0.200,   0.045,   0.811,   0.100,   0.711,   0.200,   0.811
202607291406,   0.486,9999.000,9999.000,9999.000,9999.000,9999.000,9999.000,9999.000,9999.000
202607291412,   0.409,9999.000,9999.000,9999.000,9999.000,9999.000,9999.000,9999.000,9999.000
202607291418,   0.337,9999.000,9999.000,9999.000,9999.000,9999.000,9999.000,9999.000,9999.000
202607291424,   0.269,9999.000,9999.000,9999.000,9999.000,9999.000,9999.000,9999.000,9999.000
202607291430,   0.205,9999.000,9999.000,9999.000,9999.000,9999.000,9999.000,9999.000,9999.000
202607291436,   0.146,9999.000,9999.000,9999.000,9999.000,9999.000,9999.000,9999.000,9999.000
202607291442,   0.091,9999.000,9999.000,9999.000,9999.000,9999.000,9999.000,9999.000,9999.000
202607291448,   0.041,9999.000,9999.000,9999.000,9999.000,9999.000,9999.000,9999.000,9999.000
202607291454,  -0.003,9999.000,9999.000,9999.000,9999.000,9999.000,9999.000,9999.000,9999.000
202607291500,  -0.042,9999.000,   0.200,   0.045,   0.203,   0.100,   0.103,   0.200,   0.203
202607291506,  -0.077,9999.000,9999.000,9999.000,9999.000,9999.000,9999.000,9999.000,9999.000
202607291512,  -0.106,9999.000,9999.000,9999.000,9999.000,9999.000,9999.000,9999.000,9999.000
202607291518,  -0.130,9999.000,9999.000,9999.000,9999.000,9999.000,9999.000,9999.000,9999.000
202607291524,  -0.147,9999.000,9999.000,9999.000,9999.000,9999.000,9999.000,9999.000,9999.000
202607291530,  -0.160,9999.000,9999.000,9999.000,9999.000,9999.000,9999.000,9999.000,9999.000
202607291536,  -0.166,9999.000,9999.000,9999.000,9999.000,9999.000,9999.000,9999.000,9999.000
202607291542,  -0.166,9999.000,9999.000,9999.000,9999.000,9999.000,9999.000,9999.000,9999.000
202607291548,  -0.160,9999.000,9999.000,9999.000,9999.000,9999.000,9999.000,9999.000,9999.000
202607291554,  -0.148,9999.000,9999.000,9999.000,9999.000,9999.000,9999.000,9999.000,9999.000
202607291600,  -0.131,9999.000,   0.200,   0.045,   0.114,   0.100,   0.014,   0.200,   0.114
202607291606,  -0.107,9999.000,9999.000,9999.000,9999.000,9999.000,9999.000,9999.000,9999.000
202607291612,  -0.077,9999.000,9999.000,9999.000,9999.000,9999.000,9999.000,9999.000,9999.000
202607291618,  -0.041,9999.000,9999.000,9999.000,9999.000,9999.000,9999.000,9999.000,9999.000
202607291624,   0.000,9999.000,9999.000,9999.000,9999.000,9999.000,9999.000,9999.000,9999.000
202607291630,   0.047,9999.000,9999.000,9999.000,9999.000,9999.000,9999.000,9999.000,9999.000
202607291636,   0.100,9999.000,9999.000,9999.000,9999.000,9999.000,9999.000,9999.000,9999.000
202607291642,   0.159,9999.000,9999.000,9999.000,9999.000,9999.000,9999.000,9999.000,9999.000
202607291648,   0.222,9999.000,9999.000,9999.000,9999.000,9999.000,9999.000,9999.000,9999.000
202607291654,   0.291,9999.000,9999.000,9999.000,9999.000,9999.000,9999.000,9999.000,9999.000
202607291700,   0.364,9999.000,   0.200,   0.045,   0.609,   0.100,   0.509,   0.200,   0.609
202607291706,   0.441,9999.000,9999.000,9999.000,9999.000,9999.000,9999.000,9999.000,9999.000
202607291712,   0.523,9999.000,9999.000,9999.000,9999.000,9999.000,9999.000,9999.000,9999.000
202607291718,   0.608,9999.000,9999.000,9999.000,9999.000,9999.000,9999.000,9999.000,9999.000
202607291724,   0.697,9999.000,9999.000,9999.000,9999.000,9999.000,9999.000,9999.000,9999.000
202607291730,   0.789,9999.000,9999.000,9999.000,9999.000,9999.000,9999.000,9999.000,9999.000
202607291736,   0.884,9999.000,9999.000,9999.000,9999.000,9999.000,9999.000,9999.000,9999.000
202607291742,   0.982,9999.000,9999.000,9999.000,9999.000,9999.000,9999.000,9999.000,9999.000
202607291748,   1.082,9999.000,9999.000,9999.000,9999.000,9999.000,9999.000,9999.000,9999.000
202607291754,   1.184,9999.000,9999.000,9999.000,9999.000,9999.000,9999.000,9999.000,9999.000
202607291800,   1.287,9999.000,   0.200,   0.045,   1.532,   0.100,   1.432,   0.200,   1.532
202607291806,   1.392,9999.000,9999.000,9999.000,9999.000,9999.000,9999.000,9999.000,9999.000
202607291812,   1.497,9999.000,9999.000,9999.000,9999.000,9999.000,9999.000,9999.000,9999.000
202607291818,   1.604,9999.000,9999.000,9999.000,9999.000,9999.000,9999.000,9999.000,9999.000
202607291824,   1.710,9999.000,9999.000,9999.000,9999.000,9999.000,9999.000,9999.000,9999.000
202607291830,   1.817,9999.000,9999.000,9999.000,9999.000,9999.000,9999.000,9999.000,9999.000
202607291836,   1.924,9999.000,9999.000,9999.000,9999.000,9999.000,9999.000,9999.000,9999.000
202607291842,   2.031,9999.000,9999.000,9999.000,9999.000,9999.000,9999.000,9999.000,9999.000
202607291848,   2.137,9999.000,9999.000,9999.000,9999.000,9999.000,9999.000,9999.000,9999.000
202607291854,   2.242,9999.000,9999.000,9999.000,9999.000,9999.000,9999.000,9999.000,9999.000
202607291900,   2.347,9999.000,   0.200,   0.045,   2.592,   0.100,   2.492,   0.200,   2.592
202607291906,   2.450,9999.000,9999.000,9999.000,9999.000,9999.000,9999.000,9999.000,9999.000
202607291912,   2.552,9999.000,9999.000,9999.000,9999.000,9999.000,9999.000,9999.000,9999.000
202607291918,   2.652,9999.000,9999.000,9999.000,9999.000,9999.000,9999.000,9999.000,9999.000
202607291924,   2.751,9999.000,9999.000,9999.000,9999.000,9999.000,9999.000,9999.000,9999.000
202607291930,   2.848,9999.000,9999.000,9999.000,9999.000,9999.000,9999.000,9999.000,9999.000
202607291936,   2.943,9999.000,9999.000,9999.000,9999.000,9999.000,9999.000,9999.000,9999.000
202607291942,   3.035,9999.000,9999.000,9999.000,9999.000,9999.000,9999.000,9999.000,9999.000
202607291948,   3.126,9999.000,9999.000,9999.000,9999.000,9999.000,9999.000,9999.000,9999.000
202607291954,   3.214,9999.000,9999.000,9999.000,9999.000,9999.000,9999.000,9999.000,9999.000
202607292000,   3.299,9999.000,   0.200,   0.045,   3.544,   0.100,   3.444,   0.200,   3.544
202607292006,   3.382,9999.000,9999.000,9999.000,9999.000,9999.000,9999.000,9999.000,9999.000
202607292012,   3.462,9999.000,9999.000,9999.000,9999.000,9999.000,9999.000,9999.000,9999.000
202607292018,   3.539,9999.000,9999.000,9999.000,9999.000,9999.000,9999.000,9999.000,9999.000
202607292024,   3.613,9999.000,9999.000,9999.000,9999.000,9999.000,9999.000,9999.000,9999.000
202607292030,   3.684,9999.000,9999.000,9999.000,9999.000,9999.000,9999.000,9999.000,9999.000
202607292036,   3.751,9999.000,9999.000,9999.000,9999.000,9999.000,9999.000,9999.000,9999.000
202607292042,   3.815,9999.000,9999.000,9999.000,9999.000,9999.000,9999.000,9999.000,9999.000
202607292048,   3.876,9999.000,9999.000,9999.000,9999.000,9999.000,9999.000,9999.000,9999.000
202607292054,   3.933,9999.000,9999.000,9999.000,9999.000,9999.000,9999.000,9999.000,9999.000
202607292100,   3.987,9999.000,   0.100,   0.045,   4.132,   0.100,   4.132,   0.200,   4.232
202607292106,   4.036,9999.000,9999.000,9999.000,9999.000,9999.000,9999.000,9999.000,9999.000
202607292112,   4.082,9999.000,9999.000,9999.000,9999.000,9999.000,9999.000,9999.000,9999.000
202607292118,   4.124,9999.000,9999.000,9999.000,9999.000,9999.000,9999.000,9999.000,9999.000
202607292124,   4.163,9999.000,9999.000,9999.000,9999.000,9999.000,9999.000,9999.000,9999.000
202607292130,   4.197,9999.000,9999.000,9999.000,9999.000,9999.000,9999.000,9999.000,9999.000
202607292136,   4.227,9999.000,9999.000,9999.000,9999.000,9999.000,9999.000,9999.000,9999.000
202607292142,   4.253,9999.000,9999.000,9999.000,9999.000,9999.000,9999.000,9999.000,9999.000
202607292148,   4.275,9999.000,9999.000,9999.000,9999.000,9999.000,9999.000,9999.000,9999.000
202607292154,   4.293,9999.000,9999.000,9999.000,9999.000,9999.000,9999.000,9999.000,9999.000
202607292200,   4.307,9999.000,   0.100,   0.045,   4.452,   0.100,   4.452,   0.200,   4.552
202607292206,   4.317,9999.000,9999.000,9999.000,9999.000,9999.000,9999.000,9999.000,9999.000
202607292212,   4.322,9999.000,9999.000,9999.000,9999.000,9999.000,9999.000,9999.000,9999.000
202607292218,   4.324,9999.000,9999.000,9999.000,9999.000,9999.000,9999.000,9999.000,9999.000
202607292224,   4.321,9999.000,9999.000,9999.000,9999.000,9999.000,9999.000,9999.000,9999.000
202607292230,   4.315,9999.000,9999.000,9999.000,9999.000,9999.000,9999.000,9999.000,9999.000
202607292236,   4.305,9999.000,9999.000,9999.000,9999.000,9999.000,9999.000,9999.000,9999.000
202607292242,   4.291,9999.000,9999.000,9999.000,9999.000,9999.000,9999.000,9999.000,9999.000
202607292248,   4.273,9999.000,9999.000,9999.000,9999.000,9999.000,9999.000,9999.000,9999.000
202607292254,   4.251,9999.000,9999.000,9999.000,9999.000,9999.000,9999.000,9999.000,9999.000
202607292300,   4.226,9999.000,   0.100,   0.045,   4.371,   0.100,   4.371,   0.200,   4.471
202607292306,   4.198,9999.000,9999.000,9999.000,9999.000,9999.000,9999.000,9999.000,9999.000
202607292312,   4.166,9999.000,9999.000,9999.000,9999.000,9999.000,9999.000,9999.000,9999.000
202607292318,   4.132,9999.000,9999.000,9999.000,9999.000,9999.000,9999.000,9999.000,9999.000
202607292324,   4.094,9999.000,9999.000,9999.000,9999.000,9999.000,9999.000,9999.000,9999.000
202607292330,   4.054,9999.000,9999.000,9999.000,9999.000,9999.000,9999.000,9999.000,9999.000
202607292336,   4.011,9999.000,9999.000,9999.000,9999.000,9999.000,9999.000,9999.000,9999.000
202607292342,   3.967,9999.000,9999.000,9999.000,9999.000,9999.000,9999.000,9999.000,9999.000
202607292348,   3.920,9999.000,9999.000,9999.000,9999.000,9999.000,9999.000,9999.000,9999.000
202607292354,   3.871,9999.000,9999.000,9999.000,9999.000,9999.000,9999.000,9999.000,9999.000
202607300000,   3.820,9999.000,   0.100,   0.045,   3.965,   0.100,   3.965,   0.200,   4.065
202607300006,   3.769,9999.000,9999.000,9999.000,9999.000,9999.000,9999.000,9999.000,9999.000
202607300012,   3.716,9999.000,9999.000,9999.000,9999.000,9999.000,9999.000,9999.000,9999.000
202607300018,   3.662,9999.000,9999.000,9999.000,9999.000,9999.000,9999.000,9999.000,9999.000
202607300024,   3.608,9999.000,9999.000,9999.000,9999.000,9999.000,9999.000,9999.000,9999.000
202607300030,   3.553,9999.000,9999.000,9999.000,9999.000,9999.000,9999.000,9999.000,9999.000
202607300036,   3.498,9999.000,9999.000,9999.000,9999.000,9999.000,9999.000,9999.000,9999.000
202607300042,   3.443,9999.000,9999.000,9999.000,9999.000,9999.000,9999.000,9999.000,9999.000
202607300048,   3.389,9999.000,9999.000,9999.000,9999.000,9999.000,9999.000,9999.000,9999.000
202607300054,   3.335,9999.000,9999.000,9999.000,9999.000,9999.000,9999.000,9999.000,9999.000
202607300100,   3.281,9999.000,   0.100,   0.045,   3.426,   0.100,   3.426,   0.200,   3.526
202607300106,   3.229,9999.000,9999.000,9999.000,9999.000,9999.000,9999.000,9999.000,9999.000
202607300112,   3.177,9999.000,9999.000,9999.000,9999.000,9999.000,9999.000,9999.000,9999.000
202607300118,   3.127,9999.000,9999.000,9999.000,9999.000,9999.000,9999.000,9999.000,9999.000
202607300124,   3.078,9999.000,9999.000,9999.000,9999.000,9999.000,9999.000,9999.000,9999.000
202607300130,   3.030,9999.000,9999.000,9999.000,9999.000,9999.000,9999.000,9999.000,9999.000
202607300136,   2.984,9999.000,9999.000,9999.000,9999.000,9999.000,9999.000,9999.000,9999.000
202607300142,   2.940,9999.000,9999.000,9999.000,9999.000,9999.000,9999.000,9999.000,9999.000
202607300148,   2.898,9999.000,9999.000,9999.000,9999.000,9999.000,9999.000,9999.000,9999.000
202607300154,   2.857,9999.000,9999.000,9999.000,9999.000,9999.000,9999.000,9999.000,9999.000
202607300200,   2.818,9999.000,   0.200,   0.045,   3.063,   0.100,   2.963,   0.200,   3.063
202607300206,   2.782,9999.000,9999.000,9999.000,9999.000,9999.000,9999.000,9999.000,9999.000
202607300212,   2.748,9999.000,9999.000,9999.000,9999.000,9999.000,9999.000,9999.000,9999.000
202607300218,   2.716,9999.000,9999.000,9999.000,9999.000,9999.000,9999.000,9999.000,9999.000
202607300224,   2.686,9999.000,9999.000,9999.000,9999.000,9999.000,9999.000,9999.000,9999.000
202607300230,   2.659,9999.000,9999.000,9999.000,9999.000,9999.000,9999.000,9999.000,9999.000
202607300236,   2.634,9999.000,9999.000,9999.000,9999.000,9999.000,9999.000,9999.000,9999.000
202607300242,   2.612,9999.000,9999.000,9999.000,9999.000,9999.000,9999.000,9999.000,9999.000
202607300248,   2.592,9999.000,9999.000,9999.000,9999.000,9999.000,9999.000,9999.000,9999.000
202607300254,   2.576,9999.000,9999.000,9999.000,9999.000,9999.000,9999.000,9999.000,9999.000
202607300300,   2.562,9999.000,   0.200,   0.045,   2.807,   0.200,   2.807,   0.200,   2.807
202607300306,   2.552,9999.000,9999.000,9999.000,9999.000,9999.000,9999.000,9999.000,9999.000
202607300312,   2.545,9999.000,9999.000,9999.000,9999.000,9999.000,9999.000,9999.000,9999.000
202607300318,   2.541,9999.000,9999.000,9999.000,9999.000,9999.000,9999.000,9999.000,9999.000
202607300324,   2.540,9999.000,9999.000,9999.000,9999.000,9999.000,9999.000,9999.000,9999.000
202607300330,   2.544,9999.000,9999.000,9999.000,9999.000,9999.000,9999.000,9999.000,9999.000
202607300336,   2.550,9999.000,9999.000,9999.000,9999.000,9999.000,9999.000,9999.000,9999.000
202607300342,   2.561,9999.000,9999.000,9999.000,9999.000,9999.000,9999.000,9999.000,9999.000
202607300348,   2.576,9999.000,9999.000,9999.000,9999.000,9999.000,9999.000,9999.000,9999.000
202607300354,   2.595,9999.000,9999.000,9999.000,9999.000,9999.000,9999.000,9999.000,9999.000
202607300400,   2.617,9999.000,   0.200,   0.045,   2.862,   0.200,   2.862,   0.200,   2.862
202607300406,   2.644,9999.000,9999.000,9999.000,9999.000,9999.000,9999.000,9999.000,9999.000
202607300412,   2.675,9999.000,9999.000,9999.000,9999.000,9999.000,9999.000,9999.000,9999.000
202607300418,   2.711,9999.000,9999.000,9999.000,9999.000,9999.000,9999.000,9999.000,9999.000
202607300424,   2.750,9999.000,9999.000,9999.000,9999.000,9999.000,9999.000,9999.000,9999.000
202607300430,   2.794,9999.000,9999.000,9999.000,9999.000,9999.000,9999.000,9999.000,9999.000
202607300436,   2.841,9999.000,9999.000,9999.000,9999.000,9999.000,9999.000,9999.000,9999.000
202607300442,   2.893,9999.000,9999.000,9999.000,9999.000,9999.000,9999.000,9999.000,9999.000
202607300448,   2.949,9999.000,9999.000,9999.000,9999.000,9999.000,9999.000,9999.000,9999.000
202607300454,   3.008,9999.000,9999.000,9999.000,9999.000,9999.000,9999.000,9999.000,9999.000
202607300500,   3.071,9999.000,   0.200,   0.045,   3.316,   0.200,   3.316,   0.200,   3.316
202607300506,   3.137,9999.000,9999.000,9999.000,9999.000,9999.000,9999.000,9999.000,9999.000
202607300512,   3.207,9999.000,9999.000,9999.000,9999.000,9999.000,9999.000,9999.000,9999.000
202607300518,   3.279,9999.000,9999.000,9999.000,9999.000,9999.000,9999.000,9999.000,9999.000
202607300524,   3.354,9999.000,9999.000,9999.000,9999.000,9999.000,9999.000,9999.000,9999.000
202607300530,   3.432,9999.000,9999.000,9999.000,9999.000,9999.000,9999.000,9999.000,9999.000
202607300536,   3.511,9999.000,9999.000,9999.000,9999.000,9999.000,9999.000,9999.000,9999.000
202607300542,   3.592,9999.000,9999.000,9999.000,9999.000,9999.000,9999.000,9999.000,9999.000
202607300548,   3.675,9999.000,9999.000,9999.000,9999.000,9999.000,9999.000,9999.000,9999.000
202607300554,   3.758,9999.000,9999.000,9999.000,9999.000,9999.000,9999.000,9999.000,9999.000
202607300600,   3.843,9999.000,   0.200,   0.045,   4.088,   0.200,   4.088,   0.200,   4.088
202607300606,   3.928,9999.000,9999.000,9999.000,9999.000,9999.000,9999.000,9999.000,9999.000
202607300612,   4.013,9999.000,9999.000,9999.000,9999.000,9999.000,9999.000,9999.000,9999.000
202607300618,   4.098,9999.000,9999.000,9999.000,9999.000,9999.000,9999.000,9999.000,9999.000
202607300624,   4.183,9999.000,9999.000,9999.000,9999.000,9999.000,9999.000,9999.000,9999.000
202607300630,   4.266,9999.000,9999.000,9999.000,9999.000,9999.000,9999.000,9999.000,9999.000
202607300636,   4.349,9999.000,9999.000,9999.000,9999.000,9999.000,9999.000,9999.000,9999.000
202607300642,   4.431,9999.000,9999.000,9999.000,9999.000,9999.000,9999.000,9999.000,9999.000
202607300648,   4.510,9999.000,9999.000,9999.000,9999.000,9999.000,9999.000,9999.000,9999.000
202607300654,   4.588,9999.000,9999.000,9999.000,9999.000,9999.000,9999.000,9999.000,9999.000
202607300700,   4.664,9999.000,   0.200,   0.045,   4.909,   0.200,   4.909,   0.300,   5.009
202607300706,   4.738,9999.000,9999.000,9999.000,9999.000,9999.000,9999.000,9999.000,9999.000
202607300712,   4.809,9999.000,9999.000,9999.000,9999.000,9999.000,9999.000,9999.000,9999.000
202607300718,   4.878,9999.000,9999.000,9999.000,9999.000,9999.000,9999.000,9999.000,9999.000
202607300724,   4.943,9999.000,9999.000,9999.000,9999.000,9999.000,9999.000,9999.000,9999.000
202607300730,   5.006,9999.000,9999.000,9999.000,9999.000,9999.000,9999.000,9999.000,9999.000
202607300736,   5.065,9999.000,9999.000,9999.000,9999.000,9999.000,9999.000,9999.000,9999.000
202607300742,   5.122,9999.000,9999.000,9999.000,9999.000,9999.000,9999.000,9999.000,9999.000
202607300748,   5.174,9999.000,9999.000,9999.000,9999.000,9999.000,9999.000,9999.000,9999.000
202607300754,   5.223,9999.000,9999.000,9999.000,9999.000,9999.000,9999.000,9999.000,9999.000
202607300800,   5.269,9999.000,   0.200,   0.045,   5.514,   0.200,   5.514,   0.300,   5.614
202607300806,   5.310,9999.000,9999.000,9999.000,9999.000,9999.000,9999.000,9999.000,9999.000
202607300812,   5.348,9999.000,9999.000,9999.000,9999.000,9999.000,9999.000,9999.000,9999.000
202607300818,   5.382,9999.000,9999.000,9999.000,9999.000,9999.000,9999.000,9999.000,9999.000
202607300824,   5.412,9999.000,9999.000,9999.000,9999.000,9999.000,9999.000,9999.000,9999.000
202607300830,   5.437,9999.000,9999.000,9999.000,9999.000,9999.000,9999.000,9999.000,9999.000
202607300836,   5.458,9999.000,9999.000,9999.000,9999.000,9999.000,9999.000,9999.000,9999.000
202607300842,   5.475,9999.000,9999.000,9999.000,9999.000,9999.000,9999.000,9999.000,9999.000
202607300848,   5.487,9999.000,9999.000,9999.000,9999.000,9999.000,9999.000,9999.000,9999.000
202607300854,   5.495,9999.000,9999.000,9999.000,9999.000,9999.000,9999.000,9999.000,9999.000
202607300900,   5.499,9999.000,   0.200,   0.045,   5.744,   0.100,   5.644,   0.200,   5.744
202607300906,   5.498,9999.000,9999.000,9999.000,9999.000,9999.000,9999.000,9999.000,9999.000
202607300912,   5.492,9999.000,9999.000,9999.000,9999.000,9999.000,9999.000,9999.000,9999.000
202607300918,   5.481,9999.000,9999.000,9999.000,9999.000,9999.000,9999.000,9999.000,9999.000
202607300924,   5.466,9999.000,9999.000,9999.000,9999.000,9999.000,9999.000,9999.000,9999.000
202607300930,   5.446,9999.000,9999.000,9999.000,9999.000,9999.000,9999.000,9999.000,9999.000
202607300936,   5.421,9999.000,9999.000,9999.000,9999.000,9999.000,9999.000,9999.000,9999.000
202607300942,   5.391,9999.000,9999.000,9999.000,9999.000,9999.000,9999.000,9999.000,9999.000
202607300948,   5.357,9999.000,9999.000,9999.000,9999.000,9999.000,9999.000,9999.000,9999.000
202607300954,   5.318,9999.000,9999.000,9999.000,9999.000,9999.000,9999.000,9999.000,9999.000
202607301000,   5.274,9999.000,   0.200,   0.045,   5.519,   0.100,   5.419,   0.200,   5.519
202607301006,   5.225,9999.000,9999.000,9999.000,9999.000,9999.000,9999.000,9999.000,9999.000
202607301012,   5.172,9999.000,9999.000,9999.000,9999.000,9999.000,9999.000,9999.000,9999.000
202607301018,   5.113,9999.000,9999.000,9999.000,9999.000,9999.000,9999.000,9999.000,9999.000
202607301024,   5.051,9999.000,9999.000,9999.000,9999.000,9999.000,9999.000,9999.000,9999.000
202607301030,   4.983,9999.000,9999.000,9999.000,9999.000,9999.000,9999.000,9999.000,9999.000
202607301036,   4.911,9999.000,9999.000,9999.000,9999.000,9999.000,9999.000,9999.000,9999.000
202607301042,   4.835,9999.000,9999.000,9999.000,9999.000,9999.000,9999.000,9999.000,9999.000
202607301048,   4.755,9999.000,9999.000,9999.000,9999.000,9999.000,9999.000,9999.000,9999.000
202607301054,   4.670,9999.000,9999.000,9999.000,9999.000,9999.000,9999.000,9999.000,9999.000
202607301100,   4.581,9999.000,   0.200,   0.045,   4.826,   0.100,   4.726,   0.200,   4.826
202607301106,   4.488,9999.000,9999.000,9999.000,9999.000,9999.000,9999.000,9999.000,9999.000
202607301112,   4.392,9999.000,9999.000,9999.000,9999.000,9999.000,9999.000,9999.000,9999.000
202607301118,   4.292,9999.000,9999.000,9999.000,9999.000,9999.000,9999.000,9999.000,9999.000
202607301124,   4.189,9999.000,9999.000,9999.000,9999.000,9999.000,9999.000,9999.000,9999.000
202607301130,   4.082,9999.000,9999.000,9999.000,9999.000,9999.000,9999.000,9999.000,9999.000
202607301136,   3.972,9999.000,9999.000,9999.000,9999.000,9999.000,9999.000,9999.000,9999.000
202607301142,   3.860,9999.000,9999.000,9999.000,9999.000,9999.000,9999.000,9999.000,9999.000
202607301148,   3.745,9999.000,9999.000,9999.000,9999.000,9999.000,9999.000,9999.000,9999.000
202607301154,   3.628,9999.000,9999.000,9999.000,9999.000,9999.000,9999.000,9999.000,9999.000
202607301200,   3.509,9999.000,   0.200,   0.045,   3.754,   0.100,   3.654,   0.200,   3.754
202607301206,   3.388,9999.000,9999.000,9999.000,9999.000,9999.000,9999.000,9999.000,9999.000
202607301212,   3.266,9999.000,9999.000,9999.000,9999.000,9999.000,9999.000,9999.000,9999.000
202607301218,   3.142,9999.000,9999.000,9999.000,9999.000,9999.000,9999.000,9999.000,9999.000
202607301224,   3.018,9999.000,9999.000,9999.000,9999.000,9999.000,9999.000,9999.000,9999.000
202607301230,   2.893,9999.000,9999.000,9999.000,9999.000,9999.000,9999.000,9999.000,9999.000
202607301236,   2.767,9999.000,9999.000,9999.000,9999.000,9999.000,9999.000,9999.000,9999.000
202607301242,   2.642,9999.000,9999.000,9999.000,9999.000,9999.000,9999.000,9999.000,9999.000
202607301248,   2.517,9999.000,9999.000,9999.000,9999.000,9999.000,9999.000,9999.000,9999.000
202607301254,   2.392,9999.000,9999.000,9999.000,9999.000,9999.000,9999.000,9999.000,9999.000
202607301300,   2.269,9999.000,   0.200,   0.045,   2.514,   0.100,   2.414,   0.200,   2.514
202607301306,   2.146,9999.000,9999.000,9999.000,9999.000,9999.000,9999.000,9999.000,9999.000
202607301312,   2.025,9999.000,9999.000,9999.000,9999.000,9999.000,9999.000,9999.000,9999.000
202607301318,   1.905,9999.000,9999.000,9999.000,9999.000,9999.000,9999.000,9999.000,9999.000
202607301324,   1.787,9999.000,9999.000,9999.000,9999.000,9999.000,9999.000,9999.000,9999.000
202607301330,   1.671,9999.000,9999.000,9999.000,9999.000,9999.000,9999.000,9999.000,9999.000
202607301336,   1.558,9999.000,9999.000,9999.000,9999.000,9999.000,9999.000,9999.000,9999.000
202607301342,   1.446,9999.000,9999.000,9999.000,9999.000,9999.000,9999.000,9999.000,9999.000
202607301348,   1.338,9999.000,9999.000,9999.000,9999.000,9999.000,9999.000,9999.000,9999.000
202607301354,   1.232,9999.000,9999.000,9999.000,9999.000,9999.000,9999.000,9999.000,9999.000
202607301400,   1.129,9999.000,   0.200,   0.045,   1.374,   0.100,   1.274,   0.200,   1.374
202607301406,   1.030,9999.000,9999.000,9999.000,9999.000,9999.000,9999.000,9999.000,9999.000
202607301412,   0.933,9999.000,9999.000,9999.000,9999.000,9999.000,9999.000,9999.000,9999.000
202607301418,   0.840,9999.000,9999.000,9999.000,9999.000,9999.000,9999.000,9999.000,9999.000
202607301424,   0.751,9999.000,9999.000,9999.000,9999.000,9999.000,9999.000,9999.000,9999.000
202607301430,   0.665,9999.000,9999.000,9999.000,9999.000,9999.000,9999.000,9999.000,9999.000
202607301436,   0.583,9999.000,9999.000,9999.000,9999.000,9999.000,9999.000,9999.000,9999.000
202607301442,   0.505,9999.000,9999.000,9999.000,9999.000,9999.000,9999.000,9999.000,9999.000
202607301448,   0.430,9999.000,9999.000,9999.000,9999.000,9999.000,9999.000,9999.000,9999.000
202607301454,   0.360,9999.000,9999.000,9999.000,9999.000,9999.000,9999.000,9999.000,9999.000
202607301500,   0.294,9999.000,   0.200,   0.045,   0.539,   0.100,   0.439,   0.200,   0.539
202607301506,   0.232,9999.000,9999.000,9999.000,9999.000,9999.000,9999.000,9999.000,9999.000
202607301512,   0.175,9999.000,9999.000,9999.000,9999.000,9999.000,9999.000,9999.000,9999.000
202607301518,   0.122,9999.000,9999.000,9999.000,9999.000,9999.000,9999.000,9999.000,9999.000
202607301524,   0.074,9999.000,9999.000,9999.000,9999.000,9999.000,9999.000,9999.000,9999.000
202607301530,   0.031,9999.000,9999.000,9999.000,9999.000,9999.000,9999.000,9999.000,9999.000
202607301536,  -0.006,9999.000,9999.000,9999.000,9999.000,9999.000,9999.000,9999.000,9999.000
202607301542,  -0.039,9999.000,9999.000,9999.000,9999.000,9999.000,9999.000,9999.000,9999.000
202607301548,  -0.066,9999.000,9999.000,9999.000,9999.000,9999.000,9999.000,9999.000,9999.000
202607301554,  -0.088,9999.000,9999.000,9999.000,9999.000,9999.000,9999.000,9999.000,9999.000
202607301600,  -0.105,9999.000,   0.200,   0.045,   0.140,   0.100,   0.040,   0.200,   0.140
202607301606,  -0.116,9999.000,9999.000,9999.000,9999.000,9999.000,9999.000,9999.000,9999.000
202607301612,  -0.121,9999.000,9999.000,9999.000,9999.000,9999.000,9999.000,9999.000,9999.000
202607301618,  -0.121,9999.000,9999.000,9999.000,9999.000,9999.000,9999.000,9999.000,9999.000
202607301624,  -0.114,9999.000,9999.000,9999.000,9999.000,9999.000,9999.000,9999.000,9999.000
202607301630,  -0.101,9999.000,9999.000,9999.000,9999.000,9999.000,9999.000,9999.000,9999.000
202607301636,  -0.083,9999.000,9999.000,9999.000,9999.000,9999.000,9999.000,9999.000,9999.000
202607301642,  -0.058,9999.000,9999.000,9999.000,9999.000,9999.000,9999.000,9999.000,9999.000
202607301648,  -0.027,9999.000,9999.000,9999.000,9999.000,9999.000,9999.000,9999.000,9999.000
202607301654,   0.009,9999.000,9999.000,9999.000,9999.000,9999.000,9999.000,9999.000,9999.000
202607301700,   0.052,9999.000,   0.200,   0.045,   0.297,   0.100,   0.197,   0.200,   0.297
202607301706,   0.100,9999.000,9999.000,9999.000,9999.000,9999.000,9999.000,9999.000,9999.000
202607301712,   0.155,9999.000,9999.000,9999.000,9999.000,9999.000,9999.000,9999.000,9999.000
202607301718,   0.215,9999.000,9999.000,9999.000,9999.000,9999.000,9999.000,9999.000,9999.000
202607301724,   0.280,9999.000,9999.000,9999.000,9999.000,9999.000,9999.000,9999.000,9999.000
202607301730,   0.350,9999.000,9999.000,9999.000,9999.000,9999.000,9999.000,9999.000,9999.000
202607301736,   0.426,9999.000,9999.000,9999.000,9999.000,9999.000,9999.000,9999.000,9999.000
202607301742,   0.506,9999.000,9999.000,9999.000,9999.000,9999.000,9999.000,9999.000,9999.000
202607301748,   0.591,9999.000,9999.000,9999.000,9999.000,9999.000,9999.000,9999.000,9999.000
202607301754,   0.679,9999.000,9999.000,9999.000,9999.000,9999.000,9999.000,9999.000,9999.000
202607301800,   0.772,9999.000,   0.200,   0.045,   1.017,   0.100,   0.917,   0.200,   1.017
202607301806,   0.867,9999.000,9999.000,9999.000,9999.000,9999.000,9999.000,9999.000,9999.000
202607301812,   0.966,9999.000,9999.000,9999.000,9999.000,9999.000,9999.000,9999.000,9999.000
202607301818,   1.068,9999.000,9999.000,9999.000,9999.000,9999.000,9999.000,9999.000,9999.000
202607301824,   1.172,9999.000,9999.000,9999.000,9999.000,9999.000,9999.000,9999.000,9999.000
202607301830,   1.279,9999.000,9999.000,9999.000,9999.000,9999.000,9999.000,9999.000,9999.000
202607301836,   1.387,9999.000,9999.000,9999.000,9999.000,9999.000,9999.000,9999.000,9999.000
202607301842,   1.496,9999.000,9999.000,9999.000,9999.000,9999.000,9999.000,9999.000,9999.000
202607301848,   1.607,9999.000,9999.000,9999.000,9999.000,9999.000,9999.000,9999.000,9999.000
202607301854,   1.718,9999.000,9999.000,9999.000,9999.000,9999.000,9999.000,9999.000,9999.000
202607301900,   1.830,9999.000,   0.200,   0.045,   2.075,   0.100,   1.975,   0.200,   2.075
202607301906,   1.942,9999.000,9999.000,9999.000,9999.000,9999.000,9999.000,9999.000,9999.000
202607301912,   2.054,9999.000,9999.000,9999.000,9999.000,9999.000,9999.000,9999.000,9999.000
202607301918,   2.166,9999.000,9999.000,9999.000,9999.000,9999.000,9999.000,9999.000,9999.000
202607301924,   2.277,9999.000,9999.000,9999.000,9999.000,9999.000,9999.000,9999.000,9999.000
202607301930,   2.387,9999.000,9999.000,9999.000,9999.000,9999.000,9999.000,9999.000,9999.000
202607301936,   2.496,9999.000,9999.000,9999.000,9999.000,9999.000,9999.000,9999.000,9999.000
202607301942,   2.604,9999.000,9999.000,9999.000,9999.000,9999.000,9999.000,9999.000,9999.000
202607301948,   2.710,9999.000,9999.000,9999.000,9999.000,9999.000,9999.000,9999.000,9999.000
202607301954,   2.815,9999.000,9999.000,9999.000,9999.000,9999.000,9999.000,9999.000,9999.000
202607302000,   2.917,9999.000,   0.200,   0.045,   3.162,   0.100,   3.062,   0.200,   3.162
202607302006,   3.018,9999.000,9999.000,9999.000,9999.000,9999.000,9999.000,9999.000,9999.000
202607302012,   3.116,9999.000,9999.000,9999.000,9999.000,9999.000,9999.000,9999.000,9999.000
202607302018,   3.212,9999.000,9999.000,9999.000,9999.000,9999.000,9999.000,9999.000,9999.000
202607302024,   3.306,9999.000,9999.000,9999.000,9999.000,9999.000,9999.000,9999.000,9999.000
202607302030,   3.396,9999.000,9999.000,9999.000,9999.000,9999.000,9999.000,9999.000,9999.000
202607302036,   3.484,9999.000,9999.000,9999.000,9999.000,9999.000,9999.000,9999.000,9999.000
202607302042,   3.569,9999.000,9999.000,9999.000,9999.000,9999.000,9999.000,9999.000,9999.000
202607302048,   3.651,9999.000,9999.000,9999.000,9999.000,9999.000,9999.000,9999.000,9999.000
202607302054,   3.730,9999.000,9999.000,9999.000,9999.000,9999.000,9999.000,9999.000,9999.000
202607302100,   3.806,9999.000,   0.100,   0.045,   3.951,   0.100,   3.951,   0.200,   4.051
202607302106,   3.878,9999.000,9999.000,9999.000,9999.000,9999.000,9999.000,9999.000,9999.000
202607302112,   3.946,9999.000,9999.000,9999.000,9999.000,9999.000,9999.000,9999.000,9999.000
202607302118,   4.011,9999.000,9999.000,9999.000,9999.000,9999.000,9999.000,9999.000,9999.000
202607302124,   4.073,9999.000,9999.000,9999.000,9999.000,9999.000,9999.000,9999.000,9999.000
202607302130,   4.130,9999.000,9999.000,9999.000,9999.000,9999.000,9999.000,9999.000,9999.000
202607302136,   4.184,9999.000,9999.000,9999.000,9999.000,9999.000,9999.000,9999.000,9999.000
202607302142,   4.233,9999.000,9999.000,9999.000,9999.000,9999.000,9999.000,9999.000,9999.000
202607302148,   4.279,9999.000,9999.000,9999.000,9999.000,9999.000,9999.000,9999.000,9999.000
202607302154,   4.320,9999.000,9999.000,9999.000,9999.000,9999.000,9999.000,9999.000,9999.000
202607302200,   4.358,9999.000,   0.100,   0.045,   4.503,   0.100,   4.503,   0.200,   4.603
202607302206,   4.391,9999.000,9999.000,9999.000,9999.000,9999.000,9999.000,9999.000,9999.000
202607302212,   4.419,9999.000,9999.000,9999.000,9999.000,9999.000,9999.000,9999.000,9999.000
202607302218,   4.444,9999.000,9999.000,9999.000,9999.000,9999.000,9999.000,9999.000,9999.000
202607302224,   4.464,9999.000,9999.000,9999.000,9999.000,9999.000,9999.000,9999.000,9999.000
202607302230,   4.480,9999.000,9999.000,9999.000,9999.000,9999.000,9999.000,9999.000,9999.000
202607302236,   4.492,9999.000,9999.000,9999.000,9999.000,9999.000,9999.000,9999.000,9999.000
202607302242,   4.499,9999.000,9999.000,9999.000,9999.000,9999.000,9999.000,9999.000,9999.000
202607302248,   4.502,9999.000,9999.000,9999.000,9999.000,9999.000,9999.000,9999.000,9999.000
202607302254,   4.501,9999.000,9999.000,9999.000,9999.000,9999.000,9999.000,9999.000,9999.000
202607302300,   4.496,9999.000,   0.100,   0.045,   4.641,   0.100,   4.641,   0.200,   4.741
202607302306,   4.486,9999.000,9999.000,9999.000,9999.000,9999.000,9999.000,9999.000,9999.000
202607302312,   4.473,9999.000,9999.000,9999.000,9999.000,9999.000,9999.000,9999.000,9999.000
202607302318,   4.455,9999.000,9999.000,9999.000,9999.000,9999.000,9999.000,9999.000,9999.000
202607302324,   4.434,9999.000,9999.000,9999.000,9999.000,9999.000,9999.000,9999.000,9999.000
202607302330,   4.409,9999.000,9999.000,9999.000,9999.000,9999.000,9999.000,9999.000,9999.000
202607302336,   4.380,9999.000,9999.000,9999.000,9999.000,9999.000,9999.000,9999.000,9999.000
202607302342,   4.347,9999.000,9999.000,9999.000,9999.000,9999.000,9999.000,9999.000,9999.000
202607302348,   4.312,9999.000,9999.000,9999.000,9999.000,9999.000,9999.000,9999.000,9999.000
202607302354,   4.273,9999.000,9999.000,9999.000,9999.000,9999.000,9999.000,9999.000,9999.000
202607310000,   4.231,9999.000,   0.100,   0.045,   4.376,   0.100,   4.376,   0.200,   4.476
