        TIME,    TIDE,      OB,   SURGE,    BIAS,     TWL,SURGE90p,  TWL90p,SURGE10p,   TWL10p
202607190000,   1.906,9999.000,   0.400,9999.000,   2.306,   0.400,   2.306,   0.500,   2.406
202607190006,   2.045,9999.000,9999.000,9999.000,9999.000,9999.000,9999.000,9999.000,9999.000
202607190012,   2.187,9999.000,9999.000,9999.000,9999.000,9999.000,9999.000,9999.000,9999.000
202607190018,   2.329,9999.000,9999.000,9999.000,9999.000,9999.000,9999.000,9999.000,9999.000
202607190024,   2.473,9999.000,9999.000,9999.000,9999.000,9999.000,9999.000,9999.000,9999.000
202607190030,   2.617,9999.000,9999.000,9999.000,9999.000,9999.000,9999.000,9999.000,9999.000
202607190036,   2.760,9999.000,9999.000,9999.000,9999.000,9999.000,9999.000,9999.000,9999.000
202607190042,   2.901,9999.000,9999.000,9999.000,9999.000,9999.000,9999.000,9999.000,9999.000
202607190048,   3.041,9999.000,9999.000,9999.000,9999.000,9999.000,9999.000,9999.000,9999.000
202607190054,   3.179,9999.000,9999.000,9999.000,9999.000,9999.000,9999.000,9999.000,9999.000
202607190100,   3.314,   4.119,   0.500,   0.305,   4.119,   0.400,   4.019,   0.500,   4.119
202607190106,   3.446,   4.247,9999.000,9999.000,9999.000,9999.000,9999.000,9999.000,9999.000
202607190112,   3.575,   4.378,9999.000,9999.000,9999.000,9999.000,9999.000,9999.000,9999.000
202607190118,   3.700,   4.509,9999.000,9999.000,9999.000,9999.000,9999.000,9999.000,9999.000
202607190124,   3.822,   4.608,9999.000,9999.000,9999.000,9999.000,9999.000,9999.000,9999.000
202607190130,   3.940,   4.690,9999.000,9999.000,9999.000,9999.000,9999.000,9999.000,9999.000
202607190136,   4.054,   4.808,9999.000,9999.000,9999.000,9999.000,9999.000,9999.000,9999.000
202607190142,   4.165,   4.887,9999.000,9999.000,9999.000,9999.000,9999.000,9999.000,9999.000
202607190148,   4.272,   4.998,9999.000,9999.000,9999.000,9999.000,9999.000,9999.000,9999.000
202607190154,   4.376,   5.067,9999.000,9999.000,9999.000,9999.000,9999.000,9999.000,9999.000
202607190200,   4.476,   5.169,   0.500,   0.193,   5.169,   0.400,   5.069,   0.500,   5.169
202607190206,   4.573,   5.247,9999.000,9999.000,9999.000,9999.000,9999.000,9999.000,9999.000
202607190212,   4.667,   5.359,9999.000,9999.000,9999.000,9999.000,9999.000,9999.000,9999.000
202607190218,   4.758,   5.448,9999.000,9999.000,9999.000,9999.000,9999.000,9999.000,9999.000
202607190224,   4.845,   5.530,9999.000,9999.000,9999.000,9999.000,9999.000,9999.000,9999.000
202607190230,   4.930,   5.579,9999.000,9999.000,9999.000,9999.000,9999.000,9999.000,9999.000
202607190236,   5.012,   5.618,9999.000,9999.000,9999.000,9999.000,9999.000,9999.000,9999.000
202607190242,   5.090,   5.648,9999.000,9999.000,9999.000,9999.000,9999.000,9999.000,9999.000
202607190248,   5.166,   5.667,9999.000,9999.000,9999.000,9999.000,9999.000,9999.000,9999.000
202607190254,   5.237,   5.687,9999.000,9999.000,9999.000,9999.000,9999.000,9999.000,9999.000
202607190300,   5.306,   5.697,   0.400,  -0.009,   5.697,   0.300,   5.597,   0.500,   5.797
202607190306,   5.370,   5.717,9999.000,9999.000,9999.000,9999.000,9999.000,9999.000,9999.000
202607190312,   5.430,   5.717,9999.000,9999.000,9999.000,9999.000,9999.000,9999.000,9999.000
202607190318,   5.486,   5.730,9999.000,9999.000,9999.000,9999.000,9999.000,9999.000,9999.000
202607190324,   5.537,   5.697,9999.000,9999.000,9999.000,9999.000,9999.000,9999.000,9999.000
202607190330,   5.583,   5.687,9999.000,9999.000,9999.000,9999.000,9999.000,9999.000,9999.000
202607190336,   5.623,   5.667,9999.000,9999.000,9999.000,9999.000,9999.000,9999.000,9999.000
202607190342,   5.657,   5.638,9999.000,9999.000,9999.000,9999.000,9999.000,9999.000,9999.000
202607190348,   5.684,   5.628,9999.000,9999.000,9999.000,9999.000,9999.000,9999.000,9999.000
202607190354,   5.705,   5.579,9999.000,9999.000,9999.000,9999.000,9999.000,9999.000,9999.000
202607190400,   5.718,   5.507,   0.400,  -0.611,   5.507,   0.300,   5.407,   0.500,   5.607
202607190406,   5.725,   5.428,9999.000,9999.000,9999.000,9999.000,9999.000,9999.000,9999.000
202607190412,   5.723,   5.339,9999.000,9999.000,9999.000,9999.000,9999.000,9999.000,9999.000
202607190418,   5.714,   5.218,9999.000,9999.000,9999.000,9999.000,9999.000,9999.000,9999.000
202607190424,   5.696,   5.097,9999.000,9999.000,9999.000,9999.000,9999.000,9999.000,9999.000
202607190430,   5.670,   4.998,9999.000,9999.000,9999.000,9999.000,9999.000,9999.000,9999.000
202607190436,   5.636,   4.910,9999.000,9999.000,9999.000,9999.000,9999.000,9999.000,9999.000
202607190442,   5.594,   4.867,9999.000,9999.000,9999.000,9999.000,9999.000,9999.000,9999.000
202607190448,   5.544,   4.847,9999.000,9999.000,9999.000,9999.000,9999.000,9999.000,9999.000
202607190454,   5.486,   4.847,9999.000,9999.000,9999.000,9999.000,9999.000,9999.000,9999.000
202607190500,   5.421,   4.900,   0.300,  -0.821,   4.900,   0.200,   4.800,   0.500,   5.100
202607190506,   5.347,   4.979,9999.000,9999.000,9999.000,9999.000,9999.000,9999.000,9999.000
202607190512,   5.267,   5.077,9999.000,9999.000,9999.000,9999.000,9999.000,9999.000,9999.000
202607190518,   5.180,   5.179,9999.000,9999.000,9999.000,9999.000,9999.000,9999.000,9999.000
202607190524,   5.087,   5.267,9999.000,9999.000,9999.000,9999.000,9999.000,9999.000,9999.000
202607190530,   4.988,   5.359,9999.000,9999.000,9999.000,9999.000,9999.000,9999.000,9999.000
202607190536,   4.883,   5.428,9999.000,9999.000,9999.000,9999.000,9999.000,9999.000,9999.000
202607190542,   4.773,   5.448,9999.000,9999.000,9999.000,9999.000,9999.000,9999.000,9999.000
202607190548,   4.659,   5.457,9999.000,9999.000,9999.000,9999.000,9999.000,9999.000,9999.000
202607190554,   4.540,   5.448,9999.000,9999.000,9999.000,9999.000,9999.000,9999.000,9999.000
202607190600,   4.419,   5.369,   0.300,   0.650,   5.369,   0.200,   5.269,   0.400,   5.469
202607190606,   4.294,   5.257,9999.000,9999.000,9999.000,9999.000,9999.000,9999.000,9999.000
202607190612,   4.166,   5.129,9999.000,9999.000,9999.000,9999.000,9999.000,9999.000,9999.000
202607190618,   4.036,   4.969,9999.000,9999.000,9999.000,9999.000,9999.000,9999.000,9999.000
202607190624,   3.905,   4.828,9999.000,9999.000,9999.000,9999.000,9999.000,9999.000,9999.000
202607190630,   3.772,   4.667,9999.000,9999.000,9999.000,9999.000,9999.000,9999.000,9999.000
202607190636,   3.639,   4.509,9999.000,9999.000,9999.000,9999.000,9999.000,9999.000,9999.000
202607190642,   3.505,   4.388,9999.000,9999.000,9999.000,9999.000,9999.000,9999.000,9999.000
202607190648,   3.371,   4.257,9999.000,9999.000,9999.000,9999.000,9999.000,9999.000,9999.000
202607190654,   3.237,   4.129,9999.000,9999.000,9999.000,9999.000,9999.000,9999.000,9999.000
202607190700,   3.104,   4.008,   0.300,   0.604,   4.008,   0.200,   3.908,   0.400,   4.108
202607190706,   2.971,   3.880,9999.000,9999.000,9999.000,9999.000,9999.000,9999.000,9999.000
202607190712,   2.839,   3.758,9999.000,9999.000,9999.000,9999.000,9999.000,9999.000,9999.000
202607190718,   2.709,   3.627,9999.000,9999.000,9999.000,9999.000,9999.000,9999.000,9999.000
202607190724,   2.580,   3.499,9999.000,9999.000,9999.000,9999.000,9999.000,9999.000,9999.000
202607190730,   2.453,   3.368,9999.000,9999.000,9999.000,9999.000,9999.000,9999.000,9999.000
202607190736,   2.327,   3.270,9999.000,9999.000,9999.000,9999.000,9999.000,9999.000,9999.000
202607190742,   2.204,   3.168,9999.000,9999.000,9999.000,9999.000,9999.000,9999.000,9999.000
202607190748,   2.082,   3.060,9999.000,9999.000,9999.000,9999.000,9999.000,9999.000,9999.000
202607190754,   1.963,   2.938,9999.000,9999.000,9999.000,9999.000,9999.000,9999.000,9999.000
202607190800,   1.846,   2.797,   0.300,   0.651,   2.797,   0.200,   2.697,   0.400,   2.897
202607190806,   1.731,   2.669,9999.000,9999.000,9999.000,9999.000,9999.000,9999.000,9999.000
202607190812,   1.619,   2.558,9999.000,9999.000,9999.000,9999.000,9999.000,9999.000,9999.000
202607190818,   1.509,   2.430,9999.000,9999.000,9999.000,9999.000,9999.000,9999.000,9999.000
202607190824,   1.402,   2.299,9999.000,9999.000,9999.000,9999.000,9999.000,9999.000,9999.000
202607190830,   1.298,   2.168,9999.000,9999.000,9999.000,9999.000,9999.000,9999.000,9999.000
202607190836,   1.196,   2.030,9999.000,9999.000,9999.000,9999.000,9999.000,9999.000,9999.000
202607190842,   1.097,   1.869,9999.000,9999.000,9999.000,9999.000,9999.000,9999.000,9999.000
202607190848,   1.000,   1.699,9999.000,9999.000,9999.000,9999.000,9999.000,9999.000,9999.000
202607190854,   0.907,   1.498,9999.000,9999.000,9999.000,9999.000,9999.000,9999.000,9999.000
202607190900,   0.816,   1.289,   0.300,   0.173,   1.289,   0.300,   1.289,   0.400,   1.389
202607190906,   0.729,   1.069,9999.000,9999.000,9999.000,9999.000,9999.000,9999.000,9999.000
202607190912,   0.645,   0.898,9999.000,9999.000,9999.000,9999.000,9999.000,9999.000,9999.000
202607190918,   0.564,   0.760,9999.000,9999.000,9999.000,9999.000,9999.000,9999.000,9999.000
202607190924,   0.487,   0.629,9999.000,9999.000,9999.000,9999.000,9999.000,9999.000,9999.000
202607190930,   0.413,   0.541,9999.000,9999.000,9999.000,9999.000,9999.000,9999.000,9999.000
202607190936,   0.344,   0.478,9999.000,9999.000,9999.000,9999.000,9999.000,9999.000,9999.000
202607190942,   0.279,   0.439,9999.000,9999.000,9999.000,9999.000,9999.000,9999.000,9999.000
202607190948,   0.218,   0.409,9999.000,9999.000,9999.000,9999.000,9999.000,9999.000,9999.000
202607190954,   0.163,   0.360,9999.000,9999.000,9999.000,9999.000,9999.000,9999.000,9999.000
202607191000,   0.113,   0.298,   0.300,  -0.115,   0.298,   0.200,   0.198,   0.400,   0.398
202607191006,   0.069,   0.259,9999.000,9999.000,9999.000,9999.000,9999.000,9999.000,9999.000
202607191012,   0.031,   0.209,9999.000,9999.000,9999.000,9999.000,9999.000,9999.000,9999.000
202607191018,   0.000,   0.170,9999.000,9999.000,9999.000,9999.000,9999.000,9999.000,9999.000
202607191024,  -0.024,   0.141,9999.000,9999.000,9999.000,9999.000,9999.000,9999.000,9999.000
202607191030,  -0.041,   0.131,9999.000,9999.000,9999.000,9999.000,9999.000,9999.000,9999.000
202607191036,  -0.050,   0.141,9999.000,9999.000,9999.000,9999.000,9999.000,9999.000,9999.000
202607191042,  -0.051,   0.160,9999.000,9999.000,9999.000,9999.000,9999.000,9999.000,9999.000
202607191048,  -0.043,   0.180,9999.000,9999.000,9999.000,9999.000,9999.000,9999.000,9999.000
202607191054,  -0.027,   0.200,9999.000,9999.000,9999.000,9999.000,9999.000,9999.000,9999.000
202607191100,  -0.002,   0.209,   0.200,   0.011,   0.209,   0.100,   0.109,   0.400,   0.409
202607191106,   0.031,   0.239,9999.000,9999.000,9999.000,9999.000,9999.000,9999.000,9999.000
202607191112,   0.075,   0.259,9999.000,9999.000,9999.000,9999.000,9999.000,9999.000,9999.000
202607191118,   0.128,   0.288,9999.000,9999.000,9999.000,9999.000,9999.000,9999.000,9999.000
202607191124,   0.190,   0.308,9999.000,9999.000,9999.000,9999.000,9999.000,9999.000,9999.000
202607191130,   0.261,   0.360,9999.000,9999.000,9999.000,9999.000,9999.000,9999.000,9999.000
202607191136,   0.341,   0.429,9999.000,9999.000,9999.000,9999.000,9999.000,9999.000,9999.000
202607191142,   0.429,   0.551,9999.000,9999.000,9999.000,9999.000,9999.000,9999.000,9999.000
202607191148,   0.525,   0.678,9999.000,9999.000,9999.000,9999.000,9999.000,9999.000,9999.000
202607191154,   0.629,   0.839,9999.000,9999.000,9999.000,9999.000,9999.000,9999.000,9999.000
202607191200,   0.740,   1.020,   0.300,  -0.020,   1.020,   0.200,   0.920,   0.400,   1.120
202607191206,   0.858,   1.210,9999.000,9999.000,9999.000,9999.000,9999.000,9999.000,9999.000
202607191212,   0.981,   1.380,9999.000,9999.000,9999.000,9999.000,9999.000,9999.000,9999.000
202607191218,   1.110,   1.580,9999.000,9999.000,9999.000,9999.000,9999.000,9999.000,9999.000
202607191224,   1.242,   1.748,9999.000,9999.000,9999.000,9999.000,9999.000,9999.000,9999.000
202607191230,   1.379,   1.918,9999.000,9999.000,9999.000,9999.000,9999.000,9999.000,9999.000
202607191236,   1.518,   2.089,9999.000,9999.000,9999.000,9999.000,9999.000,9999.000,9999.000
202607191242,   1.659,   2.259,9999.000,9999.000,9999.000,9999.000,9999.000,9999.000,9999.000
202607191248,   1.802,   2.420,9999.000,9999.000,9999.000,9999.000,9999.000,9999.000,9999.000
202607191254,   1.945,   2.587,9999.000,9999.000,9999.000,9999.000,9999.000,9999.000,9999.000
202607191300,   2.089,   2.758,   0.200,   0.469,   2.758,   0.200,   2.758,   0.300,   2.858
202607191306,   2.232,   2.899,9999.000,9999.000,9999.000,9999.000,9999.000,9999.000,9999.000
202607191312,   2.373,   3.007,9999.000,9999.000,9999.000,9999.000,9999.000,9999.000,9999.000
202607191318,   2.514,   3.119,9999.000,9999.000,9999.000,9999.000,9999.000,9999.000,9999.000
202607191324,   2.652,   3.197,9999.000,9999.000,9999.000,9999.000,9999.000,9999.000,9999.000
202607191330,   2.788,   3.270,9999.000,9999.000,9999.000,9999.000,9999.000,9999.000,9999.000
202607191336,   2.921,   3.339,9999.000,9999.000,9999.000,9999.000,9999.000,9999.000,9999.000
202607191342,   3.052,   3.427,9999.000,9999.000,9999.000,9999.000,9999.000,9999.000,9999.000
202607191348,   3.180,   3.529,9999.000,9999.000,9999.000,9999.000,9999.000,9999.000,9999.000
202607191354,   3.304,   3.627,9999.000,9999.000,9999.000,9999.000,9999.000,9999.000,9999.000
202607191400,   3.426,   3.739,   0.200,   0.113,   3.739,   0.100,   3.639,   0.300,   3.839
202607191406,   3.545,   3.837,9999.000,9999.000,9999.000,9999.000,9999.000,9999.000,9999.000
202607191412,   3.661,   3.939,9999.000,9999.000,9999.000,9999.000,9999.000,9999.000,9999.000
202607191418,   3.775,   4.037,9999.000,9999.000,9999.000,9999.000,9999.000,9999.000,9999.000
202607191424,   3.885,   4.139,9999.000,9999.000,9999.000,9999.000,9999.000,9999.000,9999.000
202607191430,   3.994,   4.227,9999.000,9999.000,9999.000,9999.000,9999.000,9999.000,9999.000
202607191436,   4.099,   4.349,9999.000,9999.000,9999.000,9999.000,9999.000,9999.000,9999.000
202607191442,   4.203,   4.457,9999.000,9999.000,9999.000,9999.000,9999.000,9999.000,9999.000
202607191448,   4.304,   4.559,9999.000,9999.000,9999.000,9999.000,9999.000,9999.000,9999.000
202607191454,   4.402,   4.657,9999.000,9999.000,9999.000,9999.000,9999.000,9999.000,9999.000
202607191500,   4.499,   4.749,   0.200,   0.050,   4.749,   0.100,   4.649,   0.300,   4.849
202607191506,   4.592,   4.847,9999.000,9999.000,9999.000,9999.000,9999.000,9999.000,9999.000
202607191512,   4.684,   4.929,9999.000,9999.000,9999.000,9999.000,9999.000,9999.000,9999.000
202607191518,   4.772,   4.988,9999.000,9999.000,9999.000,9999.000,9999.000,9999.000,9999.000
202607191524,   4.857,   5.047,9999.000,9999.000,9999.000,9999.000,9999.000,9999.000,9999.000
202607191530,   4.939,   5.110,9999.000,9999.000,9999.000,9999.000,9999.000,9999.000,9999.000
202607191536,   5.018,   5.159,9999.000,9999.000,9999.000,9999.000,9999.000,9999.000,9999.000
202607191542,   5.092,   5.218,9999.000,9999.000,9999.000,9999.000,9999.000,9999.000,9999.000
202607191548,   5.162,   5.257,9999.000,9999.000,9999.000,9999.000,9999.000,9999.000,9999.000
202607191554,   5.227,   5.339,9999.000,9999.000,9999.000,9999.000,9999.000,9999.000,9999.000
202607191600,   5.286,   5.408,   0.300,  -0.178,   5.408,   0.200,   5.308,   0.300,   5.408
202607191606,   5.340,   5.487,9999.000,9999.000,9999.000,9999.000,9999.000,9999.000,9999.000
202607191612,   5.388,   5.549,9999.000,9999.000,9999.000,9999.000,9999.000,9999.000,9999.000
202607191618,   5.429,   5.598,9999.000,9999.000,9999.000,9999.000,9999.000,9999.000,9999.000
202607191624,   5.464,   5.638,9999.000,9999.000,9999.000,9999.000,9999.000,9999.000,9999.000
202607191630,   5.491,   5.667,9999.000,9999.000,9999.000,9999.000,9999.000,9999.000,9999.000
202607191636,   5.511,   5.697,9999.000,9999.000,9999.000,9999.000,9999.000,9999.000,9999.000
202607191642,   5.522,   5.707,9999.000,9999.000,9999.000,9999.000,9999.000,9999.000,9999.000
202607191648,   5.526,   5.730,9999.000,9999.000,9999.000,9999.000,9999.000,9999.000,9999.000
202607191654,   5.522,   5.717,9999.000,9999.000,9999.000,9999.000,9999.000,9999.000,9999.000
202607191700,   5.509,   5.730,   0.300,  -0.079,   5.730,   0.200,   5.630,   0.400,   5.830
202607191706,   5.489,   5.730,9999.000,9999.000,9999.000,9999.000,9999.000,9999.000,9999.000
202607191712,   5.460,   5.730,9999.000,9999.000,9999.000,9999.000,9999.000,9999.000,9999.000
202607191718,   5.424,   5.717,9999.000,9999.000,9999.000,9999.000,9999.000,9999.000,9999.000
202607191724,   5.379,   5.739,9999.000,9999.000,9999.000,9999.000,9999.000,9999.000,9999.000
202607191730,   5.328,   5.779,9999.000,9999.000,9999.000,9999.000,9999.000,9999.000,9999.000
202607191736,   5.269,   5.759,9999.000,9999.000,9999.000,9999.000,9999.000,9999.000,9999.000
202607191742,   5.203,   5.730,9999.000,9999.000,9999.000,9999.000,9999.000,9999.000,9999.000
202607191748,   5.131,   5.667,9999.000,9999.000,9999.000,9999.000,9999.000,9999.000,9999.000
202607191754,   5.053,   5.608,9999.000,9999.000,9999.000,9999.000,9999.000,9999.000,9999.000
202607191800,   4.969,   5.516,   0.400,   0.147,   5.516,   0.300,   5.416,   0.400,   5.516
202607191806,   4.881,   5.448,9999.000,9999.000,9999.000,9999.000,9999.000,9999.000,9999.000
202607191812,   4.788,   5.369,9999.000,9999.000,9999.000,9999.000,9999.000,9999.000,9999.000
202607191818,   4.691,   5.287,9999.000,9999.000,9999.000,9999.000,9999.000,9999.000,9999.000
202607191824,   4.590,   5.198,9999.000,9999.000,9999.000,9999.000,9999.000,9999.000,9999.000
202607191830,   4.486,   5.097,9999.000,9999.000,9999.000,9999.000,9999.000,9999.000,9999.000
202607191836,   4.380,   4.959,9999.000,9999.000,9999.000,9999.000,9999.000,9999.000,9999.000
202607191842,   4.271,   4.828,9999.000,9999.000,9999.000,9999.000,9999.000,9999.000,9999.000
202607191848,   4.161,   4.677,9999.000,9999.000,9999.000,9999.000,9999.000,9999.000,9999.000
202607191854,   4.050,   4.539,9999.000,9999.000,9999.000,9999.000,9999.000,9999.000,9999.000
202607191900,   3.937,   4.408,   0.400,   0.071,   4.408,   0.300,   4.308,   0.400,   4.408
202607191906,   3.825,   4.280,9999.000,9999.000,9999.000,9999.000,9999.000,9999.000,9999.000
202607191912,   3.712,   4.168,9999.000,9999.000,9999.000,9999.000,9999.000,9999.000,9999.000
202607191918,   3.599,   4.070,9999.000,9999.000,9999.000,9999.000,9999.000,9999.000,9999.000
202607191924,   3.487,   3.958,9999.000,9999.000,9999.000,9999.000,9999.000,9999.000,9999.000
202607191930,   3.376,   3.847,9999.000,9999.000,9999.000,9999.000,9999.000,9999.000,9999.000
202607191936,   3.265,   3.719,9999.000,9999.000,9999.000,9999.000,9999.000,9999.000,9999.000
202607191942,   3.156,   3.588,9999.000,9999.000,9999.000,9999.000,9999.000,9999.000,9999.000
202607191948,   3.048,   3.460,9999.000,9999.000,9999.000,9999.000,9999.000,9999.000,9999.000
202607191954,   2.941,   3.339,9999.000,9999.000,9999.000,9999.000,9999.000,9999.000,9999.000
202607192000,   2.837,   3.230,   0.400,  -0.007,   3.230,   0.300,   3.130,   0.400,   3.230
202607192006,   2.734,   3.109,9999.000,9999.000,9999.000,9999.000,9999.000,9999.000,9999.000
202607192012,   2.632,   2.997,9999.000,9999.000,9999.000,9999.000,9999.000,9999.000,9999.000
202607192018,   2.533,   2.909,9999.000,9999.000,9999.000,9999.000,9999.000,9999.000,9999.000
202607192024,   2.436,   2.830,9999.000,9999.000,9999.000,9999.000,9999.000,9999.000,9999.000
202607192030,   2.340,   2.728,9999.000,9999.000,9999.000,9999.000,9999.000,9999.000,9999.000
202607192036,   2.247,   2.640,9999.000,9999.000,9999.000,9999.000,9999.000,9999.000,9999.000
202607192042,   2.156,   2.538,9999.000,9999.000,9999.000,9999.000,9999.000,9999.000,9999.000
202607192048,   2.067,   2.410,9999.000,9999.000,9999.000,9999.000,9999.000,9999.000,9999.000
202607192054,   1.980,   2.299,9999.000,9999.000,9999.000,9999.000,9999.000,9999.000,9999.000
202607192100,   1.895,   2.177,   0.400,  -0.118,   2.177,   0.300,   2.077,   0.500,   2.277
202607192106,   1.812,   2.059,9999.000,9999.000,9999.000,9999.000,9999.000,9999.000,9999.000
202607192112,   1.731,   1.967,9999.000,9999.000,9999.000,9999.000,9999.000,9999.000,9999.000
202607192118,   1.652,   1.918,9999.000,9999.000,9999.000,9999.000,9999.000,9999.000,9999.000
202607192124,   1.576,   1.859,9999.000,9999.000,9999.000,9999.000,9999.000,9999.000,9999.000
202607192130,   1.501,   1.790,9999.000,9999.000,9999.000,9999.000,9999.000,9999.000,9999.000
202607192136,   1.430,   1.748,9999.000,9999.000,9999.000,9999.000,9999.000,9999.000,9999.000
202607192142,   1.360,   1.708,9999.000,9999.000,9999.000,9999.000,9999.000,9999.000,9999.000
202607192148,   1.294,   1.649,9999.000,9999.000,9999.000,9999.000,9999.000,9999.000,9999.000
202607192154,   1.230,   1.600,9999.000,9999.000,9999.000,9999.000,9999.000,9999.000,9999.000
202607192200,   1.169,   1.518,   0.400,  -0.051,   1.518,   0.300,   1.418,   0.500,   1.618
202607192206,   1.112,   1.459,9999.000,9999.000,9999.000,9999.000,9999.000,9999.000,9999.000
202607192212,   1.058,   1.410,9999.000,9999.000,9999.000,9999.000,9999.000,9999.000,9999.000
202607192218,   1.008,   1.361,9999.000,9999.000,9999.000,9999.000,9999.000,9999.000,9999.000
202607192224,   0.963,   1.328,9999.000,9999.000,9999.000,9999.000,9999.000,9999.000,9999.000
202607192230,   0.922,   1.269,9999.000,9999.000,9999.000,9999.000,9999.000,9999.000,9999.000
202607192236,   0.886,   1.239,9999.000,9999.000,9999.000,9999.000,9999.000,9999.000,9999.000
202607192242,   0.856,   1.210,9999.000,9999.000,9999.000,9999.000,9999.000,9999.000,9999.000
202607192248,   0.831,   1.138,9999.000,9999.000,9999.000,9999.000,9999.000,9999.000,9999.000
202607192254,   0.813,   1.118,9999.000,9999.000,9999.000,9999.000,9999.000,9999.000,9999.000
202607192300,   0.801,   1.098,   0.400,  -0.103,   1.098,   0.300,   0.998,   0.500,   1.198
202607192306,   0.796,   1.088,9999.000,9999.000,9999.000,9999.000,9999.000,9999.000,9999.000
202607192312,   0.799,   1.098,9999.000,9999.000,9999.000,9999.000,9999.000,9999.000,9999.000
202607192318,   0.810,   1.108,9999.000,9999.000,9999.000,9999.000,9999.000,9999.000,9999.000
202607192324,   0.828,   1.138,9999.000,9999.000,9999.000,9999.000,9999.000,9999.000,9999.000
202607192330,   0.854,   1.161,9999.000,9999.000,9999.000,9999.000,9999.000,9999.000,9999.000
202607192336,   0.889,   1.190,9999.000,9999.000,9999.000,9999.000,9999.000,9999.000,9999.000
202607192342,   0.932,   1.229,9999.000,9999.000,9999.000,9999.000,9999.000,9999.000,9999.000
202607192348,   0.983,   1.259,9999.000,9999.000,9999.000,9999.000,9999.000,9999.000,9999.000
202607192354,   1.042,   1.308,9999.000,9999.000,9999.000,9999.000,9999.000,9999.000,9999.000
202607200000,   1.110,   1.400,   0.400,  -0.110,   1.400,   0.300,   1.300,   0.400,   1.400
202607200006,   1.184,   1.469,9999.000,9999.000,9999.000,9999.000,9999.000,9999.000,9999.000
202607200012,   1.267,   1.580,9999.000,9999.000,9999.000,9999.000,9999.000,9999.000,9999.000
202607200018,   1.356,   1.689,9999.000,9999.000,9999.000,9999.000,9999.000,9999.000,9999.000
202607200024,   1.452,   1.800,9999.000,9999.000,9999.000,9999.000,9999.000,9999.000,9999.000
202607200030,   1.553,   1.928,9999.000,9999.000,9999.000,9999.000,9999.000,9999.000,9999.000
202607200036,   1.660,   2.059,9999.000,9999.000,9999.000,9999.000,9999.000,9999.000,9999.000
202607200042,   1.771,   2.200,9999.000,9999.000,9999.000,9999.000,9999.000,9999.000,9999.000
202607200048,   1.886,   2.377,9999.000,9999.000,9999.000,9999.000,9999.000,9999.000,9999.000
202607200054,   2.005,   2.538,9999.000,9999.000,9999.000,9999.000,9999.000,9999.000,9999.000
202607200100,   2.126,   2.699,   0.400,   0.173,   2.699,   0.300,   2.599,   0.400,   2.699
202607200106,   2.249,   2.840,9999.000,9999.000,9999.000,9999.000,9999.000,9999.000,9999.000
202607200112,   2.373,   2.958,9999.000,9999.000,9999.000,9999.000,9999.000,9999.000,9999.000
202607200118,   2.497,   3.079,9999.000,9999.000,9999.000,9999.000,9999.000,9999.000,9999.000
202607200124,   2.622,   3.197,9999.000,9999.000,9999.000,9999.000,9999.000,9999.000,9999.000
202607200130,   2.745,   3.319,9999.000,9999.000,9999.000,9999.000,9999.000,9999.000,9999.000
202607200136,   2.868,   3.460,9999.000,9999.000,9999.000,9999.000,9999.000,9999.000,9999.000
202607200142,   2.988,   3.568,9999.000,9999.000,9999.000,9999.000,9999.000,9999.000,9999.000
202607200148,   3.107,   3.699,9999.000,9999.000,9999.000,9999.000,9999.000,9999.000,9999.000
202607200154,   3.223,   3.817,9999.000,9999.000,9999.000,9999.000,9999.000,9999.000,9999.000
202607200200,   3.337,   3.929,   0.400,   0.192,   3.929,   0.400,   3.929,   0.500,   4.029
202607200206,   3.448,   4.027,9999.000,9999.000,9999.000,9999.000,9999.000,9999.000,9999.000
202607200212,   3.556,   4.129,9999.000,9999.000,9999.000,9999.000,9999.000,9999.000,9999.000
202607200218,   3.661,   4.218,9999.000,9999.000,9999.000,9999.000,9999.000,9999.000,9999.000
202607200224,   3.764,   4.319,9999.000,9999.000,9999.000,9999.000,9999.000,9999.000,9999.000
202607200230,   3.863,   4.408,9999.000,9999.000,9999.000,9999.000,9999.000,9999.000,9999.000
202607200236,   3.959,   4.490,9999.000,9999.000,9999.000,9999.000,9999.000,9999.000,9999.000
202607200242,   4.053,   4.559,9999.000,9999.000,9999.000,9999.000,9999.000,9999.000,9999.000
202607200248,   4.144,   4.608,9999.000,9999.000,9999.000,9999.000,9999.000,9999.000,9999.000
202607200254,   4.233,   4.657,9999.000,9999.000,9999.000,9999.000,9999.000,9999.000,9999.000
202607200300,   4.319,   4.700,   0.400,  -0.019,   4.700,   0.300,   4.600,   0.400,   4.700
202607200306,   4.403,   4.677,9999.000,9999.000,9999.000,9999.000,9999.000,9999.000,9999.000
202607200312,   4.485,   4.788,9999.000,9999.000,9999.000,9999.000,9999.000,9999.000,9999.000
202607200318,   4.564,   4.818,9999.000,9999.000,9999.000,9999.000,9999.000,9999.000,9999.000
202607200324,   4.641,   4.887,9999.000,9999.000,9999.000,9999.000,9999.000,9999.000,9999.000
202607200330,   4.716,   4.929,9999.000,9999.000,9999.000,9999.000,9999.000,9999.000,9999.000
202607200336,   4.788,   4.988,9999.000,9999.000,9999.000,9999.000,9999.000,9999.000,9999.000
202607200342,   4.857,   5.047,9999.000,9999.000,9999.000,9999.000,9999.000,9999.000,9999.000
202607200348,   4.923,   5.110,9999.000,9999.000,9999.000,9999.000,9999.000,9999.000,9999.000
202607200354,   4.986,   5.159,9999.000,9999.000,9999.000,9999.000,9999.000,9999.000,9999.000
202607200400,   5.045,   5.218,   0.400,  -0.227,   5.218,   0.300,   5.118,   0.400,   5.218
202607200406,   5.100,   5.267,9999.000,9999.000,9999.000,9999.000,9999.000,9999.000,9999.000
202607200412,   5.151,   5.307,9999.000,9999.000,9999.000,9999.000,9999.000,9999.000,9999.000
202607200418,   5.197,   5.369,9999.000,9999.000,9999.000,9999.000,9999.000,9999.000,9999.000
202607200424,   5.238,   5.398,9999.000,9999.000,9999.000,9999.000,9999.000,9999.000,9999.000
202607200430,   5.273,   5.418,9999.000,9999.000,9999.000,9999.000,9999.000,9999.000,9999.000
202607200436,   5.303,   5.438,9999.000,9999.000,9999.000,9999.000,9999.000,9999.000,9999.000
202607200442,   5.325,   5.467,9999.000,9999.000,9999.000,9999.000,9999.000,9999.000,9999.000
202607200448,   5.341,   5.457,9999.000,9999.000,9999.000,9999.000,9999.000,9999.000,9999.000
202607200454,   5.350,   5.457,9999.000,9999.000,9999.000,9999.000,9999.000,9999.000,9999.000
202607200500,   5.351,   5.457,   0.300,  -0.194,   5.457,   0.300,   5.457,   0.400,   5.557
202607200506,   5.344,   5.457,9999.000,9999.000,9999.000,9999.000,9999.000,9999.000,9999.000
202607200512,   5.330,   5.448,9999.000,9999.000,9999.000,9999.000,9999.000,9999.000,9999.000
202607200518,   5.308,   5.428,9999.000,9999.000,9999.000,9999.000,9999.000,9999.000,9999.000
202607200524,   5.277,   5.408,9999.000,9999.000,9999.000,9999.000,9999.000,9999.000,9999.000
202607200530,   5.239,   5.369,9999.000,9999.000,9999.000,9999.000,9999.000,9999.000,9999.000
202607200536,   5.193,   5.320,9999.000,9999.000,9999.000,9999.000,9999.000,9999.000,9999.000
202607200542,   5.139,   5.287,9999.000,9999.000,9999.000,9999.000,9999.000,9999.000,9999.000
202607200548,   5.078,   5.238,9999.000,9999.000,9999.000,9999.000,9999.000,9999.000,9999.000
202607200554,   5.009,   5.198,9999.000,9999.000,9999.000,9999.000,9999.000,9999.000,9999.000
202607200600,   4.934,   5.169,   0.300,  -0.065,   5.169,   0.200,   5.069,   0.300,   5.169
202607200606,   4.852,   5.120,9999.000,9999.000,9999.000,9999.000,9999.000,9999.000,9999.000
202607200612,   4.764,   5.077,9999.000,9999.000,9999.000,9999.000,9999.000,9999.000,9999.000
202607200618,   4.670,   5.008,9999.000,9999.000,9999.000,9999.000,9999.000,9999.000,9999.000
202607200624,   4.572,   4.929,9999.000,9999.000,9999.000,9999.000,9999.000,9999.000,9999.000
202607200630,   4.468,   4.847,9999.000,9999.000,9999.000,9999.000,9999.000,9999.000,9999.000
202607200636,   4.361,   4.739,9999.000,9999.000,9999.000,9999.000,9999.000,9999.000,9999.000
202607200642,   4.250,   4.637,9999.000,9999.000,9999.000,9999.000,9999.000,9999.000,9999.000
202607200648,   4.137,   4.549,9999.000,9999.000,9999.000,9999.000,9999.000,9999.000,9999.000
202607200654,   4.020,   4.427,9999.000,9999.000,9999.000,9999.000,9999.000,9999.000,9999.000
202607200700,   3.902,   4.300,   0.300,   0.098,   4.300,   0.200,   4.200,   0.300,   4.300
202607200706,   3.782,   4.159,9999.000,9999.000,9999.000,9999.000,9999.000,9999.000,9999.000
202607200712,   3.661,   4.027,9999.000,9999.000,9999.000,9999.000,9999.000,9999.000,9999.000
202607200718,   3.540,   3.880,9999.000,9999.000,9999.000,9999.000,9999.000,9999.000,9999.000
202607200724,   3.418,   3.749,9999.000,9999.000,9999.000,9999.000,9999.000,9999.000,9999.000
202607200730,   3.296,   3.607,9999.000,9999.000,9999.000,9999.000,9999.000,9999.000,9999.000
202607200736,   3.175,   3.489,9999.000,9999.000,9999.000,9999.000,9999.000,9999.000,9999.000
202607200742,   3.055,   3.378,9999.000,9999.000,9999.000,9999.000,9999.000,9999.000,9999.000
202607200748,   2.936,   3.270,9999.000,9999.000,9999.000,9999.000,9999.000,9999.000,9999.000
202607200754,   2.818,   3.178,9999.000,9999.000,9999.000,9999.000,9999.000,9999.000,9999.000
202607200800,   2.702,   3.099,   0.300,   0.097,   3.099,   0.300,   3.099,   0.300,   3.099
202607200806,   2.588,   3.040,9999.000,9999.000,9999.000,9999.000,9999.000,9999.000,9999.000
202607200812,   2.476,   2.978,9999.000,9999.000,9999.000,9999.000,9999.000,9999.000,9999.000
202607200818,   2.365,   2.899,9999.000,9999.000,9999.000,9999.000,9999.000,9999.000,9999.000
202607200824,   2.257,   2.850,9999.000,9999.000,9999.000,9999.000,9999.000,9999.000,9999.000
202607200830,   2.151,   2.758,9999.000,9999.000,9999.000,9999.000,9999.000,9999.000,9999.000
202607200836,   2.048,   2.669,9999.000,9999.000,9999.000,9999.000,9999.000,9999.000,9999.000
202607200842,   1.947,   2.568,9999.000,9999.000,9999.000,9999.000,9999.000,9999.000,9999.000
202607200848,   1.848,   2.489,9999.000,9999.000,9999.000,9999.000,9999.000,9999.000,9999.000
202607200854,   1.752,   2.400,9999.000,9999.000,9999.000,9999.000,9999.000,9999.000,9999.000
202607200900,   1.658,   2.328,   0.300,   0.370,   2.328,   0.300,   2.328,   0.400,   2.428
202607200906,   1.566,   2.191,9999.000,9999.000,9999.000,9999.000,9999.000,9999.000,9999.000
202607200912,   1.477,   2.158,9999.000,9999.000,9999.000,9999.000,9999.000,9999.000,9999.000
202607200918,   1.390,   2.089,9999.000,9999.000,9999.000,9999.000,9999.000,9999.000,9999.000
202607200924,   1.306,   2.010,9999.000,9999.000,9999.000,9999.000,9999.000,9999.000,9999.000
202607200930,   1.224,   1.918,9999.000,9999.000,9999.000,9999.000,9999.000,9999.000,9999.000
202607200936,   1.144,   1.830,9999.000,9999.000,9999.000,9999.000,9999.000,9999.000,9999.000
202607200942,   1.067,   1.738,9999.000,9999.000,9999.000,9999.000,9999.000,9999.000,9999.000
202607200948,   0.992,   1.639,9999.000,9999.000,9999.000,9999.000,9999.000,9999.000,9999.000
202607200954,   0.919,   1.557,9999.000,9999.000,9999.000,9999.000,9999.000,9999.000,9999.000
202607201000,   0.849,   1.459,   0.300,   0.310,   1.459,   0.300,   1.459,   0.400,   1.559
202607201006,   0.781,   1.390,9999.000,9999.000,9999.000,9999.000,9999.000,9999.000,9999.000
202607201012,   0.717,   1.308,9999.000,9999.000,9999.000,9999.000,9999.000,9999.000,9999.000
202607201018,   0.654,   1.259,9999.000,9999.000,9999.000,9999.000,9999.000,9999.000,9999.000
202607201024,   0.595,   1.190,9999.000,9999.000,9999.000,9999.000,9999.000,9999.000,9999.000
202607201030,   0.540,   1.138,9999.000,9999.000,9999.000,9999.000,9999.000,9999.000,9999.000
202607201036,   0.488,   1.108,9999.000,9999.000,9999.000,9999.000,9999.000,9999.000,9999.000
202607201042,   0.439,   1.039,9999.000,9999.000,9999.000,9999.000,9999.000,9999.000,9999.000
202607201048,   0.395,   1.000,9999.000,9999.000,9999.000,9999.000,9999.000,9999.000,9999.000
202607201054,   0.356,   0.961,9999.000,9999.000,9999.000,9999.000,9999.000,9999.000,9999.000
202607201100,   0.321,   0.898,   0.400,   0.177,   0.898,   0.300,   0.798,   0.400,   0.898
202607201106,   0.292,   0.869,9999.000,9999.000,9999.000,9999.000,9999.000,9999.000,9999.000
202607201112,   0.269,   0.839,9999.000,9999.000,9999.000,9999.000,9999.000,9999.000,9999.000
202607201118,   0.252,   0.819,9999.000,9999.000,9999.000,9999.000,9999.000,9999.000,9999.000
202607201124,   0.241,   0.790,9999.000,9999.000,9999.000,9999.000,9999.000,9999.000,9999.000
202607201130,   0.237,   0.770,9999.000,9999.000,9999.000,9999.000,9999.000,9999.000,9999.000
202607201136,   0.241,   0.741,9999.000,9999.000,9999.000,9999.000,9999.000,9999.000,9999.000
202607201142,   0.252,   0.741,9999.000,9999.000,9999.000,9999.000,9999.000,9999.000,9999.000
202607201148,   0.271,   0.741,9999.000,9999.000,9999.000,9999.000,9999.000,9999.000,9999.000
202607201154,   0.299,   0.718,9999.000,9999.000,9999.000,9999.000,9999.000,9999.000,9999.000
202607201200,   0.334,   0.751,   0.300,   0.117,   0.751,   0.300,   0.751,   0.400,   0.851
202607201206,   0.378,   0.770,9999.000,9999.000,9999.000,9999.000,9999.000,9999.000,9999.000
202607201212,   0.430,   0.819,9999.000,9999.000,9999.000,9999.000,9999.000,9999.000,9999.000
202607201218,   0.491,   0.879,9999.000,9999.000,9999.000,9999.000,9999.000,9999.000,9999.000
202607201224,   0.560,   0.970,9999.000,9999.000,9999.000,9999.000,9999.000,9999.000,9999.000
202607201230,   0.637,   1.079,9999.000,9999.000,9999.000,9999.000,9999.000,9999.000,9999.000
202607201236,   0.721,   1.170,9999.000,9999.000,9999.000,9999.000,9999.000,9999.000,9999.000
202607201242,   0.813,   1.279,9999.000,9999.000,9999.000,9999.000,9999.000,9999.000,9999.000
202607201248,   0.912,   1.410,9999.000,9999.000,9999.000,9999.000,9999.000,9999.000,9999.000
202607201254,   1.017,   1.548,9999.000,9999.000,9999.000,9999.000,9999.000,9999.000,9999.000
202607201300,   1.127,   1.699,   0.300,   0.272,   1.699,   0.300,   1.699,   0.400,   1.799
202607201306,   1.243,   1.859,9999.000,9999.000,9999.000,9999.000,9999.000,9999.000,9999.000
202607201312,   1.363,   2.000,9999.000,9999.000,9999.000,9999.000,9999.000,9999.000,9999.000
202607201318,   1.488,   2.158,9999.000,9999.000,9999.000,9999.000,9999.000,9999.000,9999.000
202607201324,   1.615,   2.299,9999.000,9999.000,9999.000,9999.000,9999.000,9999.000,9999.000
202607201330,   1.745,   2.459,9999.000,9999.000,9999.000,9999.000,9999.000,9999.000,9999.000
202607201336,   1.876,   2.587,9999.000,9999.000,9999.000,9999.000,9999.000,9999.000,9999.000
202607201342,   2.009,   2.738,9999.000,9999.000,9999.000,9999.000,9999.000,9999.000,9999.000
202607201348,   2.142,   2.869,9999.000,9999.000,9999.000,9999.000,9999.000,9999.000,9999.000
202607201354,   2.275,   3.017,9999.000,9999.000,9999.000,9999.000,9999.000,9999.000,9999.000
202607201400,   2.408,   3.158,   0.300,   0.450,   3.158,   0.300,   3.158,   0.400,   3.258
202607201406,   2.540,   3.299,9999.000,9999.000,9999.000,9999.000,9999.000,9999.000,9999.000
202607201412,   2.670,   3.440,9999.000,9999.000,9999.000,9999.000,9999.000,9999.000,9999.000
202607201418,   2.799,   3.578,9999.000,9999.000,9999.000,9999.000,9999.000,9999.000,9999.000
202607201424,   2.925,   3.709,9999.000,9999.000,9999.000,9999.000,9999.000,9999.000,9999.000
202607201430,   3.050,   3.870,9999.000,9999.000,9999.000,9999.000,9999.000,9999.000,9999.000
202607201436,   3.172,   3.998,9999.000,9999.000,9999.000,9999.000,9999.000,9999.000,9999.000
202607201442,   3.291,   4.139,9999.000,9999.000,9999.000,9999.000,9999.000,9999.000,9999.000
202607201448,   3.409,   4.280,9999.000,9999.000,9999.000,9999.000,9999.000,9999.000,9999.000
202607201454,   3.524,   4.427,9999.000,9999.000,9999.000,9999.000,9999.000,9999.000,9999.000
202607201500,   3.636,   4.539,   0.300,   0.603,   4.539,   0.300,   4.539,   0.400,   4.639
202607201506,   3.747,   4.647,9999.000,9999.000,9999.000,9999.000,9999.000,9999.000,9999.000
202607201512,   3.855,   4.749,9999.000,9999.000,9999.000,9999.000,9999.000,9999.000,9999.000
202607201518,   3.961,   4.837,9999.000,9999.000,9999.000,9999.000,9999.000,9999.000,9999.000
202607201524,   4.065,   4.910,9999.000,9999.000,9999.000,9999.000,9999.000,9999.000,9999.000
202607201530,   4.167,   4.969,9999.000,9999.000,9999.000,9999.000,9999.000,9999.000,9999.000
202607201536,   4.266,   5.038,9999.000,9999.000,9999.000,9999.000,9999.000,9999.000,9999.000
202607201542,   4.364,   5.097,9999.000,9999.000,9999.000,9999.000,9999.000,9999.000,9999.000
202607201548,   4.460,   5.159,9999.000,9999.000,9999.000,9999.000,9999.000,9999.000,9999.000
202607201554,   4.553,   5.198,9999.000,9999.000,9999.000,9999.000,9999.000,9999.000,9999.000
202607201600,   4.644,   5.247,   0.300,   0.303,   5.247,   0.300,   5.247,   0.400,   5.347
202607201606,   4.733,   5.297,9999.000,9999.000,9999.000,9999.000,9999.000,9999.000,9999.000
202607201612,   4.818,   5.359,9999.000,9999.000,9999.000,9999.000,9999.000,9999.000,9999.000
202607201618,   4.901,   5.408,9999.000,9999.000,9999.000,9999.000,9999.000,9999.000,9999.000
202607201624,   4.980,   5.467,9999.000,9999.000,9999.000,9999.000,9999.000,9999.000,9999.000
202607201630,   5.055,   5.530,9999.000,9999.000,9999.000,9999.000,9999.000,9999.000,9999.000
202607201636,   5.125,   5.589,9999.000,9999.000,9999.000,9999.000,9999.000,9999.000,9999.000
202607201642,   5.191,   5.638,9999.000,9999.000,9999.000,9999.000,9999.000,9999.000,9999.000
202607201648,   5.252,   5.687,9999.000,9999.000,9999.000,9999.000,9999.000,9999.000,9999.000
202607201654,   5.307,   5.730,9999.000,9999.000,9999.000,9999.000,9999.000,9999.000,9999.000
202607201700,   5.356,   5.769,   0.400,   0.013,   5.769,   0.300,   5.669,   0.400,   5.769
202607201706,   5.399,   5.799,9999.000,9999.000,9999.000,9999.000,9999.000,9999.000,9999.000
202607201712,   5.434,   5.818,9999.000,9999.000,9999.000,9999.000,9999.000,9999.000,9999.000
202607201718,   5.463,   5.818,9999.000,9999.000,9999.000,9999.000,9999.000,9999.000,9999.000
202607201724,   5.484,   5.818,9999.000,9999.000,9999.000,9999.000,9999.000,9999.000,9999.000
202607201730,   5.497,   5.799,9999.000,9999.000,9999.000,9999.000,9999.000,9999.000,9999.000
202607201736,   5.503,   5.759,9999.000,9999.000,9999.000,9999.000,9999.000,9999.000,9999.000
202607201742,   5.500,   5.739,9999.000,9999.000,9999.000,9999.000,9999.000,9999.000,9999.000
202607201748,   5.490,   5.730,9999.000,9999.000,9999.000,9999.000,9999.000,9999.000,9999.000
202607201754,   5.471,   5.707,9999.000,9999.000,9999.000,9999.000,9999.000,9999.000,9999.000
202607201800,   5.445,   5.707,   0.400,  -0.138,   5.707,   0.400,   5.707,   0.500,   5.807
202607201806,   5.410,   5.707,9999.000,9999.000,9999.000,9999.000,9999.000,9999.000,9999.000
202607201812,   5.369,   5.717,9999.000,9999.000,9999.000,9999.000,9999.000,9999.000,9999.000
202607201818,   5.320,   5.707,9999.000,9999.000,9999.000,9999.000,9999.000,9999.000,9999.000
202607201824,   5.264,   5.697,9999.000,9999.000,9999.000,9999.000,9999.000,9999.000,9999.000
202607201830,   5.202,   5.657,9999.000,9999.000,9999.000,9999.000,9999.000,9999.000,9999.000
202607201836,   5.133,   5.618,9999.000,9999.000,9999.000,9999.000,9999.000,9999.000,9999.000
202607201842,   5.059,   5.569,9999.000,9999.000,9999.000,9999.000,9999.000,9999.000,9999.000
202607201848,   4.980,   5.516,9999.000,9999.000,9999.000,9999.000,9999.000,9999.000,9999.000
202607201854,   4.896,   5.457,9999.000,9999.000,9999.000,9999.000,9999.000,9999.000,9999.000
202607201900,   4.808,   5.369,   0.400,   0.161,   5.369,   0.400,   5.369,   0.500,   5.469
202607201906,   4.717,   5.277,9999.000,9999.000,9999.000,9999.000,9999.000,9999.000,9999.000
202607201912,   4.622,   5.188,9999.000,9999.000,9999.000,9999.000,9999.000,9999.000,9999.000
202607201918,   4.525,   5.067,9999.000,9999.000,9999.000,9999.000,9999.000,9999.000,9999.000
202607201924,   4.426,   4.959,9999.000,9999.000,9999.000,9999.000,9999.000,9999.000,9999.000
202607201930,   4.325,   4.837,9999.000,9999.000,9999.000,9999.000,9999.000,9999.000,9999.000
202607201936,   4.223,   4.700,9999.000,9999.000,9999.000,9999.000,9999.000,9999.000,9999.000
202607201942,   4.121,   4.588,9999.000,9999.000,9999.000,9999.000,9999.000,9999.000,9999.000
202607201948,   4.018,   4.457,9999.000,9999.000,9999.000,9999.000,9999.000,9999.000,9999.000
202607201954,   3.915,   4.349,9999.000,9999.000,9999.000,9999.000,9999.000,9999.000,9999.000
202607202000,   3.812,   4.257,   0.400,   0.045,   4.257,   0.400,   4.257,   0.500,   4.357
202607202006,   3.710,   4.168,9999.000,9999.000,9999.000,9999.000,9999.000,9999.000,9999.000
202607202012,   3.608,   4.070,9999.000,9999.000,9999.000,9999.000,9999.000,9999.000,9999.000
202607202018,   3.508,   3.988,9999.000,9999.000,9999.000,9999.000,9999.000,9999.000,9999.000
202607202024,   3.409,   3.899,9999.000,9999.000,9999.000,9999.000,9999.000,9999.000,9999.000
202607202030,   3.311,   3.808,9999.000,9999.000,9999.000,9999.000,9999.000,9999.000,9999.000
202607202036,   3.215,   3.719,9999.000,9999.000,9999.000,9999.000,9999.000,9999.000,9999.000
202607202042,   3.120,   3.627,9999.000,9999.000,9999.000,9999.000,9999.000,9999.000,9999.000
202607202048,   3.027,   3.568,9999.000,9999.000,9999.000,9999.000,9999.000,9999.000,9999.000
202607202054,   2.936,   3.499,9999.000,9999.000,9999.000,9999.000,9999.000,9999.000,9999.000
202607202100,   2.847,   3.407,   0.400,   0.160,   3.407,   0.400,   3.407,   0.500,   3.507
202607202106,   2.759,   3.319,9999.000,9999.000,9999.000,9999.000,9999.000,9999.000,9999.000
202607202112,   2.673,   3.217,9999.000,9999.000,9999.000,9999.000,9999.000,9999.000,9999.000
202607202118,   2.589,   3.129,9999.000,9999.000,9999.000,9999.000,9999.000,9999.000,9999.000
202607202124,   2.506,   3.017,9999.000,9999.000,9999.000,9999.000,9999.000,9999.000,9999.000
202607202130,   2.425,   2.919,9999.000,9999.000,9999.000,9999.000,9999.000,9999.000,9999.000
202607202136,   2.346,   2.830,9999.000,9999.000,9999.000,9999.000,9999.000,9999.000,9999.000
202607202142,   2.268,   2.738,9999.000,9999.000,9999.000,9999.000,9999.000,9999.000,9999.000
202607202148,   2.192,   2.669,9999.000,9999.000,9999.000,9999.000,9999.000,9999.000,9999.000
202607202154,   2.117,   2.587,9999.000,9999.000,9999.000,9999.000,9999.000,9999.000,9999.000
202607202200,   2.043,   2.499,   0.400,   0.056,   2.499,   0.400,   2.499,   0.500,   2.599
202607202206,   1.971,   2.410,9999.000,9999.000,9999.000,9999.000,9999.000,9999.000,9999.000
202607202212,   1.900,   2.328,9999.000,9999.000,9999.000,9999.000,9999.000,9999.000,9999.000
202607202218,   1.830,   2.259,9999.000,9999.000,9999.000,9999.000,9999.000,9999.000,9999.000
202607202224,   1.762,   2.191,9999.000,9999.000,9999.000,9999.000,9999.000,9999.000,9999.000
202607202230,   1.695,   2.109,9999.000,9999.000,9999.000,9999.000,9999.000,9999.000,9999.000
202607202236,   1.630,   2.040,9999.000,9999.000,9999.000,9999.000,9999.000,9999.000,9999.000
202607202242,   1.567,   1.967,9999.000,9999.000,9999.000,9999.000,9999.000,9999.000,9999.000
202607202248,   1.506,   1.908,9999.000,9999.000,9999.000,9999.000,9999.000,9999.000,9999.000
202607202254,   1.446,   1.830,9999.000,9999.000,9999.000,9999.000,9999.000,9999.000,9999.000
202607202300,   1.390,   1.767,   0.500,  -0.123,   1.767,   0.400,   1.667,   0.500,   1.767
202607202306,   1.335,   1.699,9999.000,9999.000,9999.000,9999.000,9999.000,9999.000,9999.000
202607202312,   1.284,   1.639,9999.000,9999.000,9999.000,9999.000,9999.000,9999.000,9999.000
202607202318,   1.237,   1.571,9999.000,9999.000,9999.000,9999.000,9999.000,9999.000,9999.000
202607202324,   1.193,   1.508,9999.000,9999.000,9999.000,9999.000,9999.000,9999.000,9999.000
202607202330,   1.153,   1.469,9999.000,9999.000,9999.000,9999.000,9999.000,9999.000,9999.000
202607202336,   1.118,   1.430,9999.000,9999.000,9999.000,9999.000,9999.000,9999.000,9999.000
202607202342,   1.088,   1.410,9999.000,9999.000,9999.000,9999.000,9999.000,9999.000,9999.000
202607202348,   1.064,   1.400,9999.000,9999.000,9999.000,9999.000,9999.000,9999.000,9999.000
202607202354,   1.046,   1.410,9999.000,9999.000,9999.000,9999.000,9999.000,9999.000,9999.000
202607210000,   1.033,   1.430,   0.500,  -0.103,   1.430,   0.400,   1.330,   0.500,   1.430
202607210006,   1.028,   1.439,9999.000,9999.000,9999.000,9999.000,9999.000,9999.000,9999.000
202607210012,   1.030,   1.489,9999.000,9999.000,9999.000,9999.000,9999.000,9999.000,9999.000
202607210018,   1.038,   1.518,9999.000,9999.000,9999.000,9999.000,9999.000,9999.000,9999.000
202607210024,   1.055,   1.548,9999.000,9999.000,9999.000,9999.000,9999.000,9999.000,9999.000
202607210030,   1.078,   1.600,9999.000,9999.000,9999.000,9999.000,9999.000,9999.000,9999.000
202607210036,   1.110,   1.639,9999.000,9999.000,9999.000,9999.000,9999.000,9999.000,9999.000
202607210042,   1.149,   1.689,9999.000,9999.000,9999.000,9999.000,9999.000,9999.000,9999.000
202607210048,   1.196,   1.728,9999.000,9999.000,9999.000,9999.000,9999.000,9999.000,9999.000
202607210054,   1.250,   1.790,9999.000,9999.000,9999.000,9999.000,9999.000,9999.000,9999.000
202607210100,   1.312,   1.840,   0.500,   0.028,   1.840,   0.500,   1.840,   0.500,   1.840
202607210106,   1.380,   1.899,9999.000,9999.000,9999.000,9999.000,9999.000,9999.000,9999.000
202607210112,   1.455,   1.981,9999.000,9999.000,9999.000,9999.000,9999.000,9999.000,9999.000
202607210118,   1.536,   2.059,9999.000,9999.000,9999.000,9999.000,9999.000,9999.000,9999.000
202607210124,   1.623,   2.148,9999.000,9999.000,9999.000,9999.000,9999.000,9999.000,9999.000
202607210130,   1.714,   2.269,9999.000,9999.000,9999.000,9999.000,9999.000,9999.000,9999.000
202607210136,   1.810,   2.368,9999.000,9999.000,9999.000,9999.000,9999.000,9999.000,9999.000
202607210142,   1.910,   2.499,9999.000,9999.000,9999.000,9999.000,9999.000,9999.000,9999.000
202607210148,   2.012,   2.640,9999.000,9999.000,9999.000,9999.000,9999.000,9999.000,9999.000
202607210154,   2.118,   2.758,9999.000,9999.000,9999.000,9999.000,9999.000,9999.000,9999.000
202607210200,   2.225,   2.889,   0.500,   0.164,   2.889,   0.500,   2.889,   0.600,   2.989
202607210206,   2.333,   3.007,9999.000,9999.000,9999.000,9999.000,9999.000,9999.000,9999.000
202607210212,   2.442,   3.129,9999.000,9999.000,9999.000,9999.000,9999.000,9999.000,9999.000
202607210218,   2.551,   3.240,9999.000,9999.000,9999.000,9999.000,9999.000,9999.000,9999.000
202607210224,   2.659,   3.358,9999.000,9999.000,9999.000,9999.000,9999.000,9999.000,9999.000
202607210230,   2.767,   3.470,9999.000,9999.000,9999.000,9999.000,9999.000,9999.000,9999.000
202607210236,   2.873,   3.568,9999.000,9999.000,9999.000,9999.000,9999.000,9999.000,9999.000
202607210242,   2.978,   3.680,9999.000,9999.000,9999.000,9999.000,9999.000,9999.000,9999.000
202607210248,   3.081,   3.778,9999.000,9999.000,9999.000,9999.000,9999.000,9999.000,9999.000
202607210254,   3.182,   3.880,9999.000,9999.000,9999.000,9999.000,9999.000,9999.000,9999.000
202607210300,   3.280,   3.958,   0.500,   0.178,   3.958,   0.500,   3.958,   0.600,   4.058
202607210306,   3.377,   4.037,9999.000,9999.000,9999.000,9999.000,9999.000,9999.000,9999.000
202607210312,   3.471,   4.109,9999.000,9999.000,9999.000,9999.000,9999.000,9999.000,9999.000
202607210318,   3.562,   4.178,9999.000,9999.000,9999.000,9999.000,9999.000,9999.000,9999.000
202607210324,   3.652,   4.227,9999.000,9999.000,9999.000,9999.000,9999.000,9999.000,9999.000
202607210330,   3.739,   4.280,9999.000,9999.000,9999.000,9999.000,9999.000,9999.000,9999.000
202607210336,   3.824,   4.319,9999.000,9999.000,9999.000,9999.000,9999.000,9999.000,9999.000
202607210342,   3.906,   4.388,9999.000,9999.000,9999.000,9999.000,9999.000,9999.000,9999.000
202607210348,   3.987,   4.418,9999.000,9999.000,9999.000,9999.000,9999.000,9999.000,9999.000
202607210354,   4.066,   4.490,9999.000,9999.000,9999.000,9999.000,9999.000,9999.000,9999.000
202607210400,   4.143,   4.509,   0.500,  -0.134,   4.509,   0.500,   4.509,   0.600,   4.609
202607210406,   4.218,   4.559,9999.000,9999.000,9999.000,9999.000,9999.000,9999.000,9999.000
202607210412,   4.290,   4.578,9999.000,9999.000,9999.000,9999.000,9999.000,9999.000,9999.000
202607210418,   4.361,   4.618,9999.000,9999.000,9999.000,9999.000,9999.000,9999.000,9999.000
202607210424,   4.429,   4.647,9999.000,9999.000,9999.000,9999.000,9999.000,9999.000,9999.000
202607210430,   4.495,   4.700,9999.000,9999.000,9999.000,9999.000,9999.000,9999.000,9999.000
202607210436,   4.558,   4.749,9999.000,9999.000,9999.000,9999.000,9999.000,9999.000,9999.000
202607210442,   4.618,   4.788,9999.000,9999.000,9999.000,9999.000,9999.000,9999.000,9999.000
202607210448,   4.674,   4.837,9999.000,9999.000,9999.000,9999.000,9999.000,9999.000,9999.000
202607210454,   4.727,   4.900,9999.000,9999.000,9999.000,9999.000,9999.000,9999.000,9999.000
202607210500,   4.776,   4.959,   0.500,  -0.317,   4.959,   0.500,   4.959,   0.600,   5.059
202607210506,   4.820,   5.018,9999.000,9999.000,9999.000,9999.000,9999.000,9999.000,9999.000
202607210512,   4.859,   5.057,9999.000,9999.000,9999.000,9999.000,9999.000,9999.000,9999.000
202607210518,   4.894,   5.120,9999.000,9999.000,9999.000,9999.000,9999.000,9999.000,9999.000
202607210524,   4.922,   5.159,9999.000,9999.000,9999.000,9999.000,9999.000,9999.000,9999.000
202607210530,   4.944,   5.208,9999.000,9999.000,9999.000,9999.000,9999.000,9999.000,9999.000
202607210536,   4.960,   5.238,9999.000,9999.000,9999.000,9999.000,9999.000,9999.000,9999.000
202607210542,   4.969,   5.267,9999.000,9999.000,9999.000,9999.000,9999.000,9999.000,9999.000
202607210548,   4.971,   5.307,9999.000,9999.000,9999.000,9999.000,9999.000,9999.000,9999.000
202607210554,   4.966,   5.349,9999.000,9999.000,9999.000,9999.000,9999.000,9999.000,9999.000
202607210600,   4.954,   5.408,   0.500,  -0.046,   5.408,   0.500,   5.408,   0.500,   5.408
202607210606,   4.934,   5.457,9999.000,9999.000,9999.000,9999.000,9999.000,9999.000,9999.000
202607210612,   4.906,   5.497,9999.000,9999.000,9999.000,9999.000,9999.000,9999.000,9999.000
202607210618,   4.872,   5.497,9999.000,9999.000,9999.000,9999.000,9999.000,9999.000,9999.000
202607210624,   4.830,   5.507,9999.000,9999.000,9999.000,9999.000,9999.000,9999.000,9999.000
202607210630,   4.781,   5.497,9999.000,9999.000,9999.000,9999.000,9999.000,9999.000,9999.000
202607210636,   4.725,   5.467,9999.000,9999.000,9999.000,9999.000,9999.000,9999.000,9999.000
202607210642,   4.663,   5.438,9999.000,9999.000,9999.000,9999.000,9999.000,9999.000,9999.000
202607210648,   4.594,   5.389,9999.000,9999.000,9999.000,9999.000,9999.000,9999.000,9999.000
202607210654,   4.520,   5.349,9999.000,9999.000,9999.000,9999.000,9999.000,9999.000,9999.000
202607210700,   4.440,   5.277,   0.500,   0.337,   5.277,   0.500,   5.277,   0.500,   5.277
202607210706,   4.356,   5.208,9999.000,9999.000,9999.000,9999.000,9999.000,9999.000,9999.000
202607210712,   4.267,   5.139,9999.000,9999.000,9999.000,9999.000,9999.000,9999.000,9999.000
202607210718,   4.174,   5.047,9999.000,9999.000,9999.000,9999.000,9999.000,9999.000,9999.000
202607210724,   4.078,   4.939,9999.000,9999.000,9999.000,9999.000,9999.000,9999.000,9999.000
202607210730,   3.980,   4.847,9999.000,9999.000,9999.000,9999.000,9999.000,9999.000,9999.000
202607210736,   3.879,   4.739,9999.000,9999.000,9999.000,9999.000,9999.000,9999.000,9999.000
202607210742,   3.776,   4.657,9999.000,9999.000,9999.000,9999.000,9999.000,9999.000,9999.000
202607210748,   3.672,   4.559,9999.000,9999.000,9999.000,9999.000,9999.000,9999.000,9999.000
202607210754,   3.567,   4.467,9999.000,9999.000,9999.000,9999.000,9999.000,9999.000,9999.000
202607210800,   3.461,   4.378,   0.500,   0.417,   4.378,   0.500,   4.378,   0.500,   4.378
202607210806,   3.356,   4.267,9999.000,9999.000,9999.000,9999.000,9999.000,9999.000,9999.000
202607210812,   3.251,   4.149,9999.000,9999.000,9999.000,9999.000,9999.000,9999.000,9999.000
202607210818,   3.146,   4.008,9999.000,9999.000,9999.000,9999.000,9999.000,9999.000,9999.000
202607210824,   3.043,   3.880,9999.000,9999.000,9999.000,9999.000,9999.000,9999.000,9999.000
202607210830,   2.941,   3.758,9999.000,9999.000,9999.000,9999.000,9999.000,9999.000,9999.000
202607210836,   2.840,   3.617,9999.000,9999.000,9999.000,9999.000,9999.000,9999.000,9999.000
202607210842,   2.741,   3.470,9999.000,9999.000,9999.000,9999.000,9999.000,9999.000,9999.000
202607210848,   2.644,   3.329,9999.000,9999.000,9999.000,9999.000,9999.000,9999.000,9999.000
202607210854,   2.549,   3.197,9999.000,9999.000,9999.000,9999.000,9999.000,9999.000,9999.000
202607210900,   2.455,   3.060,   0.500,   0.105,   3.060,   0.500,   3.060,   0.600,   3.160
202607210906,   2.364,   2.919,9999.000,9999.000,9999.000,9999.000,9999.000,9999.000,9999.000
202607210912,   2.275,   2.787,9999.000,9999.000,9999.000,9999.000,9999.000,9999.000,9999.000
202607210918,   2.188,   2.650,9999.000,9999.000,9999.000,9999.000,9999.000,9999.000,9999.000
202607210924,   2.104,   2.538,9999.000,9999.000,9999.000,9999.000,9999.000,9999.000,9999.000
202607210930,   2.021,   2.420,9999.000,9999.000,9999.000,9999.000,9999.000,9999.000,9999.000
202607210936,   1.941,   2.348,9999.000,9999.000,9999.000,9999.000,9999.000,9999.000,9999.000
202607210942,   1.862,   2.269,9999.000,9999.000,9999.000,9999.000,9999.000,9999.000,9999.000
202607210948,   1.786,   2.240,9999.000,9999.000,9999.000,9999.000,9999.000,9999.000,9999.000
202607210954,   1.711,   2.177,9999.000,9999.000,9999.000,9999.000,9999.000,9999.000,9999.000
202607211000,   1.639,   2.148,   0.600,  -0.091,   2.148,   0.500,   2.048,   0.600,   2.148
202607211006,   1.567,   2.128,9999.000,9999.000,9999.000,9999.000,9999.000,9999.000,9999.000
202607211012,   1.498,   2.089,9999.000,9999.000,9999.000,9999.000,9999.000,9999.000,9999.000
202607211018,   1.430,   2.040,9999.000,9999.000,9999.000,9999.000,9999.000,9999.000,9999.000
202607211024,   1.364,   2.010,9999.000,9999.000,9999.000,9999.000,9999.000,9999.000,9999.000
202607211030,   1.299,   1.990,9999.000,9999.000,9999.000,9999.000,9999.000,9999.000,9999.000
202607211036,   1.236,   1.967,9999.000,9999.000,9999.000,9999.000,9999.000,9999.000,9999.000
202607211042,   1.174,   1.948,9999.000,9999.000,9999.000,9999.000,9999.000,9999.000,9999.000
202607211048,   1.113,   1.908,9999.000,9999.000,9999.000,9999.000,9999.000,9999.000,9999.000
202607211054,   1.054,   1.879,9999.000,9999.000,9999.000,9999.000,9999.000,9999.000,9999.000
202607211100,   0.996,   1.840,   0.600,   0.244,   1.840,   0.600,   1.840,   0.600,   1.840
202607211106,   0.941,   1.810,9999.000,9999.000,9999.000,9999.000,9999.000,9999.000,9999.000
202607211112,   0.887,   1.748,9999.000,9999.000,9999.000,9999.000,9999.000,9999.000,9999.000
202607211118,   0.835,   1.718,9999.000,9999.000,9999.000,9999.000,9999.000,9999.000,9999.000
202607211124,   0.786,   1.679,9999.000,9999.000,9999.000,9999.000,9999.000,9999.000,9999.000
202607211130,   0.740,   1.639,9999.000,9999.000,9999.000,9999.000,9999.000,9999.000,9999.000
202607211136,   0.696,   1.639,9999.000,9999.000,9999.000,9999.000,9999.000,9999.000,9999.000
202607211142,   0.656,   1.630,9999.000,9999.000,9999.000,9999.000,9999.000,9999.000,9999.000
202607211148,   0.620,   1.630,9999.000,9999.000,9999.000,9999.000,9999.000,9999.000,9999.000
202607211154,   0.588,   1.630,9999.000,9999.000,9999.000,9999.000,9999.000,9999.000,9999.000
202607211200,   0.560,   1.649,   0.600,   0.489,   1.649,   0.600,   1.649,   0.700,   1.749
202607211206,   0.538,   1.659,9999.000,9999.000,9999.000,9999.000,9999.000,9999.000,9999.000
202607211212,   0.521,   1.669,9999.000,9999.000,9999.000,9999.000,9999.000,9999.000,9999.000
202607211218,   0.510,   1.699,9999.000,9999.000,9999.000,9999.000,9999.000,9999.000,9999.000
202607211224,   0.506,   1.748,9999.000,9999.000,9999.000,9999.000,9999.000,9999.000,9999.000
202607211230,   0.508,   1.781,9999.000,9999.000,9999.000,9999.000,9999.000,9999.000,9999.000
202607211236,   0.517,   1.820,9999.000,9999.000,9999.000,9999.000,9999.000,9999.000,9999.000
202607211242,   0.534,   1.879,9999.000,9999.000,9999.000,9999.000,9999.000,9999.000,9999.000
202607211248,   0.559,   1.918,9999.000,9999.000,9999.000,9999.000,9999.000,9999.000,9999.000
202607211254,   0.591,   1.990,9999.000,9999.000,9999.000,9999.000,9999.000,9999.000,9999.000
202607211300,   0.632,   2.040,   0.700,   0.708,   2.040,   0.600,   1.940,   0.700,   2.040
202607211306,   0.680,   2.079,9999.000,9999.000,9999.000,9999.000,9999.000,9999.000,9999.000
202607211312,   0.736,   2.128,9999.000,9999.000,9999.000,9999.000,9999.000,9999.000,9999.000
202607211318,   0.801,   2.168,9999.000,9999.000,9999.000,9999.000,9999.000,9999.000,9999.000
202607211324,   0.873,   2.210,9999.000,9999.000,9999.000,9999.000,9999.000,9999.000,9999.000
202607211330,   0.952,   2.259,9999.000,9999.000,9999.000,9999.000,9999.000,9999.000,9999.000
202607211336,   1.038,   2.338,9999.000,9999.000,9999.000,9999.000,9999.000,9999.000,9999.000
202607211342,   1.131,   2.430,9999.000,9999.000,9999.000,9999.000,9999.000,9999.000,9999.000
202607211348,   1.230,   2.528,9999.000,9999.000,9999.000,9999.000,9999.000,9999.000,9999.000
202607211354,   1.335,   2.640,9999.000,9999.000,9999.000,9999.000,9999.000,9999.000,9999.000
202607211400,   1.444,   2.719,   0.700,   0.575,   2.719,   0.600,   2.619,   0.700,   2.719
202607211406,   1.558,   2.830,9999.000,9999.000,9999.000,9999.000,9999.000,9999.000,9999.000
202607211412,   1.676,   2.938,9999.000,9999.000,9999.000,9999.000,9999.000,9999.000,9999.000
202607211418,   1.796,   3.050,9999.000,9999.000,9999.000,9999.000,9999.000,9999.000,9999.000
202607211424,   1.919,   3.178,9999.000,9999.000,9999.000,9999.000,9999.000,9999.000,9999.000
202607211430,   2.044,   3.319,9999.000,9999.000,9999.000,9999.000,9999.000,9999.000,9999.000
202607211436,   2.170,   3.440,9999.000,9999.000,9999.000,9999.000,9999.000,9999.000,9999.000
202607211442,   2.297,   3.568,9999.000,9999.000,9999.000,9999.000,9999.000,9999.000,9999.000
202607211448,   2.423,   3.689,9999.000,9999.000,9999.000,9999.000,9999.000,9999.000,9999.000
202607211454,   2.550,   3.798,9999.000,9999.000,9999.000,9999.000,9999.000,9999.000,9999.000
202607211500,   2.675,   3.890,   0.700,   0.515,   3.890,   0.600,   3.790,   0.700,   3.890
202607211506,   2.799,   3.988,9999.000,9999.000,9999.000,9999.000,9999.000,9999.000,9999.000
202607211512,   2.922,   4.070,9999.000,9999.000,9999.000,9999.000,9999.000,9999.000,9999.000
202607211518,   3.043,   4.178,9999.000,9999.000,9999.000,9999.000,9999.000,9999.000,9999.000
202607211524,   3.162,   4.280,9999.000,9999.000,9999.000,9999.000,9999.000,9999.000,9999.000
202607211530,   3.279,   4.388,9999.000,9999.000,9999.000,9999.000,9999.000,9999.000,9999.000
202607211536,   3.393,   4.480,9999.000,9999.000,9999.000,9999.000,9999.000,9999.000,9999.000
202607211542,   3.506,   4.588,9999.000,9999.000,9999.000,9999.000,9999.000,9999.000,9999.000
202607211548,   3.616,   4.677,9999.000,9999.000,9999.000,9999.000,9999.000,9999.000,9999.000
202607211554,   3.724,   4.778,9999.000,9999.000,9999.000,9999.000,9999.000,9999.000,9999.000
202607211600,   3.830,   4.877,   0.700,   0.347,   4.877,   0.600,   4.777,   0.700,   4.877
202607211606,   3.933,   4.949,9999.000,9999.000,9999.000,9999.000,9999.000,9999.000,9999.000
202607211612,   4.035,   5.038,9999.000,9999.000,9999.000,9999.000,9999.000,9999.000,9999.000
202607211618,   4.134,   5.110,9999.000,9999.000,9999.000,9999.000,9999.000,9999.000,9999.000
202607211624,   4.232,   5.169,9999.000,9999.000,9999.000,9999.000,9999.000,9999.000,9999.000
202607211630,   4.327,   5.218,9999.000,9999.000,9999.000,9999.000,9999.000,9999.000,9999.000
202607211636,   4.420,   5.257,9999.000,9999.000,9999.000,9999.000,9999.000,9999.000,9999.000
202607211642,   4.511,   5.307,9999.000,9999.000,9999.000,9999.000,9999.000,9999.000,9999.000
202607211648,   4.599,   5.339,9999.000,9999.000,9999.000,9999.000,9999.000,9999.000,9999.000
202607211654,   4.684,   5.369,9999.000,9999.000,9999.000,9999.000,9999.000,9999.000,9999.000
202607211700,   4.767,   5.398,   0.600,   0.031,   5.398,   0.600,   5.398,   0.700,   5.498
202607211706,   4.847,   5.428,9999.000,9999.000,9999.000,9999.000,9999.000,9999.000,9999.000
202607211712,   4.923,   5.457,9999.000,9999.000,9999.000,9999.000,9999.000,9999.000,9999.000
202607211718,   4.995,   5.507,9999.000,9999.000,9999.000,9999.000,9999.000,9999.000,9999.000
202607211724,   5.063,   5.559,9999.000,9999.000,9999.000,9999.000,9999.000,9999.000,9999.000
202607211730,   5.127,   5.618,9999.000,9999.000,9999.000,9999.000,9999.000,9999.000,9999.000
202607211736,   5.185,   5.648,9999.000,9999.000,9999.000,9999.000,9999.000,9999.000,9999.000
202607211742,   5.238,   5.707,9999.000,9999.000,9999.000,9999.000,9999.000,9999.000,9999.000
202607211748,   5.285,   5.759,9999.000,9999.000,9999.000,9999.000,9999.000,9999.000,9999.000
202607211754,   5.327,   5.808,9999.000,9999.000,9999.000,9999.000,9999.000,9999.000,9999.000
202607211800,   5.361,   5.848,   0.600,  -0.113,   5.848,   0.600,   5.848,   0.600,   5.848
202607211806,   5.389,   5.858,9999.000,9999.000,9999.000,9999.000,9999.000,9999.000,9999.000
202607211812,   5.410,   5.887,9999.000,9999.000,9999.000,9999.000,9999.000,9999.000,9999.000
202607211818,   5.424,   5.907,9999.000,9999.000,9999.000,9999.000,9999.000,9999.000,9999.000
202607211824,   5.431,   5.926,9999.000,9999.000,9999.000,9999.000,9999.000,9999.000,9999.000
202607211830,   5.430,   5.949,9999.000,9999.000,9999.000,9999.000,9999.000,9999.000,9999.000
202607211836,   5.421,   5.959,9999.000,9999.000,9999.000,9999.000,9999.000,9999.000,9999.000
202607211842,   5.405,   5.969,9999.000,9999.000,9999.000,9999.000,9999.000,9999.000,9999.000
202607211848,   5.382,   5.989,9999.000,9999.000,9999.000,9999.000,9999.000,9999.000,9999.000
202607211854,   5.352,   5.999,9999.000,9999.000,9999.000,9999.000,9999.000,9999.000,9999.000
202607211900,   5.315,   6.018,   0.600,   0.103,   6.018,   0.500,   5.918,   0.600,   6.018
202607211906,   5.271,   6.038,9999.000,9999.000,9999.000,9999.000,9999.000,9999.000,9999.000
202607211912,   5.221,   6.038,9999.000,9999.000,9999.000,9999.000,9999.000,9999.000,9999.000
202607211918,   5.165,   6.038,9999.000,9999.000,9999.000,9999.000,9999.000,9999.000,9999.000
202607211924,   5.104,   6.048,9999.000,9999.000,9999.000,9999.000,9999.000,9999.000,9999.000
202607211930,   5.038,   6.008,9999.000,9999.000,9999.000,9999.000,9999.000,9999.000,9999.000
202607211936,   4.967,   5.979,9999.000,9999.000,9999.000,9999.000,9999.000,9999.000,9999.000
202607211942,   4.892,   5.907,9999.000,9999.000,9999.000,9999.000,9999.000,9999.000,9999.000
202607211948,   4.814,   5.848,9999.000,9999.000,9999.000,9999.000,9999.000,9999.000,9999.000
202607211954,   4.733,   5.789,9999.000,9999.000,9999.000,9999.000,9999.000,9999.000,9999.000
202607212000,   4.649,   5.730,   0.600,   0.481,   5.730,   0.500,   5.630,   0.600,   5.730
202607212006,   4.563,   5.667,9999.000,9999.000,9999.000,9999.000,9999.000,9999.000,9999.000
202607212012,   4.475,   5.569,9999.000,9999.000,9999.000,9999.000,9999.000,9999.000,9999.000
202607212018,   4.386,   5.457,9999.000,9999.000,9999.000,9999.000,9999.000,9999.000,9999.000
202607212024,   4.296,   5.287,9999.000,9999.000,9999.000,9999.000,9999.000,9999.000,9999.000
202607212030,   4.206,   5.087,9999.000,9999.000,9999.000,9999.000,9999.000,9999.000,9999.000
202607212036,   4.115,   4.887,9999.000,9999.000,9999.000,9999.000,9999.000,9999.000,9999.000
202607212042,   4.025,   4.667,9999.000,9999.000,9999.000,9999.000,9999.000,9999.000,9999.000
202607212048,   3.935,   4.480,9999.000,9999.000,9999.000,9999.000,9999.000,9999.000,9999.000
202607212054,   3.846,   4.329,9999.000,9999.000,9999.000,9999.000,9999.000,9999.000,9999.000
202607212100,   3.758,   4.218,   0.600,  -0.140,   4.218,   0.500,   4.118,   0.600,   4.218
202607212106,   3.670,   4.119,9999.000,9999.000,9999.000,9999.000,9999.000,9999.000,9999.000
202607212112,   3.584,   4.027,9999.000,9999.000,9999.000,9999.000,9999.000,9999.000,9999.000
202607212118,   3.499,   3.929,9999.000,9999.000,9999.000,9999.000,9999.000,9999.000,9999.000
202607212124,   3.415,   3.870,9999.000,9999.000,9999.000,9999.000,9999.000,9999.000,9999.000
202607212130,   3.333,   3.827,9999.000,9999.000,9999.000,9999.000,9999.000,9999.000,9999.000
202607212136,   3.251,   3.749,9999.000,9999.000,9999.000,9999.000,9999.000,9999.000,9999.000
202607212142,   3.171,   3.709,9999.000,9999.000,9999.000,9999.000,9999.000,9999.000,9999.000
202607212148,   3.093,   3.637,9999.000,9999.000,9999.000,9999.000,9999.000,9999.000,9999.000
202607212154,   3.015,   3.617,9999.000,9999.000,9999.000,9999.000,9999.000,9999.000,9999.000
202607212200,   2.939,   3.637,   0.600,   0.098,   3.637,   0.500,   3.537,   0.600,   3.637
202607212206,   2.864,   3.617,9999.000,9999.000,9999.000,9999.000,9999.000,9999.000,9999.000
202607212212,   2.790,   3.539,9999.000,9999.000,9999.000,9999.000,9999.000,9999.000,9999.000
202607212218,   2.716,   3.417,9999.000,9999.000,9999.000,9999.000,9999.000,9999.000,9999.000
202607212224,   2.644,   3.319,9999.000,9999.000,9999.000,9999.000,9999.000,9999.000,9999.000
202607212230,   2.572,   3.217,9999.000,9999.000,9999.000,9999.000,9999.000,9999.000,9999.000
202607212236,   2.500,   3.119,9999.000,9999.000,9999.000,9999.000,9999.000,9999.000,9999.000
202607212242,   2.429,   3.017,9999.000,9999.000,9999.000,9999.000,9999.000,9999.000,9999.000
202607212248,   2.359,   2.938,9999.000,9999.000,9999.000,9999.000,9999.000,9999.000,9999.000
202607212254,   2.289,   2.869,9999.000,9999.000,9999.000,9999.000,9999.000,9999.000,9999.000
202607212300,   2.219,   2.807,   0.500,   0.088,   2.807,   0.400,   2.707,   0.700,   3.007
202607212306,   2.149,   2.758,9999.000,9999.000,9999.000,9999.000,9999.000,9999.000,9999.000
202607212312,   2.080,   2.709,9999.000,9999.000,9999.000,9999.000,9999.000,9999.000,9999.000
202607212318,   2.012,   2.660,9999.000,9999.000,9999.000,9999.000,9999.000,9999.000,9999.000
202607212324,   1.943,   2.578,9999.000,9999.000,9999.000,9999.000,9999.000,9999.000,9999.000
202607212330,   1.876,   2.499,9999.000,9999.000,9999.000,9999.000,9999.000,9999.000,9999.000
202607212336,   1.809,   2.430,9999.000,9999.000,9999.000,9999.000,9999.000,9999.000,9999.000
202607212342,   1.744,   2.368,9999.000,9999.000,9999.000,9999.000,9999.000,9999.000,9999.000
202607212348,   1.679,   2.318,9999.000,9999.000,9999.000,9999.000,9999.000,9999.000,9999.000
202607212354,   1.617,   2.279,9999.000,9999.000,9999.000,9999.000,9999.000,9999.000,9999.000
202607220000,   1.556,   2.220,   0.500,   0.164,   2.220,   0.500,   2.220,   0.600,   2.320
202607220006,   1.498,   2.138,9999.000,9999.000,9999.000,9999.000,9999.000,9999.000,9999.000
202607220012,   1.442,   2.049,9999.000,9999.000,9999.000,9999.000,9999.000,9999.000,9999.000
202607220018,   1.390,   1.958,9999.000,9999.000,9999.000,9999.000,9999.000,9999.000,9999.000
202607220024,   1.342,   1.889,9999.000,9999.000,9999.000,9999.000,9999.000,9999.000,9999.000
202607220030,   1.297,   1.830,9999.000,9999.000,9999.000,9999.000,9999.000,9999.000,9999.000
202607220036,   1.258,   1.758,9999.000,9999.000,9999.000,9999.000,9999.000,9999.000,9999.000
202607220042,   1.223,   1.728,9999.000,9999.000,9999.000,9999.000,9999.000,9999.000,9999.000
202607220048,   1.195,   1.718,9999.000,9999.000,9999.000,9999.000,9999.000,9999.000,9999.000
202607220054,   1.172,   1.728,9999.000,9999.000,9999.000,9999.000,9999.000,9999.000,9999.000
202607220100,   1.156,   1.748,   0.500,   0.092,   1.748,   0.400,   1.648,   0.600,   1.848
202607220106,   1.147,   1.758,9999.000,9999.000,9999.000,9999.000,9999.000,9999.000,9999.000
202607220112,   1.145,   1.748,9999.000,9999.000,9999.000,9999.000,9999.000,9999.000,9999.000
202607220118,   1.150,   1.708,9999.000,9999.000,9999.000,9999.000,9999.000,9999.000,9999.000
202607220124,   1.163,   1.679,9999.000,9999.000,9999.000,9999.000,9999.000,9999.000,9999.000
202607220130,   1.184,   1.639,9999.000,9999.000,9999.000,9999.000,9999.000,9999.000,9999.000
202607220136,   1.212,   1.600,9999.000,9999.000,9999.000,9999.000,9999.000,9999.000,9999.000
202607220142,   1.248,   1.600,9999.000,9999.000,9999.000,9999.000,9999.000,9999.000,9999.000
202607220148,   1.291,   1.630,9999.000,9999.000,9999.000,9999.000,9999.000,9999.000,9999.000
202607220154,   1.342,   1.649,9999.000,9999.000,9999.000,9999.000,9999.000,9999.000,9999.000
202607220200,   1.400,   1.699,   0.500,  -0.201,   1.699,   0.400,   1.599,   0.600,   1.799
202607220206,   1.464,   1.748,9999.000,9999.000,9999.000,9999.000,9999.000,9999.000,9999.000
202607220212,   1.534,   1.790,9999.000,9999.000,9999.000,9999.000,9999.000,9999.000,9999.000
202607220218,   1.610,   1.830,9999.000,9999.000,9999.000,9999.000,9999.000,9999.000,9999.000
202607220224,   1.691,   1.889,9999.000,9999.000,9999.000,9999.000,9999.000,9999.000,9999.000
202607220230,   1.777,   1.938,9999.000,9999.000,9999.000,9999.000,9999.000,9999.000,9999.000
202607220236,   1.866,   2.020,9999.000,9999.000,9999.000,9999.000,9999.000,9999.000,9999.000
202607220242,   1.959,   2.148,9999.000,9999.000,9999.000,9999.000,9999.000,9999.000,9999.000
202607220248,   2.054,   2.279,9999.000,9999.000,9999.000,9999.000,9999.000,9999.000,9999.000
202607220254,   2.151,   2.387,9999.000,9999.000,9999.000,9999.000,9999.000,9999.000,9999.000
202607220300,   2.249,   2.509,   0.400,  -0.140,   2.509,   0.400,   2.509,   0.500,   2.609
202607220306,   2.349,   2.630,9999.000,9999.000,9999.000,9999.000,9999.000,9999.000,9999.000
202607220312,   2.448,   2.728,9999.000,9999.000,9999.000,9999.000,9999.000,9999.000,9999.000
202607220318,   2.547,   2.840,9999.000,9999.000,9999.000,9999.000,9999.000,9999.000,9999.000
202607220324,   2.645,   2.929,9999.000,9999.000,9999.000,9999.000,9999.000,9999.000,9999.000
202607220330,   2.743,   3.017,9999.000,9999.000,9999.000,9999.000,9999.000,9999.000,9999.000
202607220336,   2.838,   3.129,9999.000,9999.000,9999.000,9999.000,9999.000,9999.000,9999.000
202607220342,   2.933,   3.279,9999.000,9999.000,9999.000,9999.000,9999.000,9999.000,9999.000
202607220348,   3.025,   3.427,9999.000,9999.000,9999.000,9999.000,9999.000,9999.000,9999.000
202607220354,   3.115,   3.588,9999.000,9999.000,9999.000,9999.000,9999.000,9999.000,9999.000
202607220400,   3.203,   3.729,   0.400,   0.126,   3.729,   0.300,   3.629,   0.400,   3.729
202607220406,   3.289,   3.860,9999.000,9999.000,9999.000,9999.000,9999.000,9999.000,9999.000
202607220412,   3.372,   3.988,9999.000,9999.000,9999.000,9999.000,9999.000,9999.000,9999.000
202607220418,   3.454,   4.080,9999.000,9999.000,9999.000,9999.000,9999.000,9999.000,9999.000
202607220424,   3.533,   4.139,9999.000,9999.000,9999.000,9999.000,9999.000,9999.000,9999.000
202607220430,   3.610,   4.188,9999.000,9999.000,9999.000,9999.000,9999.000,9999.000,9999.000
202607220436,   3.685,   4.257,9999.000,9999.000,9999.000,9999.000,9999.000,9999.000,9999.000
202607220442,   3.758,   4.349,9999.000,9999.000,9999.000,9999.000,9999.000,9999.000,9999.000
202607220448,   3.829,   4.437,9999.000,9999.000,9999.000,9999.000,9999.000,9999.000,9999.000
202607220454,   3.898,   4.519,9999.000,9999.000,9999.000,9999.000,9999.000,9999.000,9999.000
202607220500,   3.966,   4.608,   0.300,   0.342,   4.608,   0.100,   4.408,   0.400,   4.708
202607220506,   4.031,   4.677,9999.000,9999.000,9999.000,9999.000,9999.000,9999.000,9999.000
202607220512,   4.093,   4.729,9999.000,9999.000,9999.000,9999.000,9999.000,9999.000,9999.000
202607220518,   4.154,   4.808,9999.000,9999.000,9999.000,9999.000,9999.000,9999.000,9999.000
202607220524,   4.212,   4.959,9999.000,9999.000,9999.000,9999.000,9999.000,9999.000,9999.000
202607220530,   4.267,   5.067,9999.000,9999.000,9999.000,9999.000,9999.000,9999.000,9999.000
202607220536,   4.319,   5.169,9999.000,9999.000,9999.000,9999.000,9999.000,9999.000,9999.000
202607220542,   4.368,   5.257,9999.000,9999.000,9999.000,9999.000,9999.000,9999.000,9999.000
202607220548,   4.413,   5.339,9999.000,9999.000,9999.000,9999.000,9999.000,9999.000,9999.000
202607220554,   4.454,   5.359,9999.000,9999.000,9999.000,9999.000,9999.000,9999.000,9999.000
202607220600,   4.491,   5.349,   0.300,   0.558,   5.349,   0.100,   5.149,   0.400,   5.449
202607220606,   4.523,   5.339,9999.000,9999.000,9999.000,9999.000,9999.000,9999.000,9999.000
202607220612,   4.551,   5.320,9999.000,9999.000,9999.000,9999.000,9999.000,9999.000,9999.000
202607220618,   4.572,   5.297,9999.000,9999.000,9999.000,9999.000,9999.000,9999.000,9999.000
202607220624,   4.589,   5.307,9999.000,9999.000,9999.000,9999.000,9999.000,9999.000,9999.000
202607220630,   4.599,   5.307,9999.000,9999.000,9999.000,9999.000,9999.000,9999.000,9999.000
202607220636,   4.603,   5.267,9999.000,9999.000,9999.000,9999.000,9999.000,9999.000,9999.000
202607220642,   4.601,   5.228,9999.000,9999.000,9999.000,9999.000,9999.000,9999.000,9999.000
202607220648,   4.593,   5.228,9999.000,9999.000,9999.000,9999.000,9999.000,9999.000,9999.000
202607220654,   4.577,   5.218,9999.000,9999.000,9999.000,9999.000,9999.000,9999.000,9999.000
202607220700,   4.556,   5.257,   0.300,   0.401,   5.257,   0.000,   4.957,   0.400,   5.357
202607220706,   4.528,   5.267,9999.000,9999.000,9999.000,9999.000,9999.000,9999.000,9999.000
202607220712,   4.494,   5.297,9999.000,9999.000,9999.000,9999.000,9999.000,9999.000,9999.000
202607220718,   4.453,   5.329,9999.000,9999.000,9999.000,9999.000,9999.000,9999.000,9999.000
202607220724,   4.407,   5.339,9999.000,9999.000,9999.000,9999.000,9999.000,9999.000,9999.000
202607220730,   4.355,   5.287,9999.000,9999.000,9999.000,9999.000,9999.000,9999.000,9999.000
202607220736,   4.297,   5.218,9999.000,9999.000,9999.000,9999.000,9999.000,9999.000,9999.000
202607220742,   4.235,   5.097,9999.000,9999.000,9999.000,9999.000,9999.000,9999.000,9999.000
202607220748,   4.169,   4.979,9999.000,9999.000,9999.000,9999.000,9999.000,9999.000,9999.000
202607220754,   4.098,   4.877,9999.000,9999.000,9999.000,9999.000,9999.000,9999.000,9999.000
202607220800,   4.023,   4.798,   0.200,   0.575,   4.798,   0.000,   4.598,   0.400,   4.998
202607220806,   3.946,   4.700,9999.000,9999.000,9999.000,9999.000,9999.000,9999.000,9999.000
202607220812,   3.865,   4.598,9999.000,9999.000,9999.000,9999.000,9999.000,9999.000,9999.000
202607220818,   3.783,   4.457,9999.000,9999.000,9999.000,9999.000,9999.000,9999.000,9999.000
202607220824,   3.698,   4.290,9999.000,9999.000,9999.000,9999.000,9999.000,9999.000,9999.000
202607220830,   3.613,   4.109,9999.000,9999.000,9999.000,9999.000,9999.000,9999.000,9999.000
202607220836,   3.526,   3.909,9999.000,9999.000,9999.000,9999.000,9999.000,9999.000,9999.000
202607220842,   3.439,   3.709,9999.000,9999.000,9999.000,9999.000,9999.000,9999.000,9999.000
202607220848,   3.352,   3.548,9999.000,9999.000,9999.000,9999.000,9999.000,9999.000,9999.000
202607220854,   3.265,   3.417,9999.000,9999.000,9999.000,9999.000,9999.000,9999.000,9999.000
202607220900,   3.178,   3.250,   0.200,  -0.128,   3.250,   0.100,   3.150,   0.400,   3.450
202607220906,   3.092,   3.158,9999.000,9999.000,9999.000,9999.000,9999.000,9999.000,9999.000
202607220912,   3.007,   3.050,9999.000,9999.000,9999.000,9999.000,9999.000,9999.000,9999.000
202607220918,   2.924,   2.958,9999.000,9999.000,9999.000,9999.000,9999.000,9999.000,9999.000
202607220924,   2.841,   2.879,9999.000,9999.000,9999.000,9999.000,9999.000,9999.000,9999.000
202607220930,   2.761,   2.840,9999.000,9999.000,9999.000,9999.000,9999.000,9999.000,9999.000
202607220936,   2.682,   2.797,9999.000,9999.000,9999.000,9999.000,9999.000,9999.000,9999.000
202607220942,   2.604,   2.778,9999.000,9999.000,9999.000,9999.000,9999.000,9999.000,9999.000
202607220948,   2.528,   2.797,9999.000,9999.000,9999.000,9999.000,9999.000,9999.000,9999.000
202607220954,   2.454,   2.807,9999.000,9999.000,9999.000,9999.000,9999.000,9999.000,9999.000
202607221000,   2.382,   2.830,   0.200,   0.248,   2.830,   0.100,   2.730,   0.400,   3.030
202607221006,   2.311,   2.820,9999.000,9999.000,9999.000,9999.000,9999.000,9999.000,9999.000
202607221012,   2.242,   2.768,9999.000,9999.000,9999.000,9999.000,9999.000,9999.000,9999.000
202607221018,   2.174,   2.738,9999.000,9999.000,9999.000,9999.000,9999.000,9999.000,9999.000
202607221024,   2.107,   2.689,9999.000,9999.000,9999.000,9999.000,9999.000,9999.000,9999.000
202607221030,   2.043,   2.630,9999.000,9999.000,9999.000,9999.000,9999.000,9999.000,9999.000
202607221036,   1.979,   2.568,9999.000,9999.000,9999.000,9999.000,9999.000,9999.000,9999.000
202607221042,   1.916,   2.489,9999.000,9999.000,9999.000,9999.000,9999.000,9999.000,9999.000
202607221048,   1.854,   2.440,9999.000,9999.000,9999.000,9999.000,9999.000,9999.000,9999.000
202607221054,   1.794,   2.400,9999.000,9999.000,9999.000,9999.000,9999.000,9999.000,9999.000
202607221100,   1.733,   2.387,   0.200,   0.454,   2.387,   0.000,   2.187,   0.300,   2.487
202607221106,   1.674,   2.377,9999.000,9999.000,9999.000,9999.000,9999.000,9999.000,9999.000
202607221112,   1.615,   2.410,9999.000,9999.000,9999.000,9999.000,9999.000,9999.000,9999.000
202607221118,   1.557,   2.489,9999.000,9999.000,9999.000,9999.000,9999.000,9999.000,9999.000
202607221124,   1.499,   2.548,9999.000,9999.000,9999.000,9999.000,9999.000,9999.000,9999.000
202607221130,   1.442,   2.597,9999.000,9999.000,9999.000,9999.000,9999.000,9999.000,9999.000
202607221136,   1.385,   2.650,9999.000,9999.000,9999.000,9999.000,9999.000,9999.000,9999.000
202607221142,   1.329,   2.669,9999.000,9999.000,9999.000,9999.000,9999.000,9999.000,9999.000
202607221148,   1.273,   2.660,9999.000,9999.000,9999.000,9999.000,9999.000,9999.000,9999.000
202607221154,   1.218,   2.620,9999.000,9999.000,9999.000,9999.000,9999.000,9999.000,9999.000
202607221200,   1.164,   2.578,   0.200,   1.214,   2.578,   0.100,   2.478,   0.300,   2.678
202607221206,   1.111,   2.528,9999.000,9999.000,9999.000,9999.000,9999.000,9999.000,9999.000
202607221212,   1.060,   2.459,9999.000,9999.000,9999.000,9999.000,9999.000,9999.000,9999.000
202607221218,   1.010,   2.400,9999.000,9999.000,9999.000,9999.000,9999.000,9999.000,9999.000
202607221224,   0.963,   2.318,9999.000,9999.000,9999.000,9999.000,9999.000,9999.000,9999.000
202607221230,   0.918,   2.230,9999.000,9999.000,9999.000,9999.000,9999.000,9999.000,9999.000
202607221236,   0.876,   2.138,9999.000,9999.000,9999.000,9999.000,9999.000,9999.000,9999.000
202607221242,   0.837,   2.000,9999.000,9999.000,9999.000,9999.000,9999.000,9999.000,9999.000
202607221248,   0.803,   1.849,9999.000,9999.000,9999.000,9999.000,9999.000,9999.000,9999.000
202607221254,   0.772,   1.699,9999.000,9999.000,9999.000,9999.000,9999.000,9999.000,9999.000
202607221300,   0.747,   1.557,   0.200,   0.610,   1.557,   0.100,   1.457,   0.300,   1.657
202607221306,   0.727,   1.410,9999.000,9999.000,9999.000,9999.000,9999.000,9999.000,9999.000
202607221312,   0.713,   1.298,9999.000,9999.000,9999.000,9999.000,9999.000,9999.000,9999.000
202607221318,   0.706,   1.220,9999.000,9999.000,9999.000,9999.000,9999.000,9999.000,9999.000
202607221324,   0.705,   1.190,9999.000,9999.000,9999.000,9999.000,9999.000,9999.000,9999.000
202607221330,   0.711,   1.190,9999.000,9999.000,9999.000,9999.000,9999.000,9999.000,9999.000
202607221336,   0.725,   1.200,9999.000,9999.000,9999.000,9999.000,9999.000,9999.000,9999.000
202607221342,   0.747,   1.220,9999.000,9999.000,9999.000,9999.000,9999.000,9999.000,9999.000
202607221348,   0.777,   1.259,9999.000,9999.000,9999.000,9999.000,9999.000,9999.000,9999.000
202607221354,   0.815,   1.308,9999.000,9999.000,9999.000,9999.000,9999.000,9999.000,9999.000
202607221400,   0.861,   1.361,   0.200,   0.300,   1.361,   0.000,   1.161,   0.300,   1.461
202607221406,   0.915,   1.400,9999.000,9999.000,9999.000,9999.000,9999.000,9999.000,9999.000
202607221412,   0.977,   1.420,9999.000,9999.000,9999.000,9999.000,9999.000,9999.000,9999.000
202607221418,   1.046,   1.469,9999.000,9999.000,9999.000,9999.000,9999.000,9999.000,9999.000
202607221424,   1.124,   1.508,9999.000,9999.000,9999.000,9999.000,9999.000,9999.000,9999.000
202607221430,   1.208,   1.571,9999.000,9999.000,9999.000,9999.000,9999.000,9999.000,9999.000
202607221436,   1.299,   1.649,9999.000,9999.000,9999.000,9999.000,9999.000,9999.000,9999.000
202607221442,   1.396,   1.728,9999.000,9999.000,9999.000,9999.000,9999.000,9999.000,9999.000
202607221448,   1.498,   1.830,9999.000,9999.000,9999.000,9999.000,9999.000,9999.000,9999.000
202607221454,   1.605,   1.918,9999.000,9999.000,9999.000,9999.000,9999.000,9999.000,9999.000
202607221500,   1.717,   2.040,   0.200,   0.123,   2.040,   0.000,   1.840,   0.300,   2.140
202607221506,   1.832,   2.138,9999.000,9999.000,9999.000,9999.000,9999.000,9999.000,9999.000
202607221512,   1.950,   2.259,9999.000,9999.000,9999.000,9999.000,9999.000,9999.000,9999.000
202607221518,   2.070,   2.410,9999.000,9999.000,9999.000,9999.000,9999.000,9999.000,9999.000
202607221524,   2.192,   2.568,9999.000,9999.000,9999.000,9999.000,9999.000,9999.000,9999.000
202607221530,   2.315,   2.758,9999.000,9999.000,9999.000,9999.000,9999.000,9999.000,9999.000
202607221536,   2.438,   2.958,9999.000,9999.000,9999.000,9999.000,9999.000,9999.000,9999.000
202607221542,   2.561,   3.148,9999.000,9999.000,9999.000,9999.000,9999.000,9999.000,9999.000
202607221548,   2.684,   3.309,9999.000,9999.000,9999.000,9999.000,9999.000,9999.000,9999.000
202607221554,   2.805,   3.470,9999.000,9999.000,9999.000,9999.000,9999.000,9999.000,9999.000
202607221600,   2.925,   3.627,   0.100,   0.602,   3.627,   0.000,   3.527,   0.200,   3.727
202607221606,   3.043,   3.758,9999.000,9999.000,9999.000,9999.000,9999.000,9999.000,9999.000
202607221612,   3.158,   3.880,9999.000,9999.000,9999.000,9999.000,9999.000,9999.000,9999.000
202607221618,   3.272,   3.988,9999.000,9999.000,9999.000,9999.000,9999.000,9999.000,9999.000
202607221624,   3.384,   4.090,9999.000,9999.000,9999.000,9999.000,9999.000,9999.000,9999.000
202607221630,   3.493,   4.178,9999.000,9999.000,9999.000,9999.000,9999.000,9999.000,9999.000
202607221636,   3.599,   4.257,9999.000,9999.000,9999.000,9999.000,9999.000,9999.000,9999.000
202607221642,   3.703,   4.329,9999.000,9999.000,9999.000,9999.000,9999.000,9999.000,9999.000
202607221648,   3.805,   4.418,9999.000,9999.000,9999.000,9999.000,9999.000,9999.000,9999.000
202607221654,   3.904,   4.500,9999.000,9999.000,9999.000,9999.000,9999.000,9999.000,9999.000
202607221700,   4.000,   4.578,   0.100,   0.478,   4.578,   0.000,   4.478,   0.200,   4.678
202607221706,   4.095,   4.677,9999.000,9999.000,9999.000,9999.000,9999.000,9999.000,9999.000
202607221712,   4.187,   4.778,9999.000,9999.000,9999.000,9999.000,9999.000,9999.000,9999.000
202607221718,   4.277,   4.837,9999.000,9999.000,9999.000,9999.000,9999.000,9999.000,9999.000
202607221724,   4.364,   4.887,9999.000,9999.000,9999.000,9999.000,9999.000,9999.000,9999.000
202607221730,   4.450,   4.939,9999.000,9999.000,9999.000,9999.000,9999.000,9999.000,9999.000
202607221736,   4.532,   4.979,9999.000,9999.000,9999.000,9999.000,9999.000,9999.000,9999.000
202607221742,   4.613,   5.038,9999.000,9999.000,9999.000,9999.000,9999.000,9999.000,9999.000
202607221748,   4.690,   5.077,9999.000,9999.000,9999.000,9999.000,9999.000,9999.000,9999.000
202607221754,   4.765,   5.129,9999.000,9999.000,9999.000,9999.000,9999.000,9999.000,9999.000
202607221800,   4.836,   5.159,   0.100,   0.223,   5.159,   0.000,   5.059,   0.200,   5.259
202607221806,   4.904,   5.208,9999.000,9999.000,9999.000,9999.000,9999.000,9999.000,9999.000
202607221812,   4.968,   5.247,9999.000,9999.000,9999.000,9999.000,9999.000,9999.000,9999.000
202607221818,   5.028,   5.320,9999.000,9999.000,9999.000,9999.000,9999.000,9999.000,9999.000
202607221824,   5.084,   5.369,9999.000,9999.000,9999.000,9999.000,9999.000,9999.000,9999.000
202607221830,   5.135,   5.448,9999.000,9999.000,9999.000,9999.000,9999.000,9999.000,9999.000
202607221836,   5.181,   5.487,9999.000,9999.000,9999.000,9999.000,9999.000,9999.000,9999.000
202607221842,   5.222,   5.549,9999.000,9999.000,9999.000,9999.000,9999.000,9999.000,9999.000
202607221848,   5.257,   5.589,9999.000,9999.000,9999.000,9999.000,9999.000,9999.000,9999.000
202607221854,   5.286,   5.628,9999.000,9999.000,9999.000,9999.000,9999.000,9999.000,9999.000
202607221900,   5.309,   5.667,   0.100,   0.258,   5.667,   0.000,   5.567,   0.200,   5.767
202607221906,   5.325,   5.697,9999.000,9999.000,9999.000,9999.000,9999.000,9999.000,9999.000
202607221912,   5.335,   5.707,9999.000,9999.000,9999.000,9999.000,9999.000,9999.000,9999.000
202607221918,   5.339,   5.717,9999.000,9999.000,9999.000,9999.000,9999.000,9999.000,9999.000
202607221924,   5.336,   5.739,9999.000,9999.000,9999.000,9999.000,9999.000,9999.000,9999.000
202607221930,   5.326,   5.739,9999.000,9999.000,9999.000,9999.000,9999.000,9999.000,9999.000
202607221936,   5.310,   5.739,9999.000,9999.000,9999.000,9999.000,9999.000,9999.000,9999.000
202607221942,   5.287,   5.717,9999.000,9999.000,9999.000,9999.000,9999.000,9999.000,9999.000
202607221948,   5.259,   5.717,9999.000,9999.000,9999.000,9999.000,9999.000,9999.000,9999.000
202607221954,   5.224,   5.730,9999.000,9999.000,9999.000,9999.000,9999.000,9999.000,9999.000
202607222000,   5.184,   5.739,   0.100,   0.455,   5.739,   0.000,   5.639,   0.200,   5.839
202607222006,   5.139,   5.759,9999.000,9999.000,9999.000,9999.000,9999.000,9999.000,9999.000
202607222012,   5.088,   5.789,9999.000,9999.000,9999.000,9999.000,9999.000,9999.000,9999.000
202607222018,   5.033,   5.789,9999.000,9999.000,9999.000,9999.000,9999.000,9999.000,9999.000
202607222024,   4.975,   5.769,9999.000,9999.000,9999.000,9999.000,9999.000,9999.000,9999.000
202607222030,   4.912,   5.730,9999.000,9999.000,9999.000,9999.000,9999.000,9999.000,9999.000
202607222036,   4.846,   5.648,9999.000,9999.000,9999.000,9999.000,9999.000,9999.000,9999.000
202607222042,   4.777,   5.549,9999.000,9999.000,9999.000,9999.000,9999.000,9999.000,9999.000
202607222048,   4.706,   5.438,9999.000,9999.000,9999.000,9999.000,9999.000,9999.000,9999.000
202607222054,   4.633,   5.277,9999.000,9999.000,9999.000,9999.000,9999.000,9999.000,9999.000
202607222100,   4.558,   5.110,   0.100,   0.452,   5.110,   0.000,   5.010,   0.100,   5.110
202607222106,   4.482,   4.949,9999.000,9999.000,9999.000,9999.000,9999.000,9999.000,9999.000
202607222112,   4.406,   4.788,9999.000,9999.000,9999.000,9999.000,9999.000,9999.000,9999.000
202607222118,   4.328,   4.637,9999.000,9999.000,9999.000,9999.000,9999.000,9999.000,9999.000
202607222124,   4.250,   4.519,9999.000,9999.000,9999.000,9999.000,9999.000,9999.000,9999.000
202607222130,   4.172,   4.398,9999.000,9999.000,9999.000,9999.000,9999.000,9999.000,9999.000
202607222136,   4.094,   4.329,9999.000,9999.000,9999.000,9999.000,9999.000,9999.000,9999.000
202607222142,   4.017,   4.290,9999.000,9999.000,9999.000,9999.000,9999.000,9999.000,9999.000
202607222148,   3.940,   4.218,9999.000,9999.000,9999.000,9999.000,9999.000,9999.000,9999.000
202607222154,   3.863,   4.159,9999.000,9999.000,9999.000,9999.000,9999.000,9999.000,9999.000
202607222200,   3.787,   4.090,   0.000,   0.303,   4.090,   0.000,   4.090,   0.100,   4.190
202607222206,   3.712,   3.978,9999.000,9999.000,9999.000,9999.000,9999.000,9999.000,9999.000
202607222212,   3.637,   3.870,9999.000,9999.000,9999.000,9999.000,9999.000,9999.000,9999.000
202607222218,   3.563,   3.768,9999.000,9999.000,9999.000,9999.000,9999.000,9999.000,9999.000
202607222224,   3.490,   3.670,9999.000,9999.000,9999.000,9999.000,9999.000,9999.000,9999.000
202607222230,   3.417,   3.568,9999.000,9999.000,9999.000,9999.000,9999.000,9999.000,9999.000
202607222236,   3.344,   3.460,9999.000,9999.000,9999.000,9999.000,9999.000,9999.000,9999.000
202607222242,   3.273,   3.368,9999.000,9999.000,9999.000,9999.000,9999.000,9999.000,9999.000
202607222248,   3.201,   3.260,9999.000,9999.000,9999.000,9999.000,9999.000,9999.000,9999.000
202607222254,   3.130,   3.158,9999.000,9999.000,9999.000,9999.000,9999.000,9999.000,9999.000
202607222300,   3.059,   3.060,   0.000,   0.001,   3.060,   0.000,   3.060,   0.100,   3.160
202607222306,   2.987,   2.978,9999.000,9999.000,9999.000,9999.000,9999.000,9999.000,9999.000
202607222312,   2.916,   2.899,9999.000,9999.000,9999.000,9999.000,9999.000,9999.000,9999.000
202607222318,   2.845,   2.830,9999.000,9999.000,9999.000,9999.000,9999.000,9999.000,9999.000
202607222324,   2.773,   2.748,9999.000,9999.000,9999.000,9999.000,9999.000,9999.000,9999.000
202607222330,   2.701,   2.699,9999.000,9999.000,9999.000,9999.000,9999.000,9999.000,9999.000
202607222336,   2.628,   2.630,9999.000,9999.000,9999.000,9999.000,9999.000,9999.000,9999.000
202607222342,   2.555,   2.568,9999.000,9999.000,9999.000,9999.000,9999.000,9999.000,9999.000
202607222348,   2.481,   2.489,9999.000,9999.000,9999.000,9999.000,9999.000,9999.000,9999.000
202607222354,   2.407,   2.420,9999.000,9999.000,9999.000,9999.000,9999.000,9999.000,9999.000
202607230000,   2.333,   2.368,   0.000,   0.035,   2.368,   0.000,   2.368,   0.100,   2.468
202607230006,   2.257,   2.299,9999.000,9999.000,9999.000,9999.000,9999.000,9999.000,9999.000
202607230012,   2.182,   2.240,9999.000,9999.000,9999.000,9999.000,9999.000,9999.000,9999.000
202607230018,   2.107,   2.200,9999.000,9999.000,9999.000,9999.000,9999.000,9999.000,9999.000
202607230024,   2.031,   2.148,9999.000,9999.000,9999.000,9999.000,9999.000,9999.000,9999.000
202607230030,   1.956,   2.109,9999.000,9999.000,9999.000,9999.000,9999.000,9999.000,9999.000
202607230036,   1.881,   2.030,9999.000,9999.000,9999.000,9999.000,9999.000,9999.000,9999.000
202607230042,   1.808,   1.967,9999.000,9999.000,9999.000,9999.000,9999.000,9999.000,9999.000
202607230048,   1.736,   1.908,9999.000,9999.000,9999.000,9999.000,9999.000,9999.000,9999.000
202607230054,   1.666,   1.859,9999.000,9999.000,9999.000,9999.000,9999.000,9999.000,9999.000
202607230100,   1.597,   1.800,   0.000,   0.203,   1.800,   0.000,   1.800,   0.100,   1.900
202607230106,   1.532,   1.728,9999.000,9999.000,9999.000,9999.000,9999.000,9999.000,9999.000
202607230112,   1.470,   1.679,9999.000,9999.000,9999.000,9999.000,9999.000,9999.000,9999.000
202607230118,   1.412,   1.630,9999.000,9999.000,9999.000,9999.000,9999.000,9999.000,9999.000
202607230124,   1.359,   1.571,9999.000,9999.000,9999.000,9999.000,9999.000,9999.000,9999.000
202607230130,   1.310,   1.548,9999.000,9999.000,9999.000,9999.000,9999.000,9999.000,9999.000
202607230136,   1.267,   1.508,9999.000,9999.000,9999.000,9999.000,9999.000,9999.000,9999.000
202607230142,   1.230,   1.469,9999.000,9999.000,9999.000,9999.000,9999.000,9999.000,9999.000
202607230148,   1.199,   1.449,9999.000,9999.000,9999.000,9999.000,9999.000,9999.000,9999.000
202607230154,   1.175,   1.430,9999.000,9999.000,9999.000,9999.000,9999.000,9999.000,9999.000
202607230200,   1.158,   1.410,   0.000,   0.252,   1.410,   0.000,   1.410,   0.100,   1.510
202607230206,   1.149,   1.380,9999.000,9999.000,9999.000,9999.000,9999.000,9999.000,9999.000
202607230212,   1.148,   1.390,9999.000,9999.000,9999.000,9999.000,9999.000,9999.000,9999.000
202607230218,   1.155,   1.400,9999.000,9999.000,9999.000,9999.000,9999.000,9999.000,9999.000
202607230224,   1.170,   1.420,9999.000,9999.000,9999.000,9999.000,9999.000,9999.000,9999.000
202607230230,   1.193,   1.410,9999.000,9999.000,9999.000,9999.000,9999.000,9999.000,9999.000
202607230236,   1.224,   1.430,9999.000,9999.000,9999.000,9999.000,9999.000,9999.000,9999.000
202607230242,   1.262,   1.479,9999.000,9999.000,9999.000,9999.000,9999.000,9999.000,9999.000
202607230248,   1.308,   1.528,9999.000,9999.000,9999.000,9999.000,9999.000,9999.000,9999.000
202607230254,   1.361,   1.590,9999.000,9999.000,9999.000,9999.000,9999.000,9999.000,9999.000
202607230300,   1.421,   1.659,   0.000,   0.238,   1.659,   0.000,   1.659,   0.000,   1.659
202607230306,   1.487,   1.748,9999.000,9999.000,9999.000,9999.000,9999.000,9999.000,9999.000
202607230312,   1.559,   1.840,9999.000,9999.000,9999.000,9999.000,9999.000,9999.000,9999.000
202607230318,   1.636,   1.928,9999.000,9999.000,9999.000,9999.000,9999.000,9999.000,9999.000
202607230324,   1.717,   2.010,9999.000,9999.000,9999.000,9999.000,9999.000,9999.000,9999.000
202607230330,   1.801,   2.109,9999.000,9999.000,9999.000,9999.000,9999.000,9999.000,9999.000
202607230336,   1.889,   2.220,9999.000,9999.000,9999.000,9999.000,9999.000,9999.000,9999.000
202607230342,   1.979,   2.318,9999.000,9999.000,9999.000,9999.000,9999.000,9999.000,9999.000
202607230348,   2.071,   2.430,9999.000,9999.000,9999.000,9999.000,9999.000,9999.000,9999.000
202607230354,   2.164,   2.528,9999.000,9999.000,9999.000,9999.000,9999.000,9999.000,9999.000
202607230400,   2.257,   2.640,   0.000,   0.383,   2.640,   0.000,   2.640,   0.000,   2.640
202607230406,   2.350,   2.748,9999.000,9999.000,9999.000,9999.000,9999.000,9999.000,9999.000
202607230412,   2.443,   2.840,9999.000,9999.000,9999.000,9999.000,9999.000,9999.000,9999.000
202607230418,   2.534,   2.938,9999.000,9999.000,9999.000,9999.000,9999.000,9999.000,9999.000
202607230424,   2.624,   3.017,9999.000,9999.000,9999.000,9999.000,9999.000,9999.000,9999.000
202607230430,   2.712,   3.070,9999.000,9999.000,9999.000,9999.000,9999.000,9999.000,9999.000
202607230436,   2.799,   3.129,9999.000,9999.000,9999.000,9999.000,9999.000,9999.000,9999.000
202607230442,   2.883,   3.197,9999.000,9999.000,9999.000,9999.000,9999.000,9999.000,9999.000
202607230448,   2.965,   3.270,9999.000,9999.000,9999.000,9999.000,9999.000,9999.000,9999.000
202607230454,   3.045,   3.319,9999.000,9999.000,9999.000,9999.000,9999.000,9999.000,9999.000
202607230500,   3.122,   3.378,   0.000,   0.256,   3.378,  -0.100,   3.278,   0.000,   3.378
202607230506,   3.197,   3.450,9999.000,9999.000,9999.000,9999.000,9999.000,9999.000,9999.000
202607230512,   3.270,   3.529,9999.000,9999.000,9999.000,9999.000,9999.000,9999.000,9999.000
202607230518,   3.340,   3.617,9999.000,9999.000,9999.000,9999.000,9999.000,9999.000,9999.000
202607230524,   3.409,   3.689,9999.000,9999.000,9999.000,9999.000,9999.000,9999.000,9999.000
202607230530,   3.475,   3.749,9999.000,9999.000,9999.000,9999.000,9999.000,9999.000,9999.000
202607230536,   3.540,   3.808,9999.000,9999.000,9999.000,9999.000,9999.000,9999.000,9999.000
202607230542,   3.602,   3.870,9999.000,9999.000,9999.000,9999.000,9999.000,9999.000,9999.000
202607230548,   3.663,   3.919,9999.000,9999.000,9999.000,9999.000,9999.000,9999.000,9999.000
202607230554,   3.722,   3.958,9999.000,9999.000,9999.000,9999.000,9999.000,9999.000,9999.000
202607230600,   3.779,   4.008,   0.000,   0.229,   4.008,  -0.100,   3.908,   0.000,   4.008
202607230606,   3.834,   4.047,9999.000,9999.000,9999.000,9999.000,9999.000,9999.000,9999.000
202607230612,   3.887,   4.080,9999.000,9999.000,9999.000,9999.000,9999.000,9999.000,9999.000
202607230618,   3.938,   4.090,9999.000,9999.000,9999.000,9999.000,9999.000,9999.000,9999.000
202607230624,   3.987,   4.109,9999.000,9999.000,9999.000,9999.000,9999.000,9999.000,9999.000
202607230630,   4.033,   4.109,9999.000,9999.000,9999.000,9999.000,9999.000,9999.000,9999.000
202607230636,   4.076,   4.119,9999.000,9999.000,9999.000,9999.000,9999.000,9999.000,9999.000
202607230642,   4.116,   4.139,9999.000,9999.000,9999.000,9999.000,9999.000,9999.000,9999.000
202607230648,   4.153,   4.149,9999.000,9999.000,9999.000,9999.000,9999.000,9999.000,9999.000
202607230654,   4.186,   4.178,9999.000,9999.000,9999.000,9999.000,9999.000,9999.000,9999.000
202607230700,   4.215,   4.208,   0.000,  -0.007,   4.208,  -0.100,   4.108,   0.000,   4.208
202607230706,   4.240,   4.247,9999.000,9999.000,9999.000,9999.000,9999.000,9999.000,9999.000
202607230712,   4.260,   4.290,9999.000,9999.000,9999.000,9999.000,9999.000,9999.000,9999.000
202607230718,   4.275,   4.329,9999.000,9999.000,9999.000,9999.000,9999.000,9999.000,9999.000
202607230724,   4.286,   4.359,9999.000,9999.000,9999.000,9999.000,9999.000,9999.000,9999.000
202607230730,   4.291,   4.388,9999.000,9999.000,9999.000,9999.000,9999.000,9999.000,9999.000
202607230736,   4.290,   4.408,9999.000,9999.000,9999.000,9999.000,9999.000,9999.000,9999.000
202607230742,   4.285,   4.398,9999.000,9999.000,9999.000,9999.000,9999.000,9999.000,9999.000
202607230748,   4.273,   4.398,9999.000,9999.000,9999.000,9999.000,9999.000,9999.000,9999.000
202607230754,   4.256,   4.388,9999.000,9999.000,9999.000,9999.000,9999.000,9999.000,9999.000
202607230800,   4.234,   4.349,   0.000,   0.115,   4.349,  -0.100,   4.249,   0.000,   4.349
202607230806,   4.206,   4.329,9999.000,9999.000,9999.000,9999.000,9999.000,9999.000,9999.000
202607230812,   4.173,   4.300,9999.000,9999.000,9999.000,9999.000,9999.000,9999.000,9999.000
202607230818,   4.136,   4.257,9999.000,9999.000,9999.000,9999.000,9999.000,9999.000,9999.000
202607230824,   4.093,   4.218,9999.000,9999.000,9999.000,9999.000,9999.000,9999.000,9999.000
202607230830,   4.046,   4.188,9999.000,9999.000,9999.000,9999.000,9999.000,9999.000,9999.000
202607230836,   3.996,   4.149,9999.000,9999.000,9999.000,9999.000,9999.000,9999.000,9999.000
202607230842,   3.941,   4.139,9999.000,9999.000,9999.000,9999.000,9999.000,9999.000,9999.000
202607230848,   3.883,   4.119,9999.000,9999.000,9999.000,9999.000,9999.000,9999.000,9999.000
202607230854,   3.822,   4.070,9999.000,9999.000,9999.000,9999.000,9999.000,9999.000,9999.000
202607230900,   3.759,   3.998,   0.000,   0.239,   3.998,  -0.100,   3.898,   0.000,   3.998
202607230906,   3.694,   3.949,9999.000,9999.000,9999.000,9999.000,9999.000,9999.000,9999.000
202607230912,   3.626,   3.899,9999.000,9999.000,9999.000,9999.000,9999.000,9999.000,9999.000
202607230918,   3.558,   3.817,9999.000,9999.000,9999.000,9999.000,9999.000,9999.000,9999.000
202607230924,   3.488,   3.739,9999.000,9999.000,9999.000,9999.000,9999.000,9999.000,9999.000
202607230930,   3.418,   3.699,9999.000,9999.000,9999.000,9999.000,9999.000,9999.000,9999.000
202607230936,   3.348,   3.637,9999.000,9999.000,9999.000,9999.000,9999.000,9999.000,9999.000
202607230942,   3.277,   3.568,9999.000,9999.000,9999.000,9999.000,9999.000,9999.000,9999.000
202607230948,   3.207,   3.489,9999.000,9999.000,9999.000,9999.000,9999.000,9999.000,9999.000
202607230954,   3.136,   3.450,9999.000,9999.000,9999.000,9999.000,9999.000,9999.000,9999.000
202607231000,   3.067,   3.398,   0.000,   0.331,   3.398,   0.000,   3.398,   0.000,   3.398
202607231006,   2.998,   3.348,9999.000,9999.000,9999.000,9999.000,9999.000,9999.000,9999.000
202607231012,   2.930,   3.260,9999.000,9999.000,9999.000,9999.000,9999.000,9999.000,9999.000
202607231018,   2.863,   3.178,9999.000,9999.000,9999.000,9999.000,9999.000,9999.000,9999.000
202607231024,   2.797,   3.109,9999.000,9999.000,9999.000,9999.000,9999.000,9999.000,9999.000
202607231030,   2.732,   3.007,9999.000,9999.000,9999.000,9999.000,9999.000,9999.000,9999.000
202607231036,   2.668,   2.909,9999.000,9999.000,9999.000,9999.000,9999.000,9999.000,9999.000
202607231042,   2.605,   2.820,9999.000,9999.000,9999.000,9999.000,9999.000,9999.000,9999.000
202607231048,   2.544,   2.719,9999.000,9999.000,9999.000,9999.000,9999.000,9999.000,9999.000
202607231054,   2.483,   2.630,9999.000,9999.000,9999.000,9999.000,9999.000,9999.000,9999.000
202607231100,   2.422,   2.538,   0.000,   0.116,   2.538,   0.000,   2.538,   0.100,   2.638
202607231106,   2.363,   2.469,9999.000,9999.000,9999.000,9999.000,9999.000,9999.000,9999.000
202607231112,   2.304,   2.400,9999.000,9999.000,9999.000,9999.000,9999.000,9999.000,9999.000
202607231118,   2.246,   2.309,9999.000,9999.000,9999.000,9999.000,9999.000,9999.000,9999.000
202607231124,   2.188,   2.220,9999.000,9999.000,9999.000,9999.000,9999.000,9999.000,9999.000
202607231130,   2.131,   2.158,9999.000,9999.000,9999.000,9999.000,9999.000,9999.000,9999.000
202607231136,   2.073,   2.118,9999.000,9999.000,9999.000,9999.000,9999.000,9999.000,9999.000
202607231142,   2.016,   2.079,9999.000,9999.000,9999.000,9999.000,9999.000,9999.000,9999.000
202607231148,   1.959,   2.059,9999.000,9999.000,9999.000,9999.000,9999.000,9999.000,9999.000
202607231154,   1.902,   2.049,9999.000,9999.000,9999.000,9999.000,9999.000,9999.000,9999.000
202607231200,   1.844,   2.049,   0.000,   0.205,   2.049,   0.000,   2.049,   0.100,   2.149
202607231206,   1.786,   2.069,9999.000,9999.000,9999.000,9999.000,9999.000,9999.000,9999.000
202607231212,   1.728,   2.049,9999.000,9999.000,9999.000,9999.000,9999.000,9999.000,9999.000
202607231218,   1.670,   2.049,9999.000,9999.000,9999.000,9999.000,9999.000,9999.000,9999.000
202607231224,   1.612,   2.040,9999.000,9999.000,9999.000,9999.000,9999.000,9999.000,9999.000
202607231230,   1.554,   2.020,9999.000,9999.000,9999.000,9999.000,9999.000,9999.000,9999.000
202607231236,   1.495,   2.010,9999.000,9999.000,9999.000,9999.000,9999.000,9999.000,9999.000
202607231242,   1.437,   1.990,9999.000,9999.000,9999.000,9999.000,9999.000,9999.000,9999.000
202607231248,   1.379,   1.967,9999.000,9999.000,9999.000,9999.000,9999.000,9999.000,9999.000
202607231254,   1.322,   1.958,9999.000,9999.000,9999.000,9999.000,9999.000,9999.000,9999.000
202607231300,   1.266,   1.928,   0.000,   0.662,   1.928,   0.000,   1.928,   0.100,   2.028
202607231306,   1.211,   1.908,9999.000,9999.000,9999.000,9999.000,9999.000,9999.000,9999.000
202607231312,   1.158,   1.869,9999.000,9999.000,9999.000,9999.000,9999.000,9999.000,9999.000
202607231318,   1.107,   1.840,9999.000,9999.000,9999.000,9999.000,9999.000,9999.000,9999.000
202607231324,   1.059,   1.810,9999.000,9999.000,9999.000,9999.000,9999.000,9999.000,9999.000
202607231330,   1.014,   1.767,9999.000,9999.000,9999.000,9999.000,9999.000,9999.000,9999.000
202607231336,   0.972,   1.738,9999.000,9999.000,9999.000,9999.000,9999.000,9999.000,9999.000
202607231342,   0.935,   1.708,9999.000,9999.000,9999.000,9999.000,9999.000,9999.000,9999.000
202607231348,   0.903,   1.699,9999.000,9999.000,9999.000,9999.000,9999.000,9999.000,9999.000
202607231354,   0.876,   1.669,9999.000,9999.000,9999.000,9999.000,9999.000,9999.000,9999.000
202607231400,   0.854,   1.590,   0.000,   0.736,   1.590,   0.000,   1.590,   0.100,   1.690
202607231406,   0.840,   1.548,9999.000,9999.000,9999.000,9999.000,9999.000,9999.000,9999.000
202607231412,   0.832,   1.469,9999.000,9999.000,9999.000,9999.000,9999.000,9999.000,9999.000
202607231418,   0.831,   1.449,9999.000,9999.000,9999.000,9999.000,9999.000,9999.000,9999.000
202607231424,   0.838,   1.400,9999.000,9999.000,9999.000,9999.000,9999.000,9999.000,9999.000
202607231430,   0.853,   1.390,9999.000,9999.000,9999.000,9999.000,9999.000,9999.000,9999.000
202607231436,   0.876,   1.371,9999.000,9999.000,9999.000,9999.000,9999.000,9999.000,9999.000
202607231442,   0.907,   1.459,9999.000,9999.000,9999.000,9999.000,9999.000,9999.000,9999.000
202607231448,   0.947,   1.498,9999.000,9999.000,9999.000,9999.000,9999.000,9999.000,9999.000
202607231454,   0.995,   1.489,9999.000,9999.000,9999.000,9999.000,9999.000,9999.000,9999.000
202607231500,   1.051,   1.600,   0.000,   0.549,   1.600,   0.000,   1.600,   0.100,   1.700
202607231506,   1.116,   1.679,9999.000,9999.000,9999.000,9999.000,9999.000,9999.000,9999.000
202607231512,   1.188,   1.758,9999.000,9999.000,9999.000,9999.000,9999.000,9999.000,9999.000
202607231518,   1.267,   1.790,9999.000,9999.000,9999.000,9999.000,9999.000,9999.000,9999.000
202607231524,   1.353,   1.899,9999.000,9999.000,9999.000,9999.000,9999.000,9999.000,9999.000
202607231530,   1.446,   2.000,9999.000,9999.000,9999.000,9999.000,9999.000,9999.000,9999.000
202607231536,   1.544,   2.109,9999.000,9999.000,9999.000,9999.000,9999.000,9999.000,9999.000
202607231542,   1.648,   2.210,9999.000,9999.000,9999.000,9999.000,9999.000,9999.000,9999.000
202607231548,   1.756,   2.269,9999.000,9999.000,9999.000,9999.000,9999.000,9999.000,9999.000
202607231554,   1.867,   2.358,9999.000,9999.000,9999.000,9999.000,9999.000,9999.000,9999.000
202607231600,   1.982,   2.450,   0.000,   0.468,   2.450,   0.000,   2.450,   0.100,   2.550
202607231606,   2.099,   2.519,9999.000,9999.000,9999.000,9999.000,9999.000,9999.000,9999.000
202607231612,   2.217,   2.578,9999.000,9999.000,9999.000,9999.000,9999.000,9999.000,9999.000
202607231618,   2.337,   2.640,9999.000,9999.000,9999.000,9999.000,9999.000,9999.000,9999.000
202607231624,   2.457,   2.699,9999.000,9999.000,9999.000,9999.000,9999.000,9999.000,9999.000
202607231630,   2.576,   2.768,9999.000,9999.000,9999.000,9999.000,9999.000,9999.000,9999.000
202607231636,   2.695,   2.850,9999.000,9999.000,9999.000,9999.000,9999.000,9999.000,9999.000
202607231642,   2.812,   2.948,9999.000,9999.000,9999.000,9999.000,9999.000,9999.000,9999.000
202607231648,   2.928,   3.050,9999.000,9999.000,9999.000,9999.000,9999.000,9999.000,9999.000
202607231654,   3.041,   3.158,9999.000,9999.000,9999.000,9999.000,9999.000,9999.000,9999.000
202607231700,   3.153,   3.270,   0.000,   0.117,   3.270,   0.000,   3.270,   0.100,   3.370
202607231706,   3.261,   3.378,9999.000,9999.000,9999.000,9999.000,9999.000,9999.000,9999.000
202607231712,   3.368,   3.480,9999.000,9999.000,9999.000,9999.000,9999.000,9999.000,9999.000
202607231718,   3.471,   3.588,9999.000,9999.000,9999.000,9999.000,9999.000,9999.000,9999.000
202607231724,   3.572,   3.709,9999.000,9999.000,9999.000,9999.000,9999.000,9999.000,9999.000
202607231730,   3.670,   3.808,9999.000,9999.000,9999.000,9999.000,9999.000,9999.000,9999.000
202607231736,   3.765,   3.919,9999.000,9999.000,9999.000,9999.000,9999.000,9999.000,9999.000
202607231742,   3.858,   4.037,9999.000,9999.000,9999.000,9999.000,9999.000,9999.000,9999.000
202607231748,   3.949,   4.139,9999.000,9999.000,9999.000,9999.000,9999.000,9999.000,9999.000
202607231754,   4.037,   4.257,9999.000,9999.000,9999.000,9999.000,9999.000,9999.000,9999.000
202607231800,   4.123,   4.359,   0.100,   0.136,   4.359,   0.000,   4.259,   0.100,   4.359
202607231806,   4.206,   4.480,9999.000,9999.000,9999.000,9999.000,9999.000,9999.000,9999.000
202607231812,   4.288,   4.569,9999.000,9999.000,9999.000,9999.000,9999.000,9999.000,9999.000
202607231818,   4.367,   4.657,9999.000,9999.000,9999.000,9999.000,9999.000,9999.000,9999.000
202607231824,   4.445,   4.759,9999.000,9999.000,9999.000,9999.000,9999.000,9999.000,9999.000
202607231830,   4.520,   4.867,9999.000,9999.000,9999.000,9999.000,9999.000,9999.000,9999.000
202607231836,   4.593,   4.979,9999.000,9999.000,9999.000,9999.000,9999.000,9999.000,9999.000
202607231842,   4.664,   5.087,9999.000,9999.000,9999.000,9999.000,9999.000,9999.000,9999.000
202607231848,   4.733,   5.179,9999.000,9999.000,9999.000,9999.000,9999.000,9999.000,9999.000
202607231854,   4.798,   5.267,9999.000,9999.000,9999.000,9999.000,9999.000,9999.000,9999.000
202607231900,   4.861,   5.329,   0.100,   0.368,   5.329,   0.000,   5.229,   0.100,   5.329
202607231906,   4.920,   5.418,9999.000,9999.000,9999.000,9999.000,9999.000,9999.000,9999.000
202607231912,   4.976,   5.477,9999.000,9999.000,9999.000,9999.000,9999.000,9999.000,9999.000
202607231918,   5.029,   5.539,9999.000,9999.000,9999.000,9999.000,9999.000,9999.000,9999.000
202607231924,   5.077,   5.589,9999.000,9999.000,9999.000,9999.000,9999.000,9999.000,9999.000
202607231930,   5.120,   5.628,9999.000,9999.000,9999.000,9999.000,9999.000,9999.000,9999.000
202607231936,   5.159,   5.638,9999.000,9999.000,9999.000,9999.000,9999.000,9999.000,9999.000
202607231942,   5.193,   5.657,9999.000,9999.000,9999.000,9999.000,9999.000,9999.000,9999.000
202607231948,   5.222,   5.677,9999.000,9999.000,9999.000,9999.000,9999.000,9999.000,9999.000
202607231954,   5.245,   5.657,9999.000,9999.000,9999.000,9999.000,9999.000,9999.000,9999.000
202607232000,   5.263,   5.657,   0.100,   0.294,   5.657,   0.000,   5.557,   0.100,   5.657
202607232006,   5.275,   5.638,9999.000,9999.000,9999.000,9999.000,9999.000,9999.000,9999.000
202607232012,   5.280,   5.618,9999.000,9999.000,9999.000,9999.000,9999.000,9999.000,9999.000
202607232018,   5.280,   5.608,9999.000,9999.000,9999.000,9999.000,9999.000,9999.000,9999.000
202607232024,   5.274,   5.589,9999.000,9999.000,9999.000,9999.000,9999.000,9999.000,9999.000
202607232030,   5.263,   5.569,9999.000,9999.000,9999.000,9999.000,9999.000,9999.000,9999.000
202607232036,   5.245,   5.539,9999.000,9999.000,9999.000,9999.000,9999.000,9999.000,9999.000
202607232042,   5.222,   5.507,9999.000,9999.000,9999.000,9999.000,9999.000,9999.000,9999.000
202607232048,   5.194,   5.487,9999.000,9999.000,9999.000,9999.000,9999.000,9999.000,9999.000
202607232054,   5.160,   5.448,9999.000,9999.000,9999.000,9999.000,9999.000,9999.000,9999.000
202607232100,   5.122,   5.398,   0.100,   0.176,   5.398,   0.000,   5.298,   0.200,   5.498
202607232106,   5.080,   5.339,9999.000,9999.000,9999.000,9999.000,9999.000,9999.000,9999.000
202607232112,   5.033,   5.257,9999.000,9999.000,9999.000,9999.000,9999.000,9999.000,9999.000
202607232118,   4.982,   5.169,9999.000,9999.000,9999.000,9999.000,9999.000,9999.000,9999.000
202607232124,   4.928,   5.077,9999.000,9999.000,9999.000,9999.000,9999.000,9999.000,9999.000
202607232130,   4.871,   4.988,9999.000,9999.000,9999.000,9999.000,9999.000,9999.000,9999.000
202607232136,   4.812,   4.887,9999.000,9999.000,9999.000,9999.000,9999.000,9999.000,9999.000
202607232142,   4.749,   4.798,9999.000,9999.000,9999.000,9999.000,9999.000,9999.000,9999.000
202607232148,   4.685,   4.690,9999.000,9999.000,9999.000,9999.000,9999.000,9999.000,9999.000
202607232154,   4.620,   4.598,9999.000,9999.000,9999.000,9999.000,9999.000,9999.000,9999.000
202607232200,   4.552,   4.480,   0.100,  -0.172,   4.480,   0.000,   4.380,   0.200,   4.580
202607232206,   4.484,   4.368,9999.000,9999.000,9999.000,9999.000,9999.000,9999.000,9999.000
202607232212,   4.415,   4.257,9999.000,9999.000,9999.000,9999.000,9999.000,9999.000,9999.000
202607232218,   4.345,   4.159,9999.000,9999.000,9999.000,9999.000,9999.000,9999.000,9999.000
202607232224,   4.274,   4.037,9999.000,9999.000,9999.000,9999.000,9999.000,9999.000,9999.000
202607232230,   4.204,   3.958,9999.000,9999.000,9999.000,9999.000,9999.000,9999.000,9999.000
202607232236,   4.132,   3.870,9999.000,9999.000,9999.000,9999.000,9999.000,9999.000,9999.000
202607232242,   4.061,   3.788,9999.000,9999.000,9999.000,9999.000,9999.000,9999.000,9999.000
202607232248,   3.990,   3.699,9999.000,9999.000,9999.000,9999.000,9999.000,9999.000,9999.000
202607232254,   3.918,   3.607,9999.000,9999.000,9999.000,9999.000,9999.000,9999.000,9999.000
202607232300,   3.847,   3.519,   0.100,  -0.428,   3.519,   0.100,   3.519,   0.200,   3.619
202607232306,   3.775,   3.417,9999.000,9999.000,9999.000,9999.000,9999.000,9999.000,9999.000
202607232312,   3.703,   3.319,9999.000,9999.000,9999.000,9999.000,9999.000,9999.000,9999.000
202607232318,   3.631,   3.250,9999.000,9999.000,9999.000,9999.000,9999.000,9999.000,9999.000
202607232324,   3.559,   3.158,9999.000,9999.000,9999.000,9999.000,9999.000,9999.000,9999.000
202607232330,   3.486,   3.089,9999.000,9999.000,9999.000,9999.000,9999.000,9999.000,9999.000
202607232336,   3.414,   3.030,9999.000,9999.000,9999.000,9999.000,9999.000,9999.000,9999.000
202607232342,   3.340,   2.948,9999.000,9999.000,9999.000,9999.000,9999.000,9999.000,9999.000
202607232348,   3.266,   2.869,9999.000,9999.000,9999.000,9999.000,9999.000,9999.000,9999.000
202607232354,   3.192,   2.787,9999.000,9999.000,9999.000,9999.000,9999.000,9999.000,9999.000
202607240000,   3.116,   2.689,   0.100,  -0.527,   2.689,   0.100,   2.689,   0.100,   2.689
202607240006,   3.040,   2.620,9999.000,9999.000,9999.000,9999.000,9999.000,9999.000,9999.000
202607240012,   2.963,   2.558,9999.000,9999.000,9999.000,9999.000,9999.000,9999.000,9999.000
202607240018,   2.885,   2.509,9999.000,9999.000,9999.000,9999.000,9999.000,9999.000,9999.000
202607240024,   2.806,   2.450,9999.000,9999.000,9999.000,9999.000,9999.000,9999.000,9999.000
202607240030,   2.726,   2.400,9999.000,9999.000,9999.000,9999.000,9999.000,9999.000,9999.000
202607240036,   2.645,   2.338,9999.000,9999.000,9999.000,9999.000,9999.000,9999.000,9999.000
202607240042,   2.563,   2.289,9999.000,9999.000,9999.000,9999.000,9999.000,9999.000,9999.000
202607240048,   2.480,   2.230,9999.000,9999.000,9999.000,9999.000,9999.000,9999.000,9999.000
202607240054,   2.397,   2.177,9999.000,9999.000,9999.000,9999.000,9999.000,9999.000,9999.000
202607240100,   2.312,   2.128,   0.100,  -0.284,   2.128,   0.100,   2.128,   0.100,   2.128
202607240106,   2.228,   2.079,9999.000,9999.000,9999.000,9999.000,9999.000,9999.000,9999.000
202607240112,   2.143,   2.030,9999.000,9999.000,9999.000,9999.000,9999.000,9999.000,9999.000
202607240118,   2.059,   1.981,9999.000,9999.000,9999.000,9999.000,9999.000,9999.000,9999.000
202607240124,   1.974,   1.928,9999.000,9999.000,9999.000,9999.000,9999.000,9999.000,9999.000
202607240130,   1.891,   1.889,9999.000,9999.000,9999.000,9999.000,9999.000,9999.000,9999.000
202607240136,   1.809,   1.830,9999.000,9999.000,9999.000,9999.000,9999.000,9999.000,9999.000
202607240142,   1.729,   1.800,9999.000,9999.000,9999.000,9999.000,9999.000,9999.000,9999.000
202607240148,   1.651,   1.748,9999.000,9999.000,9999.000,9999.000,9999.000,9999.000,9999.000
202607240154,   1.576,   1.708,9999.000,9999.000,9999.000,9999.000,9999.000,9999.000,9999.000
202607240200,   1.504,   1.669,   0.100,   0.065,   1.669,   0.100,   1.669,   0.200,   1.769
202607240206,   1.437,   1.610,9999.000,9999.000,9999.000,9999.000,9999.000,9999.000,9999.000
202607240212,   1.373,   1.557,9999.000,9999.000,9999.000,9999.000,9999.000,9999.000,9999.000
202607240218,   1.315,   1.508,9999.000,9999.000,9999.000,9999.000,9999.000,9999.000,9999.000
202607240224,   1.263,   1.459,9999.000,9999.000,9999.000,9999.000,9999.000,9999.000,9999.000
202607240230,   1.216,   1.420,9999.000,9999.000,9999.000,9999.000,9999.000,9999.000,9999.000
202607240236,   1.176,   1.390,9999.000,9999.000,9999.000,9999.000,9999.000,9999.000,9999.000
202607240242,   1.144,   1.361,9999.000,9999.000,9999.000,9999.000,9999.000,9999.000,9999.000
202607240248,   1.118,   1.348,9999.000,9999.000,9999.000,9999.000,9999.000,9999.000,9999.000
202607240254,   1.101,   1.338,9999.000,9999.000,9999.000,9999.000,9999.000,9999.000,9999.000
202607240300,   1.092,   1.348,   0.100,   0.156,   1.348,   0.100,   1.348,   0.200,   1.448
202607240306,   1.091,   1.361,9999.000,9999.000,9999.000,9999.000,9999.000,9999.000,9999.000
202607240312,   1.098,   1.380,9999.000,9999.000,9999.000,9999.000,9999.000,9999.000,9999.000
202607240318,   1.113,   1.400,9999.000,9999.000,9999.000,9999.000,9999.000,9999.000,9999.000
202607240324,   1.137,   1.430,9999.000,9999.000,9999.000,9999.000,9999.000,9999.000,9999.000
202607240330,   1.169,   1.459,9999.000,9999.000,9999.000,9999.000,9999.000,9999.000,9999.000
202607240336,   1.208,   1.489,9999.000,9999.000,9999.000,9999.000,9999.000,9999.000,9999.000
202607240342,   1.255,   1.528,9999.000,9999.000,9999.000,9999.000,9999.000,9999.000,9999.000
202607240348,   1.308,   1.557,9999.000,9999.000,9999.000,9999.000,9999.000,9999.000,9999.000
202607240354,   1.368,   1.590,9999.000,9999.000,9999.000,9999.000,9999.000,9999.000,9999.000
202607240400,   1.434,   1.620,   0.100,   0.086,   1.620,   0.100,   1.620,   0.200,   1.720
202607240406,   1.505,   1.659,9999.000,9999.000,9999.000,9999.000,9999.000,9999.000,9999.000
202607240412,   1.580,   1.728,9999.000,9999.000,9999.000,9999.000,9999.000,9999.000,9999.000
202607240418,   1.659,   1.790,9999.000,9999.000,9999.000,9999.000,9999.000,9999.000,9999.000
202607240424,   1.741,   1.859,9999.000,9999.000,9999.000,9999.000,9999.000,9999.000,9999.000
202607240430,   1.826,   1.967,9999.000,9999.000,9999.000,9999.000,9999.000,9999.000,9999.000
202607240436,   1.912,   2.069,9999.000,9999.000,9999.000,9999.000,9999.000,9999.000,9999.000
202607240442,   2.000,   2.177,9999.000,9999.000,9999.000,9999.000,9999.000,9999.000,9999.000
202607240448,   2.087,   2.279,9999.000,9999.000,9999.000,9999.000,9999.000,9999.000,9999.000
202607240454,   2.175,   2.377,9999.000,9999.000,9999.000,9999.000,9999.000,9999.000,9999.000
202607240500,   2.262,   2.479,   0.100,   0.117,   2.479,   0.100,   2.479,   0.200,   2.579
202607240506,   2.347,   2.568,9999.000,9999.000,9999.000,9999.000,9999.000,9999.000,9999.000
202607240512,   2.431,   2.660,9999.000,9999.000,9999.000,9999.000,9999.000,9999.000,9999.000
202607240518,   2.514,   2.748,9999.000,9999.000,9999.000,9999.000,9999.000,9999.000,9999.000
202607240524,   2.594,   2.840,9999.000,9999.000,9999.000,9999.000,9999.000,9999.000,9999.000
202607240530,   2.672,   2.929,9999.000,9999.000,9999.000,9999.000,9999.000,9999.000,9999.000
202607240536,   2.748,   3.007,9999.000,9999.000,9999.000,9999.000,9999.000,9999.000,9999.000
202607240542,   2.821,   3.099,9999.000,9999.000,9999.000,9999.000,9999.000,9999.000,9999.000
202607240548,   2.893,   3.158,9999.000,9999.000,9999.000,9999.000,9999.000,9999.000,9999.000
202607240554,   2.961,9999.000,9999.000,9999.000,9999.000,9999.000,9999.000,9999.000,9999.000
202607240600,   3.028,9999.000,   0.100,   0.121,   3.249,   0.100,   3.249,   0.100,   3.249
202607240606,   3.093,9999.000,9999.000,9999.000,9999.000,9999.000,9999.000,9999.000,9999.000
202607240612,   3.156,9999.000,9999.000,9999.000,9999.000,9999.000,9999.000,9999.000,9999.000
202607240618,   3.217,9999.000,9999.000,9999.000,9999.000,9999.000,9999.000,9999.000,9999.000
202607240624,   3.276,9999.000,9999.000,9999.000,9999.000,9999.000,9999.000,9999.000,9999.000
202607240630,   3.334,9999.000,9999.000,9999.000,9999.000,9999.000,9999.000,9999.000,9999.000
202607240636,   3.391,9999.000,9999.000,9999.000,9999.000,9999.000,9999.000,9999.000,9999.000
202607240642,   3.447,9999.000,9999.000,9999.000,9999.000,9999.000,9999.000,9999.000,9999.000
202607240648,   3.501,9999.000,9999.000,9999.000,9999.000,9999.000,9999.000,9999.000,9999.000
202607240654,   3.554,9999.000,9999.000,9999.000,9999.000,9999.000,9999.000,9999.000,9999.000
202607240700,   3.606,9999.000,   0.100,   0.125,   3.831,   0.100,   3.831,   0.100,   3.831
202607240706,   3.657,9999.000,9999.000,9999.000,9999.000,9999.000,9999.000,9999.000,9999.000
202607240712,   3.706,9999.000,9999.000,9999.000,9999.000,9999.000,9999.000,9999.000,9999.000
202607240718,   3.754,9999.000,9999.000,9999.000,9999.000,9999.000,9999.000,9999.000,9999.000
202607240724,   3.799,9999.000,9999.000,9999.000,9999.000,9999.000,9999.000,9999.000,9999.000
202607240730,   3.843,9999.000,9999.000,9999.000,9999.000,9999.000,9999.000,9999.000,9999.000
202607240736,   3.884,9999.000,9999.000,9999.000,9999.000,9999.000,9999.000,9999.000,9999.000
202607240742,   3.923,9999.000,9999.000,9999.000,9999.000,9999.000,9999.000,9999.000,9999.000
202607240748,   3.958,9999.000,9999.000,9999.000,9999.000,9999.000,9999.000,9999.000,9999.000
202607240754,   3.991,9999.000,9999.000,9999.000,9999.000,9999.000,9999.000,9999.000,9999.000
202607240800,   4.019,9999.000,   0.100,   0.129,   4.248,   0.100,   4.248,   0.200,   4.348
202607240806,   4.044,9999.000,9999.000,9999.000,9999.000,9999.000,9999.000,9999.000,9999.000
202607240812,   4.065,9999.000,9999.000,9999.000,9999.000,9999.000,9999.000,9999.000,9999.000
202607240818,   4.081,9999.000,9999.000,9999.000,9999.000,9999.000,9999.000,9999.000,9999.000
202607240824,   4.093,9999.000,9999.000,9999.000,9999.000,9999.000,9999.000,9999.000,9999.000
202607240830,   4.099,9999.000,9999.000,9999.000,9999.000,9999.000,9999.000,9999.000,9999.000
202607240836,   4.101,9999.000,9999.000,9999.000,9999.000,9999.000,9999.000,9999.000,9999.000
202607240842,   4.098,9999.000,9999.000,9999.000,9999.000,9999.000,9999.000,9999.000,9999.000
202607240848,   4.090,9999.000,9999.000,9999.000,9999.000,9999.000,9999.000,9999.000,9999.000
202607240854,   4.077,9999.000,9999.000,9999.000,9999.000,9999.000,9999.000,9999.000,9999.000
202607240900,   4.059,9999.000,   0.200,   0.133,   4.392,   0.100,   4.292,   0.200,   4.392
202607240906,   4.036,9999.000,9999.000,9999.000,9999.000,9999.000,9999.000,9999.000,9999.000
202607240912,   4.009,9999.000,9999.000,9999.000,9999.000,9999.000,9999.000,9999.000,9999.000
202607240918,   3.977,9999.000,9999.000,9999.000,9999.000,9999.000,9999.000,9999.000,9999.000
202607240924,   3.942,9999.000,9999.000,9999.000,9999.000,9999.000,9999.000,9999.000,9999.000
202607240930,   3.902,9999.000,9999.000,9999.000,9999.000,9999.000,9999.000,9999.000,9999.000
202607240936,   3.859,9999.000,9999.000,9999.000,9999.000,9999.000,9999.000,9999.000,9999.000
202607240942,   3.813,9999.000,9999.000,9999.000,9999.000,9999.000,9999.000,9999.000,9999.000
202607240948,   3.764,9999.000,9999.000,9999.000,9999.000,9999.000,9999.000,9999.000,9999.000
202607240954,   3.713,9999.000,9999.000,9999.000,9999.000,9999.000,9999.000,9999.000,9999.000
202607241000,   3.659,9999.000,   0.200,   0.136,   3.995,   0.100,   3.895,   0.200,   3.995
202607241006,   3.604,9999.000,9999.000,9999.000,9999.000,9999.000,9999.000,9999.000,9999.000
202607241012,   3.547,9999.000,9999.000,9999.000,9999.000,9999.000,9999.000,9999.000,9999.000
202607241018,   3.488,9999.000,9999.000,9999.000,9999.000,9999.000,9999.000,9999.000,9999.000
202607241024,   3.429,9999.000,9999.000,9999.000,9999.000,9999.000,9999.000,9999.000,9999.000
202607241030,   3.369,9999.000,9999.000,9999.000,9999.000,9999.000,9999.000,9999.000,9999.000
202607241036,   3.309,9999.000,9999.000,9999.000,9999.000,9999.000,9999.000,9999.000,9999.000
202607241042,   3.248,9999.000,9999.000,9999.000,9999.000,9999.000,9999.000,9999.000,9999.000
202607241048,   3.188,9999.000,9999.000,9999.000,9999.000,9999.000,9999.000,9999.000,9999.000
202607241054,   3.127,9999.000,9999.000,9999.000,9999.000,9999.000,9999.000,9999.000,9999.000
202607241100,   3.066,9999.000,   0.200,   0.140,   3.406,   0.100,   3.306,   0.200,   3.406
202607241106,   3.006,9999.000,9999.000,9999.000,9999.000,9999.000,9999.000,9999.000,9999.000
202607241112,   2.946,9999.000,9999.000,9999.000,9999.000,9999.000,9999.000,9999.000,9999.000
202607241118,   2.886,9999.000,9999.000,9999.000,9999.000,9999.000,9999.000,9999.000,9999.000
202607241124,   2.827,9999.000,9999.000,9999.000,9999.000,9999.000,9999.000,9999.000,9999.000
202607241130,   2.768,9999.000,9999.000,9999.000,9999.000,9999.000,9999.000,9999.000,9999.000
202607241136,   2.709,9999.000,9999.000,9999.000,9999.000,9999.000,9999.000,9999.000,9999.000
202607241142,   2.651,9999.000,9999.000,9999.000,9999.000,9999.000,9999.000,9999.000,9999.000
202607241148,   2.592,9999.000,9999.000,9999.000,9999.000,9999.000,9999.000,9999.000,9999.000
202607241154,   2.534,9999.000,9999.000,9999.000,9999.000,9999.000,9999.000,9999.000,9999.000
202607241200,   2.476,9999.000,   0.200,   0.144,   2.820,   0.100,   2.720,   0.200,   2.820
202607241206,   2.418,9999.000,9999.000,9999.000,9999.000,9999.000,9999.000,9999.000,9999.000
202607241212,   2.360,9999.000,9999.000,9999.000,9999.000,9999.000,9999.000,9999.000,9999.000
202607241218,   2.301,9999.000,9999.000,9999.000,9999.000,9999.000,9999.000,9999.000,9999.000
202607241224,   2.243,9999.000,9999.000,9999.000,9999.000,9999.000,9999.000,9999.000,9999.000
202607241230,   2.184,9999.000,9999.000,9999.000,9999.000,9999.000,9999.000,9999.000,9999.000
202607241236,   2.124,9999.000,9999.000,9999.000,9999.000,9999.000,9999.000,9999.000,9999.000
202607241242,   2.065,9999.000,9999.000,9999.000,9999.000,9999.000,9999.000,9999.000,9999.000
202607241248,   2.004,9999.000,9999.000,9999.000,9999.000,9999.000,9999.000,9999.000,9999.000
202607241254,   1.944,9999.000,9999.000,9999.000,9999.000,9999.000,9999.000,9999.000,9999.000
202607241300,   1.882,9999.000,   0.100,   0.148,   2.130,   0.100,   2.130,   0.200,   2.230
202607241306,   1.821,9999.000,9999.000,9999.000,9999.000,9999.000,9999.000,9999.000,9999.000
202607241312,   1.759,9999.000,9999.000,9999.000,9999.000,9999.000,9999.000,9999.000,9999.000
202607241318,   1.697,9999.000,9999.000,9999.000,9999.000,9999.000,9999.000,9999.000,9999.000
202607241324,   1.635,9999.000,9999.000,9999.000,9999.000,9999.000,9999.000,9999.000,9999.000
202607241330,   1.573,9999.000,9999.000,9999.000,9999.000,9999.000,9999.000,9999.000,9999.000
202607241336,   1.511,9999.000,9999.000,9999.000,9999.000,9999.000,9999.000,9999.000,9999.000
202607241342,   1.450,9999.000,9999.000,9999.000,9999.000,9999.000,9999.000,9999.000,9999.000
202607241348,   1.390,9999.000,9999.000,9999.000,9999.000,9999.000,9999.000,9999.000,9999.000
202607241354,   1.332,9999.000,9999.000,9999.000,9999.000,9999.000,9999.000,9999.000,9999.000
202607241400,   1.275,9999.000,   0.200,   0.152,   1.627,   0.100,   1.527,   0.200,   1.627
202607241406,   1.221,9999.000,9999.000,9999.000,9999.000,9999.000,9999.000,9999.000,9999.000
202607241412,   1.169,9999.000,9999.000,9999.000,9999.000,9999.000,9999.000,9999.000,9999.000
202607241418,   1.120,9999.000,9999.000,9999.000,9999.000,9999.000,9999.000,9999.000,9999.000
202607241424,   1.076,9999.000,9999.000,9999.000,9999.000,9999.000,9999.000,9999.000,9999.000
202607241430,   1.035,9999.000,9999.000,9999.000,9999.000,9999.000,9999.000,9999.000,9999.000
202607241436,   1.000,9999.000,9999.000,9999.000,9999.000,9999.000,9999.000,9999.000,9999.000
202607241442,   0.970,9999.000,9999.000,9999.000,9999.000,9999.000,9999.000,9999.000,9999.000
202607241448,   0.946,9999.000,9999.000,9999.000,9999.000,9999.000,9999.000,9999.000,9999.000
202607241454,   0.928,9999.000,9999.000,9999.000,9999.000,9999.000,9999.000,9999.000,9999.000
202607241500,   0.917,9999.000,   0.200,   0.156,   1.273,   0.200,   1.273,   0.200,   1.273
202607241506,   0.914,9999.000,9999.000,9999.000,9999.000,9999.000,9999.000,9999.000,9999.000
202607241512,   0.918,9999.000,9999.000,9999.000,9999.000,9999.000,9999.000,9999.000,9999.000
202607241518,   0.930,9999.000,9999.000,9999.000,9999.000,9999.000,9999.000,9999.000,9999.000
202607241524,   0.950,9999.000,9999.000,9999.000,9999.000,9999.000,9999.000,9999.000,9999.000
202607241530,   0.979,9999.000,9999.000,9999.000,9999.000,9999.000,9999.000,9999.000,9999.000
202607241536,   1.016,9999.000,9999.000,9999.000,9999.000,9999.000,9999.000,9999.000,9999.000
202607241542,   1.061,9999.000,9999.000,9999.000,9999.000,9999.000,9999.000,9999.000,9999.000
202607241548,   1.115,9999.000,9999.000,9999.000,9999.000,9999.000,9999.000,9999.000,9999.000
202607241554,   1.176,9999.000,9999.000,9999.000,9999.000,9999.000,9999.000,9999.000,9999.000
202607241600,   1.245,9999.000,   0.200,   0.160,   1.605,   0.200,   1.605,   0.300,   1.705
202607241606,   1.321,9999.000,9999.000,9999.000,9999.000,9999.000,9999.000,9999.000,9999.000
202607241612,   1.405,9999.000,9999.000,9999.000,9999.000,9999.000,9999.000,9999.000,9999.000
202607241618,   1.494,9999.000,9999.000,9999.000,9999.000,9999.000,9999.000,9999.000,9999.000
202607241624,   1.589,9999.000,9999.000,9999.000,9999.000,9999.000,9999.000,9999.000,9999.000
202607241630,   1.689,9999.000,9999.000,9999.000,9999.000,9999.000,9999.000,9999.000,9999.000
202607241636,   1.793,9999.000,9999.000,9999.000,9999.000,9999.000,9999.000,9999.000,9999.000
202607241642,   1.901,9999.000,9999.000,9999.000,9999.000,9999.000,9999.000,9999.000,9999.000
202607241648,   2.011,9999.000,9999.000,9999.000,9999.000,9999.000,9999.000,9999.000,9999.000
202607241654,   2.124,9999.000,9999.000,9999.000,9999.000,9999.000,9999.000,9999.000,9999.000
202607241700,   2.238,9999.000,   0.300,   0.164,   2.702,   0.200,   2.602,   0.300,   2.702
202607241706,   2.353,9999.000,9999.000,9999.000,9999.000,9999.000,9999.000,9999.000,9999.000
202607241712,   2.468,9999.000,9999.000,9999.000,9999.000,9999.000,9999.000,9999.000,9999.000
202607241718,   2.583,9999.000,9999.000,9999.000,9999.000,9999.000,9999.000,9999.000,9999.000
202607241724,   2.697,9999.000,9999.000,9999.000,9999.000,9999.000,9999.000,9999.000,9999.000
202607241730,   2.809,9999.000,9999.000,9999.000,9999.000,9999.000,9999.000,9999.000,9999.000
202607241736,   2.919,9999.000,9999.000,9999.000,9999.000,9999.000,9999.000,9999.000,9999.000
202607241742,   3.027,9999.000,9999.000,9999.000,9999.000,9999.000,9999.000,9999.000,9999.000
202607241748,   3.133,9999.000,9999.000,9999.000,9999.000,9999.000,9999.000,9999.000,9999.000
202607241754,   3.236,9999.000,9999.000,9999.000,9999.000,9999.000,9999.000,9999.000,9999.000
202607241800,   3.337,9999.000,   0.300,   0.164,   3.801,   0.200,   3.701,   0.300,   3.801
202607241806,   3.435,9999.000,9999.000,9999.000,9999.000,9999.000,9999.000,9999.000,9999.000
202607241812,   3.530,9999.000,9999.000,9999.000,9999.000,9999.000,9999.000,9999.000,9999.000
202607241818,   3.623,9999.000,9999.000,9999.000,9999.000,9999.000,9999.000,9999.000,9999.000
202607241824,   3.713,9999.000,9999.000,9999.000,9999.000,9999.000,9999.000,9999.000,9999.000
202607241830,   3.801,9999.000,9999.000,9999.000,9999.000,9999.000,9999.000,9999.000,9999.000
202607241836,   3.887,9999.000,9999.000,9999.000,9999.000,9999.000,9999.000,9999.000,9999.000
202607241842,   3.970,9999.000,9999.000,9999.000,9999.000,9999.000,9999.000,9999.000,9999.000
202607241848,   4.052,9999.000,9999.000,9999.000,9999.000,9999.000,9999.000,9999.000,9999.000
202607241854,   4.133,9999.000,9999.000,9999.000,9999.000,9999.000,9999.000,9999.000,9999.000
202607241900,   4.211,9999.000,   0.300,   0.164,   4.675,   0.200,   4.575,   0.300,   4.675
202607241906,   4.288,9999.000,9999.000,9999.000,9999.000,9999.000,9999.000,9999.000,9999.000
202607241912,   4.364,9999.000,9999.000,9999.000,9999.000,9999.000,9999.000,9999.000,9999.000
202607241918,   4.438,9999.000,9999.000,9999.000,9999.000,9999.000,9999.000,9999.000,9999.000
202607241924,   4.511,9999.000,9999.000,9999.000,9999.000,9999.000,9999.000,9999.000,9999.000
202607241930,   4.582,9999.000,9999.000,9999.000,9999.000,9999.000,9999.000,9999.000,9999.000
202607241936,   4.652,9999.000,9999.000,9999.000,9999.000,9999.000,9999.000,9999.000,9999.000
202607241942,   4.720,9999.000,9999.000,9999.000,9999.000,9999.000,9999.000,9999.000,9999.000
202607241948,   4.785,9999.000,9999.000,9999.000,9999.000,9999.000,9999.000,9999.000,9999.000
202607241954,   4.848,9999.000,9999.000,9999.000,9999.000,9999.000,9999.000,9999.000,9999.000
202607242000,   4.909,9999.000,   0.300,   0.164,   5.373,   0.300,   5.373,   0.400,   5.473
202607242006,   4.966,9999.000,9999.000,9999.000,9999.000,9999.000,9999.000,9999.000,9999.000
202607242012,   5.020,9999.000,9999.000,9999.000,9999.000,9999.000,9999.000,9999.000,9999.000
202607242018,   5.071,9999.000,9999.000,9999.000,9999.000,9999.000,9999.000,9999.000,9999.000
202607242024,   5.117,9999.000,9999.000,9999.000,9999.000,9999.000,9999.000,9999.000,9999.000
202607242030,   5.159,9999.000,9999.000,9999.000,9999.000,9999.000,9999.000,9999.000,9999.000
202607242036,   5.196,9999.000,9999.000,9999.000,9999.000,9999.000,9999.000,9999.000,9999.000
202607242042,   5.229,9999.000,9999.000,9999.000,9999.000,9999.000,9999.000,9999.000,9999.000
202607242048,   5.256,9999.000,9999.000,9999.000,9999.000,9999.000,9999.000,9999.000,9999.000
202607242054,   5.277,9999.000,9999.000,9999.000,9999.000,9999.000,9999.000,9999.000,9999.000
202607242100,   5.293,9999.000,   0.400,   0.164,   5.857,   0.300,   5.757,   0.400,   5.857
202607242106,   5.303,9999.000,9999.000,9999.000,9999.000,9999.000,9999.000,9999.000,9999.000
202607242112,   5.308,9999.000,9999.000,9999.000,9999.000,9999.000,9999.000,9999.000,9999.000
202607242118,   5.306,9999.000,9999.000,9999.000,9999.000,9999.000,9999.000,9999.000,9999.000
202607242124,   5.299,9999.000,9999.000,9999.000,9999.000,9999.000,9999.000,9999.000,9999.000
202607242130,   5.287,9999.000,9999.000,9999.000,9999.000,9999.000,9999.000,9999.000,9999.000
202607242136,   5.268,9999.000,9999.000,9999.000,9999.000,9999.000,9999.000,9999.000,9999.000
202607242142,   5.245,9999.000,9999.000,9999.000,9999.000,9999.000,9999.000,9999.000,9999.000
202607242148,   5.216,9999.000,9999.000,9999.000,9999.000,9999.000,9999.000,9999.000,9999.000
202607242154,   5.182,9999.000,9999.000,9999.000,9999.000,9999.000,9999.000,9999.000,9999.000
202607242200,   5.144,9999.000,   0.400,   0.164,   5.708,   0.300,   5.608,   0.500,   5.808
202607242206,   5.101,9999.000,9999.000,9999.000,9999.000,9999.000,9999.000,9999.000,9999.000
202607242212,   5.055,9999.000,9999.000,9999.000,9999.000,9999.000,9999.000,9999.000,9999.000
202607242218,   5.005,9999.000,9999.000,9999.000,9999.000,9999.000,9999.000,9999.000,9999.000
202607242224,   4.951,9999.000,9999.000,9999.000,9999.000,9999.000,9999.000,9999.000,9999.000
202607242230,   4.894,9999.000,9999.000,9999.000,9999.000,9999.000,9999.000,9999.000,9999.000
202607242236,   4.835,9999.000,9999.000,9999.000,9999.000,9999.000,9999.000,9999.000,9999.000
202607242242,   4.774,9999.000,9999.000,9999.000,9999.000,9999.000,9999.000,9999.000,9999.000
202607242248,   4.710,9999.000,9999.000,9999.000,9999.000,9999.000,9999.000,9999.000,9999.000
202607242254,   4.644,9999.000,9999.000,9999.000,9999.000,9999.000,9999.000,9999.000,9999.000
202607242300,   4.577,9999.000,   0.400,   0.164,   5.141,   0.400,   5.141,   0.500,   5.241
202607242306,   4.508,9999.000,9999.000,9999.000,9999.000,9999.000,9999.000,9999.000,9999.000
202607242312,   4.438,9999.000,9999.000,9999.000,9999.000,9999.000,9999.000,9999.000,9999.000
202607242318,   4.367,9999.000,9999.000,9999.000,9999.000,9999.000,9999.000,9999.000,9999.000
202607242324,   4.295,9999.000,9999.000,9999.000,9999.000,9999.000,9999.000,9999.000,9999.000
202607242330,   4.222,9999.000,9999.000,9999.000,9999.000,9999.000,9999.000,9999.000,9999.000
202607242336,   4.148,9999.000,9999.000,9999.000,9999.000,9999.000,9999.000,9999.000,9999.000
202607242342,   4.074,9999.000,9999.000,9999.000,9999.000,9999.000,9999.000,9999.000,9999.000
202607242348,   3.998,9999.000,9999.000,9999.000,9999.000,9999.000,9999.000,9999.000,9999.000
202607242354,   3.922,9999.000,9999.000,9999.000,9999.000,9999.000,9999.000,9999.000,9999.000
202607250000,   3.846,9999.000,   0.500,   0.164,   4.510,   0.400,   4.410,   0.500,   4.510
202607250006,   3.769,9999.000,9999.000,9999.000,9999.000,9999.000,9999.000,9999.000,9999.000
202607250012,   3.691,9999.000,9999.000,9999.000,9999.000,9999.000,9999.000,9999.000,9999.000
202607250018,   3.612,9999.000,9999.000,9999.000,9999.000,9999.000,9999.000,9999.000,9999.000
202607250024,   3.533,9999.000,9999.000,9999.000,9999.000,9999.000,9999.000,9999.000,9999.000
202607250030,   3.453,9999.000,9999.000,9999.000,9999.000,9999.000,9999.000,9999.000,9999.000
202607250036,   3.372,9999.000,9999.000,9999.000,9999.000,9999.000,9999.000,9999.000,9999.000
202607250042,   3.290,9999.000,9999.000,9999.000,9999.000,9999.000,9999.000,9999.000,9999.000
202607250048,   3.207,9999.000,9999.000,9999.000,9999.000,9999.000,9999.000,9999.000,9999.000
202607250054,   3.123,9999.000,9999.000,9999.000,9999.000,9999.000,9999.000,9999.000,9999.000
202607250100,   3.038,9999.000,   0.500,   0.164,   3.702,   0.400,   3.602,   0.500,   3.702
202607250106,   2.952,9999.000,9999.000,9999.000,9999.000,9999.000,9999.000,9999.000,9999.000
202607250112,   2.866,9999.000,9999.000,9999.000,9999.000,9999.000,9999.000,9999.000,9999.000
202607250118,   2.778,9999.000,9999.000,9999.000,9999.000,9999.000,9999.000,9999.000,9999.000
202607250124,   2.689,9999.000,9999.000,9999.000,9999.000,9999.000,9999.000,9999.000,9999.000
202607250130,   2.600,9999.000,9999.000,9999.000,9999.000,9999.000,9999.000,9999.000,9999.000
202607250136,   2.510,9999.000,9999.000,9999.000,9999.000,9999.000,9999.000,9999.000,9999.000
202607250142,   2.419,9999.000,9999.000,9999.000,9999.000,9999.000,9999.000,9999.000,9999.000
202607250148,   2.328,9999.000,9999.000,9999.000,9999.000,9999.000,9999.000,9999.000,9999.000
202607250154,   2.237,9999.000,9999.000,9999.000,9999.000,9999.000,9999.000,9999.000,9999.000
202607250200,   2.146,9999.000,   0.500,   0.164,   2.810,   0.400,   2.710,   0.500,   2.810
202607250206,   2.056,9999.000,9999.000,9999.000,9999.000,9999.000,9999.000,9999.000,9999.000
202607250212,   1.966,9999.000,9999.000,9999.000,9999.000,9999.000,9999.000,9999.000,9999.000
202607250218,   1.877,9999.000,9999.000,9999.000,9999.000,9999.000,9999.000,9999.000,9999.000
202607250224,   1.790,9999.000,9999.000,9999.000,9999.000,9999.000,9999.000,9999.000,9999.000
202607250230,   1.705,9999.000,9999.000,9999.000,9999.000,9999.000,9999.000,9999.000,9999.000
202607250236,   1.623,9999.000,9999.000,9999.000,9999.000,9999.000,9999.000,9999.000,9999.000
202607250242,   1.543,9999.000,9999.000,9999.000,9999.000,9999.000,9999.000,9999.000,9999.000
202607250248,   1.467,9999.000,9999.000,9999.000,9999.000,9999.000,9999.000,9999.000,9999.000
202607250254,   1.395,9999.000,9999.000,9999.000,9999.000,9999.000,9999.000,9999.000,9999.000
202607250300,   1.328,9999.000,   0.500,   0.164,   1.992,   0.400,   1.892,   0.600,   2.092
202607250306,   1.266,9999.000,9999.000,9999.000,9999.000,9999.000,9999.000,9999.000,9999.000
202607250312,   1.210,9999.000,9999.000,9999.000,9999.000,9999.000,9999.000,9999.000,9999.000
202607250318,   1.160,9999.000,9999.000,9999.000,9999.000,9999.000,9999.000,9999.000,9999.000
202607250324,   1.117,9999.000,9999.000,9999.000,9999.000,9999.000,9999.000,9999.000,9999.000
202607250330,   1.080,9999.000,9999.000,9999.000,9999.000,9999.000,9999.000,9999.000,9999.000
202607250336,   1.052,9999.000,9999.000,9999.000,9999.000,9999.000,9999.000,9999.000,9999.000
202607250342,   1.031,9999.000,9999.000,9999.000,9999.000,9999.000,9999.000,9999.000,9999.000
202607250348,   1.017,9999.000,9999.000,9999.000,9999.000,9999.000,9999.000,9999.000,9999.000
202607250354,   1.013,9999.000,9999.000,9999.000,9999.000,9999.000,9999.000,9999.000,9999.000
202607250400,   1.016,9999.000,   0.500,   0.164,   1.680,   0.400,   1.580,   0.600,   1.780
202607250406,   1.027,9999.000,9999.000,9999.000,9999.000,9999.000,9999.000,9999.000,9999.000
202607250412,   1.047,9999.000,9999.000,9999.000,9999.000,9999.000,9999.000,9999.000,9999.000
202607250418,   1.074,9999.000,9999.000,9999.000,9999.000,9999.000,9999.000,9999.000,9999.000
202607250424,   1.109,9999.000,9999.000,9999.000,9999.000,9999.000,9999.000,9999.000,9999.000
202607250430,   1.151,9999.000,9999.000,9999.000,9999.000,9999.000,9999.000,9999.000,9999.000
202607250436,   1.200,9999.000,9999.000,9999.000,9999.000,9999.000,9999.000,9999.000,9999.000
202607250442,   1.255,9999.000,9999.000,9999.000,9999.000,9999.000,9999.000,9999.000,9999.000
202607250448,   1.316,9999.000,9999.000,9999.000,9999.000,9999.000,9999.000,9999.000,9999.000
202607250454,   1.382,9999.000,9999.000,9999.000,9999.000,9999.000,9999.000,9999.000,9999.000
202607250500,   1.452,9999.000,   0.500,   0.164,   2.116,   0.400,   2.016,   0.600,   2.216
202607250506,   1.526,9999.000,9999.000,9999.000,9999.000,9999.000,9999.000,9999.000,9999.000
202607250512,   1.603,9999.000,9999.000,9999.000,9999.000,9999.000,9999.000,9999.000,9999.000
202607250518,   1.682,9999.000,9999.000,9999.000,9999.000,9999.000,9999.000,9999.000,9999.000
202607250524,   1.763,9999.000,9999.000,9999.000,9999.000,9999.000,9999.000,9999.000,9999.000
202607250530,   1.845,9999.000,9999.000,9999.000,9999.000,9999.000,9999.000,9999.000,9999.000
202607250536,   1.928,9999.000,9999.000,9999.000,9999.000,9999.000,9999.000,9999.000,9999.000
202607250542,   2.010,9999.000,9999.000,9999.000,9999.000,9999.000,9999.000,9999.000,9999.000
202607250548,   2.092,9999.000,9999.000,9999.000,9999.000,9999.000,9999.000,9999.000,9999.000
202607250554,   2.173,9999.000,9999.000,9999.000,9999.000,9999.000,9999.000,9999.000,9999.000
202607250600,   2.252,9999.000,   0.500,   0.164,   2.916,   0.400,   2.816,   0.600,   3.016
202607250606,   2.330,9999.000,9999.000,9999.000,9999.000,9999.000,9999.000,9999.000,9999.000
202607250612,   2.406,9999.000,9999.000,9999.000,9999.000,9999.000,9999.000,9999.000,9999.000
202607250618,   2.480,9999.000,9999.000,9999.000,9999.000,9999.000,9999.000,9999.000,9999.000
202607250624,   2.552,9999.000,9999.000,9999.000,9999.000,9999.000,9999.000,9999.000,9999.000
202607250630,   2.622,9999.000,9999.000,9999.000,9999.000,9999.000,9999.000,9999.000,9999.000
202607250636,   2.690,9999.000,9999.000,9999.000,9999.000,9999.000,9999.000,9999.000,9999.000
202607250642,   2.756,9999.000,9999.000,9999.000,9999.000,9999.000,9999.000,9999.000,9999.000
202607250648,   2.820,9999.000,9999.000,9999.000,9999.000,9999.000,9999.000,9999.000,9999.000
202607250654,   2.883,9999.000,9999.000,9999.000,9999.000,9999.000,9999.000,9999.000,9999.000
202607250700,   2.945,9999.000,   0.500,   0.164,   3.609,   0.400,   3.509,   0.600,   3.709
202607250706,   3.005,9999.000,9999.000,9999.000,9999.000,9999.000,9999.000,9999.000,9999.000
202607250712,   3.064,9999.000,9999.000,9999.000,9999.000,9999.000,9999.000,9999.000,9999.000
202607250718,   3.123,9999.000,9999.000,9999.000,9999.000,9999.000,9999.000,9999.000,9999.000
202607250724,   3.181,9999.000,9999.000,9999.000,9999.000,9999.000,9999.000,9999.000,9999.000
202607250730,   3.239,9999.000,9999.000,9999.000,9999.000,9999.000,9999.000,9999.000,9999.000
202607250736,   3.296,9999.000,9999.000,9999.000,9999.000,9999.000,9999.000,9999.000,9999.000
202607250742,   3.352,9999.000,9999.000,9999.000,9999.000,9999.000,9999.000,9999.000,9999.000
202607250748,   3.408,9999.000,9999.000,9999.000,9999.000,9999.000,9999.000,9999.000,9999.000
202607250754,   3.464,9999.000,9999.000,9999.000,9999.000,9999.000,9999.000,9999.000,9999.000
202607250800,   3.519,9999.000,   0.500,   0.164,   4.183,   0.400,   4.083,   0.600,   4.283
202607250806,   3.573,9999.000,9999.000,9999.000,9999.000,9999.000,9999.000,9999.000,9999.000
202607250812,   3.626,9999.000,9999.000,9999.000,9999.000,9999.000,9999.000,9999.000,9999.000
202607250818,   3.678,9999.000,9999.000,9999.000,9999.000,9999.000,9999.000,9999.000,9999.000
202607250824,   3.728,9999.000,9999.000,9999.000,9999.000,9999.000,9999.000,9999.000,9999.000
202607250830,   3.775,9999.000,9999.000,9999.000,9999.000,9999.000,9999.000,9999.000,9999.000
202607250836,   3.821,9999.000,9999.000,9999.000,9999.000,9999.000,9999.000,9999.000,9999.000
202607250842,   3.864,9999.000,9999.000,9999.000,9999.000,9999.000,9999.000,9999.000,9999.000
202607250848,   3.904,9999.000,9999.000,9999.000,9999.000,9999.000,9999.000,9999.000,9999.000
202607250854,   3.940,9999.000,9999.000,9999.000,9999.000,9999.000,9999.000,9999.000,9999.000
202607250900,   3.972,9999.000,   0.500,   0.164,   4.636,   0.400,   4.536,   0.600,   4.736
202607250906,   4.001,9999.000,9999.000,9999.000,9999.000,9999.000,9999.000,9999.000,9999.000
202607250912,   4.025,9999.000,9999.000,9999.000,9999.000,9999.000,9999.000,9999.000,9999.000
202607250918,   4.044,9999.000,9999.000,9999.000,9999.000,9999.000,9999.000,9999.000,9999.000
202607250924,   4.058,9999.000,9999.000,9999.000,9999.000,9999.000,9999.000,9999.000,9999.000
202607250930,   4.068,9999.000,9999.000,9999.000,9999.000,9999.000,9999.000,9999.000,9999.000
202607250936,   4.072,9999.000,9999.000,9999.000,9999.000,9999.000,9999.000,9999.000,9999.000
202607250942,   4.072,9999.000,9999.000,9999.000,9999.000,9999.000,9999.000,9999.000,9999.000
202607250948,   4.066,9999.000,9999.000,9999.000,9999.000,9999.000,9999.000,9999.000,9999.000
202607250954,   4.055,9999.000,9999.000,9999.000,9999.000,9999.000,9999.000,9999.000,9999.000
202607251000,   4.039,9999.000,   0.500,   0.164,   4.703,   0.400,   4.603,   0.600,   4.803
202607251006,   4.019,9999.000,9999.000,9999.000,9999.000,9999.000,9999.000,9999.000,9999.000
202607251012,   3.994,9999.000,9999.000,9999.000,9999.000,9999.000,9999.000,9999.000,9999.000
202607251018,   3.964,9999.000,9999.000,9999.000,9999.000,9999.000,9999.000,9999.000,9999.000
202607251024,   3.931,9999.000,9999.000,9999.000,9999.000,9999.000,9999.000,9999.000,9999.000
202607251030,   3.893,9999.000,9999.000,9999.000,9999.000,9999.000,9999.000,9999.000,9999.000
202607251036,   3.852,9999.000,9999.000,9999.000,9999.000,9999.000,9999.000,9999.000,9999.000
202607251042,   3.808,9999.000,9999.000,9999.000,9999.000,9999.000,9999.000,9999.000,9999.000
202607251048,   3.761,9999.000,9999.000,9999.000,9999.000,9999.000,9999.000,9999.000,9999.000
202607251054,   3.712,9999.000,9999.000,9999.000,9999.000,9999.000,9999.000,9999.000,9999.000
202607251100,   3.660,9999.000,   0.500,   0.164,   4.324,   0.400,   4.224,   0.600,   4.424
202607251106,   3.606,9999.000,9999.000,9999.000,9999.000,9999.000,9999.000,9999.000,9999.000
202607251112,   3.551,9999.000,9999.000,9999.000,9999.000,9999.000,9999.000,9999.000,9999.000
202607251118,   3.494,9999.000,9999.000,9999.000,9999.000,9999.000,9999.000,9999.000,9999.000
202607251124,   3.436,9999.000,9999.000,9999.000,9999.000,9999.000,9999.000,9999.000,9999.000
202607251130,   3.377,9999.000,9999.000,9999.000,9999.000,9999.000,9999.000,9999.000,9999.000
202607251136,   3.318,9999.000,9999.000,9999.000,9999.000,9999.000,9999.000,9999.000,9999.000
202607251142,   3.257,9999.000,9999.000,9999.000,9999.000,9999.000,9999.000,9999.000,9999.000
202607251148,   3.196,9999.000,9999.000,9999.000,9999.000,9999.000,9999.000,9999.000,9999.000
202607251154,   3.135,9999.000,9999.000,9999.000,9999.000,9999.000,9999.000,9999.000,9999.000
202607251200,   3.074,9999.000,   0.600,   0.164,   3.838,   0.500,   3.738,   0.700,   3.938
202607251206,   3.012,9999.000,9999.000,9999.000,9999.000,9999.000,9999.000,9999.000,9999.000
202607251212,   2.951,9999.000,9999.000,9999.000,9999.000,9999.000,9999.000,9999.000,9999.000
202607251218,   2.889,9999.000,9999.000,9999.000,9999.000,9999.000,9999.000,9999.000,9999.000
202607251224,   2.827,9999.000,9999.000,9999.000,9999.000,9999.000,9999.000,9999.000,9999.000
202607251230,   2.765,9999.000,9999.000,9999.000,9999.000,9999.000,9999.000,9999.000,9999.000
202607251236,   2.703,9999.000,9999.000,9999.000,9999.000,9999.000,9999.000,9999.000,9999.000
202607251242,   2.641,9999.000,9999.000,9999.000,9999.000,9999.000,9999.000,9999.000,9999.000
202607251248,   2.579,9999.000,9999.000,9999.000,9999.000,9999.000,9999.000,9999.000,9999.000
202607251254,   2.517,9999.000,9999.000,9999.000,9999.000,9999.000,9999.000,9999.000,9999.000
202607251300,   2.454,9999.000,   0.600,   0.164,   3.218,   0.500,   3.118,   0.700,   3.318
202607251306,   2.392,9999.000,9999.000,9999.000,9999.000,9999.000,9999.000,9999.000,9999.000
202607251312,   2.329,9999.000,9999.000,9999.000,9999.000,9999.000,9999.000,9999.000,9999.000
202607251318,   2.266,9999.000,9999.000,9999.000,9999.000,9999.000,9999.000,9999.000,9999.000
202607251324,   2.203,9999.000,9999.000,9999.000,9999.000,9999.000,9999.000,9999.000,9999.000
202607251330,   2.139,9999.000,9999.000,9999.000,9999.000,9999.000,9999.000,9999.000,9999.000
202607251336,   2.076,9999.000,9999.000,9999.000,9999.000,9999.000,9999.000,9999.000,9999.000
202607251342,   2.012,9999.000,9999.000,9999.000,9999.000,9999.000,9999.000,9999.000,9999.000
202607251348,   1.948,9999.000,9999.000,9999.000,9999.000,9999.000,9999.000,9999.000,9999.000
202607251354,   1.884,9999.000,9999.000,9999.000,9999.000,9999.000,9999.000,9999.000,9999.000
202607251400,   1.820,9999.000,   0.600,   0.164,   2.584,   0.500,   2.484,   0.700,   2.684
202607251406,   1.756,9999.000,9999.000,9999.000,9999.000,9999.000,9999.000,9999.000,9999.000
202607251412,   1.692,9999.000,9999.000,9999.000,9999.000,9999.000,9999.000,9999.000,9999.000
202607251418,   1.629,9999.000,9999.000,9999.000,9999.000,9999.000,9999.000,9999.000,9999.000
202607251424,   1.567,9999.000,9999.000,9999.000,9999.000,9999.000,9999.000,9999.000,9999.000
202607251430,   1.506,9999.000,9999.000,9999.000,9999.000,9999.000,9999.000,9999.000,9999.000
202607251436,   1.446,9999.000,9999.000,9999.000,9999.000,9999.000,9999.000,9999.000,9999.000
202607251442,   1.388,9999.000,9999.000,9999.000,9999.000,9999.000,9999.000,9999.000,9999.000
202607251448,   1.332,9999.000,9999.000,9999.000,9999.000,9999.000,9999.000,9999.000,9999.000
202607251454,   1.278,9999.000,9999.000,9999.000,9999.000,9999.000,9999.000,9999.000,9999.000
202607251500,   1.227,9999.000,   0.600,   0.164,   1.991,   0.500,   1.891,   0.700,   2.091
202607251506,   1.179,9999.000,9999.000,9999.000,9999.000,9999.000,9999.000,9999.000,9999.000
202607251512,   1.136,9999.000,9999.000,9999.000,9999.000,9999.000,9999.000,9999.000,9999.000
202607251518,   1.096,9999.000,9999.000,9999.000,9999.000,9999.000,9999.000,9999.000,9999.000
202607251524,   1.062,9999.000,9999.000,9999.000,9999.000,9999.000,9999.000,9999.000,9999.000
202607251530,   1.032,9999.000,9999.000,9999.000,9999.000,9999.000,9999.000,9999.000,9999.000
202607251536,   1.009,9999.000,9999.000,9999.000,9999.000,9999.000,9999.000,9999.000,9999.000
202607251542,   0.992,9999.000,9999.000,9999.000,9999.000,9999.000,9999.000,9999.000,9999.000
202607251548,   0.981,9999.000,9999.000,9999.000,9999.000,9999.000,9999.000,9999.000,9999.000
202607251554,   0.978,9999.000,9999.000,9999.000,9999.000,9999.000,9999.000,9999.000,9999.000
202607251600,   0.982,9999.000,   0.600,   0.164,   1.746,   0.500,   1.646,   0.800,   1.946
202607251606,   0.993,9999.000,9999.000,9999.000,9999.000,9999.000,9999.000,9999.000,9999.000
202607251612,   1.012,9999.000,9999.000,9999.000,9999.000,9999.000,9999.000,9999.000,9999.000
202607251618,   1.040,9999.000,9999.000,9999.000,9999.000,9999.000,9999.000,9999.000,9999.000
202607251624,   1.075,9999.000,9999.000,9999.000,9999.000,9999.000,9999.000,9999.000,9999.000
202607251630,   1.118,9999.000,9999.000,9999.000,9999.000,9999.000,9999.000,9999.000,9999.000
202607251636,   1.169,9999.000,9999.000,9999.000,9999.000,9999.000,9999.000,9999.000,9999.000
202607251642,   1.228,9999.000,9999.000,9999.000,9999.000,9999.000,9999.000,9999.000,9999.000
202607251648,   1.294,9999.000,9999.000,9999.000,9999.000,9999.000,9999.000,9999.000,9999.000
202607251654,   1.367,9999.000,9999.000,9999.000,9999.000,9999.000,9999.000,9999.000,9999.000
202607251700,   1.446,9999.000,   0.700,   0.164,   2.310,   0.600,   2.210,   0.800,   2.410
202607251706,   1.531,9999.000,9999.000,9999.000,9999.000,9999.000,9999.000,9999.000,9999.000
202607251712,   1.622,9999.000,9999.000,9999.000,9999.000,9999.000,9999.000,9999.000,9999.000
202607251718,   1.718,9999.000,9999.000,9999.000,9999.000,9999.000,9999.000,9999.000,9999.000
202607251724,   1.817,9999.000,9999.000,9999.000,9999.000,9999.000,9999.000,9999.000,9999.000
202607251730,   1.921,9999.000,9999.000,9999.000,9999.000,9999.000,9999.000,9999.000,9999.000
202607251736,   2.027,9999.000,9999.000,9999.000,9999.000,9999.000,9999.000,9999.000,9999.000
202607251742,   2.135,9999.000,9999.000,9999.000,9999.000,9999.000,9999.000,9999.000,9999.000
202607251748,   2.244,9999.000,9999.000,9999.000,9999.000,9999.000,9999.000,9999.000,9999.000
202607251754,   2.355,9999.000,9999.000,9999.000,9999.000,9999.000,9999.000,9999.000,9999.000
202607251800,   2.465,9999.000,   0.700,   0.164,   3.329,   0.600,   3.229,   0.900,   3.529
202607251806,   2.576,9999.000,9999.000,9999.000,9999.000,9999.000,9999.000,9999.000,9999.000
202607251812,   2.685,9999.000,9999.000,9999.000,9999.000,9999.000,9999.000,9999.000,9999.000
202607251818,   2.793,9999.000,9999.000,9999.000,9999.000,9999.000,9999.000,9999.000,9999.000
202607251824,   2.900,9999.000,9999.000,9999.000,9999.000,9999.000,9999.000,9999.000,9999.000
202607251830,   3.004,9999.000,9999.000,9999.000,9999.000,9999.000,9999.000,9999.000,9999.000
202607251836,   3.107,9999.000,9999.000,9999.000,9999.000,9999.000,9999.000,9999.000,9999.000
202607251842,   3.207,9999.000,9999.000,9999.000,9999.000,9999.000,9999.000,9999.000,9999.000
202607251848,   3.305,9999.000,9999.000,9999.000,9999.000,9999.000,9999.000,9999.000,9999.000
202607251854,   3.401,9999.000,9999.000,9999.000,9999.000,9999.000,9999.000,9999.000,9999.000
202607251900,   3.495,9999.000,   0.800,   0.164,   4.459,   0.700,   4.359,   0.900,   4.559
202607251906,   3.586,9999.000,9999.000,9999.000,9999.000,9999.000,9999.000,9999.000,9999.000
202607251912,   3.675,9999.000,9999.000,9999.000,9999.000,9999.000,9999.000,9999.000,9999.000
202607251918,   3.763,9999.000,9999.000,9999.000,9999.000,9999.000,9999.000,9999.000,9999.000
202607251924,   3.849,9999.000,9999.000,9999.000,9999.000,9999.000,9999.000,9999.000,9999.000
202607251930,   3.933,9999.000,9999.000,9999.000,9999.000,9999.000,9999.000,9999.000,9999.000
202607251936,   4.016,9999.000,9999.000,9999.000,9999.000,9999.000,9999.000,9999.000,9999.000
202607251942,   4.098,9999.000,9999.000,9999.000,9999.000,9999.000,9999.000,9999.000,9999.000
202607251948,   4.178,9999.000,9999.000,9999.000,9999.000,9999.000,9999.000,9999.000,9999.000
202607251954,   4.258,9999.000,9999.000,9999.000,9999.000,9999.000,9999.000,9999.000,9999.000
202607252000,   4.337,9999.000,   0.800,   0.164,   5.301,   0.700,   5.201,   0.900,   5.401
202607252006,   4.415,9999.000,9999.000,9999.000,9999.000,9999.000,9999.000,9999.000,9999.000
202607252012,   4.492,9999.000,9999.000,9999.000,9999.000,9999.000,9999.000,9999.000,9999.000
202607252018,   4.567,9999.000,9999.000,9999.000,9999.000,9999.000,9999.000,9999.000,9999.000
202607252024,   4.642,9999.000,9999.000,9999.000,9999.000,9999.000,9999.000,9999.000,9999.000
202607252030,   4.715,9999.000,9999.000,9999.000,9999.000,9999.000,9999.000,9999.000,9999.000
202607252036,   4.787,9999.000,9999.000,9999.000,9999.000,9999.000,9999.000,9999.000,9999.000
202607252042,   4.856,9999.000,9999.000,9999.000,9999.000,9999.000,9999.000,9999.000,9999.000
202607252048,   4.923,9999.000,9999.000,9999.000,9999.000,9999.000,9999.000,9999.000,9999.000
202607252054,   4.988,9999.000,9999.000,9999.000,9999.000,9999.000,9999.000,9999.000,9999.000
202607252100,   5.049,9999.000,   0.800,   0.164,   6.013,   0.700,   5.913,   1.000,   6.213
202607252106,   5.107,9999.000,9999.000,9999.000,9999.000,9999.000,9999.000,9999.000,9999.000
202607252112,   5.161,9999.000,9999.000,9999.000,9999.000,9999.000,9999.000,9999.000,9999.000
202607252118,   5.211,9999.000,9999.000,9999.000,9999.000,9999.000,9999.000,9999.000,9999.000
202607252124,   5.256,9999.000,9999.000,9999.000,9999.000,9999.000,9999.000,9999.000,9999.000
202607252130,   5.296,9999.000,9999.000,9999.000,9999.000,9999.000,9999.000,9999.000,9999.000
202607252136,   5.331,9999.000,9999.000,9999.000,9999.000,9999.000,9999.000,9999.000,9999.000
202607252142,   5.360,9999.000,9999.000,9999.000,9999.000,9999.000,9999.000,9999.000,9999.000
202607252148,   5.383,9999.000,9999.000,9999.000,9999.000,9999.000,9999.000,9999.000,9999.000
202607252154,   5.400,9999.000,9999.000,9999.000,9999.000,9999.000,9999.000,9999.000,9999.000
202607252200,   5.411,9999.000,   0.800,   0.164,   6.375,   0.700,   6.275,   0.900,   6.475
202607252206,   5.416,9999.000,9999.000,9999.000,9999.000,9999.000,9999.000,9999.000,9999.000
202607252212,   5.415,9999.000,9999.000,9999.000,9999.000,9999.000,9999.000,9999.000,9999.000
202607252218,   5.407,9999.000,9999.000,9999.000,9999.000,9999.000,9999.000,9999.000,9999.000
202607252224,   5.393,9999.000,9999.000,9999.000,9999.000,9999.000,9999.000,9999.000,9999.000
202607252230,   5.374,9999.000,9999.000,9999.000,9999.000,9999.000,9999.000,9999.000,9999.000
202607252236,   5.348,9999.000,9999.000,9999.000,9999.000,9999.000,9999.000,9999.000,9999.000
202607252242,   5.317,9999.000,9999.000,9999.000,9999.000,9999.000,9999.000,9999.000,9999.000
202607252248,   5.280,9999.000,9999.000,9999.000,9999.000,9999.000,9999.000,9999.000,9999.000
202607252254,   5.239,9999.000,9999.000,9999.000,9999.000,9999.000,9999.000,9999.000,9999.000
202607252300,   5.193,9999.000,   0.800,   0.164,   6.157,   0.700,   6.057,   0.900,   6.257
202607252306,   5.142,9999.000,9999.000,9999.000,9999.000,9999.000,9999.000,9999.000,9999.000
202607252312,   5.087,9999.000,9999.000,9999.000,9999.000,9999.000,9999.000,9999.000,9999.000
202607252318,   5.029,9999.000,9999.000,9999.000,9999.000,9999.000,9999.000,9999.000,9999.000
202607252324,   4.967,9999.000,9999.000,9999.000,9999.000,9999.000,9999.000,9999.000,9999.000
202607252330,   4.902,9999.000,9999.000,9999.000,9999.000,9999.000,9999.000,9999.000,9999.000
202607252336,   4.834,9999.000,9999.000,9999.000,9999.000,9999.000,9999.000,9999.000,9999.000
202607252342,   4.763,9999.000,9999.000,9999.000,9999.000,9999.000,9999.000,9999.000,9999.000
202607252348,   4.691,9999.000,9999.000,9999.000,9999.000,9999.000,9999.000,9999.000,9999.000
202607252354,   4.616,9999.000,9999.000,9999.000,9999.000,9999.000,9999.000,9999.000,9999.000
202607260000,   4.539,9999.000,   0.800,   0.164,   5.503,   0.700,   5.403,   0.900,   5.603
202607260006,   4.461,9999.000,9999.000,9999.000,9999.000,9999.000,9999.000,9999.000,9999.000
202607260012,   4.381,9999.000,9999.000,9999.000,9999.000,9999.000,9999.000,9999.000,9999.000
202607260018,   4.300,9999.000,9999.000,9999.000,9999.000,9999.000,9999.000,9999.000,9999.000
202607260024,   4.218,9999.000,9999.000,9999.000,9999.000,9999.000,9999.000,9999.000,9999.000
202607260030,   4.135,9999.000,9999.000,9999.000,9999.000,9999.000,9999.000,9999.000,9999.000
202607260036,   4.051,9999.000,9999.000,9999.000,9999.000,9999.000,9999.000,9999.000,9999.000
202607260042,   3.967,9999.000,9999.000,9999.000,9999.000,9999.000,9999.000,9999.000,9999.000
202607260048,   3.881,9999.000,9999.000,9999.000,9999.000,9999.000,9999.000,9999.000,9999.000
202607260054,   3.795,9999.000,9999.000,9999.000,9999.000,9999.000,9999.000,9999.000,9999.000
202607260100,   3.708,9999.000,   0.800,   0.164,   4.672,   0.700,   4.572,   0.900,   4.772
202607260106,   3.620,9999.000,9999.000,9999.000,9999.000,9999.000,9999.000,9999.000,9999.000
202607260112,   3.532,9999.000,9999.000,9999.000,9999.000,9999.000,9999.000,9999.000,9999.000
202607260118,   3.444,9999.000,9999.000,9999.000,9999.000,9999.000,9999.000,9999.000,9999.000
202607260124,   3.354,9999.000,9999.000,9999.000,9999.000,9999.000,9999.000,9999.000,9999.000
202607260130,   3.265,9999.000,9999.000,9999.000,9999.000,9999.000,9999.000,9999.000,9999.000
202607260136,   3.174,9999.000,9999.000,9999.000,9999.000,9999.000,9999.000,9999.000,9999.000
202607260142,   3.083,9999.000,9999.000,9999.000,9999.000,9999.000,9999.000,9999.000,9999.000
202607260148,   2.992,9999.000,9999.000,9999.000,9999.000,9999.000,9999.000,9999.000,9999.000
202607260154,   2.900,9999.000,9999.000,9999.000,9999.000,9999.000,9999.000,9999.000,9999.000
202607260200,   2.808,9999.000,   0.800,   0.164,   3.772,   0.700,   3.672,   0.900,   3.872
202607260206,   2.715,9999.000,9999.000,9999.000,9999.000,9999.000,9999.000,9999.000,9999.000
202607260212,   2.622,9999.000,9999.000,9999.000,9999.000,9999.000,9999.000,9999.000,9999.000
202607260218,   2.529,9999.000,9999.000,9999.000,9999.000,9999.000,9999.000,9999.000,9999.000
202607260224,   2.436,9999.000,9999.000,9999.000,9999.000,9999.000,9999.000,9999.000,9999.000
202607260230,   2.342,9999.000,9999.000,9999.000,9999.000,9999.000,9999.000,9999.000,9999.000
202607260236,   2.249,9999.000,9999.000,9999.000,9999.000,9999.000,9999.000,9999.000,9999.000
202607260242,   2.156,9999.000,9999.000,9999.000,9999.000,9999.000,9999.000,9999.000,9999.000
202607260248,   2.064,9999.000,9999.000,9999.000,9999.000,9999.000,9999.000,9999.000,9999.000
202607260254,   1.972,9999.000,9999.000,9999.000,9999.000,9999.000,9999.000,9999.000,9999.000
202607260300,   1.882,9999.000,   0.800,   0.164,   2.846,   0.700,   2.746,   0.900,   2.946
202607260306,   1.793,9999.000,9999.000,9999.000,9999.000,9999.000,9999.000,9999.000,9999.000
202607260312,   1.706,9999.000,9999.000,9999.000,9999.000,9999.000,9999.000,9999.000,9999.000
202607260318,   1.622,9999.000,9999.000,9999.000,9999.000,9999.000,9999.000,9999.000,9999.000
202607260324,   1.539,9999.000,9999.000,9999.000,9999.000,9999.000,9999.000,9999.000,9999.000
202607260330,   1.460,9999.000,9999.000,9999.000,9999.000,9999.000,9999.000,9999.000,9999.000
202607260336,   1.385,9999.000,9999.000,9999.000,9999.000,9999.000,9999.000,9999.000,9999.000
202607260342,   1.314,9999.000,9999.000,9999.000,9999.000,9999.000,9999.000,9999.000,9999.000
202607260348,   1.247,9999.000,9999.000,9999.000,9999.000,9999.000,9999.000,9999.000,9999.000
202607260354,   1.185,9999.000,9999.000,9999.000,9999.000,9999.000,9999.000,9999.000,9999.000
202607260400,   1.129,9999.000,   0.800,   0.164,   2.093,   0.700,   1.993,   0.900,   2.193
202607260406,   1.078,9999.000,9999.000,9999.000,9999.000,9999.000,9999.000,9999.000,9999.000
202607260412,   1.034,9999.000,9999.000,9999.000,9999.000,9999.000,9999.000,9999.000,9999.000
202607260418,   0.997,9999.000,9999.000,9999.000,9999.000,9999.000,9999.000,9999.000,9999.000
202607260424,   0.967,9999.000,9999.000,9999.000,9999.000,9999.000,9999.000,9999.000,9999.000
202607260430,   0.944,9999.000,9999.000,9999.000,9999.000,9999.000,9999.000,9999.000,9999.000
202607260436,   0.929,9999.000,9999.000,9999.000,9999.000,9999.000,9999.000,9999.000,9999.000
202607260442,   0.922,9999.000,9999.000,9999.000,9999.000,9999.000,9999.000,9999.000,9999.000
202607260448,   0.923,9999.000,9999.000,9999.000,9999.000,9999.000,9999.000,9999.000,9999.000
202607260454,   0.931,9999.000,9999.000,9999.000,9999.000,9999.000,9999.000,9999.000,9999.000
202607260500,   0.947,9999.000,   0.800,   0.164,   1.911,   0.700,   1.811,   0.900,   2.011
202607260506,   0.971,9999.000,9999.000,9999.000,9999.000,9999.000,9999.000,9999.000,9999.000
202607260512,   1.002,9999.000,9999.000,9999.000,9999.000,9999.000,9999.000,9999.000,9999.000
202607260518,   1.040,9999.000,9999.000,9999.000,9999.000,9999.000,9999.000,9999.000,9999.000
202607260524,   1.085,9999.000,9999.000,9999.000,9999.000,9999.000,9999.000,9999.000,9999.000
202607260530,   1.136,9999.000,9999.000,9999.000,9999.000,9999.000,9999.000,9999.000,9999.000
202607260536,   1.193,9999.000,9999.000,9999.000,9999.000,9999.000,9999.000,9999.000,9999.000
202607260542,   1.254,9999.000,9999.000,9999.000,9999.000,9999.000,9999.000,9999.000,9999.000
202607260548,   1.320,9999.000,9999.000,9999.000,9999.000,9999.000,9999.000,9999.000,9999.000
202607260554,   1.390,9999.000,9999.000,9999.000,9999.000,9999.000,9999.000,9999.000,9999.000
202607260600,   1.464,9999.000,   0.800,   0.164,   2.428,   0.700,   2.328,   0.900,   2.528
202607260606,   1.540,9999.000,9999.000,9999.000,9999.000,9999.000,9999.000,9999.000,9999.000
202607260612,   1.618,9999.000,9999.000,9999.000,9999.000,9999.000,9999.000,9999.000,9999.000
202607260618,   1.697,9999.000,9999.000,9999.000,9999.000,9999.000,9999.000,9999.000,9999.000
202607260624,   1.777,9999.000,9999.000,9999.000,9999.000,9999.000,9999.000,9999.000,9999.000
202607260630,   1.858,9999.000,9999.000,9999.000,9999.000,9999.000,9999.000,9999.000,9999.000
202607260636,   1.938,9999.000,9999.000,9999.000,9999.000,9999.000,9999.000,9999.000,9999.000
202607260642,   2.018,9999.000,9999.000,9999.000,9999.000,9999.000,9999.000,9999.000,9999.000
202607260648,   2.097,9999.000,9999.000,9999.000,9999.000,9999.000,9999.000,9999.000,9999.000
202607260654,   2.175,9999.000,9999.000,9999.000,9999.000,9999.000,9999.000,9999.000,9999.000
202607260700,   2.252,9999.000,   0.800,   0.164,   3.216,   0.700,   3.116,   0.900,   3.316
202607260706,   2.327,9999.000,9999.000,9999.000,9999.000,9999.000,9999.000,9999.000,9999.000
202607260712,   2.401,9999.000,9999.000,9999.000,9999.000,9999.000,9999.000,9999.000,9999.000
202607260718,   2.473,9999.000,9999.000,9999.000,9999.000,9999.000,9999.000,9999.000,9999.000
202607260724,   2.544,9999.000,9999.000,9999.000,9999.000,9999.000,9999.000,9999.000,9999.000
202607260730,   2.613,9999.000,9999.000,9999.000,9999.000,9999.000,9999.000,9999.000,9999.000
202607260736,   2.681,9999.000,9999.000,9999.000,9999.000,9999.000,9999.000,9999.000,9999.000
202607260742,   2.749,9999.000,9999.000,9999.000,9999.000,9999.000,9999.000,9999.000,9999.000
202607260748,   2.815,9999.000,9999.000,9999.000,9999.000,9999.000,9999.000,9999.000,9999.000
202607260754,   2.881,9999.000,9999.000,9999.000,9999.000,9999.000,9999.000,9999.000,9999.000
202607260800,   2.946,9999.000,   0.800,   0.164,   3.910,   0.700,   3.810,   0.900,   4.010
202607260806,   3.011,9999.000,9999.000,9999.000,9999.000,9999.000,9999.000,9999.000,9999.000
202607260812,   3.076,9999.000,9999.000,9999.000,9999.000,9999.000,9999.000,9999.000,9999.000
202607260818,   3.141,9999.000,9999.000,9999.000,9999.000,9999.000,9999.000,9999.000,9999.000
202607260824,   3.205,9999.000,9999.000,9999.000,9999.000,9999.000,9999.000,9999.000,9999.000
202607260830,   3.270,9999.000,9999.000,9999.000,9999.000,9999.000,9999.000,9999.000,9999.000
202607260836,   3.334,9999.000,9999.000,9999.000,9999.000,9999.000,9999.000,9999.000,9999.000
202607260842,   3.399,9999.000,9999.000,9999.000,9999.000,9999.000,9999.000,9999.000,9999.000
202607260848,   3.462,9999.000,9999.000,9999.000,9999.000,9999.000,9999.000,9999.000,9999.000
202607260854,   3.526,9999.000,9999.000,9999.000,9999.000,9999.000,9999.000,9999.000,9999.000
202607260900,   3.588,9999.000,   0.800,   0.164,   4.552,   0.700,   4.452,   0.900,   4.652
202607260906,   3.649,9999.000,9999.000,9999.000,9999.000,9999.000,9999.000,9999.000,9999.000
202607260912,   3.709,9999.000,9999.000,9999.000,9999.000,9999.000,9999.000,9999.000,9999.000
202607260918,   3.766,9999.000,9999.000,9999.000,9999.000,9999.000,9999.000,9999.000,9999.000
202607260924,   3.822,9999.000,9999.000,9999.000,9999.000,9999.000,9999.000,9999.000,9999.000
202607260930,   3.874,9999.000,9999.000,9999.000,9999.000,9999.000,9999.000,9999.000,9999.000
202607260936,   3.924,9999.000,9999.000,9999.000,9999.000,9999.000,9999.000,9999.000,9999.000
202607260942,   3.970,9999.000,9999.000,9999.000,9999.000,9999.000,9999.000,9999.000,9999.000
202607260948,   4.011,9999.000,9999.000,9999.000,9999.000,9999.000,9999.000,9999.000,9999.000
202607260954,   4.049,9999.000,9999.000,9999.000,9999.000,9999.000,9999.000,9999.000,9999.000
202607261000,   4.082,9999.000,   0.800,   0.164,   5.046,   0.700,   4.946,   0.900,   5.146
202607261006,   4.110,9999.000,9999.000,9999.000,9999.000,9999.000,9999.000,9999.000,9999.000
202607261012,   4.132,9999.000,9999.000,9999.000,9999.000,9999.000,9999.000,9999.000,9999.000
202607261018,   4.149,9999.000,9999.000,9999.000,9999.000,9999.000,9999.000,9999.000,9999.000
202607261024,   4.161,9999.000,9999.000,9999.000,9999.000,9999.000,9999.000,9999.000,9999.000
202607261030,   4.167,9999.000,9999.000,9999.000,9999.000,9999.000,9999.000,9999.000,9999.000
202607261036,   4.167,9999.000,9999.000,9999.000,9999.000,9999.000,9999.000,9999.000,9999.000
202607261042,   4.162,9999.000,9999.000,9999.000,9999.000,9999.000,9999.000,9999.000,9999.000
202607261048,   4.150,9999.000,9999.000,9999.000,9999.000,9999.000,9999.000,9999.000,9999.000
202607261054,   4.134,9999.000,9999.000,9999.000,9999.000,9999.000,9999.000,9999.000,9999.000
202607261100,   4.112,9999.000,   0.800,   0.164,   5.076,   0.700,   4.976,   1.000,   5.276
202607261106,   4.085,9999.000,9999.000,9999.000,9999.000,9999.000,9999.000,9999.000,9999.000
202607261112,   4.053,9999.000,9999.000,9999.000,9999.000,9999.000,9999.000,9999.000,9999.000
202607261118,   4.017,9999.000,9999.000,9999.000,9999.000,9999.000,9999.000,9999.000,9999.000
202607261124,   3.976,9999.000,9999.000,9999.000,9999.000,9999.000,9999.000,9999.000,9999.000
202607261130,   3.932,9999.000,9999.000,9999.000,9999.000,9999.000,9999.000,9999.000,9999.000
202607261136,   3.883,9999.000,9999.000,9999.000,9999.000,9999.000,9999.000,9999.000,9999.000
202607261142,   3.832,9999.000,9999.000,9999.000,9999.000,9999.000,9999.000,9999.000,9999.000
202607261148,   3.777,9999.000,9999.000,9999.000,9999.000,9999.000,9999.000,9999.000,9999.000
202607261154,   3.720,9999.000,9999.000,9999.000,9999.000,9999.000,9999.000,9999.000,9999.000
202607261200,   3.661,9999.000,   0.800,   0.164,   4.625,   0.700,   4.525,   1.000,   4.825
202607261206,   3.600,9999.000,9999.000,9999.000,9999.000,9999.000,9999.000,9999.000,9999.000
202607261212,   3.537,9999.000,9999.000,9999.000,9999.000,9999.000,9999.000,9999.000,9999.000
202607261218,   3.473,9999.000,9999.000,9999.000,9999.000,9999.000,9999.000,9999.000,9999.000
202607261224,   3.407,9999.000,9999.000,9999.000,9999.000,9999.000,9999.000,9999.000,9999.000
202607261230,   3.341,9999.000,9999.000,9999.000,9999.000,9999.000,9999.000,9999.000,9999.000
202607261236,   3.274,9999.000,9999.000,9999.000,9999.000,9999.000,9999.000,9999.000,9999.000
202607261242,   3.206,9999.000,9999.000,9999.000,9999.000,9999.000,9999.000,9999.000,9999.000
202607261248,   3.138,9999.000,9999.000,9999.000,9999.000,9999.000,9999.000,9999.000,9999.000
202607261254,   3.070,9999.000,9999.000,9999.000,9999.000,9999.000,9999.000,9999.000,9999.000
202607261300,   3.002,9999.000,   0.800,   0.164,   3.966,   0.700,   3.866,   1.000,   4.166
202607261306,   2.933,9999.000,9999.000,9999.000,9999.000,9999.000,9999.000,9999.000,9999.000
202607261312,   2.865,9999.000,9999.000,9999.000,9999.000,9999.000,9999.000,9999.000,9999.000
202607261318,   2.797,9999.000,9999.000,9999.000,9999.000,9999.000,9999.000,9999.000,9999.000
202607261324,   2.729,9999.000,9999.000,9999.000,9999.000,9999.000,9999.000,9999.000,9999.000
202607261330,   2.661,9999.000,9999.000,9999.000,9999.000,9999.000,9999.000,9999.000,9999.000
202607261336,   2.594,9999.000,9999.000,9999.000,9999.000,9999.000,9999.000,9999.000,9999.000
202607261342,   2.527,9999.000,9999.000,9999.000,9999.000,9999.000,9999.000,9999.000,9999.000
202607261348,   2.460,9999.000,9999.000,9999.000,9999.000,9999.000,9999.000,9999.000,9999.000
202607261354,   2.394,9999.000,9999.000,9999.000,9999.000,9999.000,9999.000,9999.000,9999.000
202607261400,   2.328,9999.000,   0.900,   0.164,   3.392,   0.700,   3.192,   1.000,   3.492
202607261406,   2.263,9999.000,9999.000,9999.000,9999.000,9999.000,9999.000,9999.000,9999.000
202607261412,   2.197,9999.000,9999.000,9999.000,9999.000,9999.000,9999.000,9999.000,9999.000
202607261418,   2.133,9999.000,9999.000,9999.000,9999.000,9999.000,9999.000,9999.000,9999.000
202607261424,   2.068,9999.000,9999.000,9999.000,9999.000,9999.000,9999.000,9999.000,9999.000
202607261430,   2.004,9999.000,9999.000,9999.000,9999.000,9999.000,9999.000,9999.000,9999.000
202607261436,   1.940,9999.000,9999.000,9999.000,9999.000,9999.000,9999.000,9999.000,9999.000
202607261442,   1.877,9999.000,9999.000,9999.000,9999.000,9999.000,9999.000,9999.000,9999.000
202607261448,   1.815,9999.000,9999.000,9999.000,9999.000,9999.000,9999.000,9999.000,9999.000
202607261454,   1.753,9999.000,9999.000,9999.000,9999.000,9999.000,9999.000,9999.000,9999.000
202607261500,   1.692,9999.000,   0.900,   0.164,   2.756,   0.800,   2.656,   1.000,   2.856
202607261506,   1.632,9999.000,9999.000,9999.000,9999.000,9999.000,9999.000,9999.000,9999.000
202607261512,   1.572,9999.000,9999.000,9999.000,9999.000,9999.000,9999.000,9999.000,9999.000
202607261518,   1.515,9999.000,9999.000,9999.000,9999.000,9999.000,9999.000,9999.000,9999.000
202607261524,   1.458,9999.000,9999.000,9999.000,9999.000,9999.000,9999.000,9999.000,9999.000
202607261530,   1.404,9999.000,9999.000,9999.000,9999.000,9999.000,9999.000,9999.000,9999.000
202607261536,   1.351,9999.000,9999.000,9999.000,9999.000,9999.000,9999.000,9999.000,9999.000
202607261542,   1.301,9999.000,9999.000,9999.000,9999.000,9999.000,9999.000,9999.000,9999.000
202607261548,   1.254,9999.000,9999.000,9999.000,9999.000,9999.000,9999.000,9999.000,9999.000
202607261554,   1.210,9999.000,9999.000,9999.000,9999.000,9999.000,9999.000,9999.000,9999.000
202607261600,   1.169,9999.000,   0.900,   0.164,   2.233,   0.800,   2.133,   1.000,   2.333
202607261606,   1.133,9999.000,9999.000,9999.000,9999.000,9999.000,9999.000,9999.000,9999.000
202607261612,   1.101,9999.000,9999.000,9999.000,9999.000,9999.000,9999.000,9999.000,9999.000
202607261618,   1.074,9999.000,9999.000,9999.000,9999.000,9999.000,9999.000,9999.000,9999.000
202607261624,   1.052,9999.000,9999.000,9999.000,9999.000,9999.000,9999.000,9999.000,9999.000
202607261630,   1.036,9999.000,9999.000,9999.000,9999.000,9999.000,9999.000,9999.000,9999.000
202607261636,   1.027,9999.000,9999.000,9999.000,9999.000,9999.000,9999.000,9999.000,9999.000
202607261642,   1.023,9999.000,9999.000,9999.000,9999.000,9999.000,9999.000,9999.000,9999.000
202607261648,   1.027,9999.000,9999.000,9999.000,9999.000,9999.000,9999.000,9999.000,9999.000
202607261654,   1.037,9999.000,9999.000,9999.000,9999.000,9999.000,9999.000,9999.000,9999.000
202607261700,   1.056,9999.000,   0.900,   0.164,   2.120,   0.800,   2.020,   1.000,   2.220
202607261706,   1.081,9999.000,9999.000,9999.000,9999.000,9999.000,9999.000,9999.000,9999.000
202607261712,   1.114,9999.000,9999.000,9999.000,9999.000,9999.000,9999.000,9999.000,9999.000
202607261718,   1.155,9999.000,9999.000,9999.000,9999.000,9999.000,9999.000,9999.000,9999.000
202607261724,   1.203,9999.000,9999.000,9999.000,9999.000,9999.000,9999.000,9999.000,9999.000
202607261730,   1.258,9999.000,9999.000,9999.000,9999.000,9999.000,9999.000,9999.000,9999.000
202607261736,   1.321,9999.000,9999.000,9999.000,9999.000,9999.000,9999.000,9999.000,9999.000
202607261742,   1.390,9999.000,9999.000,9999.000,9999.000,9999.000,9999.000,9999.000,9999.000
202607261748,   1.466,9999.000,9999.000,9999.000,9999.000,9999.000,9999.000,9999.000,9999.000
202607261754,   1.548,9999.000,9999.000,9999.000,9999.000,9999.000,9999.000,9999.000,9999.000
202607261800,   1.635,9999.000,   0.900,   0.164,   2.699,   0.800,   2.599,   1.100,   2.899
202607261806,   1.727,9999.000,9999.000,9999.000,9999.000,9999.000,9999.000,9999.000,9999.000
202607261812,   1.824,9999.000,9999.000,9999.000,9999.000,9999.000,9999.000,9999.000,9999.000
202607261818,   1.924,9999.000,9999.000,9999.000,9999.000,9999.000,9999.000,9999.000,9999.000
202607261824,   2.027,9999.000,9999.000,9999.000,9999.000,9999.000,9999.000,9999.000,9999.000
202607261830,   2.133,9999.000,9999.000,9999.000,9999.000,9999.000,9999.000,9999.000,9999.000
202607261836,   2.241,9999.000,9999.000,9999.000,9999.000,9999.000,9999.000,9999.000,9999.000
202607261842,   2.350,9999.000,9999.000,9999.000,9999.000,9999.000,9999.000,9999.000,9999.000
202607261848,   2.460,9999.000,9999.000,9999.000,9999.000,9999.000,9999.000,9999.000,9999.000
202607261854,   2.569,9999.000,9999.000,9999.000,9999.000,9999.000,9999.000,9999.000,9999.000
202607261900,   2.679,9999.000,   1.000,   0.164,   3.843,   0.900,   3.743,   1.100,   3.943
202607261906,   2.788,9999.000,9999.000,9999.000,9999.000,9999.000,9999.000,9999.000,9999.000
202607261912,   2.895,9999.000,9999.000,9999.000,9999.000,9999.000,9999.000,9999.000,9999.000
202607261918,   3.002,9999.000,9999.000,9999.000,9999.000,9999.000,9999.000,9999.000,9999.000
202607261924,   3.106,9999.000,9999.000,9999.000,9999.000,9999.000,9999.000,9999.000,9999.000
202607261930,   3.209,9999.000,9999.000,9999.000,9999.000,9999.000,9999.000,9999.000,9999.000
202607261936,   3.311,9999.000,9999.000,9999.000,9999.000,9999.000,9999.000,9999.000,9999.000
202607261942,   3.410,9999.000,9999.000,9999.000,9999.000,9999.000,9999.000,9999.000,9999.000
202607261948,   3.507,9999.000,9999.000,9999.000,9999.000,9999.000,9999.000,9999.000,9999.000
202607261954,   3.603,9999.000,9999.000,9999.000,9999.000,9999.000,9999.000,9999.000,9999.000
202607262000,   3.697,9999.000,   1.000,   0.164,   4.861,   0.900,   4.761,   1.100,   4.961
202607262006,   3.789,9999.000,9999.000,9999.000,9999.000,9999.000,9999.000,9999.000,9999.000
202607262012,   3.880,9999.000,9999.000,9999.000,9999.000,9999.000,9999.000,9999.000,9999.000
202607262018,   3.970,9999.000,9999.000,9999.000,9999.000,9999.000,9999.000,9999.000,9999.000
202607262024,   4.058,9999.000,9999.000,9999.000,9999.000,9999.000,9999.000,9999.000,9999.000
202607262030,   4.146,9999.000,9999.000,9999.000,9999.000,9999.000,9999.000,9999.000,9999.000
202607262036,   4.232,9999.000,9999.000,9999.000,9999.000,9999.000,9999.000,9999.000,9999.000
202607262042,   4.318,9999.000,9999.000,9999.000,9999.000,9999.000,9999.000,9999.000,9999.000
202607262048,   4.403,9999.000,9999.000,9999.000,9999.000,9999.000,9999.000,9999.000,9999.000
202607262054,   4.487,9999.000,9999.000,9999.000,9999.000,9999.000,9999.000,9999.000,9999.000
202607262100,   4.570,9999.000,   1.000,   0.164,   5.734,   0.900,   5.634,   1.100,   5.834
202607262106,   4.651,9999.000,9999.000,9999.000,9999.000,9999.000,9999.000,9999.000,9999.000
202607262112,   4.732,9999.000,9999.000,9999.000,9999.000,9999.000,9999.000,9999.000,9999.000
202607262118,   4.811,9999.000,9999.000,9999.000,9999.000,9999.000,9999.000,9999.000,9999.000
202607262124,   4.888,9999.000,9999.000,9999.000,9999.000,9999.000,9999.000,9999.000,9999.000
202607262130,   4.963,9999.000,9999.000,9999.000,9999.000,9999.000,9999.000,9999.000,9999.000
202607262136,   5.035,9999.000,9999.000,9999.000,9999.000,9999.000,9999.000,9999.000,9999.000
202607262142,   5.105,9999.000,9999.000,9999.000,9999.000,9999.000,9999.000,9999.000,9999.000
202607262148,   5.171,9999.000,9999.000,9999.000,9999.000,9999.000,9999.000,9999.000,9999.000
202607262154,   5.233,9999.000,9999.000,9999.000,9999.000,9999.000,9999.000,9999.000,9999.000
202607262200,   5.291,9999.000,   1.000,   0.164,   6.455,   0.900,   6.355,   1.100,   6.555
202607262206,   5.345,9999.000,9999.000,9999.000,9999.000,9999.000,9999.000,9999.000,9999.000
202607262212,   5.393,9999.000,9999.000,9999.000,9999.000,9999.000,9999.000,9999.000,9999.000
202607262218,   5.436,9999.000,9999.000,9999.000,9999.000,9999.000,9999.000,9999.000,9999.000
202607262224,   5.473,9999.000,9999.000,9999.000,9999.000,9999.000,9999.000,9999.000,9999.000
202607262230,   5.504,9999.000,9999.000,9999.000,9999.000,9999.000,9999.000,9999.000,9999.000
202607262236,   5.528,9999.000,9999.000,9999.000,9999.000,9999.000,9999.000,9999.000,9999.000
202607262242,   5.546,9999.000,9999.000,9999.000,9999.000,9999.000,9999.000,9999.000,9999.000
202607262248,   5.556,9999.000,9999.000,9999.000,9999.000,9999.000,9999.000,9999.000,9999.000
202607262254,   5.560,9999.000,9999.000,9999.000,9999.000,9999.000,9999.000,9999.000,9999.000
202607262300,   5.557,9999.000,   1.000,   0.164,   6.721,   0.900,   6.621,   1.100,   6.821
202607262306,   5.547,9999.000,9999.000,9999.000,9999.000,9999.000,9999.000,9999.000,9999.000
202607262312,   5.530,9999.000,9999.000,9999.000,9999.000,9999.000,9999.000,9999.000,9999.000
202607262318,   5.507,9999.000,9999.000,9999.000,9999.000,9999.000,9999.000,9999.000,9999.000
202607262324,   5.477,9999.000,9999.000,9999.000,9999.000,9999.000,9999.000,9999.000,9999.000
202607262330,   5.440,9999.000,9999.000,9999.000,9999.000,9999.000,9999.000,9999.000,9999.000
202607262336,   5.398,9999.000,9999.000,9999.000,9999.000,9999.000,9999.000,9999.000,9999.000
202607262342,   5.350,9999.000,9999.000,9999.000,9999.000,9999.000,9999.000,9999.000,9999.000
202607262348,   5.296,9999.000,9999.000,9999.000,9999.000,9999.000,9999.000,9999.000,9999.000
202607262354,   5.237,9999.000,9999.000,9999.000,9999.000,9999.000,9999.000,9999.000,9999.000
202607270000,   5.174,9999.000,   1.000,   0.164,   6.338,   0.900,   6.238,   1.100,   6.438
202607270006,   5.106,9999.000,9999.000,9999.000,9999.000,9999.000,9999.000,9999.000,9999.000
202607270012,   5.034,9999.000,9999.000,9999.000,9999.000,9999.000,9999.000,9999.000,9999.000
202607270018,   4.959,9999.000,9999.000,9999.000,9999.000,9999.000,9999.000,9999.000,9999.000
202607270024,   4.880,9999.000,9999.000,9999.000,9999.000,9999.000,9999.000,9999.000,9999.000
202607270030,   4.799,9999.000,9999.000,9999.000,9999.000,9999.000,9999.000,9999.000,9999.000
202607270036,   4.715,9999.000,9999.000,9999.000,9999.000,9999.000,9999.000,9999.000,9999.000
202607270042,   4.629,9999.000,9999.000,9999.000,9999.000,9999.000,9999.000,9999.000,9999.000
202607270048,   4.540,9999.000,9999.000,9999.000,9999.000,9999.000,9999.000,9999.000,9999.000
202607270054,   4.451,9999.000,9999.000,9999.000,9999.000,9999.000,9999.000,9999.000,9999.000
202607270100,   4.360,9999.000,   1.000,   0.164,   5.524,   0.900,   5.424,   1.100,   5.624
202607270106,   4.267,9999.000,9999.000,9999.000,9999.000,9999.000,9999.000,9999.000,9999.000
202607270112,   4.174,9999.000,9999.000,9999.000,9999.000,9999.000,9999.000,9999.000,9999.000
202607270118,   4.080,9999.000,9999.000,9999.000,9999.000,9999.000,9999.000,9999.000,9999.000
202607270124,   3.985,9999.000,9999.000,9999.000,9999.000,9999.000,9999.000,9999.000,9999.000
202607270130,   3.890,9999.000,9999.000,9999.000,9999.000,9999.000,9999.000,9999.000,9999.000
202607270136,   3.795,9999.000,9999.000,9999.000,9999.000,9999.000,9999.000,9999.000,9999.000
202607270142,   3.700,9999.000,9999.000,9999.000,9999.000,9999.000,9999.000,9999.000,9999.000
202607270148,   3.604,9999.000,9999.000,9999.000,9999.000,9999.000,9999.000,9999.000,9999.000
202607270154,   3.509,9999.000,9999.000,9999.000,9999.000,9999.000,9999.000,9999.000,9999.000
202607270200,   3.413,9999.000,   1.000,   0.164,   4.577,   0.900,   4.477,   1.100,   4.677
202607270206,   3.318,9999.000,9999.000,9999.000,9999.000,9999.000,9999.000,9999.000,9999.000
202607270212,   3.223,9999.000,9999.000,9999.000,9999.000,9999.000,9999.000,9999.000,9999.000
202607270218,   3.128,9999.000,9999.000,9999.000,9999.000,9999.000,9999.000,9999.000,9999.000
202607270224,   3.033,9999.000,9999.000,9999.000,9999.000,9999.000,9999.000,9999.000,9999.000
202607270230,   2.939,9999.000,9999.000,9999.000,9999.000,9999.000,9999.000,9999.000,9999.000
202607270236,   2.844,9999.000,9999.000,9999.000,9999.000,9999.000,9999.000,9999.000,9999.000
202607270242,   2.750,9999.000,9999.000,9999.000,9999.000,9999.000,9999.000,9999.000,9999.000
202607270248,   2.657,9999.000,9999.000,9999.000,9999.000,9999.000,9999.000,9999.000,9999.000
202607270254,   2.563,9999.000,9999.000,9999.000,9999.000,9999.000,9999.000,9999.000,9999.000
202607270300,   2.470,9999.000,   1.000,   0.164,   3.634,   0.900,   3.534,   1.100,   3.734
202607270306,   2.377,9999.000,9999.000,9999.000,9999.000,9999.000,9999.000,9999.000,9999.000
202607270312,   2.285,9999.000,9999.000,9999.000,9999.000,9999.000,9999.000,9999.000,9999.000
202607270318,   2.193,9999.000,9999.000,9999.000,9999.000,9999.000,9999.000,9999.000,9999.000
202607270324,   2.102,9999.000,9999.000,9999.000,9999.000,9999.000,9999.000,9999.000,9999.000
202607270330,   2.012,9999.000,9999.000,9999.000,9999.000,9999.000,9999.000,9999.000,9999.000
202607270336,   1.922,9999.000,9999.000,9999.000,9999.000,9999.000,9999.000,9999.000,9999.000
202607270342,   1.834,9999.000,9999.000,9999.000,9999.000,9999.000,9999.000,9999.000,9999.000
202607270348,   1.747,9999.000,9999.000,9999.000,9999.000,9999.000,9999.000,9999.000,9999.000
202607270354,   1.661,9999.000,9999.000,9999.000,9999.000,9999.000,9999.000,9999.000,9999.000
202607270400,   1.577,9999.000,   1.000,   0.164,   2.741,   0.900,   2.641,   1.100,   2.841
202607270406,   1.496,9999.000,9999.000,9999.000,9999.000,9999.000,9999.000,9999.000,9999.000
202607270412,   1.416,9999.000,9999.000,9999.000,9999.000,9999.000,9999.000,9999.000,9999.000
202607270418,   1.340,9999.000,9999.000,9999.000,9999.000,9999.000,9999.000,9999.000,9999.000
202607270424,   1.267,9999.000,9999.000,9999.000,9999.000,9999.000,9999.000,9999.000,9999.000
202607270430,   1.198,9999.000,9999.000,9999.000,9999.000,9999.000,9999.000,9999.000,9999.000
202607270436,   1.133,9999.000,9999.000,9999.000,9999.000,9999.000,9999.000,9999.000,9999.000
202607270442,   1.073,9999.000,9999.000,9999.000,9999.000,9999.000,9999.000,9999.000,9999.000
202607270448,   1.017,9999.000,9999.000,9999.000,9999.000,9999.000,9999.000,9999.000,9999.000
202607270454,   0.968,9999.000,9999.000,9999.000,9999.000,9999.000,9999.000,9999.000,9999.000
202607270500,   0.924,9999.000,   1.000,   0.164,   2.088,   0.900,   1.988,   1.100,   2.188
202607270506,   0.887,9999.000,9999.000,9999.000,9999.000,9999.000,9999.000,9999.000,9999.000
202607270512,   0.856,9999.000,9999.000,9999.000,9999.000,9999.000,9999.000,9999.000,9999.000
202607270518,   0.832,9999.000,9999.000,9999.000,9999.000,9999.000,9999.000,9999.000,9999.000
202607270524,   0.816,9999.000,9999.000,9999.000,9999.000,9999.000,9999.000,9999.000,9999.000
202607270530,   0.807,9999.000,9999.000,9999.000,9999.000,9999.000,9999.000,9999.000,9999.000
202607270536,   0.806,9999.000,9999.000,9999.000,9999.000,9999.000,9999.000,9999.000,9999.000
202607270542,   0.812,9999.000,9999.000,9999.000,9999.000,9999.000,9999.000,9999.000,9999.000
202607270548,   0.827,9999.000,9999.000,9999.000,9999.000,9999.000,9999.000,9999.000,9999.000
202607270554,   0.848,9999.000,9999.000,9999.000,9999.000,9999.000,9999.000,9999.000,9999.000
202607270600,   0.878,9999.000,   1.000,   0.164,   2.042,   0.900,   1.942,   1.100,   2.142
202607270606,   0.914,9999.000,9999.000,9999.000,9999.000,9999.000,9999.000,9999.000,9999.000
202607270612,   0.957,9999.000,9999.000,9999.000,9999.000,9999.000,9999.000,9999.000,9999.000
202607270618,   1.007,9999.000,9999.000,9999.000,9999.000,9999.000,9999.000,9999.000,9999.000
202607270624,   1.063,9999.000,9999.000,9999.000,9999.000,9999.000,9999.000,9999.000,9999.000
202607270630,   1.124,9999.000,9999.000,9999.000,9999.000,9999.000,9999.000,9999.000,9999.000
202607270636,   1.190,9999.000,9999.000,9999.000,9999.000,9999.000,9999.000,9999.000,9999.000
202607270642,   1.261,9999.000,9999.000,9999.000,9999.000,9999.000,9999.000,9999.000,9999.000
202607270648,   1.335,9999.000,9999.000,9999.000,9999.000,9999.000,9999.000,9999.000,9999.000
202607270654,   1.413,9999.000,9999.000,9999.000,9999.000,9999.000,9999.000,9999.000,9999.000
202607270700,   1.494,9999.000,   1.000,   0.164,   2.658,   0.900,   2.558,   1.100,   2.758
202607270706,   1.576,9999.000,9999.000,9999.000,9999.000,9999.000,9999.000,9999.000,9999.000
202607270712,   1.660,9999.000,9999.000,9999.000,9999.000,9999.000,9999.000,9999.000,9999.000
202607270718,   1.745,9999.000,9999.000,9999.000,9999.000,9999.000,9999.000,9999.000,9999.000
202607270724,   1.831,9999.000,9999.000,9999.000,9999.000,9999.000,9999.000,9999.000,9999.000
202607270730,   1.916,9999.000,9999.000,9999.000,9999.000,9999.000,9999.000,9999.000,9999.000
202607270736,   2.002,9999.000,9999.000,9999.000,9999.000,9999.000,9999.000,9999.000,9999.000
202607270742,   2.087,9999.000,9999.000,9999.000,9999.000,9999.000,9999.000,9999.000,9999.000
202607270748,   2.171,9999.000,9999.000,9999.000,9999.000,9999.000,9999.000,9999.000,9999.000
202607270754,   2.254,9999.000,9999.000,9999.000,9999.000,9999.000,9999.000,9999.000,9999.000
202607270800,   2.336,9999.000,   1.000,   0.164,   3.500,   0.900,   3.400,   1.100,   3.600
202607270806,   2.417,9999.000,9999.000,9999.000,9999.000,9999.000,9999.000,9999.000,9999.000
202607270812,   2.497,9999.000,9999.000,9999.000,9999.000,9999.000,9999.000,9999.000,9999.000
202607270818,   2.576,9999.000,9999.000,9999.000,9999.000,9999.000,9999.000,9999.000,9999.000
202607270824,   2.654,9999.000,9999.000,9999.000,9999.000,9999.000,9999.000,9999.000,9999.000
202607270830,   2.731,9999.000,9999.000,9999.000,9999.000,9999.000,9999.000,9999.000,9999.000
202607270836,   2.807,9999.000,9999.000,9999.000,9999.000,9999.000,9999.000,9999.000,9999.000
202607270842,   2.883,9999.000,9999.000,9999.000,9999.000,9999.000,9999.000,9999.000,9999.000
202607270848,   2.958,9999.000,9999.000,9999.000,9999.000,9999.000,9999.000,9999.000,9999.000
202607270854,   3.033,9999.000,9999.000,9999.000,9999.000,9999.000,9999.000,9999.000,9999.000
202607270900,   3.108,9999.000,   1.000,   0.164,   4.272,   0.900,   4.172,   1.100,   4.372
202607270906,   3.182,9999.000,9999.000,9999.000,9999.000,9999.000,9999.000,9999.000,9999.000
202607270912,   3.256,9999.000,9999.000,9999.000,9999.000,9999.000,9999.000,9999.000,9999.000
202607270918,   3.330,9999.000,9999.000,9999.000,9999.000,9999.000,9999.000,9999.000,9999.000
202607270924,   3.403,9999.000,9999.000,9999.000,9999.000,9999.000,9999.000,9999.000,9999.000
202607270930,   3.476,9999.000,9999.000,9999.000,9999.000,9999.000,9999.000,9999.000,9999.000
202607270936,   3.548,9999.000,9999.000,9999.000,9999.000,9999.000,9999.000,9999.000,9999.000
202607270942,   3.619,9999.000,9999.000,9999.000,9999.000,9999.000,9999.000,9999.000,9999.000
202607270948,   3.689,9999.000,9999.000,9999.000,9999.000,9999.000,9999.000,9999.000,9999.000
202607270954,   3.757,9999.000,9999.000,9999.000,9999.000,9999.000,9999.000,9999.000,9999.000
202607271000,   3.823,9999.000,   1.000,   0.164,   4.987,   0.900,   4.887,   1.100,   5.087
202607271006,   3.887,9999.000,9999.000,9999.000,9999.000,9999.000,9999.000,9999.000,9999.000
202607271012,   3.949,9999.000,9999.000,9999.000,9999.000,9999.000,9999.000,9999.000,9999.000
202607271018,   4.006,9999.000,9999.000,9999.000,9999.000,9999.000,9999.000,9999.000,9999.000
202607271024,   4.061,9999.000,9999.000,9999.000,9999.000,9999.000,9999.000,9999.000,9999.000
202607271030,   4.111,9999.000,9999.000,9999.000,9999.000,9999.000,9999.000,9999.000,9999.000
202607271036,   4.156,9999.000,9999.000,9999.000,9999.000,9999.000,9999.000,9999.000,9999.000
202607271042,   4.197,9999.000,9999.000,9999.000,9999.000,9999.000,9999.000,9999.000,9999.000
202607271048,   4.232,9999.000,9999.000,9999.000,9999.000,9999.000,9999.000,9999.000,9999.000
202607271054,   4.262,9999.000,9999.000,9999.000,9999.000,9999.000,9999.000,9999.000,9999.000
202607271100,   4.285,9999.000,   1.000,   0.164,   5.449,   0.900,   5.349,   1.100,   5.549
202607271106,   4.303,9999.000,9999.000,9999.000,9999.000,9999.000,9999.000,9999.000,9999.000
202607271112,   4.314,9999.000,9999.000,9999.000,9999.000,9999.000,9999.000,9999.000,9999.000
202607271118,   4.319,9999.000,9999.000,9999.000,9999.000,9999.000,9999.000,9999.000,9999.000
202607271124,   4.317,9999.000,9999.000,9999.000,9999.000,9999.000,9999.000,9999.000,9999.000
202607271130,   4.309,9999.000,9999.000,9999.000,9999.000,9999.000,9999.000,9999.000,9999.000
202607271136,   4.295,9999.000,9999.000,9999.000,9999.000,9999.000,9999.000,9999.000,9999.000
202607271142,   4.274,9999.000,9999.000,9999.000,9999.000,9999.000,9999.000,9999.000,9999.000
202607271148,   4.248,9999.000,9999.000,9999.000,9999.000,9999.000,9999.000,9999.000,9999.000
202607271154,   4.216,9999.000,9999.000,9999.000,9999.000,9999.000,9999.000,9999.000,9999.000
202607271200,   4.178,9999.000,   1.000,   0.164,   5.342,   0.800,   5.142,   1.100,   5.442
202607271206,   4.135,9999.000,9999.000,9999.000,9999.000,9999.000,9999.000,9999.000,9999.000
202607271212,   4.087,9999.000,9999.000,9999.000,9999.000,9999.000,9999.000,9999.000,9999.000
202607271218,   4.035,9999.000,9999.000,9999.000,9999.000,9999.000,9999.000,9999.000,9999.000
202607271224,   3.978,9999.000,9999.000,9999.000,9999.000,9999.000,9999.000,9999.000,9999.000
202607271230,   3.918,9999.000,9999.000,9999.000,9999.000,9999.000,9999.000,9999.000,9999.000
202607271236,   3.855,9999.000,9999.000,9999.000,9999.000,9999.000,9999.000,9999.000,9999.000
202607271242,   3.789,9999.000,9999.000,9999.000,9999.000,9999.000,9999.000,9999.000,9999.000
202607271248,   3.720,9999.000,9999.000,9999.000,9999.000,9999.000,9999.000,9999.000,9999.000
202607271254,   3.650,9999.000,9999.000,9999.000,9999.000,9999.000,9999.000,9999.000,9999.000
202607271300,   3.577,9999.000,   1.000,   0.164,   4.741,   0.800,   4.541,   1.100,   4.841
202607271306,   3.504,9999.000,9999.000,9999.000,9999.000,9999.000,9999.000,9999.000,9999.000
202607271312,   3.429,9999.000,9999.000,9999.000,9999.000,9999.000,9999.000,9999.000,9999.000
202607271318,   3.353,9999.000,9999.000,9999.000,9999.000,9999.000,9999.000,9999.000,9999.000
202607271324,   3.277,9999.000,9999.000,9999.000,9999.000,9999.000,9999.000,9999.000,9999.000
202607271330,   3.201,9999.000,9999.000,9999.000,9999.000,9999.000,9999.000,9999.000,9999.000
202607271336,   3.125,9999.000,9999.000,9999.000,9999.000,9999.000,9999.000,9999.000,9999.000
202607271342,   3.049,9999.000,9999.000,9999.000,9999.000,9999.000,9999.000,9999.000,9999.000
202607271348,   2.973,9999.000,9999.000,9999.000,9999.000,9999.000,9999.000,9999.000,9999.000
202607271354,   2.898,9999.000,9999.000,9999.000,9999.000,9999.000,9999.000,9999.000,9999.000
202607271400,   2.824,9999.000,   0.900,   0.164,   3.888,   0.800,   3.788,   1.100,   4.088
202607271406,   2.750,9999.000,9999.000,9999.000,9999.000,9999.000,9999.000,9999.000,9999.000
202607271412,   2.677,9999.000,9999.000,9999.000,9999.000,9999.000,9999.000,9999.000,9999.000
202607271418,   2.606,9999.000,9999.000,9999.000,9999.000,9999.000,9999.000,9999.000,9999.000
202607271424,   2.535,9999.000,9999.000,9999.000,9999.000,9999.000,9999.000,9999.000,9999.000
202607271430,   2.466,9999.000,9999.000,9999.000,9999.000,9999.000,9999.000,9999.000,9999.000
202607271436,   2.397,9999.000,9999.000,9999.000,9999.000,9999.000,9999.000,9999.000,9999.000
202607271442,   2.330,9999.000,9999.000,9999.000,9999.000,9999.000,9999.000,9999.000,9999.000
202607271448,   2.264,9999.000,9999.000,9999.000,9999.000,9999.000,9999.000,9999.000,9999.000
202607271454,   2.198,9999.000,9999.000,9999.000,9999.000,9999.000,9999.000,9999.000,9999.000
202607271500,   2.134,9999.000,   0.900,   0.164,   3.198,   0.800,   3.098,   1.100,   3.398
202607271506,   2.071,9999.000,9999.000,9999.000,9999.000,9999.000,9999.000,9999.000,9999.000
202607271512,   2.009,9999.000,9999.000,9999.000,9999.000,9999.000,9999.000,9999.000,9999.000
202607271518,   1.948,9999.000,9999.000,9999.000,9999.000,9999.000,9999.000,9999.000,9999.000
202607271524,   1.887,9999.000,9999.000,9999.000,9999.000,9999.000,9999.000,9999.000,9999.000
202607271530,   1.828,9999.000,9999.000,9999.000,9999.000,9999.000,9999.000,9999.000,9999.000
202607271536,   1.770,9999.000,9999.000,9999.000,9999.000,9999.000,9999.000,9999.000,9999.000
202607271542,   1.712,9999.000,9999.000,9999.000,9999.000,9999.000,9999.000,9999.000,9999.000
202607271548,   1.656,9999.000,9999.000,9999.000,9999.000,9999.000,9999.000,9999.000,9999.000
202607271554,   1.600,9999.000,9999.000,9999.000,9999.000,9999.000,9999.000,9999.000,9999.000
202607271600,   1.546,9999.000,   1.000,   0.164,   2.710,   0.800,   2.510,   1.100,   2.810
202607271606,   1.493,9999.000,9999.000,9999.000,9999.000,9999.000,9999.000,9999.000,9999.000
202607271612,   1.441,9999.000,9999.000,9999.000,9999.000,9999.000,9999.000,9999.000,9999.000
202607271618,   1.391,9999.000,9999.000,9999.000,9999.000,9999.000,9999.000,9999.000,9999.000
202607271624,   1.343,9999.000,9999.000,9999.000,9999.000,9999.000,9999.000,9999.000,9999.000
202607271630,   1.297,9999.000,9999.000,9999.000,9999.000,9999.000,9999.000,9999.000,9999.000
202607271636,   1.253,9999.000,9999.000,9999.000,9999.000,9999.000,9999.000,9999.000,9999.000
202607271642,   1.213,9999.000,9999.000,9999.000,9999.000,9999.000,9999.000,9999.000,9999.000
202607271648,   1.175,9999.000,9999.000,9999.000,9999.000,9999.000,9999.000,9999.000,9999.000
202607271654,   1.141,9999.000,9999.000,9999.000,9999.000,9999.000,9999.000,9999.000,9999.000
202607271700,   1.111,9999.000,   1.000,   0.164,   2.275,   0.800,   2.075,   1.100,   2.375
202607271706,   1.086,9999.000,9999.000,9999.000,9999.000,9999.000,9999.000,9999.000,9999.000
202607271712,   1.065,9999.000,9999.000,9999.000,9999.000,9999.000,9999.000,9999.000,9999.000
202607271718,   1.050,9999.000,9999.000,9999.000,9999.000,9999.000,9999.000,9999.000,9999.000
202607271724,   1.040,9999.000,9999.000,9999.000,9999.000,9999.000,9999.000,9999.000,9999.000
202607271730,   1.037,9999.000,9999.000,9999.000,9999.000,9999.000,9999.000,9999.000,9999.000
202607271736,   1.040,9999.000,9999.000,9999.000,9999.000,9999.000,9999.000,9999.000,9999.000
202607271742,   1.050,9999.000,9999.000,9999.000,9999.000,9999.000,9999.000,9999.000,9999.000
202607271748,   1.067,9999.000,9999.000,9999.000,9999.000,9999.000,9999.000,9999.000,9999.000
202607271754,   1.091,9999.000,9999.000,9999.000,9999.000,9999.000,9999.000,9999.000,9999.000
202607271800,   1.123,9999.000,   1.000,   0.164,   2.287,   0.900,   2.187,   1.100,   2.387
202607271806,   1.162,9999.000,9999.000,9999.000,9999.000,9999.000,9999.000,9999.000,9999.000
202607271812,   1.208,9999.000,9999.000,9999.000,9999.000,9999.000,9999.000,9999.000,9999.000
202607271818,   1.263,9999.000,9999.000,9999.000,9999.000,9999.000,9999.000,9999.000,9999.000
202607271824,   1.324,9999.000,9999.000,9999.000,9999.000,9999.000,9999.000,9999.000,9999.000
202607271830,   1.393,9999.000,9999.000,9999.000,9999.000,9999.000,9999.000,9999.000,9999.000
202607271836,   1.468,9999.000,9999.000,9999.000,9999.000,9999.000,9999.000,9999.000,9999.000
202607271842,   1.549,9999.000,9999.000,9999.000,9999.000,9999.000,9999.000,9999.000,9999.000
202607271848,   1.637,9999.000,9999.000,9999.000,9999.000,9999.000,9999.000,9999.000,9999.000
202607271854,   1.730,9999.000,9999.000,9999.000,9999.000,9999.000,9999.000,9999.000,9999.000
202607271900,   1.828,9999.000,   1.000,   0.164,   2.992,   0.900,   2.892,   1.100,   3.092
202607271906,   1.930,9999.000,9999.000,9999.000,9999.000,9999.000,9999.000,9999.000,9999.000
202607271912,   2.036,9999.000,9999.000,9999.000,9999.000,9999.000,9999.000,9999.000,9999.000
202607271918,   2.145,9999.000,9999.000,9999.000,9999.000,9999.000,9999.000,9999.000,9999.000
202607271924,   2.257,9999.000,9999.000,9999.000,9999.000,9999.000,9999.000,9999.000,9999.000
202607271930,   2.370,9999.000,9999.000,9999.000,9999.000,9999.000,9999.000,9999.000,9999.000
202607271936,   2.485,9999.000,9999.000,9999.000,9999.000,9999.000,9999.000,9999.000,9999.000
202607271942,   2.600,9999.000,9999.000,9999.000,9999.000,9999.000,9999.000,9999.000,9999.000
202607271948,   2.716,9999.000,9999.000,9999.000,9999.000,9999.000,9999.000,9999.000,9999.000
202607271954,   2.832,9999.000,9999.000,9999.000,9999.000,9999.000,9999.000,9999.000,9999.000
202607272000,   2.946,9999.000,   1.000,   0.164,   4.110,   0.900,   4.010,   1.100,   4.210
202607272006,   3.060,9999.000,9999.000,9999.000,9999.000,9999.000,9999.000,9999.000,9999.000
202607272012,   3.173,9999.000,9999.000,9999.000,9999.000,9999.000,9999.000,9999.000,9999.000
202607272018,   3.284,9999.000,9999.000,9999.000,9999.000,9999.000,9999.000,9999.000,9999.000
202607272024,   3.393,9999.000,9999.000,9999.000,9999.000,9999.000,9999.000,9999.000,9999.000
202607272030,   3.501,9999.000,9999.000,9999.000,9999.000,9999.000,9999.000,9999.000,9999.000
202607272036,   3.607,9999.000,9999.000,9999.000,9999.000,9999.000,9999.000,9999.000,9999.000
202607272042,   3.711,9999.000,9999.000,9999.000,9999.000,9999.000,9999.000,9999.000,9999.000
202607272048,   3.813,9999.000,9999.000,9999.000,9999.000,9999.000,9999.000,9999.000,9999.000
202607272054,   3.913,9999.000,9999.000,9999.000,9999.000,9999.000,9999.000,9999.000,9999.000
202607272100,   4.012,9999.000,   1.000,   0.164,   5.176,   0.900,   5.076,   1.200,   5.376
202607272106,   4.109,9999.000,9999.000,9999.000,9999.000,9999.000,9999.000,9999.000,9999.000
202607272112,   4.204,9999.000,9999.000,9999.000,9999.000,9999.000,9999.000,9999.000,9999.000
202607272118,   4.298,9999.000,9999.000,9999.000,9999.000,9999.000,9999.000,9999.000,9999.000
202607272124,   4.391,9999.000,9999.000,9999.000,9999.000,9999.000,9999.000,9999.000,9999.000
202607272130,   4.482,9999.000,9999.000,9999.000,9999.000,9999.000,9999.000,9999.000,9999.000
202607272136,   4.572,9999.000,9999.000,9999.000,9999.000,9999.000,9999.000,9999.000,9999.000
202607272142,   4.661,9999.000,9999.000,9999.000,9999.000,9999.000,9999.000,9999.000,9999.000
202607272148,   4.748,9999.000,9999.000,9999.000,9999.000,9999.000,9999.000,9999.000,9999.000
202607272154,   4.833,9999.000,9999.000,9999.000,9999.000,9999.000,9999.000,9999.000,9999.000
202607272200,   4.917,9999.000,   1.000,   0.164,   6.081,   0.900,   5.981,   1.200,   6.281
202607272206,   4.998,9999.000,9999.000,9999.000,9999.000,9999.000,9999.000,9999.000,9999.000
202607272212,   5.077,9999.000,9999.000,9999.000,9999.000,9999.000,9999.000,9999.000,9999.000
202607272218,   5.152,9999.000,9999.000,9999.000,9999.000,9999.000,9999.000,9999.000,9999.000
202607272224,   5.225,9999.000,9999.000,9999.000,9999.000,9999.000,9999.000,9999.000,9999.000
202607272230,   5.294,9999.000,9999.000,9999.000,9999.000,9999.000,9999.000,9999.000,9999.000
202607272236,   5.359,9999.000,9999.000,9999.000,9999.000,9999.000,9999.000,9999.000,9999.000
202607272242,   5.420,9999.000,9999.000,9999.000,9999.000,9999.000,9999.000,9999.000,9999.000
202607272248,   5.475,9999.000,9999.000,9999.000,9999.000,9999.000,9999.000,9999.000,9999.000
202607272254,   5.526,9999.000,9999.000,9999.000,9999.000,9999.000,9999.000,9999.000,9999.000
202607272300,   5.570,9999.000,   1.000,   0.164,   6.734,   0.900,   6.634,   1.200,   6.934
202607272306,   5.608,9999.000,9999.000,9999.000,9999.000,9999.000,9999.000,9999.000,9999.000
202607272312,   5.640,9999.000,9999.000,9999.000,9999.000,9999.000,9999.000,9999.000,9999.000
202607272318,   5.665,9999.000,9999.000,9999.000,9999.000,9999.000,9999.000,9999.000,9999.000
202607272324,   5.683,9999.000,9999.000,9999.000,9999.000,9999.000,9999.000,9999.000,9999.000
202607272330,   5.693,9999.000,9999.000,9999.000,9999.000,9999.000,9999.000,9999.000,9999.000
202607272336,   5.696,9999.000,9999.000,9999.000,9999.000,9999.000,9999.000,9999.000,9999.000
202607272342,   5.691,9999.000,9999.000,9999.000,9999.000,9999.000,9999.000,9999.000,9999.000
202607272348,   5.678,9999.000,9999.000,9999.000,9999.000,9999.000,9999.000,9999.000,9999.000
202607272354,   5.658,9999.000,9999.000,9999.000,9999.000,9999.000,9999.000,9999.000,9999.000
202607280000,   5.631,9999.000,   1.000,   0.164,   6.795,   0.900,   6.695,   1.200,   6.995
202607280006,   5.596,9999.000,9999.000,9999.000,9999.000,9999.000,9999.000,9999.000,9999.000
202607280012,   5.554,9999.000,9999.000,9999.000,9999.000,9999.000,9999.000,9999.000,9999.000
202607280018,   5.506,9999.000,9999.000,9999.000,9999.000,9999.000,9999.000,9999.000,9999.000
202607280024,   5.451,9999.000,9999.000,9999.000,9999.000,9999.000,9999.000,9999.000,9999.000
202607280030,   5.389,9999.000,9999.000,9999.000,9999.000,9999.000,9999.000,9999.000,9999.000
202607280036,   5.322,9999.000,9999.000,9999.000,9999.000,9999.000,9999.000,9999.000,9999.000
202607280042,   5.250,9999.000,9999.000,9999.000,9999.000,9999.000,9999.000,9999.000,9999.000
202607280048,   5.172,9999.000,9999.000,9999.000,9999.000,9999.000,9999.000,9999.000,9999.000
202607280054,   5.090,9999.000,9999.000,9999.000,9999.000,9999.000,9999.000,9999.000,9999.000
202607280100,   5.005,9999.000,   1.000,   0.164,   6.169,   0.900,   6.069,   1.200,   6.369
202607280106,   4.915,9999.000,9999.000,9999.000,9999.000,9999.000,9999.000,9999.000,9999.000
202607280112,   4.823,9999.000,9999.000,9999.000,9999.000,9999.000,9999.000,9999.000,9999.000
202607280118,   4.727,9999.000,9999.000,9999.000,9999.000,9999.000,9999.000,9999.000,9999.000
202607280124,   4.630,9999.000,9999.000,9999.000,9999.000,9999.000,9999.000,9999.000,9999.000
202607280130,   4.530,9999.000,9999.000,9999.000,9999.000,9999.000,9999.000,9999.000,9999.000
202607280136,   4.429,9999.000,9999.000,9999.000,9999.000,9999.000,9999.000,9999.000,9999.000
202607280142,   4.327,9999.000,9999.000,9999.000,9999.000,9999.000,9999.000,9999.000,9999.000
202607280148,   4.224,9999.000,9999.000,9999.000,9999.000,9999.000,9999.000,9999.000,9999.000
202607280154,   4.121,9999.000,9999.000,9999.000,9999.000,9999.000,9999.000,9999.000,9999.000
202607280200,   4.017,9999.000,   1.000,   0.164,   5.181,   0.800,   4.981,   1.200,   5.381
202607280206,   3.914,9999.000,9999.000,9999.000,9999.000,9999.000,9999.000,9999.000,9999.000
202607280212,   3.810,9999.000,9999.000,9999.000,9999.000,9999.000,9999.000,9999.000,9999.000
202607280218,   3.707,9999.000,9999.000,9999.000,9999.000,9999.000,9999.000,9999.000,9999.000
202607280224,   3.604,9999.000,9999.000,9999.000,9999.000,9999.000,9999.000,9999.000,9999.000
202607280230,   3.502,9999.000,9999.000,9999.000,9999.000,9999.000,9999.000,9999.000,9999.000
202607280236,   3.401,9999.000,9999.000,9999.000,9999.000,9999.000,9999.000,9999.000,9999.000
202607280242,   3.301,9999.000,9999.000,9999.000,9999.000,9999.000,9999.000,9999.000,9999.000
202607280248,   3.201,9999.000,9999.000,9999.000,9999.000,9999.000,9999.000,9999.000,9999.000
202607280254,   3.103,9999.000,9999.000,9999.000,9999.000,9999.000,9999.000,9999.000,9999.000
202607280300,   3.005,9999.000,   1.000,   0.164,   4.169,   0.800,   3.969,   1.100,   4.269
202607280306,   2.909,9999.000,9999.000,9999.000,9999.000,9999.000,9999.000,9999.000,9999.000
202607280312,   2.813,9999.000,9999.000,9999.000,9999.000,9999.000,9999.000,9999.000,9999.000
202607280318,   2.719,9999.000,9999.000,9999.000,9999.000,9999.000,9999.000,9999.000,9999.000
202607280324,   2.625,9999.000,9999.000,9999.000,9999.000,9999.000,9999.000,9999.000,9999.000
202607280330,   2.532,9999.000,9999.000,9999.000,9999.000,9999.000,9999.000,9999.000,9999.000
202607280336,   2.440,9999.000,9999.000,9999.000,9999.000,9999.000,9999.000,9999.000,9999.000
202607280342,   2.349,9999.000,9999.000,9999.000,9999.000,9999.000,9999.000,9999.000,9999.000
202607280348,   2.259,9999.000,9999.000,9999.000,9999.000,9999.000,9999.000,9999.000,9999.000
202607280354,   2.169,9999.000,9999.000,9999.000,9999.000,9999.000,9999.000,9999.000,9999.000
202607280400,   2.081,9999.000,   0.900,   0.164,   3.145,   0.800,   3.045,   1.100,   3.345
202607280406,   1.992,9999.000,9999.000,9999.000,9999.000,9999.000,9999.000,9999.000,9999.000
202607280412,   1.905,9999.000,9999.000,9999.000,9999.000,9999.000,9999.000,9999.000,9999.000
202607280418,   1.819,9999.000,9999.000,9999.000,9999.000,9999.000,9999.000,9999.000,9999.000
202607280424,   1.733,9999.000,9999.000,9999.000,9999.000,9999.000,9999.000,9999.000,9999.000
202607280430,   1.649,9999.000,9999.000,9999.000,9999.000,9999.000,9999.000,9999.000,9999.000
202607280436,   1.566,9999.000,9999.000,9999.000,9999.000,9999.000,9999.000,9999.000,9999.000
202607280442,   1.484,9999.000,9999.000,9999.000,9999.000,9999.000,9999.000,9999.000,9999.000
202607280448,   1.404,9999.000,9999.000,9999.000,9999.000,9999.000,9999.000,9999.000,9999.000
202607280454,   1.326,9999.000,9999.000,9999.000,9999.000,9999.000,9999.000,9999.000,9999.000
202607280500,   1.250,9999.000,   0.900,   0.164,   2.314,   0.700,   2.114,   1.100,   2.514
202607280506,   1.177,9999.000,9999.000,9999.000,9999.000,9999.000,9999.000,9999.000,9999.000
202607280512,   1.106,9999.000,9999.000,9999.000,9999.000,9999.000,9999.000,9999.000,9999.000
202607280518,   1.040,9999.000,9999.000,9999.000,9999.000,9999.000,9999.000,9999.000,9999.000
202607280524,   0.977,9999.000,9999.000,9999.000,9999.000,9999.000,9999.000,9999.000,9999.000
202607280530,   0.919,9999.000,9999.000,9999.000,9999.000,9999.000,9999.000,9999.000,9999.000
202607280536,   0.865,9999.000,9999.000,9999.000,9999.000,9999.000,9999.000,9999.000,9999.000
202607280542,   0.817,9999.000,9999.000,9999.000,9999.000,9999.000,9999.000,9999.000,9999.000
202607280548,   0.775,9999.000,9999.000,9999.000,9999.000,9999.000,9999.000,9999.000,9999.000
202607280554,   0.739,9999.000,9999.000,9999.000,9999.000,9999.000,9999.000,9999.000,9999.000
202607280600,   0.709,9999.000,   0.900,   0.164,   1.773,   0.700,   1.573,   1.100,   1.973
